adgroup_id,dim_type,dim_value,imp,clk,cost,rank_sum,n_days
grp-a001-02-000000044103604,h,00,21,0,0,110,3
grp-a001-02-000000044103604,h,01,17,0,0,72,4
grp-a001-02-000000044103604,h,02,56,0,0,99,4
grp-a001-02-000000044103604,h,03,5,0,0,29,3
grp-a001-02-000000044103604,h,04,4,0,0,13,3
grp-a001-02-000000044103604,h,05,7,0,0,28,4
grp-a001-02-000000044103604,h,06,14,0,0,91,4
grp-a001-02-000000044103604,h,07,29,0,0,156,4
grp-a001-02-000000044103604,h,08,27,1,1611,132,4
grp-a001-02-000000044103604,h,09,44,2,3208,189,4
grp-a001-02-000000044103604,h,10,40,1,1501,148,4
grp-a001-02-000000044103604,h,11,64,3,4287,221,3
grp-a001-02-000000044103604,h,12,29,1,1534,190,3
grp-a001-02-000000044103604,h,13,33,1,1609,164,3
grp-a001-02-000000044103604,h,14,36,1,1587,204,4
grp-a001-02-000000044103604,h,15,36,1,1571,190,4
grp-a001-02-000000044103604,h,16,37,2,2909,192,4
grp-a001-02-000000044103604,h,17,27,1,1436,162,4
grp-a001-02-000000044103604,h,18,30,1,1581,176,4
grp-a001-02-000000044103604,h,19,22,1,1615,186,4
grp-a001-02-000000044103604,h,20,35,1,1601,187,4
grp-a001-02-000000044103604,h,21,34,0,0,186,4
grp-a001-02-000000044103604,h,22,49,0,0,209,4
grp-a001-02-000000044103604,h,23,38,0,0,235,4
grp-a001-02-000000044103604,m,11068,71,1,1602,234,4
grp-a001-02-000000044103604,m,27758,54,3,4771,78,5
grp-a001-02-000000044103604,m,33421,157,0,0,871,5
grp-a001-02-000000044103604,m,341893,60,1,1436,292,5
grp-a001-02-000000044103604,m,341898,16,0,0,20,5
grp-a001-02-000000044103604,m,370822,2,0,0,5,2
grp-a001-02-000000044103604,m,684924,9,0,0,9,4
grp-a001-02-000000044103604,m,684925,9,0,0,9,4
grp-a001-02-000000044103604,m,684926,130,1,1587,1029,5
grp-a001-02-000000044103604,m,684927,30,0,0,259,4
grp-a001-02-000000044103604,m,8753,196,11,16654,763,5
grp-a001-02-000000044103604,r,00,3,0,0,14,1
grp-a001-02-000000044103604,r,01,25,1,1512,107,4
grp-a001-02-000000044103604,r,02,158,4,5675,829,5
grp-a001-02-000000044103604,r,03,50,4,6222,228,5
grp-a001-02-000000044103604,r,04,35,0,0,166,5
grp-a001-02-000000044103604,r,05,13,0,0,125,4
grp-a001-02-000000044103604,r,06,36,1,1661,99,4
grp-a001-02-000000044103604,r,07,16,0,0,65,5
grp-a001-02-000000044103604,r,08,36,0,0,184,5
grp-a001-02-000000044103604,r,09,169,3,4799,729,5
grp-a001-02-000000044103604,r,10,14,0,0,66,4
grp-a001-02-000000044103604,r,11,48,1,1397,224,5
grp-a001-02-000000044103604,r,12,23,0,0,100,5
grp-a001-02-000000044103604,r,13,15,0,0,134,4
grp-a001-02-000000044103604,r,14,2,0,0,11,2
grp-a001-02-000000044103604,r,15,17,1,1615,83,5
grp-a001-02-000000044103604,r,16,21,1,1598,94,4
grp-a001-02-000000044103604,r,17,4,0,0,11,2
grp-a001-02-000000044103604,r,99,49,1,1571,300,5
grp-a001-02-000000044108257,h,00,501,2,3086,1878,99
grp-a001-02-000000044108257,h,01,418,2,3079,1413,85
grp-a001-02-000000044108257,h,02,394,5,7326,1120,80
grp-a001-02-000000044108257,h,03,386,1,1557,1298,94
grp-a001-02-000000044108257,h,04,421,1,1596,1655,92
grp-a001-02-000000044108257,h,05,360,0,0,1283,87
grp-a001-02-000000044108257,h,06,507,2,3089,2067,107
grp-a001-02-000000044108257,h,07,556,9,13649,2066,91
grp-a001-02-000000044108257,h,08,608,7,10859,2126,95
grp-a001-02-000000044108257,h,09,685,17,25672,2538,97
grp-a001-02-000000044108257,h,10,768,14,21989,2847,100
grp-a001-02-000000044108257,h,11,588,9,13597,2205,93
grp-a001-02-000000044108257,h,12,624,10,16035,2364,87
grp-a001-02-000000044108257,h,13,677,15,23407,2560,99
grp-a001-02-000000044108257,h,14,726,7,11215,2791,103
grp-a001-02-000000044108257,h,15,697,14,20798,2555,108
grp-a001-02-000000044108257,h,16,679,8,12701,2515,100
grp-a001-02-000000044108257,h,17,739,15,23919,2715,100
grp-a001-02-000000044108257,h,18,617,5,7416,2372,99
grp-a001-02-000000044108257,h,19,683,10,15151,2839,101
grp-a001-02-000000044108257,h,20,684,4,6474,2613,100
grp-a001-02-000000044108257,h,21,750,10,15518,2977,101
grp-a001-02-000000044108257,h,22,767,9,13374,3251,101
grp-a001-02-000000044108257,h,23,845,9,14057,3667,112
grp-a001-02-000000044108257,m,11068,780,5,7926,4423,104
grp-a001-02-000000044108257,m,27758,756,44,67724,1445,78
grp-a001-02-000000044108257,m,33421,7132,9,13730,23320,138
grp-a001-02-000000044108257,m,341893,634,13,16970,3323,127
grp-a001-02-000000044108257,m,341898,301,0,0,409,72
grp-a001-02-000000044108257,m,370822,48,0,0,113,39
grp-a001-02-000000044108257,m,684924,164,0,0,164,42
grp-a001-02-000000044108257,m,684925,279,6,9093,279,41
grp-a001-02-000000044108257,m,684926,1817,28,44297,10454,120
grp-a001-02-000000044108257,m,684927,368,9,12669,2097,92
grp-a001-02-000000044108257,m,787480,1,0,0,7,1
grp-a001-02-000000044108257,m,805759,5,0,0,52,4
grp-a001-02-000000044108257,m,805760,7,0,0,27,5
grp-a001-02-000000044108257,m,8753,2388,71,113155,9602,106
grp-a001-02-000000044108257,r,00,46,0,0,196,24
grp-a001-02-000000044108257,r,01,207,6,9612,1080,76
grp-a001-02-000000044108257,r,02,2169,48,73562,10201,123
grp-a001-02-000000044108257,r,03,438,8,12101,2218,90
grp-a001-02-000000044108257,r,04,374,12,18296,1723,89
grp-a001-02-000000044108257,r,05,67,0,0,372,33
grp-a001-02-000000044108257,r,06,356,5,7600,1524,83
grp-a001-02-000000044108257,r,07,272,8,13150,1080,73
grp-a001-02-000000044108257,r,08,448,13,19190,2122,94
grp-a001-02-000000044108257,r,09,7555,43,67506,22453,140
grp-a001-02-000000044108257,r,10,195,0,0,940,62
grp-a001-02-000000044108257,r,11,412,3,4658,1904,89
grp-a001-02-000000044108257,r,12,75,1,1001,446,34
grp-a001-02-000000044108257,r,13,228,5,7880,1131,75
grp-a001-02-000000044108257,r,14,55,1,1578,255,25
grp-a001-02-000000044108257,r,15,326,9,13044,1595,90
grp-a001-02-000000044108257,r,16,205,3,4676,1034,73
grp-a001-02-000000044108257,r,17,98,2,2806,424,42
grp-a001-02-000000044108257,r,18,339,4,6426,1323,46
grp-a001-02-000000044108257,r,99,815,14,22478,3694,104
grp-a001-02-000000044108615,h,00,229,0,0,1469,76
grp-a001-02-000000044108615,h,01,113,1,1528,622,50
grp-a001-02-000000044108615,h,02,85,0,0,645,39
grp-a001-02-000000044108615,h,03,107,0,0,555,27
grp-a001-02-000000044108615,h,04,62,1,1599,303,23
grp-a001-02-000000044108615,h,05,106,0,0,578,38
grp-a001-02-000000044108615,h,06,157,0,0,967,68
grp-a001-02-000000044108615,h,07,184,5,6824,990,72
grp-a001-02-000000044108615,h,08,200,0,0,1128,85
grp-a001-02-000000044108615,h,09,203,0,0,1189,79
grp-a001-02-000000044108615,h,10,238,2,2804,1526,93
grp-a001-02-000000044108615,h,11,195,5,7388,1259,92
grp-a001-02-000000044108615,h,12,161,2,2651,992,71
grp-a001-02-000000044108615,h,13,201,5,6905,1194,82
grp-a001-02-000000044108615,h,14,242,6,8886,1727,89
grp-a001-02-000000044108615,h,15,194,3,4399,1107,81
grp-a001-02-000000044108615,h,16,221,9,12518,1284,89
grp-a001-02-000000044108615,h,17,212,7,9709,1276,88
grp-a001-02-000000044108615,h,18,219,2,2733,1360,77
grp-a001-02-000000044108615,h,19,234,1,1426,1484,90
grp-a001-02-000000044108615,h,20,282,7,9655,1755,99
grp-a001-02-000000044108615,h,21,263,8,11552,1773,97
grp-a001-02-000000044108615,h,22,259,9,12533,1538,86
grp-a001-02-000000044108615,h,23,228,1,1102,1291,86
grp-a001-02-000000044108615,m,11068,278,3,4154,1843,87
grp-a001-02-000000044108615,m,27758,239,9,11882,485,77
grp-a001-02-000000044108615,m,33421,1055,7,9487,6927,117
grp-a001-02-000000044108615,m,341893,781,1,1323,5695,145
grp-a001-02-000000044108615,m,341898,159,0,0,269,86
grp-a001-02-000000044108615,m,370822,75,0,0,194,53
grp-a001-02-000000044108615,m,556927,2,0,0,2,1
grp-a001-02-000000044108615,m,684924,51,0,0,51,29
grp-a001-02-000000044108615,m,684925,23,0,0,23,18
grp-a001-02-000000044108615,m,684926,804,7,9179,6207,120
grp-a001-02-000000044108615,m,684927,184,2,2946,1723,87
grp-a001-02-000000044108615,m,787480,1,0,0,41,1
grp-a001-02-000000044108615,m,805759,1,0,0,3,1
grp-a001-02-000000044108615,m,805760,1,0,0,7,1
grp-a001-02-000000044108615,m,8753,941,45,65241,4542,111
grp-a001-02-000000044108615,r,00,25,0,0,150,16
grp-a001-02-000000044108615,r,01,120,3,3924,727,61
grp-a001-02-000000044108615,r,02,1102,24,33369,6647,136
grp-a001-02-000000044108615,r,03,240,3,4331,1609,92
grp-a001-02-000000044108615,r,04,211,6,8766,1311,91
grp-a001-02-000000044108615,r,05,41,0,0,297,33
grp-a001-02-000000044108615,r,06,189,4,5184,1082,74
grp-a001-02-000000044108615,r,07,109,0,0,658,66
grp-a001-02-000000044108615,r,08,223,2,2937,1368,82
grp-a001-02-000000044108615,r,09,941,8,11346,6089,134
grp-a001-02-000000044108615,r,10,66,4,5505,330,35
grp-a001-02-000000044108615,r,11,217,1,1289,1327,88
grp-a001-02-000000044108615,r,12,40,2,2777,289,30
grp-a001-02-000000044108615,r,13,115,1,1596,656,60
grp-a001-02-000000044108615,r,14,36,0,0,199,23
grp-a001-02-000000044108615,r,15,146,5,7529,924,70
grp-a001-02-000000044108615,r,16,116,1,1422,695,62
grp-a001-02-000000044108615,r,17,26,1,1445,143,16
grp-a001-02-000000044108615,r,18,146,1,1474,887,41
grp-a001-02-000000044108615,r,99,486,8,11318,2624,105
grp-a001-02-000000044108616,h,00,1037,9,15009,4295,122
grp-a001-02-000000044108616,h,01,713,7,12682,3043,122
grp-a001-02-000000044108616,h,02,590,3,5540,2250,111
grp-a001-02-000000044108616,h,03,462,0,0,1869,87
grp-a001-02-000000044108616,h,04,408,1,1575,1354,87
grp-a001-02-000000044108616,h,05,505,4,7378,2112,99
grp-a001-02-000000044108616,h,06,643,4,7546,2746,112
grp-a001-02-000000044108616,h,07,878,15,25765,3640,118
grp-a001-02-000000044108616,h,08,996,7,12909,4445,129
grp-a001-02-000000044108616,h,09,1123,17,29167,4556,124
grp-a001-02-000000044108616,h,10,1263,20,35806,4996,136
grp-a001-02-000000044108616,h,11,1242,16,28009,5719,135
grp-a001-02-000000044108616,h,12,1360,15,26783,6099,126
grp-a001-02-000000044108616,h,13,1213,12,22539,5153,126
grp-a001-02-000000044108616,h,14,1377,30,55318,6012,129
grp-a001-02-000000044108616,h,15,1272,27,46603,5348,130
grp-a001-02-000000044108616,h,16,1232,13,22714,5122,126
grp-a001-02-000000044108616,h,17,1296,15,25715,5278,128
grp-a001-02-000000044108616,h,18,1096,22,36865,4762,124
grp-a001-02-000000044108616,h,19,1149,28,49010,5073,123
grp-a001-02-000000044108616,h,20,1280,19,33883,5850,128
grp-a001-02-000000044108616,h,21,1365,13,23766,6069,127
grp-a001-02-000000044108616,h,22,1315,17,30565,5791,122
grp-a001-02-000000044108616,h,23,1163,19,32432,5094,127
grp-a001-02-000000044108616,m,11068,1431,13,23101,7791,122
grp-a001-02-000000044108616,m,27758,1667,51,90242,3065,105
grp-a001-02-000000044108616,m,33421,9526,16,29130,39676,146
grp-a001-02-000000044108616,m,341893,1864,33,53244,8742,152
grp-a001-02-000000044108616,m,341898,798,9,13229,1287,110
grp-a001-02-000000044108616,m,370822,180,1,1779,473,83
grp-a001-02-000000044108616,m,556927,28,0,0,28,18
grp-a001-02-000000044108616,m,684924,371,0,0,371,78
grp-a001-02-000000044108616,m,684925,215,2,3370,215,53
grp-a001-02-000000044108616,m,684926,3559,62,108657,20884,151
grp-a001-02-000000044108616,m,684927,827,15,25848,5645,123
grp-a001-02-000000044108616,m,787480,2,0,0,8,1
grp-a001-02-000000044108616,m,805759,12,0,0,79,9
grp-a001-02-000000044108616,m,805760,13,0,0,60,11
grp-a001-02-000000044108616,m,8753,4485,131,238979,18352,139
grp-a001-02-000000044108616,r,-1,2,0,0,20,1
grp-a001-02-000000044108616,r,00,112,2,3482,518,50
grp-a001-02-000000044108616,r,01,512,16,28702,2415,110
grp-a001-02-000000044108616,r,02,4630,82,144154,22142,151
grp-a001-02-000000044108616,r,03,908,19,32308,4267,132
grp-a001-02-000000044108616,r,04,853,18,31452,3962,123
grp-a001-02-000000044108616,r,05,148,4,6636,821,67
grp-a001-02-000000044108616,r,06,659,12,22204,3105,121
grp-a001-02-000000044108616,r,07,463,9,16459,2309,99
grp-a001-02-000000044108616,r,08,866,15,26537,4126,122
grp-a001-02-000000044108616,r,09,10033,61,108620,35721,148
grp-a001-02-000000044108616,r,10,335,9,16034,1688,105
grp-a001-02-000000044108616,r,11,924,18,30901,4117,124
grp-a001-02-000000044108616,r,12,178,2,3509,960,64
grp-a001-02-000000044108616,r,13,451,10,18098,2099,105
grp-a001-02-000000044108616,r,14,115,4,7091,611,56
grp-a001-02-000000044108616,r,15,729,10,17565,3337,121
grp-a001-02-000000044108616,r,16,496,14,23494,2307,106
grp-a001-02-000000044108616,r,17,119,1,1671,651,55
grp-a001-02-000000044108616,r,18,547,6,10212,2249,47
grp-a001-02-000000044108616,r,99,1898,21,38450,9251,133
grp-a001-02-000000044299892,h,00,904,13,20405,3466,131
grp-a001-02-000000044299892,h,01,557,4,6008,2091,113
grp-a001-02-000000044299892,h,02,392,2,2804,1825,102
grp-a001-02-000000044299892,h,03,280,1,1238,1274,72
grp-a001-02-000000044299892,h,04,225,3,4826,930,73
grp-a001-02-000000044299892,h,05,301,2,3543,1460,87
grp-a001-02-000000044299892,h,06,603,6,10135,2641,112
grp-a001-02-000000044299892,h,07,750,11,16548,2685,135
grp-a001-02-000000044299892,h,08,933,10,14855,3572,140
grp-a001-02-000000044299892,h,09,1053,12,19110,3773,142
grp-a001-02-000000044299892,h,10,1203,26,43532,4059,138
grp-a001-02-000000044299892,h,11,1245,20,30468,4536,148
grp-a001-02-000000044299892,h,12,1292,16,26825,4347,143
grp-a001-02-000000044299892,h,13,1400,27,43786,4770,148
grp-a001-02-000000044299892,h,14,1307,14,20693,4553,149
grp-a001-02-000000044299892,h,15,1336,20,31908,4651,147
grp-a001-02-000000044299892,h,16,1308,21,34087,4389,142
grp-a001-02-000000044299892,h,17,1424,27,42963,4920,147
grp-a001-02-000000044299892,h,18,1336,24,35709,4416,146
grp-a001-02-000000044299892,h,19,1316,19,30481,4414,141
grp-a001-02-000000044299892,h,20,1534,25,39463,5095,147
grp-a001-02-000000044299892,h,21,1533,29,47784,4996,148
grp-a001-02-000000044299892,h,22,1395,24,37151,4637,142
grp-a001-02-000000044299892,h,23,1150,19,29550,4046,141
grp-a001-02-000000044299892,m,11068,1126,9,13494,5552,136
grp-a001-02-000000044299892,m,27758,1027,31,46839,1711,109
grp-a001-02-000000044299892,m,33421,5123,39,61834,26399,153
grp-a001-02-000000044299892,m,335738,176,0,0,1182,55
grp-a001-02-000000044299892,m,341893,1621,9,10189,5616,147
grp-a001-02-000000044299892,m,341898,799,8,10828,1101,130
grp-a001-02-000000044299892,m,370822,145,2,2605,259,78
grp-a001-02-000000044299892,m,556927,29,0,0,29,20
grp-a001-02-000000044299892,m,612593,413,0,0,4144,89
grp-a001-02-000000044299892,m,612594,791,8,10018,3738,106
grp-a001-02-000000044299892,m,684924,956,3,4889,956,125
grp-a001-02-000000044299892,m,684925,215,1,1790,215,78
grp-a001-02-000000044299892,m,684926,3139,66,100730,11390,151
grp-a001-02-000000044299892,m,684927,620,4,7098,3259,115
grp-a001-02-000000044299892,m,805759,26,0,0,271,17
grp-a001-02-000000044299892,m,805760,17,0,0,83,11
grp-a001-02-000000044299892,m,8753,8554,195,323558,21641,152
grp-a001-02-000000044299892,r,-1,2,0,0,4,1
grp-a001-02-000000044299892,r,00,193,0,0,1381,80
grp-a001-02-000000044299892,r,01,713,13,19446,2516,137
grp-a001-02-000000044299892,r,02,6036,86,130447,20502,152
grp-a001-02-000000044299892,r,03,1269,22,36633,4440,148
grp-a001-02-000000044299892,r,04,980,15,24094,3702,146
grp-a001-02-000000044299892,r,05,287,4,6086,1115,80
grp-a001-02-000000044299892,r,06,1014,18,28218,3379,147
grp-a001-02-000000044299892,r,07,582,13,20900,2102,135
grp-a001-02-000000044299892,r,08,1200,23,36440,4238,147
grp-a001-02-000000044299892,r,09,5274,77,120273,19748,153
grp-a001-02-000000044299892,r,10,432,14,23871,1450,115
grp-a001-02-000000044299892,r,11,1339,11,17633,3862,149
grp-a001-02-000000044299892,r,12,360,3,4045,1276,87
grp-a001-02-000000044299892,r,13,670,17,27751,2385,134
grp-a001-02-000000044299892,r,14,161,3,5266,597,70
grp-a001-02-000000044299892,r,15,1161,19,29992,3470,147
grp-a001-02-000000044299892,r,16,555,5,8095,1963,128
grp-a001-02-000000044299892,r,17,162,2,3266,554,71
grp-a001-02-000000044299892,r,18,511,11,19683,1695,47
grp-a001-02-000000044299892,r,99,1876,19,31733,7167,149
grp-a001-02-000000044299955,h,00,1071,4,5670,3592,142
grp-a001-02-000000044299955,h,01,805,2,4164,2321,131
grp-a001-02-000000044299955,h,02,727,1,1748,2514,129
grp-a001-02-000000044299955,h,03,604,1,1389,1853,116
grp-a001-02-000000044299955,h,04,466,0,0,1116,101
grp-a001-02-000000044299955,h,05,568,0,0,1621,110
grp-a001-02-000000044299955,h,06,689,3,4757,2253,125
grp-a001-02-000000044299955,h,07,794,2,3751,2025,133
grp-a001-02-000000044299955,h,08,962,3,5948,3071,133
grp-a001-02-000000044299955,h,09,1035,8,14508,3188,139
grp-a001-02-000000044299955,h,10,1078,8,14781,3425,141
grp-a001-02-000000044299955,h,11,1232,12,22674,3985,149
grp-a001-02-000000044299955,h,12,1158,11,22546,3654,146
grp-a001-02-000000044299955,h,13,1312,4,8103,4203,145
grp-a001-02-000000044299955,h,14,1188,9,15889,3586,144
grp-a001-02-000000044299955,h,15,1197,8,14995,3878,143
grp-a001-02-000000044299955,h,16,1123,11,22527,3344,143
grp-a001-02-000000044299955,h,17,1081,14,27620,3485,145
grp-a001-02-000000044299955,h,18,1069,18,31865,3272,142
grp-a001-02-000000044299955,h,19,1116,8,14576,3488,140
grp-a001-02-000000044299955,h,20,1353,11,21340,4226,146
grp-a001-02-000000044299955,h,21,1409,14,24652,4341,144
grp-a001-02-000000044299955,h,22,1346,9,14285,4383,140
grp-a001-02-000000044299955,h,23,1234,8,14597,3572,142
grp-a001-02-000000044299955,m,11068,1193,3,5900,6321,135
grp-a001-02-000000044299955,m,122876,10,0,0,10,5
grp-a001-02-000000044299955,m,27758,902,11,19946,1395,134
grp-a001-02-000000044299955,m,33421,10542,16,29462,27488,154
grp-a001-02-000000044299955,m,335738,204,0,0,1101,60
grp-a001-02-000000044299955,m,341893,1240,4,6078,5394,147
grp-a001-02-000000044299955,m,341898,710,1,1570,984,129
grp-a001-02-000000044299955,m,370822,113,1,1326,215,72
grp-a001-02-000000044299955,m,424040,66,0,0,69,27
grp-a001-02-000000044299955,m,556927,14,0,0,14,12
grp-a001-02-000000044299955,m,612593,352,2,2800,3651,95
grp-a001-02-000000044299955,m,612594,612,0,0,2857,109
grp-a001-02-000000044299955,m,684924,524,0,0,524,109
grp-a001-02-000000044299955,m,684925,160,0,0,160,72
grp-a001-02-000000044299955,m,684926,1834,25,45755,8211,150
grp-a001-02-000000044299955,m,684927,513,5,9424,2980,123
grp-a001-02-000000044299955,m,787480,1,0,0,14,1
grp-a001-02-000000044299955,m,805759,26,0,0,297,18
grp-a001-02-000000044299955,m,805760,17,0,0,95,12
grp-a001-02-000000044299955,m,8753,5584,101,190124,14616,154
grp-a001-02-000000044299955,r,00,135,1,2178,963,64
grp-a001-02-000000044299955,r,01,448,3,5545,1724,129
grp-a001-02-000000044299955,r,02,4395,48,85421,17020,154
grp-a001-02-000000044299955,r,03,893,13,22066,3141,144
grp-a001-02-000000044299955,r,04,687,9,18312,2469,136
grp-a001-02-000000044299955,r,05,279,3,6138,1038,82
grp-a001-02-000000044299955,r,06,769,8,15054,2423,139
grp-a001-02-000000044299955,r,07,466,4,7610,1848,131
grp-a001-02-000000044299955,r,08,899,12,21864,3374,143
grp-a001-02-000000044299955,r,09,10925,23,42812,24394,154
grp-a001-02-000000044299955,r,10,250,0,0,916,103
grp-a001-02-000000044299955,r,11,814,6,11934,3103,140
grp-a001-02-000000044299955,r,12,337,3,6557,1185,85
grp-a001-02-000000044299955,r,13,474,5,9516,1791,125
grp-a001-02-000000044299955,r,14,113,1,1870,516,67
grp-a001-02-000000044299955,r,15,645,10,18652,2413,128
grp-a001-02-000000044299955,r,16,409,11,19532,1449,121
grp-a001-02-000000044299955,r,17,105,2,3419,352,54
grp-a001-02-000000044299955,r,18,231,2,4347,1001,47
grp-a001-02-000000044299955,r,99,1343,5,9558,5276,147
grp-a001-02-000000044299975,h,00,490,4,8561,2303,98
grp-a001-02-000000044299975,h,01,370,2,4218,1665,81
grp-a001-02-000000044299975,h,02,392,1,1771,1794,79
grp-a001-02-000000044299975,h,03,171,1,1281,923,54
grp-a001-02-000000044299975,h,04,132,0,0,517,55
grp-a001-02-000000044299975,h,05,126,0,0,660,51
grp-a001-02-000000044299975,h,06,226,1,1870,1325,75
grp-a001-02-000000044299975,h,07,288,1,2211,1343,89
grp-a001-02-000000044299975,h,08,396,1,1937,1898,101
grp-a001-02-000000044299975,h,09,432,1,1908,1973,99
grp-a001-02-000000044299975,h,10,465,2,2665,2269,102
grp-a001-02-000000044299975,h,11,562,2,3621,2697,121
grp-a001-02-000000044299975,h,12,455,4,5790,2179,101
grp-a001-02-000000044299975,h,13,614,6,9630,2776,101
grp-a001-02-000000044299975,h,14,515,0,0,2452,100
grp-a001-02-000000044299975,h,15,525,5,8460,2072,97
grp-a001-02-000000044299975,h,16,554,1,2204,2504,98
grp-a001-02-000000044299975,h,17,487,0,0,2256,104
grp-a001-02-000000044299975,h,18,486,2,4312,2521,109
grp-a001-02-000000044299975,h,19,487,2,4379,2285,98
grp-a001-02-000000044299975,h,20,593,5,8930,2624,105
grp-a001-02-000000044299975,h,21,578,3,5681,2603,109
grp-a001-02-000000044299975,h,22,539,3,6527,2328,101
grp-a001-02-000000044299975,h,23,469,2,3196,2137,94
grp-a001-02-000000044299975,m,11068,573,1,1417,3622,101
grp-a001-02-000000044299975,m,27758,558,3,5898,981,58
grp-a001-02-000000044299975,m,33421,2598,12,21528,15063,146
grp-a001-02-000000044299975,m,335738,141,0,0,867,49
grp-a001-02-000000044299975,m,341893,1187,5,10100,5044,95
grp-a001-02-000000044299975,m,341898,625,0,0,896,84
grp-a001-02-000000044299975,m,370822,111,0,0,189,48
grp-a001-02-000000044299975,m,556927,24,0,0,24,17
grp-a001-02-000000044299975,m,612593,444,1,1750,3824,81
grp-a001-02-000000044299975,m,612594,692,0,0,3876,80
grp-a001-02-000000044299975,m,684924,215,0,0,215,64
grp-a001-02-000000044299975,m,684925,83,0,0,83,38
grp-a001-02-000000044299975,m,684926,918,5,10471,4827,125
grp-a001-02-000000044299975,m,684927,264,2,2326,2369,87
grp-a001-02-000000044299975,m,787480,1,0,0,23,1
grp-a001-02-000000044299975,m,787481,1,0,0,2,1
grp-a001-02-000000044299975,m,805759,13,0,0,166,8
grp-a001-02-000000044299975,m,805760,14,0,0,84,9
grp-a001-02-000000044299975,m,8753,1890,20,35662,5949,129
grp-a001-02-000000044299975,r,00,128,0,0,842,56
grp-a001-02-000000044299975,r,01,249,1,1980,1181,86
grp-a001-02-000000044299975,r,02,2499,12,21478,11522,149
grp-a001-02-000000044299975,r,03,510,4,7644,2020,110
grp-a001-02-000000044299975,r,04,381,2,4327,1741,98
grp-a001-02-000000044299975,r,05,167,1,2211,744,55
grp-a001-02-000000044299975,r,06,387,4,7694,1751,96
grp-a001-02-000000044299975,r,07,244,1,2200,1276,83
grp-a001-02-000000044299975,r,08,500,3,5810,2223,108
grp-a001-02-000000044299975,r,09,2422,8,14606,11495,146
grp-a001-02-000000044299975,r,10,142,0,0,664,68
grp-a001-02-000000044299975,r,11,538,0,0,2233,108
grp-a001-02-000000044299975,r,12,186,0,0,853,58
grp-a001-02-000000044299975,r,13,239,1,1600,1078,95
grp-a001-02-000000044299975,r,14,59,0,0,331,41
grp-a001-02-000000044299975,r,15,352,3,4311,1839,103
grp-a001-02-000000044299975,r,16,261,2,4094,1216,85
grp-a001-02-000000044299975,r,17,64,3,3810,341,41
grp-a001-02-000000044299975,r,18,138,1,1750,727,41
grp-a001-02-000000044299975,r,99,886,3,5637,4027,112
grp-a001-02-000000044300022,h,00,580,5,5747,2751,129
grp-a001-02-000000044300022,h,01,329,6,6756,1371,110
grp-a001-02-000000044300022,h,02,166,2,2166,1090,72
grp-a001-02-000000044300022,h,03,161,1,1276,871,65
grp-a001-02-000000044300022,h,04,166,0,0,670,70
grp-a001-02-000000044300022,h,05,231,3,3623,1012,77
grp-a001-02-000000044300022,h,06,367,4,5016,1602,114
grp-a001-02-000000044300022,h,07,588,11,14750,2523,128
grp-a001-02-000000044300022,h,08,730,12,16102,3412,134
grp-a001-02-000000044300022,h,09,922,11,13444,3405,133
grp-a001-02-000000044300022,h,10,863,12,14155,3381,133
grp-a001-02-000000044300022,h,11,959,11,12607,3876,139
grp-a001-02-000000044300022,h,12,765,8,9954,3153,135
grp-a001-02-000000044300022,h,13,781,11,14126,2682,139
grp-a001-02-000000044300022,h,14,843,14,20145,3527,143
grp-a001-02-000000044300022,h,15,867,15,17934,3910,141
grp-a001-02-000000044300022,h,16,918,21,25834,4088,143
grp-a001-02-000000044300022,h,17,805,15,20570,3447,141
grp-a001-02-000000044300022,h,18,835,10,14090,3271,136
grp-a001-02-000000044300022,h,19,1053,17,20204,3859,141
grp-a001-02-000000044300022,h,20,1054,16,19933,4303,145
grp-a001-02-000000044300022,h,21,1034,21,26449,4124,142
grp-a001-02-000000044300022,h,22,1006,13,16392,4023,143
grp-a001-02-000000044300022,h,23,778,10,13612,3392,136
grp-a001-02-000000044300022,m,11068,860,4,4857,3303,129
grp-a001-02-000000044300022,m,27758,519,20,24782,772,131
grp-a001-02-000000044300022,m,33421,3598,15,17755,18238,154
grp-a001-02-000000044300022,m,335738,73,0,0,573,33
grp-a001-02-000000044300022,m,341893,2542,10,12863,16747,146
grp-a001-02-000000044300022,m,341898,834,1,1432,1280,120
grp-a001-02-000000044300022,m,370822,165,0,0,428,72
grp-a001-02-000000044300022,m,556927,21,0,0,22,18
grp-a001-02-000000044300022,m,612593,197,0,0,2768,64
grp-a001-02-000000044300022,m,612594,187,1,876,602,83
grp-a001-02-000000044300022,m,684924,409,1,829,409,98
grp-a001-02-000000044300022,m,684925,125,1,1112,125,70
grp-a001-02-000000044300022,m,684926,1679,27,30873,8020,151
grp-a001-02-000000044300022,m,684927,360,6,7703,3527,111
grp-a001-02-000000044300022,m,787480,3,0,0,136,1
grp-a001-02-000000044300022,m,787481,1,0,0,1,1
grp-a001-02-000000044300022,m,805759,9,0,0,170,7
grp-a001-02-000000044300022,m,805760,1,0,0,5,1
grp-a001-02-000000044300022,m,8753,5218,163,211803,12617,154
grp-a001-02-000000044300022,r,00,90,1,1400,920,45
grp-a001-02-000000044300022,r,01,445,5,5789,1827,125
grp-a001-02-000000044300022,r,02,4201,59,74960,17071,152
grp-a001-02-000000044300022,r,03,849,12,15821,3144,136
grp-a001-02-000000044300022,r,04,628,12,16295,2541,130
grp-a001-02-000000044300022,r,05,219,6,6008,918,74
grp-a001-02-000000044300022,r,06,617,7,8674,2288,137
grp-a001-02-000000044300022,r,07,432,12,16272,1934,128
grp-a001-02-000000044300022,r,08,817,9,10677,3409,143
grp-a001-02-000000044300022,r,09,3376,45,59669,16155,154
grp-a001-02-000000044300022,r,10,299,5,6670,1159,115
grp-a001-02-000000044300022,r,11,1000,13,16045,3779,136
grp-a001-02-000000044300022,r,12,283,7,7355,1028,78
grp-a001-02-000000044300022,r,13,472,12,14212,1690,129
grp-a001-02-000000044300022,r,14,91,1,898,360,49
grp-a001-02-000000044300022,r,15,575,12,14689,2340,134
grp-a001-02-000000044300022,r,16,411,12,16309,1768,112
grp-a001-02-000000044300022,r,17,130,5,6282,473,64
grp-a001-02-000000044300022,r,18,443,5,6331,1577,48
grp-a001-02-000000044300022,r,99,1423,9,10529,5362,145
grp-a001-02-000000044300024,h,00,1269,11,17508,4955,143
grp-a001-02-000000044300024,h,01,805,7,11356,3310,137
grp-a001-02-000000044300024,h,02,490,4,4848,2491,118
grp-a001-02-000000044300024,h,03,423,1,960,2526,106
grp-a001-02-000000044300024,h,04,421,1,1452,1788,107
grp-a001-02-000000044300024,h,05,513,2,2084,2293,126
grp-a001-02-000000044300024,h,06,863,2,1780,3479,140
grp-a001-02-000000044300024,h,07,1188,7,9999,4040,146
grp-a001-02-000000044300024,h,08,1548,6,10503,5405,148
grp-a001-02-000000044300024,h,09,1700,18,29130,6088,148
grp-a001-02-000000044300024,h,10,1752,26,40734,5918,148
grp-a001-02-000000044300024,h,11,1823,28,40843,6774,149
grp-a001-02-000000044300024,h,12,1606,13,19029,5524,150
grp-a001-02-000000044300024,h,13,1838,23,34687,5975,150
grp-a001-02-000000044300024,h,14,1947,19,32615,7421,150
grp-a001-02-000000044300024,h,15,2038,34,45937,7004,152
grp-a001-02-000000044300024,h,16,1915,18,26881,6521,151
grp-a001-02-000000044300024,h,17,1960,28,39748,7215,151
grp-a001-02-000000044300024,h,18,1806,20,32278,6256,148
grp-a001-02-000000044300024,h,19,1931,22,34535,6333,149
grp-a001-02-000000044300024,h,20,2267,32,49441,7251,150
grp-a001-02-000000044300024,h,21,2236,31,49265,6936,149
grp-a001-02-000000044300024,h,22,2080,25,36661,6243,148
grp-a001-02-000000044300024,h,23,1768,18,24940,5400,149
grp-a001-02-000000044300024,m,11068,1110,6,8751,5434,149
grp-a001-02-000000044300024,m,27758,1609,50,74073,2641,148
grp-a001-02-000000044300024,m,33421,9377,36,52254,40044,154
grp-a001-02-000000044300024,m,335738,327,0,0,2135,72
grp-a001-02-000000044300024,m,341893,3105,7,10520,15776,154
grp-a001-02-000000044300024,m,341898,1839,5,7579,2570,154
grp-a001-02-000000044300024,m,370822,226,1,1410,447,100
grp-a001-02-000000044300024,m,556927,34,0,0,34,22
grp-a001-02-000000044300024,m,612593,616,0,0,7546,105
grp-a001-02-000000044300024,m,612594,573,3,3854,2916,121
grp-a001-02-000000044300024,m,684924,1217,0,0,1217,146
grp-a001-02-000000044300024,m,684925,326,1,820,326,115
grp-a001-02-000000044300024,m,684926,3704,61,88953,13682,154
grp-a001-02-000000044300024,m,684927,799,5,7954,5715,138
grp-a001-02-000000044300024,m,787478,1,0,0,1,1
grp-a001-02-000000044300024,m,787480,4,0,0,26,2
grp-a001-02-000000044300024,m,805759,49,0,0,599,21
grp-a001-02-000000044300024,m,805760,9,0,0,45,7
grp-a001-02-000000044300024,m,8753,11262,221,341046,25992,154
grp-a001-02-000000044300024,r,00,266,1,2006,2279,94
grp-a001-02-000000044300024,r,01,929,13,18863,2979,143
grp-a001-02-000000044300024,r,02,8705,112,175819,29371,154
grp-a001-02-000000044300024,r,03,1912,21,31521,6077,153
grp-a001-02-000000044300024,r,04,1527,17,24878,5293,153
grp-a001-02-000000044300024,r,05,606,7,11229,1807,100
grp-a001-02-000000044300024,r,06,1329,9,13768,4151,151
grp-a001-02-000000044300024,r,07,891,12,15870,3299,147
grp-a001-02-000000044300024,r,08,1990,24,34638,6520,153
grp-a001-02-000000044300024,r,09,8020,67,101370,30144,154
grp-a001-02-000000044300024,r,10,606,6,9201,1925,139
grp-a001-02-000000044300024,r,11,2150,18,27253,6658,152
grp-a001-02-000000044300024,r,12,557,11,13679,1616,98
grp-a001-02-000000044300024,r,13,1091,12,15917,3761,148
grp-a001-02-000000044300024,r,14,226,5,8390,904,93
grp-a001-02-000000044300024,r,15,1220,14,21098,4530,151
grp-a001-02-000000044300024,r,16,854,14,18650,3020,145
grp-a001-02-000000044300024,r,17,263,6,9754,864,100
grp-a001-02-000000044300024,r,18,743,10,16298,2493,48
grp-a001-02-000000044300024,r,99,2302,17,27012,9455,151
grp-a001-02-000000044300027,h,00,631,6,8806,3157,123
grp-a001-02-000000044300027,h,01,401,4,6825,2123,104
grp-a001-02-000000044300027,h,02,287,0,0,1887,89
grp-a001-02-000000044300027,h,03,188,2,3334,1445,66
grp-a001-02-000000044300027,h,04,167,0,0,792,55
grp-a001-02-000000044300027,h,05,257,4,6100,1588,68
grp-a001-02-000000044300027,h,06,354,3,5491,1902,107
grp-a001-02-000000044300027,h,07,501,3,3626,1995,122
grp-a001-02-000000044300027,h,08,668,4,5295,3064,128
grp-a001-02-000000044300027,h,09,757,13,18453,3225,136
grp-a001-02-000000044300027,h,10,906,13,18865,4149,138
grp-a001-02-000000044300027,h,11,967,10,13375,4254,137
grp-a001-02-000000044300027,h,12,762,11,17659,3071,130
grp-a001-02-000000044300027,h,13,917,14,21847,4216,143
grp-a001-02-000000044300027,h,14,986,16,25717,4468,142
grp-a001-02-000000044300027,h,15,986,9,13089,4710,139
grp-a001-02-000000044300027,h,16,1040,10,15188,4738,137
grp-a001-02-000000044300027,h,17,1075,6,8898,5188,139
grp-a001-02-000000044300027,h,18,993,11,14951,4438,142
grp-a001-02-000000044300027,h,19,942,17,23064,3793,138
grp-a001-02-000000044300027,h,20,1074,17,24541,4288,143
grp-a001-02-000000044300027,h,21,1043,21,31572,3833,144
grp-a001-02-000000044300027,h,22,1005,6,9694,3833,140
grp-a001-02-000000044300027,h,23,834,8,12114,3257,137
grp-a001-02-000000044300027,m,11068,805,6,8331,4355,131
grp-a001-02-000000044300027,m,27758,564,12,15028,955,131
grp-a001-02-000000044300027,m,33421,3213,18,26430,21574,153
grp-a001-02-000000044300027,m,335738,235,0,0,1788,67
grp-a001-02-000000044300027,m,341893,2228,2,2130,11375,133
grp-a001-02-000000044300027,m,341898,856,2,3209,1261,117
grp-a001-02-000000044300027,m,370822,146,0,0,310,72
grp-a001-02-000000044300027,m,556927,31,0,0,31,24
grp-a001-02-000000044300027,m,612593,414,0,0,5398,96
grp-a001-02-000000044300027,m,612594,388,6,6333,1773,106
grp-a001-02-000000044300027,m,684924,499,1,1664,499,119
grp-a001-02-000000044300027,m,684925,138,0,0,138,80
grp-a001-02-000000044300027,m,684926,2288,26,38819,10723,151
grp-a001-02-000000044300027,m,684927,553,7,10617,4777,124
grp-a001-02-000000044300027,m,787478,1,0,0,2,1
grp-a001-02-000000044300027,m,787480,2,0,0,62,1
grp-a001-02-000000044300027,m,805759,37,0,0,534,20
grp-a001-02-000000044300027,m,805760,7,0,0,38,5
grp-a001-02-000000044300027,m,8753,5336,128,195943,13821,153
grp-a001-02-000000044300027,r,00,168,1,1538,1640,69
grp-a001-02-000000044300027,r,01,571,12,17854,2310,127
grp-a001-02-000000044300027,r,02,4278,45,69048,18188,153
grp-a001-02-000000044300027,r,03,942,8,11624,3927,141
grp-a001-02-000000044300027,r,04,736,15,25146,3289,129
grp-a001-02-000000044300027,r,05,237,3,4319,942,78
grp-a001-02-000000044300027,r,06,638,4,4442,2426,132
grp-a001-02-000000044300027,r,07,447,4,4946,2308,128
grp-a001-02-000000044300027,r,08,927,15,22033,4137,137
grp-a001-02-000000044300027,r,09,3843,47,71384,19113,153
grp-a001-02-000000044300027,r,10,277,0,0,1254,96
grp-a001-02-000000044300027,r,11,882,10,15597,3723,132
grp-a001-02-000000044300027,r,12,290,4,3275,1032,81
grp-a001-02-000000044300027,r,13,551,4,6775,2279,118
grp-a001-02-000000044300027,r,14,130,0,0,613,60
grp-a001-02-000000044300027,r,15,667,12,15446,3091,131
grp-a001-02-000000044300027,r,16,442,6,8162,1754,118
grp-a001-02-000000044300027,r,17,100,1,1536,445,55
grp-a001-02-000000044300027,r,18,430,7,10869,1829,48
grp-a001-02-000000044300027,r,99,1185,10,14510,5114,137
grp-a001-02-000000044300450,h,00,489,3,5489,2740,102
grp-a001-02-000000044300450,h,01,375,1,586,1916,77
grp-a001-02-000000044300450,h,02,284,0,0,1999,60
grp-a001-02-000000044300450,h,03,199,0,0,1466,54
grp-a001-02-000000044300450,h,04,118,0,0,613,49
grp-a001-02-000000044300450,h,05,130,0,0,1143,51
grp-a001-02-000000044300450,h,06,218,0,0,1687,76
grp-a001-02-000000044300450,h,07,277,1,1469,1521,83
grp-a001-02-000000044300450,h,08,484,6,10385,2971,106
grp-a001-02-000000044300450,h,09,564,1,2184,3171,107
grp-a001-02-000000044300450,h,10,630,3,4082,3654,115
grp-a001-02-000000044300450,h,11,626,2,3137,3550,122
grp-a001-02-000000044300450,h,12,554,4,6882,3050,114
grp-a001-02-000000044300450,h,13,686,5,10085,3785,115
grp-a001-02-000000044300450,h,14,594,0,0,3203,111
grp-a001-02-000000044300450,h,15,647,3,5123,3680,105
grp-a001-02-000000044300450,h,16,727,1,1819,3649,104
grp-a001-02-000000044300450,h,17,595,5,8904,3197,110
grp-a001-02-000000044300450,h,18,566,3,5200,3003,107
grp-a001-02-000000044300450,h,19,584,3,4227,3284,98
grp-a001-02-000000044300450,h,20,662,0,0,3571,120
grp-a001-02-000000044300450,h,21,557,5,8730,2714,109
grp-a001-02-000000044300450,h,22,597,4,5554,2896,117
grp-a001-02-000000044300450,h,23,549,4,4737,2690,104
grp-a001-02-000000044300450,m,11068,695,5,6940,4712,105
grp-a001-02-000000044300450,m,27758,628,9,13569,1033,101
grp-a001-02-000000044300450,m,33421,2809,6,10866,21242,145
grp-a001-02-000000044300450,m,335738,221,0,0,1430,58
grp-a001-02-000000044300450,m,341893,1097,0,0,5862,118
grp-a001-02-000000044300450,m,341898,382,0,0,599,81
grp-a001-02-000000044300450,m,370822,161,0,0,336,52
grp-a001-02-000000044300450,m,556927,28,0,0,28,14
grp-a001-02-000000044300450,m,612593,529,0,0,5362,75
grp-a001-02-000000044300450,m,612594,731,0,0,4042,79
grp-a001-02-000000044300450,m,684924,181,1,2184,181,66
grp-a001-02-000000044300450,m,684925,153,1,1958,153,58
grp-a001-02-000000044300450,m,684926,1433,7,12175,7856,132
grp-a001-02-000000044300450,m,684927,436,0,0,4365,102
grp-a001-02-000000044300450,m,787480,2,0,0,75,1
grp-a001-02-000000044300450,m,805759,28,0,0,413,17
grp-a001-02-000000044300450,m,805760,13,0,0,92,8
grp-a001-02-000000044300450,m,8753,2185,25,40901,7372,140
grp-a001-02-000000044300450,r,00,123,0,0,1195,48
grp-a001-02-000000044300450,r,01,279,2,4278,1460,86
grp-a001-02-000000044300450,r,02,2936,13,21782,15761,150
grp-a001-02-000000044300450,r,03,612,4,3584,3069,119
grp-a001-02-000000044300450,r,04,450,3,6150,2374,100
grp-a001-02-000000044300450,r,05,165,0,0,839,53
grp-a001-02-000000044300450,r,06,439,1,1540,2205,102
grp-a001-02-000000044300450,r,07,284,3,4525,1688,90
grp-a001-02-000000044300450,r,08,612,3,4205,3194,111
grp-a001-02-000000044300450,r,09,2708,12,18470,16674,148
grp-a001-02-000000044300450,r,10,205,1,1958,911,77
grp-a001-02-000000044300450,r,11,559,4,7805,2921,112
grp-a001-02-000000044300450,r,12,148,1,1231,829,50
grp-a001-02-000000044300450,r,13,284,0,0,1369,90
grp-a001-02-000000044300450,r,14,71,0,0,456,44
grp-a001-02-000000044300450,r,15,376,2,4205,2394,90
grp-a001-02-000000044300450,r,16,272,2,3614,1523,92
grp-a001-02-000000044300450,r,17,58,0,0,344,39
grp-a001-02-000000044300450,r,18,226,2,3777,1225,41
grp-a001-02-000000044300450,r,99,905,1,1469,4722,115
grp-a001-02-000000044300513,h,00,256,2,4029,1562,77
grp-a001-02-000000044300513,h,01,178,0,0,1052,67
grp-a001-02-000000044300513,h,02,216,0,0,1510,61
grp-a001-02-000000044300513,h,03,95,0,0,911,38
grp-a001-02-000000044300513,h,04,102,0,0,457,43
grp-a001-02-000000044300513,h,05,102,0,0,672,41
grp-a001-02-000000044300513,h,06,174,1,1430,1013,60
grp-a001-02-000000044300513,h,07,193,1,1317,935,75
grp-a001-02-000000044300513,h,08,267,1,1881,1499,86
grp-a001-02-000000044300513,h,09,312,0,0,1448,91
grp-a001-02-000000044300513,h,10,336,0,0,1662,95
grp-a001-02-000000044300513,h,11,343,2,3427,1744,97
grp-a001-02-000000044300513,h,12,281,3,5428,1349,101
grp-a001-02-000000044300513,h,13,367,0,0,2083,97
grp-a001-02-000000044300513,h,14,328,0,0,1699,92
grp-a001-02-000000044300513,h,15,315,0,0,1738,100
grp-a001-02-000000044300513,h,16,361,3,6497,1561,107
grp-a001-02-000000044300513,h,17,316,0,0,1498,104
grp-a001-02-000000044300513,h,18,348,1,1926,1623,105
grp-a001-02-000000044300513,h,19,383,2,2688,1404,100
grp-a001-02-000000044300513,h,20,409,1,1990,1692,119
grp-a001-02-000000044300513,h,21,341,3,6134,1415,102
grp-a001-02-000000044300513,h,22,305,1,1929,1410,98
grp-a001-02-000000044300513,h,23,304,1,2189,1351,93
grp-a001-02-000000044300513,m,11068,410,1,1990,3033,90
grp-a001-02-000000044300513,m,27758,199,0,0,419,56
grp-a001-02-000000044300513,m,33421,1728,4,6153,11797,151
grp-a001-02-000000044300513,m,335738,98,0,0,735,34
grp-a001-02-000000044300513,m,341893,382,0,0,2509,54
grp-a001-02-000000044300513,m,341898,180,1,1279,270,38
grp-a001-02-000000044300513,m,370822,25,0,0,46,14
grp-a001-02-000000044300513,m,556927,5,0,0,5,3
grp-a001-02-000000044300513,m,612593,238,0,0,2401,74
grp-a001-02-000000044300513,m,612594,222,0,0,1416,61
grp-a001-02-000000044300513,m,684924,378,0,0,378,85
grp-a001-02-000000044300513,m,684925,38,0,0,38,32
grp-a001-02-000000044300513,m,684926,477,5,9571,2978,102
grp-a001-02-000000044300513,m,684927,193,1,2027,2088,76
grp-a001-02-000000044300513,m,787480,1,0,0,30,1
grp-a001-02-000000044300513,m,805759,9,0,0,137,9
grp-a001-02-000000044300513,m,805760,4,0,0,26,3
grp-a001-02-000000044300513,m,8753,2045,10,19845,4982,148
grp-a001-02-000000044300513,r,-1,1,0,0,1,1
grp-a001-02-000000044300513,r,00,63,0,0,557,35
grp-a001-02-000000044300513,r,01,128,0,0,735,66
grp-a001-02-000000044300513,r,02,1775,10,19564,8159,150
grp-a001-02-000000044300513,r,03,240,0,0,1275,93
grp-a001-02-000000044300513,r,04,189,0,0,910,81
grp-a001-02-000000044300513,r,05,75,1,1230,475,39
grp-a001-02-000000044300513,r,06,228,1,1929,1322,87
grp-a001-02-000000044300513,r,07,138,1,1842,885,71
grp-a001-02-000000044300513,r,08,256,1,2175,1425,105
grp-a001-02-000000044300513,r,09,1407,5,9186,8612,142
grp-a001-02-000000044300513,r,10,92,0,0,352,55
grp-a001-02-000000044300513,r,11,592,1,1950,1783,122
grp-a001-02-000000044300513,r,12,78,1,1430,346,32
grp-a001-02-000000044300513,r,13,130,0,0,624,65
grp-a001-02-000000044300513,r,14,45,0,0,257,29
grp-a001-02-000000044300513,r,15,367,0,0,1287,112
grp-a001-02-000000044300513,r,16,130,0,0,674,71
grp-a001-02-000000044300513,r,17,29,0,0,224,24
grp-a001-02-000000044300513,r,18,120,0,0,567,38
grp-a001-02-000000044300513,r,99,549,1,1559,2818,105
grp-a001-02-000000044490481,h,00,2887,25,39781,8976,139
grp-a001-02-000000044490481,h,01,1684,20,33455,4766,145
grp-a001-02-000000044490481,h,02,1322,13,20995,3905,141
grp-a001-02-000000044490481,h,03,1103,8,14399,3202,141
grp-a001-02-000000044490481,h,04,883,5,8900,2530,132
grp-a001-02-000000044490481,h,05,1105,8,12871,3513,138
grp-a001-02-000000044490481,h,06,1369,8,12901,4368,142
grp-a001-02-000000044490481,h,07,2102,21,36552,6881,147
grp-a001-02-000000044490481,h,08,2808,31,53123,8742,149
grp-a001-02-000000044490481,h,09,2888,45,77331,9039,148
grp-a001-02-000000044490481,h,10,3338,65,109899,10452,149
grp-a001-02-000000044490481,h,11,3443,60,100285,11416,149
grp-a001-02-000000044490481,h,12,3127,34,60010,10594,148
grp-a001-02-000000044490481,h,13,3280,44,70680,10453,148
grp-a001-02-000000044490481,h,14,3403,48,83944,10761,151
grp-a001-02-000000044490481,h,15,3611,47,81226,11867,150
grp-a001-02-000000044490481,h,16,3724,41,70798,11631,147
grp-a001-02-000000044490481,h,17,3500,38,64306,11382,148
grp-a001-02-000000044490481,h,18,3090,33,53626,9882,146
grp-a001-02-000000044490481,h,19,2989,44,72282,10098,144
grp-a001-02-000000044490481,h,20,3609,57,96461,11965,144
grp-a001-02-000000044490481,h,21,3904,65,109500,13150,143
grp-a001-02-000000044490481,h,22,3656,38,63524,12390,141
grp-a001-02-000000044490481,h,23,3709,40,67202,12345,141
grp-a001-02-000000044490481,m,11068,3662,34,55004,12682,152
grp-a001-02-000000044490481,m,122876,102,0,0,111,27
grp-a001-02-000000044490481,m,27758,5358,114,192690,8591,151
grp-a001-02-000000044490481,m,33421,16865,66,107990,65974,152
grp-a001-02-000000044490481,m,341893,3399,20,31177,18472,152
grp-a001-02-000000044490481,m,341898,1159,6,9515,2128,141
grp-a001-02-000000044490481,m,370822,321,1,1435,636,112
grp-a001-02-000000044490481,m,424040,313,3,2389,792,58
grp-a001-02-000000044490481,m,556927,18,0,0,18,14
grp-a001-02-000000044490481,m,684924,2294,18,29517,2294,149
grp-a001-02-000000044490481,m,684925,1021,5,8458,1021,133
grp-a001-02-000000044490481,m,684926,5344,73,119008,27857,153
grp-a001-02-000000044490481,m,684927,1107,20,33938,5766,140
grp-a001-02-000000044490481,m,805759,16,1,1448,204,10
grp-a001-02-000000044490481,m,805760,21,0,0,91,15
grp-a001-02-000000044490481,m,8753,25534,477,821482,67671,153
grp-a001-02-000000044490481,r,-1,2,0,0,6,1
grp-a001-02-000000044490481,r,00,565,8,14479,1682,114
grp-a001-02-000000044490481,r,01,1537,15,24785,5389,150
grp-a001-02-000000044490481,r,02,15103,238,402081,50568,153
grp-a001-02-000000044490481,r,03,2641,46,73098,9037,151
grp-a001-02-000000044490481,r,04,2094,30,52204,7103,149
grp-a001-02-000000044490481,r,05,861,17,28659,2887,103
grp-a001-02-000000044490481,r,06,2107,24,40330,7264,147
grp-a001-02-000000044490481,r,07,1222,22,37546,3951,148
grp-a001-02-000000044490481,r,08,2848,38,62800,9563,152
grp-a001-02-000000044490481,r,09,21218,152,256286,61449,153
grp-a001-02-000000044490481,r,10,1087,20,36197,3747,141
grp-a001-02-000000044490481,r,11,3000,41,69216,10269,152
grp-a001-02-000000044490481,r,12,965,17,28807,3138,101
grp-a001-02-000000044490481,r,13,1362,20,32211,4724,152
grp-a001-02-000000044490481,r,14,386,1,1375,1200,119
grp-a001-02-000000044490481,r,15,2263,35,59734,7742,152
grp-a001-02-000000044490481,r,16,1583,32,54152,5377,148
grp-a001-02-000000044490481,r,17,460,7,12028,1521,117
grp-a001-02-000000044490481,r,18,916,14,24453,3364,48
grp-a001-02-000000044490481,r,99,4314,61,103610,14327,151
grp-a001-02-000000044490484,h,00,117,0,0,907,58
grp-a001-02-000000044490484,h,01,57,1,871,471,42
grp-a001-02-000000044490484,h,02,34,0,0,268,26
grp-a001-02-000000044490484,h,03,19,0,0,131,15
grp-a001-02-000000044490484,h,04,27,1,924,246,19
grp-a001-02-000000044490484,h,05,30,0,0,213,22
grp-a001-02-000000044490484,h,06,60,0,0,494,42
grp-a001-02-000000044490484,h,07,88,1,860,633,55
grp-a001-02-000000044490484,h,08,111,3,2463,912,65
grp-a001-02-000000044490484,h,09,113,2,1600,809,63
grp-a001-02-000000044490484,h,10,155,0,0,1439,83
grp-a001-02-000000044490484,h,11,163,2,1670,1507,80
grp-a001-02-000000044490484,h,12,134,0,0,1141,77
grp-a001-02-000000044490484,h,13,179,1,553,1271,84
grp-a001-02-000000044490484,h,14,165,0,0,1601,80
grp-a001-02-000000044490484,h,15,128,0,0,1190,69
grp-a001-02-000000044490484,h,16,144,0,0,1065,77
grp-a001-02-000000044490484,h,17,139,1,662,1167,69
grp-a001-02-000000044490484,h,18,114,2,1600,1010,68
grp-a001-02-000000044490484,h,19,109,2,1000,1043,69
grp-a001-02-000000044490484,h,20,157,1,536,1338,72
grp-a001-02-000000044490484,h,21,155,0,0,1363,76
grp-a001-02-000000044490484,h,22,126,1,771,1243,69
grp-a001-02-000000044490484,h,23,137,0,0,1169,77
grp-a001-02-000000044490484,m,11068,142,0,0,1865,58
grp-a001-02-000000044490484,m,122876,6,0,0,25,5
grp-a001-02-000000044490484,m,27758,64,0,0,131,42
grp-a001-02-000000044490484,m,33421,530,0,0,5656,127
grp-a001-02-000000044490484,m,341893,419,4,3116,4030,131
grp-a001-02-000000044490484,m,341898,7,0,0,63,7
grp-a001-02-000000044490484,m,370822,3,0,0,19,3
grp-a001-02-000000044490484,m,424040,15,0,0,47,12
grp-a001-02-000000044490484,m,684924,80,0,0,80,36
grp-a001-02-000000044490484,m,684925,8,0,0,8,7
grp-a001-02-000000044490484,m,684926,526,4,3321,5900,126
grp-a001-02-000000044490484,m,684927,105,0,0,1486,64
grp-a001-02-000000044490484,m,805759,1,0,0,17,1
grp-a001-02-000000044490484,m,805760,3,0,0,22,3
grp-a001-02-000000044490484,m,8753,752,10,7073,3282,140
grp-a001-02-000000044490484,r,00,18,1,662,155,15
grp-a001-02-000000044490484,r,01,70,1,924,522,45
grp-a001-02-000000044490484,r,02,657,5,3737,5561,143
grp-a001-02-000000044490484,r,03,131,3,2427,1041,71
grp-a001-02-000000044490484,r,04,89,1,340,828,59
grp-a001-02-000000044490484,r,05,48,0,0,357,32
grp-a001-02-000000044490484,r,06,137,1,720,1021,74
grp-a001-02-000000044490484,r,07,67,1,860,671,48
grp-a001-02-000000044490484,r,08,124,1,880,871,73
grp-a001-02-000000044490484,r,09,579,4,2960,5102,135
grp-a001-02-000000044490484,r,10,32,0,0,238,21
grp-a001-02-000000044490484,r,11,151,0,0,1478,75
grp-a001-02-000000044490484,r,12,45,0,0,327,27
grp-a001-02-000000044490484,r,13,58,0,0,427,39
grp-a001-02-000000044490484,r,14,12,0,0,64,9
grp-a001-02-000000044490484,r,15,123,0,0,945,70
grp-a001-02-000000044490484,r,16,83,0,0,722,56
grp-a001-02-000000044490484,r,17,8,0,0,71,8
grp-a001-02-000000044490484,r,18,62,0,0,570,33
grp-a001-02-000000044490484,r,99,167,0,0,1660,81
grp-a001-02-000000044565865,h,00,6,0,0,13,1
grp-a001-02-000000044565865,h,01,8,1,1793,16,1
grp-a001-02-000000044565865,h,02,5,2,3333,25,1
grp-a001-02-000000044565865,h,04,11,0,0,13,1
grp-a001-02-000000044565865,h,05,9,0,0,25,1
grp-a001-02-000000044565865,h,06,6,0,0,10,1
grp-a001-02-000000044565865,h,07,12,0,0,23,1
grp-a001-02-000000044565865,h,08,19,0,0,41,1
grp-a001-02-000000044565865,h,09,38,1,1694,67,1
grp-a001-02-000000044565865,h,10,40,1,1089,79,1
grp-a001-02-000000044565865,h,11,45,0,0,89,1
grp-a001-02-000000044565865,h,12,29,0,0,62,1
grp-a001-02-000000044565865,h,13,41,3,3421,85,2
grp-a001-02-000000044565865,h,14,63,3,4153,145,2
grp-a001-02-000000044565865,h,15,75,2,2423,148,2
grp-a001-02-000000044565865,h,16,26,0,0,54,2
grp-a001-02-000000044565865,h,17,41,1,1661,112,1
grp-a001-02-000000044565865,h,18,17,1,1331,37,1
grp-a001-02-000000044565865,h,19,12,0,0,34,1
grp-a001-02-000000044565865,h,20,21,0,0,43,1
grp-a001-02-000000044565865,h,21,27,2,3146,59,1
grp-a001-02-000000044565865,h,22,28,1,1518,56,1
grp-a001-02-000000044565865,h,23,17,0,0,54,1
grp-a001-02-000000044565865,m,11068,25,0,0,100,2
grp-a001-02-000000044565865,m,27758,68,4,4700,128,2
grp-a001-02-000000044565865,m,33421,28,0,0,69,2
grp-a001-02-000000044565865,m,341893,48,0,0,65,2
grp-a001-02-000000044565865,m,341898,16,0,0,16,2
grp-a001-02-000000044565865,m,370822,10,0,0,10,2
grp-a001-02-000000044565865,m,684924,23,0,0,23,2
grp-a001-02-000000044565865,m,684925,9,0,0,9,2
grp-a001-02-000000044565865,m,684926,28,0,0,74,2
grp-a001-02-000000044565865,m,684927,17,1,1126,51,2
grp-a001-02-000000044565865,m,805759,3,0,0,4,1
grp-a001-02-000000044565865,m,8753,321,13,19736,741,2
grp-a001-02-000000044565865,r,00,8,0,0,17,2
grp-a001-02-000000044565865,r,01,22,0,0,64,2
grp-a001-02-000000044565865,r,02,171,3,3421,357,2
grp-a001-02-000000044565865,r,03,45,1,1694,94,2
grp-a001-02-000000044565865,r,04,30,2,3641,65,2
grp-a001-02-000000044565865,r,05,11,0,0,26,2
grp-a001-02-000000044565865,r,06,12,0,0,27,2
grp-a001-02-000000044565865,r,07,6,0,0,15,2
grp-a001-02-000000044565865,r,08,23,1,575,44,2
grp-a001-02-000000044565865,r,09,140,7,10714,288,2
grp-a001-02-000000044565865,r,10,9,1,1518,19,2
grp-a001-02-000000044565865,r,11,26,0,0,77,2
grp-a001-02-000000044565865,r,12,18,0,0,36,2
grp-a001-02-000000044565865,r,13,7,1,1702,15,2
grp-a001-02-000000044565865,r,14,1,0,0,2,1
grp-a001-02-000000044565865,r,15,24,1,1331,42,2
grp-a001-02-000000044565865,r,16,21,1,966,44,2
grp-a001-02-000000044565865,r,17,6,0,0,16,1
grp-a001-02-000000044565865,r,99,16,0,0,42,2
grp-a001-02-000000044601438,h,00,556,5,8757,2764,56
grp-a001-02-000000044601438,h,01,571,2,3898,2642,50
grp-a001-02-000000044601438,h,02,367,1,3486,2093,41
grp-a001-02-000000044601438,h,03,371,2,5002,1868,34
grp-a001-02-000000044601438,h,04,304,0,0,1907,35
grp-a001-02-000000044601438,h,05,390,3,7528,2300,38
grp-a001-02-000000044601438,h,06,410,0,0,2284,44
grp-a001-02-000000044601438,h,07,627,4,10019,3402,54
grp-a001-02-000000044601438,h,08,852,5,15438,3531,63
grp-a001-02-000000044601438,h,09,956,11,27132,3792,60
grp-a001-02-000000044601438,h,10,1129,14,38791,4205,61
grp-a001-02-000000044601438,h,11,1025,7,16234,3546,61
grp-a001-02-000000044601438,h,12,1863,8,22592,8926,64
grp-a001-02-000000044601438,h,13,990,8,23038,4160,56
grp-a001-02-000000044601438,h,14,946,16,35503,3740,61
grp-a001-02-000000044601438,h,15,1003,12,27130,3703,68
grp-a001-02-000000044601438,h,16,1115,13,27857,3962,62
grp-a001-02-000000044601438,h,17,1231,4,7936,4566,56
grp-a001-02-000000044601438,h,18,1228,19,44253,5111,59
grp-a001-02-000000044601438,h,19,872,4,9418,3468,61
grp-a001-02-000000044601438,h,20,823,4,8878,3312,58
grp-a001-02-000000044601438,h,21,781,3,6467,3141,66
grp-a001-02-000000044601438,h,22,777,13,25626,3342,68
grp-a001-02-000000044601438,h,23,687,4,8404,2991,59
grp-a001-02-000000044601438,m,11068,696,1,1304,6679,45
grp-a001-02-000000044601438,m,27758,828,3,5175,1268,29
grp-a001-02-000000044601438,m,33421,8454,13,31816,43492,75
grp-a001-02-000000044601438,m,341893,1205,10,16656,4614,114
grp-a001-02-000000044601438,m,341898,322,0,0,459,56
grp-a001-02-000000044601438,m,370822,36,0,0,70,18
grp-a001-02-000000044601438,m,556927,2,0,0,2,2
grp-a001-02-000000044601438,m,684924,531,0,0,531,40
grp-a001-02-000000044601438,m,684925,53,0,0,53,18
grp-a001-02-000000044601438,m,684926,2113,43,101815,9076,88
grp-a001-02-000000044601438,m,684927,198,5,9148,1210,46
grp-a001-02-000000044601438,m,805759,19,0,0,254,13
grp-a001-02-000000044601438,m,805760,29,0,0,102,15
grp-a001-02-000000044601438,m,8753,5388,87,217473,16946,65
grp-a001-02-000000044601438,r,00,179,0,0,1986,40
grp-a001-02-000000044601438,r,01,430,4,10710,1623,53
grp-a001-02-000000044601438,r,02,4454,38,84493,18646,97
grp-a001-02-000000044601438,r,03,684,7,17801,2703,62
grp-a001-02-000000044601438,r,04,939,5,13935,4163,61
grp-a001-02-000000044601438,r,05,8,0,0,117,8
grp-a001-02-000000044601438,r,06,624,11,22981,2766,57
grp-a001-02-000000044601438,r,07,407,5,12494,1798,53
grp-a001-02-000000044601438,r,08,706,7,14568,2986,62
grp-a001-02-000000044601438,r,09,5850,44,105187,24374,94
grp-a001-02-000000044601438,r,10,247,1,2226,1044,47
grp-a001-02-000000044601438,r,11,1090,8,19760,4105,69
grp-a001-02-000000044601438,r,12,18,0,0,145,13
grp-a001-02-000000044601438,r,13,445,3,7875,1699,50
grp-a001-02-000000044601438,r,14,133,1,1910,589,36
grp-a001-02-000000044601438,r,15,777,5,14010,3089,59
grp-a001-02-000000044601438,r,16,434,1,3504,1982,57
grp-a001-02-000000044601438,r,17,123,0,0,520,41
grp-a001-02-000000044601438,r,18,764,12,28098,2964,47
grp-a001-02-000000044601438,r,99,1562,10,23835,7457,70
grp-a001-02-000000044601555,h,00,2132,5,11304,7770,139
grp-a001-02-000000044601555,h,01,1661,2,4092,5600,127
grp-a001-02-000000044601555,h,02,1667,1,960,5909,137
grp-a001-02-000000044601555,h,03,833,1,3829,3228,117
grp-a001-02-000000044601555,h,04,756,1,2568,3264,109
grp-a001-02-000000044601555,h,05,833,0,0,3852,117
grp-a001-02-000000044601555,h,06,1038,1,2010,4277,122
grp-a001-02-000000044601555,h,07,1233,7,15578,5024,132
grp-a001-02-000000044601555,h,08,1594,8,17321,6254,145
grp-a001-02-000000044601555,h,09,1642,8,18149,6150,138
grp-a001-02-000000044601555,h,10,1658,5,12787,6170,141
grp-a001-02-000000044601555,h,11,1940,12,22736,6791,147
grp-a001-02-000000044601555,h,12,2528,7,15655,10585,144
grp-a001-02-000000044601555,h,13,1572,13,31030,6281,140
grp-a001-02-000000044601555,h,14,1504,9,19899,5523,148
grp-a001-02-000000044601555,h,15,1499,6,12779,5340,143
grp-a001-02-000000044601555,h,16,1744,6,13760,6535,145
grp-a001-02-000000044601555,h,17,1594,8,19116,5737,138
grp-a001-02-000000044601555,h,18,1431,7,14398,5055,139
grp-a001-02-000000044601555,h,19,1470,10,21258,5641,134
grp-a001-02-000000044601555,h,20,1620,12,25264,6324,138
grp-a001-02-000000044601555,h,21,1576,10,21582,5816,141
grp-a001-02-000000044601555,h,22,1628,13,27405,6501,143
grp-a001-02-000000044601555,h,23,1537,11,24580,5929,140
grp-a001-02-000000044601555,m,11068,1403,8,16406,9656,133
grp-a001-02-000000044601555,m,27758,531,7,13907,913,66
grp-a001-02-000000044601555,m,33421,17055,17,38763,72353,154
grp-a001-02-000000044601555,m,341893,1800,7,12118,7217,150
grp-a001-02-000000044601555,m,341898,669,2,3527,1010,132
grp-a001-02-000000044601555,m,370822,101,1,2661,216,58
grp-a001-02-000000044601555,m,556927,5,0,0,5,4
grp-a001-02-000000044601555,m,684924,1586,4,11676,1586,110
grp-a001-02-000000044601555,m,684925,145,0,0,145,41
grp-a001-02-000000044601555,m,684926,3198,46,99204,14569,150
grp-a001-02-000000044601555,m,684927,427,3,4309,3011,106
grp-a001-02-000000044601555,m,805759,21,0,0,169,14
grp-a001-02-000000044601555,m,805760,46,0,0,194,27
grp-a001-02-000000044601555,m,8753,9703,68,155489,28512,153
grp-a001-02-000000044601555,r,-1,1,0,0,8,1
grp-a001-02-000000044601555,r,00,172,2,2950,563,59
grp-a001-02-000000044601555,r,01,535,5,9950,2133,113
grp-a001-02-000000044601555,r,02,8751,46,102041,35160,153
grp-a001-02-000000044601555,r,03,1089,5,11753,4099,138
grp-a001-02-000000044601555,r,04,1134,10,22546,4922,132
grp-a001-02-000000044601555,r,05,246,2,3645,1017,74
grp-a001-02-000000044601555,r,06,965,6,13704,4046,135
grp-a001-02-000000044601555,r,07,643,7,15641,2554,123
grp-a001-02-000000044601555,r,08,1194,5,11762,4601,134
grp-a001-02-000000044601555,r,09,6492,30,66762,28786,154
grp-a001-02-000000044601555,r,10,428,3,8012,1672,113
grp-a001-02-000000044601555,r,11,2535,8,16168,9531,147
grp-a001-02-000000044601555,r,12,3328,5,10311,7761,105
grp-a001-02-000000044601555,r,13,646,7,15471,2361,124
grp-a001-02-000000044601555,r,14,179,0,0,790,81
grp-a001-02-000000044601555,r,15,2075,6,12095,7731,137
grp-a001-02-000000044601555,r,16,584,6,12125,2448,121
grp-a001-02-000000044601555,r,17,168,1,2348,587,70
grp-a001-02-000000044601555,r,18,2508,3,6262,6194,48
grp-a001-02-000000044601555,r,99,3017,6,14514,12592,151
grp-a001-02-000000044603941,h,00,83,1,1444,306,34
grp-a001-02-000000044603941,h,01,74,1,1313,343,28
grp-a001-02-000000044603941,h,02,209,1,886,1186,44
grp-a001-02-000000044603941,h,03,22,0,0,119,13
grp-a001-02-000000044603941,h,04,23,0,0,112,16
grp-a001-02-000000044603941,h,05,23,0,0,88,14
grp-a001-02-000000044603941,h,06,23,0,0,118,15
grp-a001-02-000000044603941,h,07,43,1,1145,209,21
grp-a001-02-000000044603941,h,08,76,1,893,364,35
grp-a001-02-000000044603941,h,09,94,2,1989,492,37
grp-a001-02-000000044603941,h,10,79,0,0,436,37
grp-a001-02-000000044603941,h,11,180,1,1240,1406,56
grp-a001-02-000000044603941,h,12,75,1,1430,493,35
grp-a001-02-000000044603941,h,13,47,0,0,328,26
grp-a001-02-000000044603941,h,14,43,1,1155,243,26
grp-a001-02-000000044603941,h,15,65,1,1602,410,30
grp-a001-02-000000044603941,h,16,72,0,0,366,36
grp-a001-02-000000044603941,h,17,65,1,1650,286,31
grp-a001-02-000000044603941,h,18,51,0,0,196,25
grp-a001-02-000000044603941,h,19,67,1,1110,371,37
grp-a001-02-000000044603941,h,20,63,0,0,358,35
grp-a001-02-000000044603941,h,21,70,0,0,363,38
grp-a001-02-000000044603941,h,22,80,3,4352,450,40
grp-a001-02-000000044603941,h,23,71,2,2649,405,35
grp-a001-02-000000044603941,m,11068,144,1,1500,993,49
grp-a001-02-000000044603941,m,27758,125,3,3534,249,50
grp-a001-02-000000044603941,m,33421,698,1,1444,4152,73
grp-a001-02-000000044603941,m,341893,174,2,2174,1444,41
grp-a001-02-000000044603941,m,341898,23,0,0,46,17
grp-a001-02-000000044603941,m,370822,8,0,0,18,7
grp-a001-02-000000044603941,m,684924,28,1,1500,28,16
grp-a001-02-000000044603941,m,684925,45,0,0,45,25
grp-a001-02-000000044603941,m,684926,121,2,3252,1013,50
grp-a001-02-000000044603941,m,684927,32,1,1155,393,20
grp-a001-02-000000044603941,m,805759,2,0,0,45,2
grp-a001-02-000000044603941,m,8753,298,7,8299,1022,54
grp-a001-02-000000044603941,r,00,8,0,0,22,6
grp-a001-02-000000044603941,r,01,29,1,1281,172,23
grp-a001-02-000000044603941,r,02,423,3,4155,2445,73
grp-a001-02-000000044603941,r,03,60,1,1571,401,38
grp-a001-02-000000044603941,r,04,52,1,1149,251,34
grp-a001-02-000000044603941,r,05,31,0,0,174,23
grp-a001-02-000000044603941,r,06,78,1,1602,435,38
grp-a001-02-000000044603941,r,07,38,0,0,241,23
grp-a001-02-000000044603941,r,08,61,1,1240,403,42
grp-a001-02-000000044603941,r,09,526,5,5418,2805,75
grp-a001-02-000000044603941,r,10,34,1,1145,157,23
grp-a001-02-000000044603941,r,11,88,1,1110,444,40
grp-a001-02-000000044603941,r,12,23,1,1430,138,17
grp-a001-02-000000044603941,r,13,21,0,0,141,17
grp-a001-02-000000044603941,r,14,6,0,0,29,4
grp-a001-02-000000044603941,r,15,54,0,0,319,16
grp-a001-02-000000044603941,r,16,32,0,0,151,21
grp-a001-02-000000044603941,r,17,2,0,0,19,2
grp-a001-02-000000044603941,r,18,9,1,1444,41,5
grp-a001-02-000000044603941,r,99,123,1,1313,660,49
grp-a001-02-000000044603942,h,00,466,3,6352,2289,85
grp-a001-02-000000044603942,h,01,305,1,2090,1496,66
grp-a001-02-000000044603942,h,02,272,0,0,1754,86
grp-a001-02-000000044603942,h,03,121,0,0,834,47
grp-a001-02-000000044603942,h,04,127,0,0,814,38
grp-a001-02-000000044603942,h,05,115,0,0,781,51
grp-a001-02-000000044603942,h,06,169,0,0,1116,55
grp-a001-02-000000044603942,h,07,223,0,0,1460,66
grp-a001-02-000000044603942,h,08,245,0,0,1525,70
grp-a001-02-000000044603942,h,09,317,0,0,1972,74
grp-a001-02-000000044603942,h,10,306,2,3371,1806,72
grp-a001-02-000000044603942,h,11,440,2,4125,2854,108
grp-a001-02-000000044603942,h,12,339,4,7859,1904,75
grp-a001-02-000000044603942,h,13,315,0,0,1571,72
grp-a001-02-000000044603942,h,14,312,1,1718,1636,72
grp-a001-02-000000044603942,h,15,351,1,1760,1867,82
grp-a001-02-000000044603942,h,16,282,6,11101,1542,79
grp-a001-02-000000044603942,h,17,299,2,3770,1759,76
grp-a001-02-000000044603942,h,18,268,0,0,1374,70
grp-a001-02-000000044603942,h,19,294,2,3664,1589,78
grp-a001-02-000000044603942,h,20,338,6,10741,1708,72
grp-a001-02-000000044603942,h,21,349,6,10102,1908,84
grp-a001-02-000000044603942,h,22,395,4,7090,2090,84
grp-a001-02-000000044603942,h,23,334,2,3641,1821,81
grp-a001-02-000000044603942,m,11068,158,1,1640,1417,67
grp-a001-02-000000044603942,m,27758,15,0,0,36,12
grp-a001-02-000000044603942,m,33421,3267,3,5483,20158,123
grp-a001-02-000000044603942,m,341893,1032,4,6539,6256,104
grp-a001-02-000000044603942,m,341898,194,0,0,319,68
grp-a001-02-000000044603942,m,370822,22,0,0,51,13
grp-a001-02-000000044603942,m,556927,1,0,0,1,1
grp-a001-02-000000044603942,m,684924,49,0,0,49,20
grp-a001-02-000000044603942,m,684925,2,0,0,2,2
grp-a001-02-000000044603942,m,684926,705,5,8559,4492,104
grp-a001-02-000000044603942,m,684927,93,1,1296,756,45
grp-a001-02-000000044603942,m,805759,10,0,0,145,6
grp-a001-02-000000044603942,m,805760,3,0,0,19,2
grp-a001-02-000000044603942,m,8753,1431,28,53867,5769,84
grp-a001-02-000000044603942,r,00,49,0,0,276,30
grp-a001-02-000000044603942,r,01,144,3,6359,715,61
grp-a001-02-000000044603942,r,02,1469,10,18581,7981,119
grp-a001-02-000000044603942,r,03,209,1,2075,1262,80
grp-a001-02-000000044603942,r,04,149,2,3603,849,60
grp-a001-02-000000044603942,r,05,46,1,1524,296,34
grp-a001-02-000000044603942,r,06,173,3,5363,954,69
grp-a001-02-000000044603942,r,07,98,0,0,531,50
grp-a001-02-000000044603942,r,08,237,1,2081,1398,74
grp-a001-02-000000044603942,r,09,2811,8,14782,16115,120
grp-a001-02-000000044603942,r,10,95,1,1744,568,49
grp-a001-02-000000044603942,r,11,378,2,3737,2066,81
grp-a001-02-000000044603942,r,12,55,1,1630,357,33
grp-a001-02-000000044603942,r,13,104,1,1296,643,46
grp-a001-02-000000044603942,r,14,34,1,1310,205,27
grp-a001-02-000000044603942,r,15,296,1,1835,1659,76
grp-a001-02-000000044603942,r,16,138,3,5387,797,56
grp-a001-02-000000044603942,r,17,34,1,2090,187,27
grp-a001-02-000000044603942,r,18,110,1,1897,533,21
grp-a001-02-000000044603942,r,99,353,1,2090,2078,87
grp-a001-02-000000044628749,h,00,1271,4,5850,8096,127
grp-a001-02-000000044628749,h,01,970,3,4176,6217,125
grp-a001-02-000000044628749,h,02,990,1,1624,6563,115
grp-a001-02-000000044628749,h,03,742,0,0,5014,95
grp-a001-02-000000044628749,h,04,749,0,0,4976,100
grp-a001-02-000000044628749,h,05,858,2,2982,5699,100
grp-a001-02-000000044628749,h,06,1017,2,2818,6990,115
grp-a001-02-000000044628749,h,07,1199,4,5333,8157,124
grp-a001-02-000000044628749,h,08,1328,5,7566,8593,130
grp-a001-02-000000044628749,h,09,1188,5,7097,7898,126
grp-a001-02-000000044628749,h,10,1225,9,12930,8440,134
grp-a001-02-000000044628749,h,11,1344,10,13848,9302,133
grp-a001-02-000000044628749,h,12,1093,4,6521,7391,129
grp-a001-02-000000044628749,h,13,1071,14,20694,7305,126
grp-a001-02-000000044628749,h,14,1385,12,17139,9804,137
grp-a001-02-000000044628749,h,15,1266,6,8652,8701,137
grp-a001-02-000000044628749,h,16,1319,6,9084,8820,134
grp-a001-02-000000044628749,h,17,1217,6,8853,8408,134
grp-a001-02-000000044628749,h,18,1010,7,9448,6828,129
grp-a001-02-000000044628749,h,19,1155,11,15435,7767,137
grp-a001-02-000000044628749,h,20,1315,6,8602,8812,137
grp-a001-02-000000044628749,h,21,1435,7,8402,9958,134
grp-a001-02-000000044628749,h,22,1446,12,17654,10241,129
grp-a001-02-000000044628749,h,23,1357,10,15572,9861,132
grp-a001-02-000000044628749,m,11068,1743,10,15694,13587,126
grp-a001-02-000000044628749,m,27758,934,22,32035,2043,109
grp-a001-02-000000044628749,m,33421,14080,11,15859,101767,139
grp-a001-02-000000044628749,m,341893,3201,16,21674,25150,138
grp-a001-02-000000044628749,m,341898,463,1,1426,887,109
grp-a001-02-000000044628749,m,370822,213,2,2973,601,96
grp-a001-02-000000044628749,m,556927,3,0,0,3,3
grp-a001-02-000000044628749,m,684924,285,1,1620,285,56
grp-a001-02-000000044628749,m,684925,140,1,1547,140,48
grp-a001-02-000000044628749,m,684926,2769,30,39591,21888,140
grp-a001-02-000000044628749,m,684927,799,6,8198,7610,130
grp-a001-02-000000044628749,m,805759,11,0,0,140,8
grp-a001-02-000000044628749,m,805760,21,1,1485,100,13
grp-a001-02-000000044628749,m,8753,3288,45,68178,15640,136
grp-a001-02-000000044628749,r,00,77,0,0,704,54
grp-a001-02-000000044628749,r,01,453,5,7629,2929,121
grp-a001-02-000000044628749,r,02,4434,39,56375,30390,141
grp-a001-02-000000044628749,r,03,795,12,18075,5255,132
grp-a001-02-000000044628749,r,04,671,8,10723,4873,130
grp-a001-02-000000044628749,r,05,193,2,3298,1349,69
grp-a001-02-000000044628749,r,06,865,1,1436,5645,131
grp-a001-02-000000044628749,r,07,414,3,4271,2640,115
grp-a001-02-000000044628749,r,08,871,4,6329,5512,134
grp-a001-02-000000044628749,r,09,12308,26,37284,84877,141
grp-a001-02-000000044628749,r,10,308,1,1390,2084,98
grp-a001-02-000000044628749,r,11,1019,7,9383,6613,135
grp-a001-02-000000044628749,r,12,263,3,4609,1627,80
grp-a001-02-000000044628749,r,13,503,4,6097,3292,117
grp-a001-02-000000044628749,r,14,108,0,0,717,46
grp-a001-02-000000044628749,r,15,692,6,8996,4602,129
grp-a001-02-000000044628749,r,16,479,3,3978,3211,119
grp-a001-02-000000044628749,r,17,110,2,2405,871,63
grp-a001-02-000000044628749,r,18,465,6,9309,3326,47
grp-a001-02-000000044628749,r,99,2922,14,18693,19324,138
grp-a001-02-000000044629990,h,00,240,4,7100,1160,20
grp-a001-02-000000044629990,h,01,156,0,0,597,19
grp-a001-02-000000044629990,h,02,148,1,1936,595,18
grp-a001-02-000000044629990,h,03,93,0,0,311,16
grp-a001-02-000000044629990,h,04,76,2,2865,281,12
grp-a001-02-000000044629990,h,05,57,0,0,199,12
grp-a001-02-000000044629990,h,06,111,0,0,502,18
grp-a001-02-000000044629990,h,07,148,1,1827,736,19
grp-a001-02-000000044629990,h,08,173,5,7256,870,22
grp-a001-02-000000044629990,h,09,197,4,5408,924,22
grp-a001-02-000000044629990,h,10,239,2,3600,1059,21
grp-a001-02-000000044629990,h,11,264,2,2637,1546,23
grp-a001-02-000000044629990,h,12,213,4,6342,1066,21
grp-a001-02-000000044629990,h,13,238,3,3776,1160,22
grp-a001-02-000000044629990,h,14,250,3,5520,1389,22
grp-a001-02-000000044629990,h,15,241,3,5494,1515,23
grp-a001-02-000000044629990,h,16,279,5,8287,1475,23
grp-a001-02-000000044629990,h,17,228,2,3207,1052,19
grp-a001-02-000000044629990,h,18,183,2,3724,830,20
grp-a001-02-000000044629990,h,19,207,1,1211,978,21
grp-a001-02-000000044629990,h,20,301,6,9846,1417,23
grp-a001-02-000000044629990,h,21,274,4,7119,1483,21
grp-a001-02-000000044629990,h,22,274,3,4404,1530,22
grp-a001-02-000000044629990,h,23,249,3,4507,1202,23
grp-a001-02-000000044629990,m,11068,254,6,9473,1655,24
grp-a001-02-000000044629990,m,122876,1,0,0,1,1
grp-a001-02-000000044629990,m,27758,244,10,17922,425,15
grp-a001-02-000000044629990,m,33421,2025,3,4655,8929,24
grp-a001-02-000000044629990,m,341893,438,1,1122,3519,24
grp-a001-02-000000044629990,m,341898,51,0,0,87,16
grp-a001-02-000000044629990,m,370822,20,0,0,50,12
grp-a001-02-000000044629990,m,424040,3,0,0,5,3
grp-a001-02-000000044629990,m,684924,56,0,0,56,13
grp-a001-02-000000044629990,m,684925,31,0,0,31,8
grp-a001-02-000000044629990,m,684926,413,5,8177,3440,24
grp-a001-02-000000044629990,m,684927,93,2,3527,939,20
grp-a001-02-000000044629990,m,805759,3,0,0,14,1
grp-a001-02-000000044629990,m,805760,5,0,0,11,4
grp-a001-02-000000044629990,m,8753,1202,33,51190,4715,24
grp-a001-02-000000044629990,r,00,22,0,0,67,6
grp-a001-02-000000044629990,r,01,88,6,8844,543,22
grp-a001-02-000000044629990,r,02,892,14,22156,4683,24
grp-a001-02-000000044629990,r,03,193,2,3706,1287,18
grp-a001-02-000000044629990,r,04,150,3,4819,929,23
grp-a001-02-000000044629990,r,05,78,5,8400,419,21
grp-a001-02-000000044629990,r,06,118,4,6349,670,22
grp-a001-02-000000044629990,r,07,93,0,0,576,21
grp-a001-02-000000044629990,r,08,135,1,1470,798,23
grp-a001-02-000000044629990,r,09,1966,9,16194,8136,24
grp-a001-02-000000044629990,r,10,79,2,3147,413,19
grp-a001-02-000000044629990,r,11,296,2,3098,1186,23
grp-a001-02-000000044629990,r,12,104,1,1375,680,21
grp-a001-02-000000044629990,r,13,69,1,1267,449,20
grp-a001-02-000000044629990,r,14,22,0,0,103,6
grp-a001-02-000000044629990,r,15,198,4,5728,1009,22
grp-a001-02-000000044629990,r,16,82,1,1386,551,19
grp-a001-02-000000044629990,r,17,25,0,0,184,11
grp-a001-02-000000044629990,r,99,229,5,8127,1194,23
grp-a001-02-000000044629993,h,00,152,1,1410,990,21
grp-a001-02-000000044629993,h,01,137,2,2061,667,21
grp-a001-02-000000044629993,h,02,72,0,0,328,16
grp-a001-02-000000044629993,h,03,52,0,0,213,15
grp-a001-02-000000044629993,h,04,54,0,0,234,14
grp-a001-02-000000044629993,h,05,70,0,0,318,15
grp-a001-02-000000044629993,h,06,73,2,3118,364,16
grp-a001-02-000000044629993,h,07,111,0,0,680,19
grp-a001-02-000000044629993,h,08,167,3,4634,1004,21
grp-a001-02-000000044629993,h,09,131,1,1471,795,21
grp-a001-02-000000044629993,h,10,161,2,2600,1088,22
grp-a001-02-000000044629993,h,11,218,4,5174,1677,21
grp-a001-02-000000044629993,h,12,142,1,1542,983,20
grp-a001-02-000000044629993,h,13,183,2,2760,1104,22
grp-a001-02-000000044629993,h,14,199,2,2160,1236,23
grp-a001-02-000000044629993,h,15,192,2,2983,1263,24
grp-a001-02-000000044629993,h,16,208,2,3097,1422,24
grp-a001-02-000000044629993,h,17,198,4,3896,1280,24
grp-a001-02-000000044629993,h,18,168,1,1534,1174,22
grp-a001-02-000000044629993,h,19,127,3,2687,778,20
grp-a001-02-000000044629993,h,20,221,5,6924,1552,23
grp-a001-02-000000044629993,h,21,167,1,1029,1169,22
grp-a001-02-000000044629993,h,22,228,3,4119,1499,23
grp-a001-02-000000044629993,h,23,226,4,4214,1365,22
grp-a001-02-000000044629993,m,11068,235,1,1426,1710,24
grp-a001-02-000000044629993,m,27758,79,3,2970,153,13
grp-a001-02-000000044629993,m,33421,1394,1,1559,7414,24
grp-a001-02-000000044629993,m,341893,367,2,2667,2862,24
grp-a001-02-000000044629993,m,341898,29,0,0,47,12
grp-a001-02-000000044629993,m,370822,20,0,0,59,11
grp-a001-02-000000044629993,m,684924,15,0,0,15,5
grp-a001-02-000000044629993,m,684925,17,0,0,17,8
grp-a001-02-000000044629993,m,684926,743,10,10994,6070,24
grp-a001-02-000000044629993,m,684927,126,1,1045,1159,22
grp-a001-02-000000044629993,m,805760,4,0,0,11,2
grp-a001-02-000000044629993,m,8753,628,27,36752,3666,24
grp-a001-02-000000044629993,r,00,27,0,0,153,11
grp-a001-02-000000044629993,r,01,83,3,4227,610,19
grp-a001-02-000000044629993,r,02,674,13,15593,4890,24
grp-a001-02-000000044629993,r,03,146,1,1526,1066,23
grp-a001-02-000000044629993,r,04,131,5,7372,983,22
grp-a001-02-000000044629993,r,05,59,1,1433,391,17
grp-a001-02-000000044629993,r,06,144,2,2120,839,20
grp-a001-02-000000044629993,r,07,63,3,3185,440,19
grp-a001-02-000000044629993,r,08,128,1,1426,849,22
grp-a001-02-000000044629993,r,09,1425,4,5389,7536,24
grp-a001-02-000000044629993,r,10,55,1,1547,366,14
grp-a001-02-000000044629993,r,11,142,1,1547,970,20
grp-a001-02-000000044629993,r,12,75,3,4227,600,22
grp-a001-02-000000044629993,r,13,64,1,1217,372,18
grp-a001-02-000000044629993,r,14,12,1,1450,89,9
grp-a001-02-000000044629993,r,15,92,3,2158,607,20
grp-a001-02-000000044629993,r,16,67,0,0,506,22
grp-a001-02-000000044629993,r,17,14,0,0,99,9
grp-a001-02-000000044629993,r,99,256,2,2996,1817,23
grp-a001-02-000000044743916,h,00,473,2,1459,2945,103
grp-a001-02-000000044743916,h,01,415,2,2673,2599,97
grp-a001-02-000000044743916,h,02,382,0,0,2990,87
grp-a001-02-000000044743916,h,03,293,1,1472,2246,81
grp-a001-02-000000044743916,h,04,243,0,0,1986,69
grp-a001-02-000000044743916,h,05,300,1,1309,2252,82
grp-a001-02-000000044743916,h,06,334,0,0,2558,80
grp-a001-02-000000044743916,h,07,405,0,0,2722,94
grp-a001-02-000000044743916,h,08,390,1,1067,2681,97
grp-a001-02-000000044743916,h,09,391,0,0,2598,99
grp-a001-02-000000044743916,h,10,372,1,1579,2220,98
grp-a001-02-000000044743916,h,11,437,2,2498,2774,104
grp-a001-02-000000044743916,h,12,357,3,3710,2393,94
grp-a001-02-000000044743916,h,13,384,2,2164,2368,93
grp-a001-02-000000044743916,h,14,397,3,3948,2428,105
grp-a001-02-000000044743916,h,15,402,0,0,2664,90
grp-a001-02-000000044743916,h,16,372,1,1501,2682,101
grp-a001-02-000000044743916,h,17,341,2,2941,2235,90
grp-a001-02-000000044743916,h,18,385,1,1595,2793,98
grp-a001-02-000000044743916,h,19,378,3,3329,2422,100
grp-a001-02-000000044743916,h,20,415,2,3035,2535,95
grp-a001-02-000000044743916,h,21,499,2,1700,3332,108
grp-a001-02-000000044743916,h,22,477,2,2931,2962,105
grp-a001-02-000000044743916,h,23,519,2,2866,3452,100
grp-a001-02-000000044743916,m,11068,93,0,0,605,35
grp-a001-02-000000044743916,m,27758,16,0,0,26,11
grp-a001-02-000000044743916,m,33421,6878,6,9074,44439,123
grp-a001-02-000000044743916,m,341893,507,3,3336,4104,109
grp-a001-02-000000044743916,m,341898,80,1,466,178,26
grp-a001-02-000000044743916,m,370822,19,0,0,72,7
grp-a001-02-000000044743916,m,556927,4,0,0,4,2
grp-a001-02-000000044743916,m,684924,103,1,1513,103,48
grp-a001-02-000000044743916,m,684925,4,0,0,4,4
grp-a001-02-000000044743916,m,684926,710,8,10281,6100,116
grp-a001-02-000000044743916,m,684927,231,0,0,3833,48
grp-a001-02-000000044743916,m,805759,3,0,0,30,2
grp-a001-02-000000044743916,m,8753,713,14,17107,3339,105
grp-a001-02-000000044743916,r,00,34,1,1595,406,21
grp-a001-02-000000044743916,r,01,102,0,0,636,53
grp-a001-02-000000044743916,r,02,950,11,13362,6551,124
grp-a001-02-000000044743916,r,03,141,1,1529,1008,63
grp-a001-02-000000044743916,r,04,104,2,2727,818,56
grp-a001-02-000000044743916,r,05,51,0,0,368,33
grp-a001-02-000000044743916,r,06,163,0,0,1151,61
grp-a001-02-000000044743916,r,07,96,0,0,659,49
grp-a001-02-000000044743916,r,08,187,1,1591,1229,80
grp-a001-02-000000044743916,r,09,1472,11,12782,9978,125
grp-a001-02-000000044743916,r,10,45,0,0,394,30
grp-a001-02-000000044743916,r,11,175,1,1546,1219,73
grp-a001-02-000000044743916,r,12,4489,0,0,29498,79
grp-a001-02-000000044743916,r,13,96,1,1579,569,49
grp-a001-02-000000044743916,r,14,15,0,0,122,14
grp-a001-02-000000044743916,r,15,104,0,0,861,50
grp-a001-02-000000044743916,r,16,79,2,2447,878,39
grp-a001-02-000000044743916,r,17,35,0,0,230,21
grp-a001-02-000000044743916,r,18,667,0,0,2838,22
grp-a001-02-000000044743916,r,99,356,2,2619,3424,87
grp-a001-02-000000044743917,h,00,743,0,0,5584,97
grp-a001-02-000000044743917,h,01,544,1,1439,4142,92
grp-a001-02-000000044743917,h,02,480,1,1592,3913,82
grp-a001-02-000000044743917,h,03,354,0,0,2838,71
grp-a001-02-000000044743917,h,04,321,0,0,2580,70
grp-a001-02-000000044743917,h,05,379,0,0,3037,72
grp-a001-02-000000044743917,h,06,416,0,0,3327,75
grp-a001-02-000000044743917,h,07,413,1,1460,3439,89
grp-a001-02-000000044743917,h,08,541,2,1840,4580,97
grp-a001-02-000000044743917,h,09,602,3,4183,4784,102
grp-a001-02-000000044743917,h,10,565,2,2447,4824,102
grp-a001-02-000000044743917,h,11,526,0,0,4430,92
grp-a001-02-000000044743917,h,12,548,4,5911,4973,94
grp-a001-02-000000044743917,h,13,577,0,0,5013,101
grp-a001-02-000000044743917,h,14,581,3,3811,5161,99
grp-a001-02-000000044743917,h,15,563,2,2957,5065,95
grp-a001-02-000000044743917,h,16,601,2,1815,5108,104
grp-a001-02-000000044743917,h,17,511,3,4449,4419,95
grp-a001-02-000000044743917,h,18,540,2,2596,4668,99
grp-a001-02-000000044743917,h,19,548,0,0,4486,91
grp-a001-02-000000044743917,h,20,579,1,1341,4768,99
grp-a001-02-000000044743917,h,21,647,3,4541,5377,103
grp-a001-02-000000044743917,h,22,640,0,0,5343,105
grp-a001-02-000000044743917,h,23,646,1,1421,5502,103
grp-a001-02-000000044743917,m,11068,117,0,0,1130,34
grp-a001-02-000000044743917,m,27758,21,0,0,50,13
grp-a001-02-000000044743917,m,33421,10912,5,6952,89585,121
grp-a001-02-000000044743917,m,341893,50,0,0,345,24
grp-a001-02-000000044743917,m,341898,2,0,0,8,2
grp-a001-02-000000044743917,m,370822,1,0,0,3,1
grp-a001-02-000000044743917,m,684924,47,0,0,47,24
grp-a001-02-000000044743917,m,684925,3,0,0,3,3
grp-a001-02-000000044743917,m,684926,789,4,4533,8431,124
grp-a001-02-000000044743917,m,684927,176,1,1065,3519,46
grp-a001-02-000000044743917,m,787479,4,0,0,6,1
grp-a001-02-000000044743917,m,805759,1,0,0,8,1
grp-a001-02-000000044743917,m,805760,3,0,0,18,2
grp-a001-02-000000044743917,m,8753,739,21,29253,4208,106
grp-a001-02-000000044743917,r,00,34,0,0,280,20
grp-a001-02-000000044743917,r,01,64,0,0,729,38
grp-a001-02-000000044743917,r,02,892,9,12551,8299,124
grp-a001-02-000000044743917,r,03,127,0,0,1061,59
grp-a001-02-000000044743917,r,04,69,1,1320,455,39
grp-a001-02-000000044743917,r,05,30,1,1485,320,25
grp-a001-02-000000044743917,r,06,154,1,1461,1568,61
grp-a001-02-000000044743917,r,07,84,0,0,704,40
grp-a001-02-000000044743917,r,08,140,1,1590,1204,64
grp-a001-02-000000044743917,r,09,8048,5,6075,64688,127
grp-a001-02-000000044743917,r,10,61,0,0,543,32
grp-a001-02-000000044743917,r,11,146,1,1150,1276,65
grp-a001-02-000000044743917,r,12,1700,0,0,14894,69
grp-a001-02-000000044743917,r,13,82,1,1421,699,45
grp-a001-02-000000044743917,r,14,26,0,0,244,17
grp-a001-02-000000044743917,r,15,92,4,5605,825,47
grp-a001-02-000000044743917,r,16,76,2,2062,810,41
grp-a001-02-000000044743917,r,17,13,0,0,118,9
grp-a001-02-000000044743917,r,18,391,0,0,2526,24
grp-a001-02-000000044743917,r,99,636,5,7083,6118,96
grp-a001-02-000000044743918,h,00,1086,5,6162,4559,111
grp-a001-02-000000044743918,h,01,893,1,1385,3696,98
grp-a001-02-000000044743918,h,02,867,0,0,3506,89
grp-a001-02-000000044743918,h,03,732,0,0,2717,78
grp-a001-02-000000044743918,h,04,738,0,0,2784,74
grp-a001-02-000000044743918,h,05,847,0,0,3462,87
grp-a001-02-000000044743918,h,06,827,0,0,3299,82
grp-a001-02-000000044743918,h,07,876,0,0,4128,99
grp-a001-02-000000044743918,h,08,844,0,0,4179,98
grp-a001-02-000000044743918,h,09,898,1,743,4065,105
grp-a001-02-000000044743918,h,10,870,1,1434,4216,103
grp-a001-02-000000044743918,h,11,927,1,1624,4636,106
grp-a001-02-000000044743918,h,12,844,4,4517,4402,113
grp-a001-02-000000044743918,h,13,895,5,6781,4903,107
grp-a001-02-000000044743918,h,14,838,4,5885,4384,104
grp-a001-02-000000044743918,h,15,843,3,4070,4382,97
grp-a001-02-000000044743918,h,16,825,3,3397,4286,111
grp-a001-02-000000044743918,h,17,763,0,0,4006,104
grp-a001-02-000000044743918,h,18,916,1,1592,4811,107
grp-a001-02-000000044743918,h,19,895,1,1466,4564,107
grp-a001-02-000000044743918,h,20,926,2,2628,4865,113
grp-a001-02-000000044743918,h,21,994,2,3275,5209,119
grp-a001-02-000000044743918,h,22,909,3,3386,5059,109
grp-a001-02-000000044743918,h,23,836,2,2593,4677,108
grp-a001-02-000000044743918,m,11068,166,1,1039,1256,66
grp-a001-02-000000044743918,m,122876,77,0,0,482,33
grp-a001-02-000000044743918,m,27758,180,3,3516,404,75
grp-a001-02-000000044743918,m,33421,17253,5,7381,80797,127
grp-a001-02-000000044743918,m,341893,520,0,0,4178,62
grp-a001-02-000000044743918,m,341898,68,0,0,134,30
grp-a001-02-000000044743918,m,370822,15,0,0,49,14
grp-a001-02-000000044743918,m,424040,281,0,0,1041,69
grp-a001-02-000000044743918,m,556927,2,0,0,2,2
grp-a001-02-000000044743918,m,684924,165,0,0,165,52
grp-a001-02-000000044743918,m,684925,40,0,0,40,21
grp-a001-02-000000044743918,m,684926,508,4,5244,4646,105
grp-a001-02-000000044743918,m,684927,237,2,2103,2412,48
grp-a001-02-000000044743918,m,8753,1377,24,31655,5189,121
grp-a001-02-000000044743918,r,00,30,0,0,219,18
grp-a001-02-000000044743918,r,01,116,1,981,699,44
grp-a001-02-000000044743918,r,02,1240,10,14317,8155,130
grp-a001-02-000000044743918,r,03,167,3,4798,1282,71
grp-a001-02-000000044743918,r,04,161,3,2909,800,65
grp-a001-02-000000044743918,r,05,62,0,0,344,29
grp-a001-02-000000044743918,r,06,231,4,5882,1268,81
grp-a001-02-000000044743918,r,07,104,0,0,690,51
grp-a001-02-000000044743918,r,08,228,2,3118,1427,77
grp-a001-02-000000044743918,r,09,17260,6,7801,78604,132
grp-a001-02-000000044743918,r,10,81,1,950,448,45
grp-a001-02-000000044743918,r,11,217,1,339,1235,80
grp-a001-02-000000044743918,r,12,51,0,0,326,32
grp-a001-02-000000044743918,r,13,101,0,0,644,48
grp-a001-02-000000044743918,r,14,23,0,0,74,18
grp-a001-02-000000044743918,r,15,145,1,1616,888,59
grp-a001-02-000000044743918,r,16,123,0,0,638,61
grp-a001-02-000000044743918,r,17,28,1,898,216,15
grp-a001-02-000000044743918,r,18,95,3,3856,534,24
grp-a001-02-000000044743918,r,99,426,3,3473,2304,100
grp-a001-02-000000044743919,h,00,60,0,0,572,31
grp-a001-02-000000044743919,h,01,84,0,0,694,29
grp-a001-02-000000044743919,h,02,88,0,0,795,21
grp-a001-02-000000044743919,h,03,57,0,0,685,18
grp-a001-02-000000044743919,h,04,62,0,0,608,19
grp-a001-02-000000044743919,h,05,43,0,0,450,19
grp-a001-02-000000044743919,h,06,96,1,636,826,24
grp-a001-02-000000044743919,h,07,61,0,0,591,18
grp-a001-02-000000044743919,h,08,49,0,0,450,25
grp-a001-02-000000044743919,h,09,51,0,0,365,19
grp-a001-02-000000044743919,h,10,63,0,0,506,20
grp-a001-02-000000044743919,h,11,45,0,0,451,23
grp-a001-02-000000044743919,h,12,42,0,0,416,15
grp-a001-02-000000044743919,h,13,39,0,0,297,15
grp-a001-02-000000044743919,h,14,55,0,0,437,19
grp-a001-02-000000044743919,h,15,56,0,0,521,25
grp-a001-02-000000044743919,h,16,67,0,0,651,28
grp-a001-02-000000044743919,h,17,44,0,0,480,17
grp-a001-02-000000044743919,h,18,75,0,0,654,19
grp-a001-02-000000044743919,h,19,71,0,0,619,24
grp-a001-02-000000044743919,h,20,67,0,0,570,21
grp-a001-02-000000044743919,h,21,66,0,0,475,26
grp-a001-02-000000044743919,h,22,74,2,1083,657,33
grp-a001-02-000000044743919,h,23,78,0,0,904,30
grp-a001-02-000000044743919,m,11068,14,0,0,220,8
grp-a001-02-000000044743919,m,27758,5,0,0,13,5
grp-a001-02-000000044743919,m,33421,1026,0,0,8662,74
grp-a001-02-000000044743919,m,341893,98,0,0,993,44
grp-a001-02-000000044743919,m,341898,5,0,0,15,5
grp-a001-02-000000044743919,m,370822,1,0,0,5,1
grp-a001-02-000000044743919,m,684924,9,0,0,9,6
grp-a001-02-000000044743919,m,684926,136,0,0,1437,51
grp-a001-02-000000044743919,m,684927,93,0,0,1839,11
grp-a001-02-000000044743919,m,805759,4,0,0,35,4
grp-a001-02-000000044743919,m,8753,102,3,1719,446,48
grp-a001-02-000000044743919,r,00,3,0,0,36,2
grp-a001-02-000000044743919,r,01,5,0,0,54,4
grp-a001-02-000000044743919,r,02,133,0,0,1314,53
grp-a001-02-000000044743919,r,03,31,0,0,379,18
grp-a001-02-000000044743919,r,04,24,0,0,174,14
grp-a001-02-000000044743919,r,05,17,1,673,183,8
grp-a001-02-000000044743919,r,06,18,0,0,286,13
grp-a001-02-000000044743919,r,07,11,0,0,52,9
grp-a001-02-000000044743919,r,08,33,0,0,299,17
grp-a001-02-000000044743919,r,09,681,0,0,5880,67
grp-a001-02-000000044743919,r,10,9,0,0,120,7
grp-a001-02-000000044743919,r,11,29,0,0,291,15
grp-a001-02-000000044743919,r,12,193,0,0,1755,17
grp-a001-02-000000044743919,r,13,15,0,0,201,10
grp-a001-02-000000044743919,r,14,4,0,0,37,4
grp-a001-02-000000044743919,r,15,30,1,410,286,20
grp-a001-02-000000044743919,r,16,24,0,0,311,12
grp-a001-02-000000044743919,r,17,2,0,0,13,2
grp-a001-02-000000044743919,r,18,141,0,0,833,10
grp-a001-02-000000044743919,r,99,90,1,636,1170,24
grp-a001-02-000000044744110,h,00,1021,1,2100,3103,123
grp-a001-02-000000044744110,h,01,804,1,1801,2295,117
grp-a001-02-000000044744110,h,02,788,1,839,2362,108
grp-a001-02-000000044744110,h,03,499,1,373,1246,101
grp-a001-02-000000044744110,h,04,393,1,605,1002,97
grp-a001-02-000000044744110,h,05,423,1,350,1132,95
grp-a001-02-000000044744110,h,06,502,0,0,1507,105
grp-a001-02-000000044744110,h,07,595,1,2062,1776,104
grp-a001-02-000000044744110,h,08,760,4,8200,2373,116
grp-a001-02-000000044744110,h,09,750,8,11065,2260,116
grp-a001-02-000000044744110,h,10,889,8,9429,2610,121
grp-a001-02-000000044744110,h,11,1432,2,1009,4192,119
grp-a001-02-000000044744110,h,12,981,2,2209,2768,119
grp-a001-02-000000044744110,h,13,1008,4,7082,2878,118
grp-a001-02-000000044744110,h,14,1006,7,10469,2796,126
grp-a001-02-000000044744110,h,15,1011,8,8356,2813,128
grp-a001-02-000000044744110,h,16,1101,7,10025,3038,127
grp-a001-02-000000044744110,h,17,987,5,5515,2768,121
grp-a001-02-000000044744110,h,18,896,2,909,2674,124
grp-a001-02-000000044744110,h,19,984,4,6588,2903,122
grp-a001-02-000000044744110,h,20,1082,5,6737,3184,119
grp-a001-02-000000044744110,h,21,1122,8,12394,3432,129
grp-a001-02-000000044744110,h,22,1160,6,4177,3441,124
grp-a001-02-000000044744110,h,23,1094,5,4805,3473,123
grp-a001-02-000000044744110,m,11068,426,0,0,1620,99
grp-a001-02-000000044744110,m,122876,1195,3,1378,2825,74
grp-a001-02-000000044744110,m,27758,378,8,10157,611,108
grp-a001-02-000000044744110,m,33421,8987,6,9143,27932,136
grp-a001-02-000000044744110,m,341893,1221,4,7712,5644,91
grp-a001-02-000000044744110,m,341898,446,0,0,599,78
grp-a001-02-000000044744110,m,370822,58,0,0,175,31
grp-a001-02-000000044744110,m,424040,2699,30,15651,3358,73
grp-a001-02-000000044744110,m,556927,3,0,0,4,3
grp-a001-02-000000044744110,m,684924,573,3,5650,573,104
grp-a001-02-000000044744110,m,684925,119,0,0,119,58
grp-a001-02-000000044744110,m,684926,1252,5,10021,6418,131
grp-a001-02-000000044744110,m,684927,177,0,0,1151,53
grp-a001-02-000000044744110,m,805759,9,0,0,162,7
grp-a001-02-000000044744110,m,805760,39,0,0,220,24
grp-a001-02-000000044744110,m,8753,3706,33,57387,10615,135
grp-a001-02-000000044744110,r,-1,2,0,0,2,1
grp-a001-02-000000044744110,r,00,146,0,0,565,74
grp-a001-02-000000044744110,r,01,372,4,5530,1252,110
grp-a001-02-000000044744110,r,02,3687,16,20837,12050,135
grp-a001-02-000000044744110,r,03,705,4,4134,2239,124
grp-a001-02-000000044744110,r,04,474,2,995,1668,110
grp-a001-02-000000044744110,r,05,321,3,3567,1060,90
grp-a001-02-000000044744110,r,06,675,6,7442,2286,118
grp-a001-02-000000044744110,r,07,395,3,1530,1179,107
grp-a001-02-000000044744110,r,08,807,2,3865,2565,122
grp-a001-02-000000044744110,r,09,9631,19,22417,23558,136
grp-a001-02-000000044744110,r,10,249,0,0,901,93
grp-a001-02-000000044744110,r,11,763,8,10425,2268,122
grp-a001-02-000000044744110,r,12,238,2,3105,827,87
grp-a001-02-000000044744110,r,13,375,3,4526,1137,113
grp-a001-02-000000044744110,r,14,112,0,0,282,61
grp-a001-02-000000044744110,r,15,562,7,9990,1981,118
grp-a001-02-000000044744110,r,16,368,1,2088,1399,111
grp-a001-02-000000044744110,r,17,105,0,0,323,54
grp-a001-02-000000044744110,r,18,81,0,0,334,21
grp-a001-02-000000044744110,r,99,1220,12,16648,4150,128
grp-a001-02-000000044744111,h,00,599,0,0,1966,94
grp-a001-02-000000044744111,h,01,495,0,0,1456,86
grp-a001-02-000000044744111,h,02,533,0,0,1345,84
grp-a001-02-000000044744111,h,03,432,1,981,1049,78
grp-a001-02-000000044744111,h,04,407,0,0,1015,76
grp-a001-02-000000044744111,h,05,432,0,0,1096,73
grp-a001-02-000000044744111,h,06,451,0,0,1179,73
grp-a001-02-000000044744111,h,07,452,0,0,1475,76
grp-a001-02-000000044744111,h,08,473,1,961,1469,86
grp-a001-02-000000044744111,h,09,501,1,2410,1625,90
grp-a001-02-000000044744111,h,10,519,0,0,1870,84
grp-a001-02-000000044744111,h,11,479,2,1861,1890,91
grp-a001-02-000000044744111,h,12,513,2,1297,1898,87
grp-a001-02-000000044744111,h,13,516,0,0,2059,87
grp-a001-02-000000044744111,h,14,498,2,1496,1933,80
grp-a001-02-000000044744111,h,15,490,1,2444,1926,86
grp-a001-02-000000044744111,h,16,514,2,2856,1745,85
grp-a001-02-000000044744111,h,17,456,1,985,1729,82
grp-a001-02-000000044744111,h,18,488,0,0,1815,87
grp-a001-02-000000044744111,h,19,576,0,0,2084,92
grp-a001-02-000000044744111,h,20,592,3,4405,2090,90
grp-a001-02-000000044744111,h,21,591,2,3191,2127,92
grp-a001-02-000000044744111,h,22,650,2,3200,2408,92
grp-a001-02-000000044744111,h,23,757,4,5255,2759,97
grp-a001-02-000000044744111,m,11068,146,1,664,953,49
grp-a001-02-000000044744111,m,27758,91,1,647,208,36
grp-a001-02-000000044744111,m,33421,9372,3,2877,29777,118
grp-a001-02-000000044744111,m,341893,299,0,0,2653,63
grp-a001-02-000000044744111,m,341898,37,0,0,95,13
grp-a001-02-000000044744111,m,370822,2,0,0,5,2
grp-a001-02-000000044744111,m,684924,508,3,5686,508,43
grp-a001-02-000000044744111,m,684925,17,0,0,17,11
grp-a001-02-000000044744111,m,684926,320,2,3195,2774,84
grp-a001-02-000000044744111,m,684927,151,1,404,800,34
grp-a001-02-000000044744111,m,8753,1471,13,17869,4218,108
grp-a001-02-000000044744111,r,00,18,0,0,98,11
grp-a001-02-000000044744111,r,01,96,1,961,540,30
grp-a001-02-000000044744111,r,02,995,7,12071,5119,115
grp-a001-02-000000044744111,r,03,167,4,4520,770,46
grp-a001-02-000000044744111,r,04,118,0,0,537,32
grp-a001-02-000000044744111,r,05,41,1,889,319,21
grp-a001-02-000000044744111,r,06,164,1,2530,770,48
grp-a001-02-000000044744111,r,07,93,0,0,546,34
grp-a001-02-000000044744111,r,08,179,0,0,893,50
grp-a001-02-000000044744111,r,09,9411,6,6680,27107,123
grp-a001-02-000000044744111,r,10,55,0,0,333,19
grp-a001-02-000000044744111,r,11,251,0,0,1287,48
grp-a001-02-000000044744111,r,12,43,0,0,263,23
grp-a001-02-000000044744111,r,13,94,0,0,482,31
grp-a001-02-000000044744111,r,14,30,0,0,113,11
grp-a001-02-000000044744111,r,15,137,1,933,715,44
grp-a001-02-000000044744111,r,16,94,1,814,558,32
grp-a001-02-000000044744111,r,17,25,1,981,60,8
grp-a001-02-000000044744111,r,18,123,0,0,385,16
grp-a001-02-000000044744111,r,99,280,1,963,1113,58
grp-a001-02-000000044744526,h,00,353,1,948,1548,117
grp-a001-02-000000044744526,h,01,188,0,0,832,73
grp-a001-02-000000044744526,h,02,190,0,0,712,74
grp-a001-02-000000044744526,h,03,242,2,1621,576,74
grp-a001-02-000000044744526,h,04,221,0,0,492,68
grp-a001-02-000000044744526,h,05,202,0,0,508,69
grp-a001-02-000000044744526,h,06,200,1,475,552,70
grp-a001-02-000000044744526,h,07,254,1,478,1020,80
grp-a001-02-000000044744526,h,08,475,0,0,1979,113
grp-a001-02-000000044744526,h,09,466,1,1039,2042,113
grp-a001-02-000000044744526,h,10,446,1,870,1963,116
grp-a001-02-000000044744526,h,11,471,0,0,1998,122
grp-a001-02-000000044744526,h,12,461,0,0,2017,116
grp-a001-02-000000044744526,h,13,454,0,0,1937,116
grp-a001-02-000000044744526,h,14,485,0,0,2155,124
grp-a001-02-000000044744526,h,15,451,2,2047,2013,122
grp-a001-02-000000044744526,h,16,494,1,1490,2273,118
grp-a001-02-000000044744526,h,17,194,1,688,980,85
grp-a001-02-000000044744526,h,18,214,2,2439,1029,86
grp-a001-02-000000044744526,h,19,227,2,2413,1173,83
grp-a001-02-000000044744526,h,20,251,3,2740,1301,89
grp-a001-02-000000044744526,h,21,302,2,1584,1725,100
grp-a001-02-000000044744526,h,22,295,3,2612,1501,92
grp-a001-02-000000044744526,h,23,280,2,1800,1454,96
grp-a001-02-000000044744526,m,11068,137,1,631,631,44
grp-a001-02-000000044744526,m,27758,52,2,1379,113,35
grp-a001-02-000000044744526,m,33421,5968,6,4999,20416,134
grp-a001-02-000000044744526,m,341893,719,0,0,7183,123
grp-a001-02-000000044744526,m,341898,44,0,0,102,25
grp-a001-02-000000044744526,m,370822,4,0,0,14,4
grp-a001-02-000000044744526,m,684924,51,0,0,51,34
grp-a001-02-000000044744526,m,684925,9,0,0,9,5
grp-a001-02-000000044744526,m,684926,178,1,1490,1410,84
grp-a001-02-000000044744526,m,684927,103,0,0,1500,28
grp-a001-02-000000044744526,m,805759,1,0,0,7,1
grp-a001-02-000000044744526,m,805760,1,0,0,3,1
grp-a001-02-000000044744526,m,8753,549,15,14745,2341,115
grp-a001-02-000000044744526,r,00,26,0,0,166,12
grp-a001-02-000000044744526,r,01,88,1,948,558,57
grp-a001-02-000000044744526,r,02,811,7,7251,4790,134
grp-a001-02-000000044744526,r,03,141,1,954,1054,73
grp-a001-02-000000044744526,r,04,103,0,0,596,61
grp-a001-02-000000044744526,r,05,52,0,0,277,39
grp-a001-02-000000044744526,r,06,204,0,0,1050,76
grp-a001-02-000000044744526,r,07,98,1,691,552,63
grp-a001-02-000000044744526,r,08,167,0,0,969,86
grp-a001-02-000000044744526,r,09,4050,5,5729,13510,136
grp-a001-02-000000044744526,r,10,80,0,0,460,59
grp-a001-02-000000044744526,r,11,165,1,695,977,83
grp-a001-02-000000044744526,r,12,52,0,0,335,29
grp-a001-02-000000044744526,r,13,100,0,0,638,57
grp-a001-02-000000044744526,r,14,41,0,0,196,32
grp-a001-02-000000044744526,r,15,84,0,0,459,54
grp-a001-02-000000044744526,r,16,93,0,0,580,55
grp-a001-02-000000044744526,r,17,28,2,2029,189,19
grp-a001-02-000000044744526,r,18,51,1,965,302,21
grp-a001-02-000000044744526,r,99,1382,6,3982,6122,123
grp-a001-02-000000044823468,h,00,1397,12,24502,5377,107
grp-a001-02-000000044823468,h,01,897,6,12276,3388,105
grp-a001-02-000000044823468,h,02,853,3,4548,4233,116
grp-a001-02-000000044823468,h,03,570,3,7941,2432,85
grp-a001-02-000000044823468,h,04,576,1,2592,2847,86
grp-a001-02-000000044823468,h,05,666,1,1963,3230,85
grp-a001-02-000000044823468,h,06,829,2,5133,3190,90
grp-a001-02-000000044823468,h,07,1194,10,22296,5012,101
grp-a001-02-000000044823468,h,08,1600,14,29540,6622,111
grp-a001-02-000000044823468,h,09,1627,14,25050,6353,112
grp-a001-02-000000044823468,h,10,1804,21,44689,6635,112
grp-a001-02-000000044823468,h,11,1748,11,21069,6226,126
grp-a001-02-000000044823468,h,12,1616,16,29850,6434,114
grp-a001-02-000000044823468,h,13,1538,16,34315,5851,112
grp-a001-02-000000044823468,h,14,1500,8,13439,5478,112
grp-a001-02-000000044823468,h,15,1579,17,32694,5854,118
grp-a001-02-000000044823468,h,16,1822,22,51563,7487,113
grp-a001-02-000000044823468,h,17,1594,11,23459,6577,113
grp-a001-02-000000044823468,h,18,1383,13,26282,5045,113
grp-a001-02-000000044823468,h,19,1542,13,25961,5480,109
grp-a001-02-000000044823468,h,20,1583,17,37927,6046,115
grp-a001-02-000000044823468,h,21,1801,22,48809,6412,113
grp-a001-02-000000044823468,h,22,1718,19,41805,6163,115
grp-a001-02-000000044823468,h,23,1595,20,34954,5951,111
grp-a001-02-000000044823468,m,11068,766,6,9091,6216,105
grp-a001-02-000000044823468,m,27758,363,9,15435,569,47
grp-a001-02-000000044823468,m,33421,11705,19,40100,58873,132
grp-a001-02-000000044823468,m,341893,1921,11,20694,8125,120
grp-a001-02-000000044823468,m,341898,770,2,3622,1127,97
grp-a001-02-000000044823468,m,370822,84,1,1320,227,49
grp-a001-02-000000044823468,m,556927,5,0,0,6,4
grp-a001-02-000000044823468,m,684924,1562,6,13570,1562,82
grp-a001-02-000000044823468,m,684925,184,0,0,184,33
grp-a001-02-000000044823468,m,684926,3463,76,148690,14952,128
grp-a001-02-000000044823468,m,684927,416,5,8042,3154,99
grp-a001-02-000000044823468,m,787479,1,0,0,4,1
grp-a001-02-000000044823468,m,805759,8,0,0,48,6
grp-a001-02-000000044823468,m,805760,19,0,0,67,13
grp-a001-02-000000044823468,m,8753,11765,157,342093,33209,121
grp-a001-02-000000044823468,r,00,189,2,5061,683,55
grp-a001-02-000000044823468,r,01,555,12,23659,2163,97
grp-a001-02-000000044823468,r,02,8221,85,170934,30634,131
grp-a001-02-000000044823468,r,03,1180,17,37474,4137,114
grp-a001-02-000000044823468,r,04,929,9,16946,4167,101
grp-a001-02-000000044823468,r,05,257,5,10487,967,64
grp-a001-02-000000044823468,r,06,892,8,17906,3799,107
grp-a001-02-000000044823468,r,07,639,13,27846,2537,105
grp-a001-02-000000044823468,r,08,1159,9,18631,4669,120
grp-a001-02-000000044823468,r,09,10247,57,122666,41958,131
grp-a001-02-000000044823468,r,10,367,1,1817,1583,91
grp-a001-02-000000044823468,r,11,2005,11,21017,6902,124
grp-a001-02-000000044823468,r,12,258,3,6525,1005,61
grp-a001-02-000000044823468,r,13,638,8,17030,2351,100
grp-a001-02-000000044823468,r,14,169,1,2248,595,60
grp-a001-02-000000044823468,r,15,1777,12,24317,5857,114
grp-a001-02-000000044823468,r,16,590,10,21563,2263,103
grp-a001-02-000000044823468,r,17,180,2,3745,778,63
grp-a001-02-000000044823468,r,18,638,8,15791,2735,43
grp-a001-02-000000044823468,r,99,2142,19,36994,8540,127
grp-a001-02-000000044825994,h,00,686,2,2826,3758,119
grp-a001-02-000000044825994,h,01,508,3,2898,2672,99
grp-a001-02-000000044825994,h,02,437,1,1090,2302,83
grp-a001-02-000000044825994,h,03,319,0,0,1666,81
grp-a001-02-000000044825994,h,04,323,1,687,1571,74
grp-a001-02-000000044825994,h,05,355,1,1284,1751,78
grp-a001-02-000000044825994,h,06,424,0,0,2153,90
grp-a001-02-000000044825994,h,07,515,0,0,3070,102
grp-a001-02-000000044825994,h,08,580,1,836,3281,107
grp-a001-02-000000044825994,h,09,585,1,1215,3273,107
grp-a001-02-000000044825994,h,10,571,2,2030,3149,107
grp-a001-02-000000044825994,h,11,633,3,3040,3588,117
grp-a001-02-000000044825994,h,12,566,4,4555,3379,105
grp-a001-02-000000044825994,h,13,657,3,2977,4064,116
grp-a001-02-000000044825994,h,14,560,7,8086,3621,109
grp-a001-02-000000044825994,h,15,620,6,6697,4081,112
grp-a001-02-000000044825994,h,16,583,7,10328,3450,111
grp-a001-02-000000044825994,h,17,618,3,5632,3643,120
grp-a001-02-000000044825994,h,18,646,3,2942,3886,114
grp-a001-02-000000044825994,h,19,612,3,4055,3690,112
grp-a001-02-000000044825994,h,20,720,3,3713,4205,118
grp-a001-02-000000044825994,h,21,779,7,11059,4463,124
grp-a001-02-000000044825994,h,22,845,4,5340,4785,124
grp-a001-02-000000044825994,h,23,774,3,3274,4325,119
grp-a001-02-000000044825994,m,11068,847,1,954,2901,55
grp-a001-02-000000044825994,m,27758,151,1,836,245,31
grp-a001-02-000000044825994,m,33421,6867,6,10112,34812,131
grp-a001-02-000000044825994,m,341893,2972,15,17604,24677,135
grp-a001-02-000000044825994,m,341898,226,1,1480,585,89
grp-a001-02-000000044825994,m,370822,54,1,957,214,35
grp-a001-02-000000044825994,m,684924,154,1,1285,154,51
grp-a001-02-000000044825994,m,684925,76,0,0,76,15
grp-a001-02-000000044825994,m,684926,1075,13,14062,8728,129
grp-a001-02-000000044825994,m,684927,227,3,3523,2121,56
grp-a001-02-000000044825994,m,8753,1267,26,33751,5313,122
grp-a001-02-000000044825994,r,-1,1,0,0,1,1
grp-a001-02-000000044825994,r,00,66,1,995,437,36
grp-a001-02-000000044825994,r,01,193,2,2251,1507,94
grp-a001-02-000000044825994,r,02,2247,20,23975,14320,135
grp-a001-02-000000044825994,r,03,357,4,3275,2526,104
grp-a001-02-000000044825994,r,04,256,5,6819,1791,98
grp-a001-02-000000044825994,r,05,126,4,4175,953,61
grp-a001-02-000000044825994,r,06,286,1,1375,2091,99
grp-a001-02-000000044825994,r,07,172,0,0,1351,82
grp-a001-02-000000044825994,r,08,348,6,6590,2391,94
grp-a001-02-000000044825994,r,09,7714,7,10389,36880,133
grp-a001-02-000000044825994,r,10,150,1,1090,1071,71
grp-a001-02-000000044825994,r,11,375,4,5936,2753,110
grp-a001-02-000000044825994,r,12,121,0,0,995,64
grp-a001-02-000000044825994,r,13,199,1,968,1373,87
grp-a001-02-000000044825994,r,14,45,1,987,299,29
grp-a001-02-000000044825994,r,15,268,1,1346,2195,96
grp-a001-02-000000044825994,r,16,236,3,5436,1924,88
grp-a001-02-000000044825994,r,17,46,1,1022,329,31
grp-a001-02-000000044825994,r,18,106,0,0,776,27
grp-a001-02-000000044825994,r,99,604,6,7935,3863,118
grp-a001-02-000000044952212,h,00,9,0,0,92,6
grp-a001-02-000000044952212,h,02,2,0,0,27,2
grp-a001-02-000000044952212,h,03,1,0,0,7,1
grp-a001-02-000000044952212,h,04,1,0,0,6,1
grp-a001-02-000000044952212,h,05,1,0,0,7,1
grp-a001-02-000000044952212,h,06,2,0,0,24,2
grp-a001-02-000000044952212,h,07,5,0,0,61,4
grp-a001-02-000000044952212,h,08,4,0,0,52,3
grp-a001-02-000000044952212,h,09,6,0,0,78,3
grp-a001-02-000000044952212,h,10,8,0,0,155,7
grp-a001-02-000000044952212,h,11,6,0,0,62,5
grp-a001-02-000000044952212,h,12,4,0,0,53,4
grp-a001-02-000000044952212,h,13,8,0,0,89,7
grp-a001-02-000000044952212,h,14,15,0,0,291,13
grp-a001-02-000000044952212,h,15,2,0,0,15,2
grp-a001-02-000000044952212,h,16,7,0,0,64,6
grp-a001-02-000000044952212,h,17,5,0,0,49,4
grp-a001-02-000000044952212,h,18,3,0,0,43,3
grp-a001-02-000000044952212,h,19,12,0,0,151,8
grp-a001-02-000000044952212,h,20,8,0,0,81,7
grp-a001-02-000000044952212,h,21,9,0,0,105,7
grp-a001-02-000000044952212,h,22,13,0,0,142,9
grp-a001-02-000000044952212,h,23,7,1,67,71,5
grp-a001-02-000000044952212,m,11068,6,0,0,92,6
grp-a001-02-000000044952212,m,33421,10,0,0,139,8
grp-a001-02-000000044952212,m,341893,13,0,0,122,13
grp-a001-02-000000044952212,m,612593,4,0,0,60,4
grp-a001-02-000000044952212,m,684926,70,1,67,797,41
grp-a001-02-000000044952212,m,684927,27,0,0,437,19
grp-a001-02-000000044952212,m,8753,8,0,0,78,7
grp-a001-02-000000044952212,r,00,1,0,0,7,1
grp-a001-02-000000044952212,r,01,3,0,0,26,2
grp-a001-02-000000044952212,r,02,30,1,67,339,19
grp-a001-02-000000044952212,r,03,12,0,0,96,9
grp-a001-02-000000044952212,r,04,3,0,0,22,3
grp-a001-02-000000044952212,r,05,1,0,0,10,1
grp-a001-02-000000044952212,r,06,4,0,0,69,4
grp-a001-02-000000044952212,r,07,11,0,0,115,8
grp-a001-02-000000044952212,r,08,8,0,0,69,6
grp-a001-02-000000044952212,r,09,31,0,0,476,19
grp-a001-02-000000044952212,r,10,2,0,0,18,2
grp-a001-02-000000044952212,r,11,7,0,0,68,7
grp-a001-02-000000044952212,r,13,3,0,0,21,2
grp-a001-02-000000044952212,r,15,4,0,0,35,4
grp-a001-02-000000044952212,r,16,3,0,0,54,3
grp-a001-02-000000044952212,r,17,2,0,0,68,1
grp-a001-02-000000044952212,r,18,2,0,0,43,1
grp-a001-02-000000044952212,r,99,11,0,0,189,11
grp-a001-02-000000044952305,h,00,37,0,0,400,25
grp-a001-02-000000044952305,h,01,31,0,0,226,19
grp-a001-02-000000044952305,h,02,14,0,0,105,8
grp-a001-02-000000044952305,h,03,9,0,0,90,6
grp-a001-02-000000044952305,h,04,1,0,0,12,1
grp-a001-02-000000044952305,h,05,4,0,0,34,2
grp-a001-02-000000044952305,h,06,16,0,0,151,12
grp-a001-02-000000044952305,h,07,21,0,0,210,14
grp-a001-02-000000044952305,h,08,18,0,0,117,9
grp-a001-02-000000044952305,h,09,57,1,806,442,25
grp-a001-02-000000044952305,h,10,51,1,813,382,34
grp-a001-02-000000044952305,h,11,76,0,0,706,52
grp-a001-02-000000044952305,h,12,42,0,0,340,26
grp-a001-02-000000044952305,h,13,41,0,0,365,25
grp-a001-02-000000044952305,h,14,67,1,55,744,30
grp-a001-02-000000044952305,h,15,45,0,0,391,29
grp-a001-02-000000044952305,h,16,61,0,0,588,39
grp-a001-02-000000044952305,h,17,42,0,0,313,24
grp-a001-02-000000044952305,h,18,43,1,342,462,27
grp-a001-02-000000044952305,h,19,47,1,528,435,27
grp-a001-02-000000044952305,h,20,60,0,0,473,43
grp-a001-02-000000044952305,h,21,56,2,1288,634,39
grp-a001-02-000000044952305,h,22,56,4,1897,578,38
grp-a001-02-000000044952305,h,23,51,0,0,458,34
grp-a001-02-000000044952305,m,11068,100,0,0,961,56
grp-a001-02-000000044952305,m,27758,9,0,0,12,9
grp-a001-02-000000044952305,m,33421,164,1,806,1460,87
grp-a001-02-000000044952305,m,335738,4,0,0,18,3
grp-a001-02-000000044952305,m,341893,61,2,815,560,47
grp-a001-02-000000044952305,m,370822,2,0,0,6,2
grp-a001-02-000000044952305,m,612593,45,1,813,349,26
grp-a001-02-000000044952305,m,612594,39,0,0,228,22
grp-a001-02-000000044952305,m,684924,13,0,0,13,9
grp-a001-02-000000044952305,m,684925,4,0,0,4,4
grp-a001-02-000000044952305,m,684926,275,4,2081,2727,97
grp-a001-02-000000044952305,m,684927,109,0,0,1446,52
grp-a001-02-000000044952305,m,805759,2,0,0,22,2
grp-a001-02-000000044952305,m,8753,119,3,1214,850,70
grp-a001-02-000000044952305,r,00,6,1,440,59,6
grp-a001-02-000000044952305,r,01,16,0,0,180,12
grp-a001-02-000000044952305,r,02,203,3,1497,1799,93
grp-a001-02-000000044952305,r,03,45,1,55,315,24
grp-a001-02-000000044952305,r,04,41,0,0,410,31
grp-a001-02-000000044952305,r,05,21,0,0,255,18
grp-a001-02-000000044952305,r,06,24,1,813,252,15
grp-a001-02-000000044952305,r,07,31,0,0,239,16
grp-a001-02-000000044952305,r,08,57,0,0,439,29
grp-a001-02-000000044952305,r,09,198,2,1056,1873,89
grp-a001-02-000000044952305,r,10,18,0,0,138,15
grp-a001-02-000000044952305,r,11,37,1,342,340,26
grp-a001-02-000000044952305,r,12,25,1,806,158,15
grp-a001-02-000000044952305,r,13,31,0,0,242,19
grp-a001-02-000000044952305,r,14,12,0,0,71,7
grp-a001-02-000000044952305,r,15,43,0,0,470,30
grp-a001-02-000000044952305,r,16,17,0,0,170,14
grp-a001-02-000000044952305,r,17,12,0,0,91,4
grp-a001-02-000000044952305,r,18,22,0,0,227,15
grp-a001-02-000000044952305,r,99,87,1,720,928,40
grp-a001-02-000000045023176,h,00,705,7,11408,2676,127
grp-a001-02-000000045023176,h,01,602,3,5443,1731,113
grp-a001-02-000000045023176,h,02,501,0,0,1884,105
grp-a001-02-000000045023176,h,03,436,1,1704,1476,92
grp-a001-02-000000045023176,h,04,403,1,1524,896,90
grp-a001-02-000000045023176,h,05,434,2,2389,1346,91
grp-a001-02-000000045023176,h,06,498,1,1557,1619,97
grp-a001-02-000000045023176,h,07,635,4,6908,1654,115
grp-a001-02-000000045023176,h,08,743,11,17156,2210,127
grp-a001-02-000000045023176,h,09,848,10,16668,2367,128
grp-a001-02-000000045023176,h,10,838,15,25257,2943,125
grp-a001-02-000000045023176,h,11,923,11,18345,3705,139
grp-a001-02-000000045023176,h,12,850,9,15057,2887,131
grp-a001-02-000000045023176,h,13,822,12,19956,2262,128
grp-a001-02-000000045023176,h,14,893,5,9151,2760,127
grp-a001-02-000000045023176,h,15,869,11,18652,2971,128
grp-a001-02-000000045023176,h,16,883,10,16816,2795,132
grp-a001-02-000000045023176,h,17,810,7,12808,3189,128
grp-a001-02-000000045023176,h,18,852,14,22873,2443,132
grp-a001-02-000000045023176,h,19,919,12,19991,2980,130
grp-a001-02-000000045023176,h,20,868,9,14355,2765,129
grp-a001-02-000000045023176,h,21,900,13,21934,2766,130
grp-a001-02-000000045023176,h,22,874,7,11081,2634,128
grp-a001-02-000000045023176,h,23,870,12,18210,2661,128
grp-a001-02-000000045023176,m,11068,760,10,17001,4575,135
grp-a001-02-000000045023176,m,27758,843,22,36971,1314,130
grp-a001-02-000000045023176,m,33421,8395,13,20674,25001,152
grp-a001-02-000000045023176,m,341893,1023,5,8703,5704,133
grp-a001-02-000000045023176,m,341898,432,3,4782,644,104
grp-a001-02-000000045023176,m,370822,149,3,4141,247,50
grp-a001-02-000000045023176,m,556927,6,0,0,6,3
grp-a001-02-000000045023176,m,684924,327,1,1856,327,75
grp-a001-02-000000045023176,m,684925,153,1,1859,153,71
grp-a001-02-000000045023176,m,684926,1403,15,23972,5824,147
grp-a001-02-000000045023176,m,684927,365,4,6525,2273,117
grp-a001-02-000000045023176,m,805759,6,0,0,115,5
grp-a001-02-000000045023176,m,805760,7,0,0,23,5
grp-a001-02-000000045023176,m,8753,4107,110,182759,11414,148
grp-a001-02-000000045023176,r,00,48,0,0,187,30
grp-a001-02-000000045023176,r,01,312,5,8457,1084,98
grp-a001-02-000000045023176,r,02,3013,44,73355,11845,150
grp-a001-02-000000045023176,r,03,631,11,18675,2508,119
grp-a001-02-000000045023176,r,04,458,11,17999,2241,114
grp-a001-02-000000045023176,r,05,88,2,3681,373,50
grp-a001-02-000000045023176,r,06,415,5,7786,1753,115
grp-a001-02-000000045023176,r,07,279,7,11503,1037,94
grp-a001-02-000000045023176,r,08,520,7,12351,2098,118
grp-a001-02-000000045023176,r,09,9099,42,66920,22276,153
grp-a001-02-000000045023176,r,10,178,2,2792,730,85
grp-a001-02-000000045023176,r,11,576,11,18363,2141,122
grp-a001-02-000000045023176,r,12,117,3,5229,458,53
grp-a001-02-000000045023176,r,13,289,4,6312,1036,95
grp-a001-02-000000045023176,r,14,69,2,3664,405,39
grp-a001-02-000000045023176,r,15,419,10,15988,1711,112
grp-a001-02-000000045023176,r,16,265,4,6841,1103,96
grp-a001-02-000000045023176,r,17,85,2,3397,357,52
grp-a001-02-000000045023176,r,18,328,6,10219,1114,47
grp-a001-02-000000045023176,r,99,787,9,15711,3163,127
grp-a001-02-000000045023177,h,00,1003,15,24258,3818,126
grp-a001-02-000000045023177,h,01,744,7,11520,2142,129
grp-a001-02-000000045023177,h,02,660,4,6632,2298,114
grp-a001-02-000000045023177,h,03,561,0,0,2062,105
grp-a001-02-000000045023177,h,04,509,1,1778,1301,98
grp-a001-02-000000045023177,h,05,594,2,3272,2309,107
grp-a001-02-000000045023177,h,06,827,3,4561,3210,128
grp-a001-02-000000045023177,h,07,996,9,14273,3258,135
grp-a001-02-000000045023177,h,08,1029,10,15762,3897,138
grp-a001-02-000000045023177,h,09,1139,9,14028,3589,141
grp-a001-02-000000045023177,h,10,1203,10,16013,3798,142
grp-a001-02-000000045023177,h,11,1237,16,25263,3976,142
grp-a001-02-000000045023177,h,12,1284,8,13178,3991,136
grp-a001-02-000000045023177,h,13,1140,14,22835,3639,142
grp-a001-02-000000045023177,h,14,1149,16,26727,3668,143
grp-a001-02-000000045023177,h,15,1160,11,18004,3699,140
grp-a001-02-000000045023177,h,16,1177,13,20826,3975,140
grp-a001-02-000000045023177,h,17,1125,13,21756,3644,141
grp-a001-02-000000045023177,h,18,1227,5,8595,4137,131
grp-a001-02-000000045023177,h,19,1297,10,16000,4280,137
grp-a001-02-000000045023177,h,20,1199,11,17698,3987,137
grp-a001-02-000000045023177,h,21,1276,14,22624,4181,139
grp-a001-02-000000045023177,h,22,1273,15,25440,4445,133
grp-a001-02-000000045023177,h,23,1147,14,23178,3825,135
grp-a001-02-000000045023177,m,11068,1672,12,20316,7529,143
grp-a001-02-000000045023177,m,27758,1183,29,46495,1966,130
grp-a001-02-000000045023177,m,33421,11672,21,34566,37159,152
grp-a001-02-000000045023177,m,341893,1079,5,7669,4875,151
grp-a001-02-000000045023177,m,341898,450,1,1686,650,122
grp-a001-02-000000045023177,m,370822,110,0,0,215,67
grp-a001-02-000000045023177,m,556927,22,0,0,25,16
grp-a001-02-000000045023177,m,684924,361,0,0,361,93
grp-a001-02-000000045023177,m,684925,221,0,0,221,85
grp-a001-02-000000045023177,m,684926,1881,23,35846,9359,153
grp-a001-02-000000045023177,m,684927,454,4,6248,2610,118
grp-a001-02-000000045023177,m,787480,1,0,0,27,1
grp-a001-02-000000045023177,m,805759,4,0,0,45,4
grp-a001-02-000000045023177,m,805760,4,0,0,12,4
grp-a001-02-000000045023177,m,8753,5842,135,221395,18075,150
grp-a001-02-000000045023177,r,00,64,0,0,162,43
grp-a001-02-000000045023177,r,01,452,9,14939,1757,109
grp-a001-02-000000045023177,r,02,4267,66,109498,16040,151
grp-a001-02-000000045023177,r,03,925,14,22792,3677,138
grp-a001-02-000000045023177,r,04,714,10,15781,2710,132
grp-a001-02-000000045023177,r,05,151,1,1680,571,67
grp-a001-02-000000045023177,r,06,628,10,15573,2492,130
grp-a001-02-000000045023177,r,07,403,11,17211,1415,110
grp-a001-02-000000045023177,r,08,750,9,14678,2812,135
grp-a001-02-000000045023177,r,09,11324,37,58953,30843,151
grp-a001-02-000000045023177,r,10,296,3,4895,1060,102
grp-a001-02-000000045023177,r,11,939,5,8260,3607,142
grp-a001-02-000000045023177,r,12,195,7,11416,799,80
grp-a001-02-000000045023177,r,13,421,6,9619,1600,119
grp-a001-02-000000045023177,r,14,111,1,1560,419,52
grp-a001-02-000000045023177,r,15,685,10,16614,2584,132
grp-a001-02-000000045023177,r,16,392,6,9924,1644,113
grp-a001-02-000000045023177,r,17,104,2,3483,407,53
grp-a001-02-000000045023177,r,18,383,6,9918,1528,48
grp-a001-02-000000045023177,r,99,1752,17,27427,7002,146
grp-a001-02-000000045023993,h,00,787,10,15585,2480,129
grp-a001-02-000000045023993,h,01,783,5,9416,2138,138
grp-a001-02-000000045023993,h,02,843,6,9917,2944,132
grp-a001-02-000000045023993,h,03,511,2,3188,1233,104
grp-a001-02-000000045023993,h,04,410,2,3885,884,100
grp-a001-02-000000045023993,h,05,447,4,6905,1030,102
grp-a001-02-000000045023993,h,06,493,2,3045,1362,119
grp-a001-02-000000045023993,h,07,619,2,3850,1481,125
grp-a001-02-000000045023993,h,08,760,3,5113,2583,137
grp-a001-02-000000045023993,h,09,878,9,16141,2607,131
grp-a001-02-000000045023993,h,10,980,14,23887,2925,140
grp-a001-02-000000045023993,h,11,1315,7,13070,4559,147
grp-a001-02-000000045023993,h,12,915,12,20294,2757,145
grp-a001-02-000000045023993,h,13,1109,14,25039,3208,141
grp-a001-02-000000045023993,h,14,1087,13,23250,3081,142
grp-a001-02-000000045023993,h,15,1029,16,26107,2999,141
grp-a001-02-000000045023993,h,16,1089,11,18527,3172,140
grp-a001-02-000000045023993,h,17,1021,16,26983,2900,141
grp-a001-02-000000045023993,h,18,972,19,31172,2927,138
grp-a001-02-000000045023993,h,19,1014,10,17095,2973,138
grp-a001-02-000000045023993,h,20,1095,22,39922,3232,139
grp-a001-02-000000045023993,h,21,1098,10,16798,3153,138
grp-a001-02-000000045023993,h,22,1094,10,17451,3169,136
grp-a001-02-000000045023993,h,23,1041,17,27944,2858,132
grp-a001-02-000000045023993,m,11068,1389,10,17780,5863,139
grp-a001-02-000000045023993,m,122876,2,0,0,2,2
grp-a001-02-000000045023993,m,27758,1015,20,35424,1711,139
grp-a001-02-000000045023993,m,33421,9499,19,32614,25391,151
grp-a001-02-000000045023993,m,341893,673,3,5333,2651,143
grp-a001-02-000000045023993,m,341898,306,2,3528,395,102
grp-a001-02-000000045023993,m,370822,67,0,0,94,54
grp-a001-02-000000045023993,m,424040,3,0,0,20,2
grp-a001-02-000000045023993,m,556927,7,0,0,7,6
grp-a001-02-000000045023993,m,684924,666,1,1574,666,118
grp-a001-02-000000045023993,m,684925,294,0,0,294,90
grp-a001-02-000000045023993,m,684926,1525,24,38246,6845,150
grp-a001-02-000000045023993,m,684927,471,3,4517,3568,127
grp-a001-02-000000045023993,m,787480,1,0,0,39,1
grp-a001-02-000000045023993,m,787481,2,0,0,4,2
grp-a001-02-000000045023993,m,805759,26,0,0,304,19
grp-a001-02-000000045023993,m,805760,29,0,0,109,19
grp-a001-02-000000045023993,m,8753,5415,154,265568,14692,152
grp-a001-02-000000045023993,r,-1,1,0,0,3,1
grp-a001-02-000000045023993,r,00,96,3,4626,430,49
grp-a001-02-000000045023993,r,01,416,11,18812,1522,117
grp-a001-02-000000045023993,r,02,3671,49,85571,13074,152
grp-a001-02-000000045023993,r,03,737,13,23155,2381,140
grp-a001-02-000000045023993,r,04,607,15,27962,2123,132
grp-a001-02-000000045023993,r,05,223,5,8897,767,79
grp-a001-02-000000045023993,r,06,682,9,15796,2229,135
grp-a001-02-000000045023993,r,07,360,6,10276,1284,120
grp-a001-02-000000045023993,r,08,722,14,23440,2622,141
grp-a001-02-000000045023993,r,09,10154,47,73429,22736,152
grp-a001-02-000000045023993,r,10,228,9,15648,794,84
grp-a001-02-000000045023993,r,11,723,6,10722,2673,135
grp-a001-02-000000045023993,r,12,189,1,2046,679,73
grp-a001-02-000000045023993,r,13,311,3,5359,1158,113
grp-a001-02-000000045023993,r,14,67,1,1946,270,44
grp-a001-02-000000045023993,r,15,569,11,20302,2060,134
grp-a001-02-000000045023993,r,16,328,8,13983,1204,112
grp-a001-02-000000045023993,r,17,74,1,1649,266,46
grp-a001-02-000000045023993,r,18,238,7,12407,790,42
grp-a001-02-000000045023993,r,99,994,17,28558,3590,146
grp-a001-02-000000045025481,h,00,1172,10,18743,3238,135
grp-a001-02-000000045025481,h,01,972,7,10818,2160,137
grp-a001-02-000000045025481,h,02,1231,5,8797,3113,137
grp-a001-02-000000045025481,h,03,680,4,7317,1556,115
grp-a001-02-000000045025481,h,04,503,3,6058,921,110
grp-a001-02-000000045025481,h,05,541,2,3876,1492,122
grp-a001-02-000000045025481,h,06,641,6,10815,1820,128
grp-a001-02-000000045025481,h,07,872,4,5956,2140,134
grp-a001-02-000000045025481,h,08,1036,9,13067,3001,140
grp-a001-02-000000045025481,h,09,1215,12,23171,3077,143
grp-a001-02-000000045025481,h,10,1465,17,30191,3899,149
grp-a001-02-000000045025481,h,11,1882,17,28338,5258,147
grp-a001-02-000000045025481,h,12,1391,9,16014,3870,145
grp-a001-02-000000045025481,h,13,1462,20,32677,3617,145
grp-a001-02-000000045025481,h,14,1528,15,27761,3813,149
grp-a001-02-000000045025481,h,15,1546,12,24403,4060,145
grp-a001-02-000000045025481,h,16,1419,20,32918,3680,142
grp-a001-02-000000045025481,h,17,1284,16,28240,3534,142
grp-a001-02-000000045025481,h,18,1290,11,20338,3536,143
grp-a001-02-000000045025481,h,19,1289,15,27145,3667,139
grp-a001-02-000000045025481,h,20,1441,18,33867,4009,142
grp-a001-02-000000045025481,h,21,1306,12,22075,3846,140
grp-a001-02-000000045025481,h,22,1402,14,23763,3809,138
grp-a001-02-000000045025481,h,23,1290,7,10926,3510,139
grp-a001-02-000000045025481,m,11068,1777,8,15187,6319,147
grp-a001-02-000000045025481,m,122876,163,1,881,362,27
grp-a001-02-000000045025481,m,27758,2864,54,94414,5175,150
grp-a001-02-000000045025481,m,33421,10751,13,23807,25937,153
grp-a001-02-000000045025481,m,341893,1263,4,7125,5286,148
grp-a001-02-000000045025481,m,341898,481,0,0,702,121
grp-a001-02-000000045025481,m,370822,172,1,2255,273,97
grp-a001-02-000000045025481,m,424040,460,9,7392,643,34
grp-a001-02-000000045025481,m,556927,12,0,0,12,11
grp-a001-02-000000045025481,m,684924,546,0,0,546,124
grp-a001-02-000000045025481,m,684925,509,1,2020,509,120
grp-a001-02-000000045025481,m,684926,1716,13,21827,7323,152
grp-a001-02-000000045025481,m,684927,601,3,3959,3706,139
grp-a001-02-000000045025481,m,787480,1,0,0,40,1
grp-a001-02-000000045025481,m,787481,1,0,0,1,1
grp-a001-02-000000045025481,m,805759,30,0,0,285,23
grp-a001-02-000000045025481,m,805760,57,1,1826,200,37
grp-a001-02-000000045025481,m,8753,7454,157,286581,19307,153
grp-a001-02-000000045025481,r,00,138,2,2502,504,71
grp-a001-02-000000045025481,r,01,593,10,17045,1598,132
grp-a001-02-000000045025481,r,02,5161,65,117582,15517,153
grp-a001-02-000000045025481,r,03,974,19,32740,2740,144
grp-a001-02-000000045025481,r,04,784,11,20061,2357,145
grp-a001-02-000000045025481,r,05,318,5,7250,969,91
grp-a001-02-000000045025481,r,06,896,15,28326,2545,147
grp-a001-02-000000045025481,r,07,522,7,13095,1434,129
grp-a001-02-000000045025481,r,08,1140,11,17962,3508,149
grp-a001-02-000000045025481,r,09,12751,58,101340,28387,153
grp-a001-02-000000045025481,r,10,355,6,10324,1131,115
grp-a001-02-000000045025481,r,11,1211,10,17181,3576,151
grp-a001-02-000000045025481,r,12,380,1,2004,1089,92
grp-a001-02-000000045025481,r,13,500,7,12433,1545,135
grp-a001-02-000000045025481,r,14,140,1,869,487,70
grp-a001-02-000000045025481,r,15,770,12,23310,2474,139
grp-a001-02-000000045025481,r,16,517,8,13165,1651,140
grp-a001-02-000000045025481,r,17,196,3,5184,470,79
grp-a001-02-000000045025481,r,18,247,3,4576,706,44
grp-a001-02-000000045025481,r,99,1265,11,20325,3938,151
grp-a001-02-000000045025482,h,00,481,7,8826,1216,111
grp-a001-02-000000045025482,h,01,435,3,4226,971,103
grp-a001-02-000000045025482,h,02,447,1,1071,1066,101
grp-a001-02-000000045025482,h,03,382,0,0,893,95
grp-a001-02-000000045025482,h,04,359,1,1242,805,82
grp-a001-02-000000045025482,h,05,414,3,4043,764,91
grp-a001-02-000000045025482,h,06,405,0,0,807,93
grp-a001-02-000000045025482,h,07,408,3,4078,823,97
grp-a001-02-000000045025482,h,08,457,4,5892,1089,115
grp-a001-02-000000045025482,h,09,502,4,5456,1537,116
grp-a001-02-000000045025482,h,10,454,4,5834,1391,122
grp-a001-02-000000045025482,h,11,522,5,6662,1487,119
grp-a001-02-000000045025482,h,12,508,4,5412,1458,126
grp-a001-02-000000045025482,h,13,540,8,11024,1620,122
grp-a001-02-000000045025482,h,14,539,9,10809,1542,122
grp-a001-02-000000045025482,h,15,569,4,5773,1615,123
grp-a001-02-000000045025482,h,16,540,4,5496,1767,119
grp-a001-02-000000045025482,h,17,467,4,4873,1409,107
grp-a001-02-000000045025482,h,18,471,4,5064,1357,107
grp-a001-02-000000045025482,h,19,522,5,7101,1521,110
grp-a001-02-000000045025482,h,20,504,6,8301,1622,109
grp-a001-02-000000045025482,h,21,514,4,5662,1562,114
grp-a001-02-000000045025482,h,22,527,10,14310,1433,113
grp-a001-02-000000045025482,h,23,515,5,6716,1157,101
grp-a001-02-000000045025482,m,11068,224,0,0,959,89
grp-a001-02-000000045025482,m,27758,646,18,23492,1019,124
grp-a001-02-000000045025482,m,33421,7193,5,6434,15891,143
grp-a001-02-000000045025482,m,341893,550,0,0,4260,130
grp-a001-02-000000045025482,m,341898,109,0,0,195,50
grp-a001-02-000000045025482,m,370822,38,0,0,93,32
grp-a001-02-000000045025482,m,556927,1,0,0,1,1
grp-a001-02-000000045025482,m,684924,97,0,0,97,45
grp-a001-02-000000045025482,m,684925,182,0,0,182,65
grp-a001-02-000000045025482,m,684926,374,5,5699,1823,106
grp-a001-02-000000045025482,m,684927,85,0,0,547,49
grp-a001-02-000000045025482,m,805759,2,0,0,4,2
grp-a001-02-000000045025482,m,805760,4,0,0,16,4
grp-a001-02-000000045025482,m,8753,1977,74,102246,5825,138
grp-a001-02-000000045025482,r,00,26,0,0,102,16
grp-a001-02-000000045025482,r,01,117,1,1485,488,54
grp-a001-02-000000045025482,r,02,1320,35,46409,4841,139
grp-a001-02-000000045025482,r,03,274,6,8265,1006,87
grp-a001-02-000000045025482,r,04,173,5,6635,772,79
grp-a001-02-000000045025482,r,05,46,1,1442,209,22
grp-a001-02-000000045025482,r,06,190,5,6897,741,66
grp-a001-02-000000045025482,r,07,83,4,5361,296,44
grp-a001-02-000000045025482,r,08,256,2,2494,938,86
grp-a001-02-000000045025482,r,09,7695,16,21715,16324,152
grp-a001-02-000000045025482,r,10,92,2,2748,357,44
grp-a001-02-000000045025482,r,11,258,3,3927,1060,89
grp-a001-02-000000045025482,r,12,48,0,0,219,27
grp-a001-02-000000045025482,r,13,126,4,5307,593,57
grp-a001-02-000000045025482,r,14,26,1,1484,89,15
grp-a001-02-000000045025482,r,15,195,6,8551,775,74
grp-a001-02-000000045025482,r,16,117,3,3961,448,52
grp-a001-02-000000045025482,r,17,40,1,1318,178,22
grp-a001-02-000000045025482,r,18,104,3,4228,363,37
grp-a001-02-000000045025482,r,99,296,4,5644,1113,96
grp-a001-02-000000045025483,h,00,1180,8,14369,2881,134
grp-a001-02-000000045025483,h,01,859,4,6401,1957,130
grp-a001-02-000000045025483,h,02,684,6,9877,1432,125
grp-a001-02-000000045025483,h,03,580,1,1294,1162,111
grp-a001-02-000000045025483,h,04,539,1,1583,1005,109
grp-a001-02-000000045025483,h,05,694,3,4914,1477,120
grp-a001-02-000000045025483,h,06,855,3,5354,2095,123
grp-a001-02-000000045025483,h,07,1047,7,12946,2881,139
grp-a001-02-000000045025483,h,08,1457,12,21274,3793,143
grp-a001-02-000000045025483,h,09,1542,19,41962,3768,139
grp-a001-02-000000045025483,h,10,1632,23,44687,4443,142
grp-a001-02-000000045025483,h,11,1490,23,41394,5273,146
grp-a001-02-000000045025483,h,12,1471,20,34629,4858,144
grp-a001-02-000000045025483,h,13,1416,21,35629,4547,140
grp-a001-02-000000045025483,h,14,1857,14,24568,4803,147
grp-a001-02-000000045025483,h,15,1663,26,49504,4650,148
grp-a001-02-000000045025483,h,16,1665,25,51304,4486,141
grp-a001-02-000000045025483,h,17,1777,27,53727,5159,141
grp-a001-02-000000045025483,h,18,1632,17,30524,4618,136
grp-a001-02-000000045025483,h,19,1682,23,41978,4962,141
grp-a001-02-000000045025483,h,20,1793,23,37971,5675,144
grp-a001-02-000000045025483,h,21,1617,28,53221,4904,139
grp-a001-02-000000045025483,h,22,1604,18,32033,4748,140
grp-a001-02-000000045025483,h,23,1493,16,25546,4071,138
grp-a001-02-000000045025483,m,11068,1612,16,28581,7031,134
grp-a001-02-000000045025483,m,122876,10,0,0,37,2
grp-a001-02-000000045025483,m,27758,2100,52,89912,3175,137
grp-a001-02-000000045025483,m,33421,12047,33,65283,31857,151
grp-a001-02-000000045025483,m,341893,1383,7,10558,6724,151
grp-a001-02-000000045025483,m,341898,501,2,2718,750,116
grp-a001-02-000000045025483,m,370822,208,1,931,328,108
grp-a001-02-000000045025483,m,424040,8,0,0,25,4
grp-a001-02-000000045025483,m,556927,8,0,0,9,5
grp-a001-02-000000045025483,m,684924,1151,1,3364,1151,72
grp-a001-02-000000045025483,m,684925,551,2,4590,551,107
grp-a001-02-000000045025483,m,684926,2531,36,60356,11748,150
grp-a001-02-000000045025483,m,684927,607,6,9747,2642,120
grp-a001-02-000000045025483,m,787480,1,0,0,12,1
grp-a001-02-000000045025483,m,805759,10,0,0,89,7
grp-a001-02-000000045025483,m,805760,14,0,0,49,11
grp-a001-02-000000045025483,m,8753,9487,212,400649,23470,146
grp-a001-02-000000045025483,r,00,128,0,0,447,42
grp-a001-02-000000045025483,r,01,676,14,30820,2042,110
grp-a001-02-000000045025483,r,02,5906,68,128591,18839,149
grp-a001-02-000000045025483,r,03,1304,31,54432,4259,135
grp-a001-02-000000045025483,r,04,1212,21,37887,4065,135
grp-a001-02-000000045025483,r,05,171,0,0,770,73
grp-a001-02-000000045025483,r,06,930,9,17474,2878,128
grp-a001-02-000000045025483,r,07,516,9,15205,1650,108
grp-a001-02-000000045025483,r,08,1127,12,19577,3593,130
grp-a001-02-000000045025483,r,09,13277,88,164491,29361,153
grp-a001-02-000000045025483,r,10,425,12,23802,1515,101
grp-a001-02-000000045025483,r,11,1379,14,25182,4030,129
grp-a001-02-000000045025483,r,12,258,8,12896,998,74
grp-a001-02-000000045025483,r,13,710,15,25938,2087,114
grp-a001-02-000000045025483,r,14,143,2,4930,400,55
grp-a001-02-000000045025483,r,15,825,11,18011,2820,129
grp-a001-02-000000045025483,r,16,580,12,20752,2097,114
grp-a001-02-000000045025483,r,17,186,7,12471,591,66
grp-a001-02-000000045025483,r,18,785,16,30905,2027,47
grp-a001-02-000000045025483,r,99,1691,19,33325,5179,144
grp-a001-02-000000045087060,h,00,245,5,5246,1168,92
grp-a001-02-000000045087060,h,01,171,2,2075,885,82
grp-a001-02-000000045087060,h,02,89,0,0,443,49
grp-a001-02-000000045087060,h,03,55,0,0,323,36
grp-a001-02-000000045087060,h,04,49,0,0,203,29
grp-a001-02-000000045087060,h,05,53,1,1265,324,35
grp-a001-02-000000045087060,h,06,92,0,0,428,43
grp-a001-02-000000045087060,h,07,101,3,3488,553,51
grp-a001-02-000000045087060,h,08,218,6,6444,1063,76
grp-a001-02-000000045087060,h,09,242,4,3789,1224,84
grp-a001-02-000000045087060,h,10,249,5,4520,1154,93
grp-a001-02-000000045087060,h,11,279,4,4422,1442,106
grp-a001-02-000000045087060,h,12,229,2,2166,1110,78
grp-a001-02-000000045087060,h,13,244,5,6052,1229,81
grp-a001-02-000000045087060,h,14,270,2,2524,1515,95
grp-a001-02-000000045087060,h,15,281,2,2514,1540,95
grp-a001-02-000000045087060,h,16,303,4,4572,1496,97
grp-a001-02-000000045087060,h,17,261,5,6390,1371,88
grp-a001-02-000000045087060,h,18,272,2,2458,1392,95
grp-a001-02-000000045087060,h,19,268,8,9097,1358,99
grp-a001-02-000000045087060,h,20,263,2,2549,1353,91
grp-a001-02-000000045087060,h,21,339,4,3165,1558,96
grp-a001-02-000000045087060,h,22,375,6,6269,1891,112
grp-a001-02-000000045087060,h,23,338,5,6215,1758,102
grp-a001-02-000000045087060,m,11068,535,1,1210,3158,117
grp-a001-02-000000045087060,m,27758,461,2,1951,814,72
grp-a001-02-000000045087060,m,33421,843,4,5096,5672,136
grp-a001-02-000000045087060,m,335738,192,0,0,1169,42
grp-a001-02-000000045087060,m,341893,368,1,1241,2506,120
grp-a001-02-000000045087060,m,341898,45,0,0,115,29
grp-a001-02-000000045087060,m,370822,36,0,0,88,26
grp-a001-02-000000045087060,m,612593,99,1,1199,1043,42
grp-a001-02-000000045087060,m,612594,77,3,2710,320,57
grp-a001-02-000000045087060,m,684924,80,0,0,80,32
grp-a001-02-000000045087060,m,684925,142,0,0,142,41
grp-a001-02-000000045087060,m,684926,620,3,2547,4115,134
grp-a001-02-000000045087060,m,684927,191,2,1926,1394,86
grp-a001-02-000000045087060,m,805759,15,0,0,138,7
grp-a001-02-000000045087060,m,805760,3,0,0,15,2
grp-a001-02-000000045087060,m,8753,1579,60,67340,6012,132
grp-a001-02-000000045087060,r,00,47,1,136,224,26
grp-a001-02-000000045087060,r,01,129,2,2391,665,59
grp-a001-02-000000045087060,r,02,1264,17,18638,6351,142
grp-a001-02-000000045087060,r,03,237,2,2453,1215,84
grp-a001-02-000000045087060,r,04,186,5,5962,997,81
grp-a001-02-000000045087060,r,05,98,4,3909,674,46
grp-a001-02-000000045087060,r,06,184,1,1120,927,76
grp-a001-02-000000045087060,r,07,131,5,5843,650,67
grp-a001-02-000000045087060,r,08,228,4,4626,1155,85
grp-a001-02-000000045087060,r,09,1070,18,19946,5536,141
grp-a001-02-000000045087060,r,10,85,0,0,429,47
grp-a001-02-000000045087060,r,11,252,3,3462,1347,93
grp-a001-02-000000045087060,r,12,37,1,1265,220,23
grp-a001-02-000000045087060,r,13,146,3,3197,869,75
grp-a001-02-000000045087060,r,14,45,0,0,296,23
grp-a001-02-000000045087060,r,15,197,1,981,1110,81
grp-a001-02-000000045087060,r,16,140,3,3669,701,62
grp-a001-02-000000045087060,r,17,41,0,0,208,27
grp-a001-02-000000045087060,r,18,140,3,3167,608,42
grp-a001-02-000000045087060,r,99,629,4,4455,2599,102
grp-a001-02-000000045087074,h,10,1,0,0,21,1
grp-a001-02-000000045087074,h,14,1,0,0,17,1
grp-a001-02-000000045087074,m,612593,2,0,0,38,2
grp-a001-02-000000045087074,r,09,1,0,0,17,1
grp-a001-02-000000045087074,r,15,1,0,0,21,1
grp-a001-02-000000045329157,h,00,30,0,0,278,18
grp-a001-02-000000045329157,h,01,15,0,0,132,10
grp-a001-02-000000045329157,h,02,12,0,0,128,7
grp-a001-02-000000045329157,h,03,2,0,0,14,2
grp-a001-02-000000045329157,h,05,3,0,0,31,2
grp-a001-02-000000045329157,h,06,4,0,0,43,4
grp-a001-02-000000045329157,h,07,8,0,0,77,6
grp-a001-02-000000045329157,h,08,20,0,0,177,14
grp-a001-02-000000045329157,h,09,25,0,0,292,14
grp-a001-02-000000045329157,h,10,20,0,0,204,13
grp-a001-02-000000045329157,h,11,25,0,0,338,16
grp-a001-02-000000045329157,h,12,28,1,198,241,17
grp-a001-02-000000045329157,h,13,33,0,0,419,24
grp-a001-02-000000045329157,h,14,50,1,55,725,27
grp-a001-02-000000045329157,h,15,32,0,0,508,20
grp-a001-02-000000045329157,h,16,33,0,0,324,15
grp-a001-02-000000045329157,h,17,16,1,131,236,10
grp-a001-02-000000045329157,h,18,14,0,0,175,10
grp-a001-02-000000045329157,h,19,27,0,0,333,17
grp-a001-02-000000045329157,h,20,31,0,0,386,18
grp-a001-02-000000045329157,h,21,38,0,0,379,28
grp-a001-02-000000045329157,h,22,47,0,0,548,25
grp-a001-02-000000045329157,h,23,42,0,0,731,25
grp-a001-02-000000045329157,m,11068,12,0,0,72,6
grp-a001-02-000000045329157,m,27758,1,0,0,2,1
grp-a001-02-000000045329157,m,33421,36,0,0,952,24
grp-a001-02-000000045329157,m,341893,26,1,198,291,18
grp-a001-02-000000045329157,m,612593,10,0,0,167,9
grp-a001-02-000000045329157,m,612594,1,0,0,6,1
grp-a001-02-000000045329157,m,684924,6,0,0,6,5
grp-a001-02-000000045329157,m,684925,2,0,0,2,2
grp-a001-02-000000045329157,m,684926,249,1,55,2694,77
grp-a001-02-000000045329157,m,684927,178,1,131,2318,63
grp-a001-02-000000045329157,m,8753,34,0,0,209,15
grp-a001-02-000000045329157,r,00,5,0,0,74,4
grp-a001-02-000000045329157,r,01,12,0,0,169,9
grp-a001-02-000000045329157,r,02,154,0,0,1836,63
grp-a001-02-000000045329157,r,03,17,0,0,271,14
grp-a001-02-000000045329157,r,04,17,0,0,115,12
grp-a001-02-000000045329157,r,05,6,0,0,75,4
grp-a001-02-000000045329157,r,06,23,0,0,290,16
grp-a001-02-000000045329157,r,07,18,0,0,142,10
grp-a001-02-000000045329157,r,08,27,0,0,377,14
grp-a001-02-000000045329157,r,09,125,1,131,1535,54
grp-a001-02-000000045329157,r,10,10,0,0,123,7
grp-a001-02-000000045329157,r,11,34,1,55,333,16
grp-a001-02-000000045329157,r,12,6,0,0,16,2
grp-a001-02-000000045329157,r,13,10,1,198,187,9
grp-a001-02-000000045329157,r,14,7,0,0,78,3
grp-a001-02-000000045329157,r,15,17,0,0,223,10
grp-a001-02-000000045329157,r,16,15,0,0,266,10
grp-a001-02-000000045329157,r,17,3,0,0,30,3
grp-a001-02-000000045329157,r,18,10,0,0,206,7
grp-a001-02-000000045329157,r,99,39,0,0,373,20
grp-a001-02-000000045448738,h,01,1,0,0,2,1
grp-a001-02-000000045448738,h,04,1,0,0,5,1
grp-a001-02-000000045448738,h,06,1,0,0,3,1
grp-a001-02-000000045448738,h,07,1,0,0,2,1
grp-a001-02-000000045448738,h,08,1,0,0,5,1
grp-a001-02-000000045448738,h,09,2,0,0,5,1
grp-a001-02-000000045448738,h,10,4,0,0,27,1
grp-a001-02-000000045448738,h,11,5,1,1232,16,3
grp-a001-02-000000045448738,h,12,1,0,0,2,1
grp-a001-02-000000045448738,h,14,1,0,0,26,1
grp-a001-02-000000045448738,h,15,7,1,1155,20,2
grp-a001-02-000000045448738,h,16,3,0,0,6,1
grp-a001-02-000000045448738,h,19,1,0,0,2,1
grp-a001-02-000000045448738,h,20,1,0,0,8,1
grp-a001-02-000000045448738,h,21,5,0,0,17,3
grp-a001-02-000000045448738,h,22,3,0,0,16,1
grp-a001-02-000000045448738,h,23,1,0,0,9,1
grp-a001-02-000000045448738,m,11068,1,0,0,5,1
grp-a001-02-000000045448738,m,27758,2,1,1155,4,1
grp-a001-02-000000045448738,m,33421,6,0,0,38,4
grp-a001-02-000000045448738,m,341893,3,0,0,21,3
grp-a001-02-000000045448738,m,684924,1,0,0,1,1
grp-a001-02-000000045448738,m,684926,5,0,0,41,4
grp-a001-02-000000045448738,m,684927,1,0,0,4,1
grp-a001-02-000000045448738,m,8753,20,1,1232,57,6
grp-a001-02-000000045448738,r,02,14,0,0,87,6
grp-a001-02-000000045448738,r,04,1,0,0,3,1
grp-a001-02-000000045448738,r,05,5,0,0,11,2
grp-a001-02-000000045448738,r,07,1,0,0,5,1
grp-a001-02-000000045448738,r,09,10,1,1155,28,5
grp-a001-02-000000045448738,r,11,3,0,0,16,2
grp-a001-02-000000045448738,r,12,1,0,0,3,1
grp-a001-02-000000045448738,r,15,2,0,0,11,1
grp-a001-02-000000045448738,r,16,1,1,1232,2,1
grp-a001-02-000000045448738,r,17,1,0,0,5,1
grp-a001-02-000000045448744,h,00,38,0,0,256,30
grp-a001-02-000000045448744,h,01,19,0,0,121,9
grp-a001-02-000000045448744,h,02,14,1,572,101,7
grp-a001-02-000000045448744,h,03,17,0,0,114,7
grp-a001-02-000000045448744,h,04,12,0,0,77,2
grp-a001-02-000000045448744,h,05,12,0,0,82,3
grp-a001-02-000000045448744,h,06,33,0,0,291,11
grp-a001-02-000000045448744,h,07,24,0,0,191,19
grp-a001-02-000000045448744,h,08,33,0,0,256,20
grp-a001-02-000000045448744,h,09,20,2,2420,173,14
grp-a001-02-000000045448744,h,10,43,0,0,310,28
grp-a001-02-000000045448744,h,11,46,0,0,359,27
grp-a001-02-000000045448744,h,12,19,0,0,127,16
grp-a001-02-000000045448744,h,13,27,0,0,215,18
grp-a001-02-000000045448744,h,14,34,0,0,292,25
grp-a001-02-000000045448744,h,15,44,1,1260,341,26
grp-a001-02-000000045448744,h,16,34,0,0,277,25
grp-a001-02-000000045448744,h,17,43,1,890,385,28
grp-a001-02-000000045448744,h,18,29,1,1167,235,21
grp-a001-02-000000045448744,h,19,33,1,1265,223,20
grp-a001-02-000000045448744,h,20,40,0,0,325,23
grp-a001-02-000000045448744,h,21,43,0,0,362,29
grp-a001-02-000000045448744,h,22,25,1,1210,212,16
grp-a001-02-000000045448744,h,23,33,1,1265,266,17
grp-a001-02-000000045448744,m,11068,53,0,0,370,34
grp-a001-02-000000045448744,m,27758,27,2,2443,71,16
grp-a001-02-000000045448744,m,33421,207,1,1187,1685,68
grp-a001-02-000000045448744,m,341893,34,1,1167,164,25
grp-a001-02-000000045448744,m,341898,7,0,0,14,2
grp-a001-02-000000045448744,m,684924,7,0,0,7,6
grp-a001-02-000000045448744,m,684925,1,0,0,1,1
grp-a001-02-000000045448744,m,684926,159,2,2155,1687,57
grp-a001-02-000000045448744,m,684927,49,0,0,521,30
grp-a001-02-000000045448744,m,8753,171,3,3097,1071,78
grp-a001-02-000000045448744,r,00,3,0,0,12,1
grp-a001-02-000000045448744,r,01,18,0,0,110,15
grp-a001-02-000000045448744,r,02,159,2,1462,1244,66
grp-a001-02-000000045448744,r,03,26,0,0,242,18
grp-a001-02-000000045448744,r,04,31,0,0,238,22
grp-a001-02-000000045448744,r,05,3,0,0,46,2
grp-a001-02-000000045448744,r,06,37,0,0,277,27
grp-a001-02-000000045448744,r,07,23,0,0,157,17
grp-a001-02-000000045448744,r,08,32,2,2475,260,21
grp-a001-02-000000045448744,r,09,162,1,1265,1306,61
grp-a001-02-000000045448744,r,10,10,1,1260,50,8
grp-a001-02-000000045448744,r,11,36,0,0,265,23
grp-a001-02-000000045448744,r,12,2,0,0,11,2
grp-a001-02-000000045448744,r,13,24,0,0,171,16
grp-a001-02-000000045448744,r,15,21,2,2400,210,16
grp-a001-02-000000045448744,r,16,19,0,0,150,15
grp-a001-02-000000045448744,r,17,9,0,0,83,5
grp-a001-02-000000045448744,r,18,24,1,1187,190,18
grp-a001-02-000000045448744,r,99,76,0,0,569,29
grp-a001-02-000000045687119,h,00,254,1,1210,1414,91
grp-a001-02-000000045687119,h,01,160,2,2169,832,72
grp-a001-02-000000045687119,h,02,121,1,1152,593,61
grp-a001-02-000000045687119,h,03,87,0,0,447,46
grp-a001-02-000000045687119,h,04,64,0,0,370,38
grp-a001-02-000000045687119,h,05,83,0,0,453,48
grp-a001-02-000000045687119,h,06,132,3,4015,790,71
grp-a001-02-000000045687119,h,07,225,1,1241,1296,88
grp-a001-02-000000045687119,h,08,287,4,5081,1598,95
grp-a001-02-000000045687119,h,09,241,7,6999,1434,93
grp-a001-02-000000045687119,h,10,314,7,7931,1689,105
grp-a001-02-000000045687119,h,11,268,3,3301,1547,98
grp-a001-02-000000045687119,h,12,291,4,3454,1536,99
grp-a001-02-000000045687119,h,13,306,3,3485,1723,100
grp-a001-02-000000045687119,h,14,316,4,4605,1791,102
grp-a001-02-000000045687119,h,15,298,4,5242,1598,96
grp-a001-02-000000045687119,h,16,364,8,9129,2092,106
grp-a001-02-000000045687119,h,17,318,5,5843,1915,100
grp-a001-02-000000045687119,h,18,293,5,5991,1617,96
grp-a001-02-000000045687119,h,19,333,3,3842,1889,101
grp-a001-02-000000045687119,h,20,336,8,10220,1959,104
grp-a001-02-000000045687119,h,21,357,4,4830,2220,102
grp-a001-02-000000045687119,h,22,360,7,8549,2262,107
grp-a001-02-000000045687119,h,23,327,2,2032,1913,97
grp-a001-02-000000045687119,m,11068,273,3,3737,1518,82
grp-a001-02-000000045687119,m,27758,209,7,7564,386,77
grp-a001-02-000000045687119,m,33421,1328,9,10076,9041,146
grp-a001-02-000000045687119,m,341893,927,2,2235,8690,113
grp-a001-02-000000045687119,m,341898,96,0,0,293,49
grp-a001-02-000000045687119,m,370822,50,0,0,207,33
grp-a001-02-000000045687119,m,556927,1,0,0,1,1
grp-a001-02-000000045687119,m,684924,174,1,1210,174,71
grp-a001-02-000000045687119,m,684925,53,1,1034,53,35
grp-a001-02-000000045687119,m,684926,716,6,7008,5124,138
grp-a001-02-000000045687119,m,684927,186,2,1488,1630,82
grp-a001-02-000000045687119,m,8753,2122,55,65969,7861,147
grp-a001-02-000000045687119,r,00,54,0,0,344,38
grp-a001-02-000000045687119,r,01,140,3,3643,890,63
grp-a001-02-000000045687119,r,02,1523,17,20058,8325,148
grp-a001-02-000000045687119,r,03,258,5,6262,1605,97
grp-a001-02-000000045687119,r,04,235,2,2165,1262,94
grp-a001-02-000000045687119,r,05,76,0,0,429,40
grp-a001-02-000000045687119,r,06,245,3,3436,1395,96
grp-a001-02-000000045687119,r,07,160,1,1134,800,74
grp-a001-02-000000045687119,r,08,288,2,2775,1865,113
grp-a001-02-000000045687119,r,09,1325,18,19510,7769,142
grp-a001-02-000000045687119,r,10,114,0,0,695,63
grp-a001-02-000000045687119,r,11,367,8,9538,2005,103
grp-a001-02-000000045687119,r,12,60,3,3659,363,38
grp-a001-02-000000045687119,r,13,181,5,5941,946,74
grp-a001-02-000000045687119,r,14,38,0,0,189,32
grp-a001-02-000000045687119,r,15,222,4,3528,1262,90
grp-a001-02-000000045687119,r,16,171,1,1417,1075,74
grp-a001-02-000000045687119,r,17,59,1,980,334,38
grp-a001-02-000000045687119,r,18,161,6,7197,875,44
grp-a001-02-000000045687119,r,99,458,7,9078,2550,123
grp-a001-02-000000045811975,h,00,615,6,9208,2935,121
grp-a001-02-000000045811975,h,01,376,11,15899,1774,110
grp-a001-02-000000045811975,h,02,225,2,3325,1255,78
grp-a001-02-000000045811975,h,03,199,1,1630,1215,61
grp-a001-02-000000045811975,h,04,166,3,4622,827,59
grp-a001-02-000000045811975,h,05,241,2,3108,1391,82
grp-a001-02-000000045811975,h,06,389,6,9155,1763,97
grp-a001-02-000000045811975,h,07,458,5,6971,1897,109
grp-a001-02-000000045811975,h,08,677,8,12351,2922,122
grp-a001-02-000000045811975,h,09,650,12,18365,2733,119
grp-a001-02-000000045811975,h,10,819,16,24713,3247,125
grp-a001-02-000000045811975,h,11,823,21,31420,3451,130
grp-a001-02-000000045811975,h,12,857,15,23465,3578,134
grp-a001-02-000000045811975,h,13,732,18,27684,3378,136
grp-a001-02-000000045811975,h,14,811,18,28543,3393,130
grp-a001-02-000000045811975,h,15,758,20,31108,3298,134
grp-a001-02-000000045811975,h,16,806,26,40304,3252,135
grp-a001-02-000000045811975,h,17,792,15,22026,3057,130
grp-a001-02-000000045811975,h,18,732,15,22184,2900,124
grp-a001-02-000000045811975,h,19,730,20,30919,2975,131
grp-a001-02-000000045811975,h,20,891,16,25459,3647,136
grp-a001-02-000000045811975,h,21,927,24,37120,3492,135
grp-a001-02-000000045811975,h,22,875,24,36845,3667,130
grp-a001-02-000000045811975,h,23,766,16,24611,3357,128
grp-a001-02-000000045811975,m,11068,984,13,18825,5124,123
grp-a001-02-000000045811975,m,27758,768,24,34055,1231,98
grp-a001-02-000000045811975,m,33421,3455,33,52208,19709,152
grp-a001-02-000000045811975,m,335738,205,0,0,1459,48
grp-a001-02-000000045811975,m,341893,1327,5,7367,6659,151
grp-a001-02-000000045811975,m,341898,452,3,4212,739,109
grp-a001-02-000000045811975,m,370822,86,1,1245,159,56
grp-a001-02-000000045811975,m,556927,16,0,0,16,13
grp-a001-02-000000045811975,m,612593,192,1,1116,2429,58
grp-a001-02-000000045811975,m,612594,217,2,2857,947,80
grp-a001-02-000000045811975,m,684924,276,0,0,276,83
grp-a001-02-000000045811975,m,684925,232,0,0,232,59
grp-a001-02-000000045811975,m,684926,2015,63,97007,9060,152
grp-a001-02-000000045811975,m,684927,371,3,4430,2362,95
grp-a001-02-000000045811975,m,787480,1,0,0,8,1
grp-a001-02-000000045811975,m,805759,17,0,0,308,10
grp-a001-02-000000045811975,m,805760,3,0,0,5,3
grp-a001-02-000000045811975,m,8753,4698,172,267713,14681,148
grp-a001-02-000000045811975,r,-1,2,0,0,10,1
grp-a001-02-000000045811975,r,00,126,1,1698,911,52
grp-a001-02-000000045811975,r,01,514,11,17255,1895,113
grp-a001-02-000000045811975,r,02,3887,81,123861,16262,151
grp-a001-02-000000045811975,r,03,772,16,23784,2936,130
grp-a001-02-000000045811975,r,04,599,15,22420,2428,121
grp-a001-02-000000045811975,r,05,141,6,9370,553,56
grp-a001-02-000000045811975,r,06,595,18,28606,2351,122
grp-a001-02-000000045811975,r,07,366,11,17245,1468,110
grp-a001-02-000000045811975,r,08,730,10,15284,3252,131
grp-a001-02-000000045811975,r,09,3334,67,102543,16096,151
grp-a001-02-000000045811975,r,10,203,4,6682,777,84
grp-a001-02-000000045811975,r,11,748,16,24108,2910,134
grp-a001-02-000000045811975,r,12,211,9,14458,875,74
grp-a001-02-000000045811975,r,13,423,11,16760,1748,113
grp-a001-02-000000045811975,r,14,118,1,1210,440,51
grp-a001-02-000000045811975,r,15,608,12,19169,2519,129
grp-a001-02-000000045811975,r,16,394,7,10846,1585,107
grp-a001-02-000000045811975,r,17,139,4,6240,600,59
grp-a001-02-000000045811975,r,18,333,5,7428,1203,45
grp-a001-02-000000045811975,r,99,1072,15,22068,4585,135
grp-a001-02-000000045949118,h,00,324,3,4516,1946,85
grp-a001-02-000000045949118,h,01,195,1,1270,1117,72
grp-a001-02-000000045949118,h,02,113,0,0,689,45
grp-a001-02-000000045949118,h,03,63,2,2674,410,35
grp-a001-02-000000045949118,h,04,65,1,1590,372,26
grp-a001-02-000000045949118,h,05,61,0,0,538,37
grp-a001-02-000000045949118,h,06,81,0,0,405,43
grp-a001-02-000000045949118,h,07,145,1,1580,723,57
grp-a001-02-000000045949118,h,08,234,0,0,1223,73
grp-a001-02-000000045949118,h,09,300,2,2806,1405,93
grp-a001-02-000000045949118,h,10,305,5,7541,1378,91
grp-a001-02-000000045949118,h,11,370,4,5983,1795,108
grp-a001-02-000000045949118,h,12,258,0,0,1303,88
grp-a001-02-000000045949118,h,13,321,8,10290,1554,100
grp-a001-02-000000045949118,h,14,356,5,7274,1866,108
grp-a001-02-000000045949118,h,15,401,3,3899,1935,102
grp-a001-02-000000045949118,h,16,347,4,5720,1467,90
grp-a001-02-000000045949118,h,17,368,10,12791,1844,91
grp-a001-02-000000045949118,h,18,346,5,7477,1733,92
grp-a001-02-000000045949118,h,19,289,1,1527,1437,90
grp-a001-02-000000045949118,h,20,329,6,9033,1646,102
grp-a001-02-000000045949118,h,21,372,11,15400,1892,104
grp-a001-02-000000045949118,h,22,357,10,13969,1784,102
grp-a001-02-000000045949118,h,23,364,7,9969,1840,105
grp-a001-02-000000045949118,m,11068,1158,3,3620,5595,110
grp-a001-02-000000045949118,m,27758,655,9,12495,1215,76
grp-a001-02-000000045949118,m,33421,966,9,11490,6431,140
grp-a001-02-000000045949118,m,335738,91,0,0,727,27
grp-a001-02-000000045949118,m,341893,439,1,1464,2642,118
grp-a001-02-000000045949118,m,341898,123,0,0,223,51
grp-a001-02-000000045949118,m,370822,66,0,0,174,48
grp-a001-02-000000045949118,m,612593,75,1,1557,789,36
grp-a001-02-000000045949118,m,612594,92,1,1282,350,47
grp-a001-02-000000045949118,m,684924,121,0,0,121,50
grp-a001-02-000000045949118,m,684925,80,2,2954,80,39
grp-a001-02-000000045949118,m,684926,682,12,17352,3676,134
grp-a001-02-000000045949118,m,684927,338,4,5216,4843,81
grp-a001-02-000000045949118,m,805759,7,0,0,128,4
grp-a001-02-000000045949118,m,8753,1471,47,67879,5308,134
grp-a001-02-000000045949118,r,00,171,1,1001,755,32
grp-a001-02-000000045949118,r,01,174,4,4892,785,68
grp-a001-02-000000045949118,r,02,1387,18,26185,6853,140
grp-a001-02-000000045949118,r,03,350,5,7517,1628,93
grp-a001-02-000000045949118,r,04,225,8,10709,1226,94
grp-a001-02-000000045949118,r,05,80,1,1303,394,42
grp-a001-02-000000045949118,r,06,222,3,4112,1242,80
grp-a001-02-000000045949118,r,07,180,3,4206,792,68
grp-a001-02-000000045949118,r,08,284,1,1595,1709,89
grp-a001-02-000000045949118,r,09,1276,14,20126,6050,141
grp-a001-02-000000045949118,r,10,93,4,6258,439,45
grp-a001-02-000000045949118,r,11,238,6,9424,1312,91
grp-a001-02-000000045949118,r,12,70,1,1504,314,36
grp-a001-02-000000045949118,r,13,151,2,2555,719,64
grp-a001-02-000000045949118,r,14,34,0,0,241,23
grp-a001-02-000000045949118,r,15,284,4,4578,1467,99
grp-a001-02-000000045949118,r,16,143,4,5073,577,65
grp-a001-02-000000045949118,r,17,51,0,0,314,32
grp-a001-02-000000045949118,r,18,180,6,8378,847,43
grp-a001-02-000000045949118,r,99,771,4,5893,4638,109
grp-a001-02-000000046072248,h,00,669,1,1032,5918,129
grp-a001-02-000000046072248,h,01,553,1,1194,5661,117
grp-a001-02-000000046072248,h,02,537,0,0,5507,121
grp-a001-02-000000046072248,h,03,308,0,0,3053,86
grp-a001-02-000000046072248,h,04,261,0,0,2544,77
grp-a001-02-000000046072248,h,05,313,0,0,2951,85
grp-a001-02-000000046072248,h,06,334,0,0,3409,94
grp-a001-02-000000046072248,h,07,393,0,0,4055,112
grp-a001-02-000000046072248,h,08,519,4,3350,4792,118
grp-a001-02-000000046072248,h,09,541,2,2910,5372,126
grp-a001-02-000000046072248,h,10,568,1,950,6190,118
grp-a001-02-000000046072248,h,11,657,1,944,7450,127
grp-a001-02-000000046072248,h,12,618,1,982,8368,122
grp-a001-02-000000046072248,h,13,536,0,0,5863,123
grp-a001-02-000000046072248,h,14,532,1,792,6488,124
grp-a001-02-000000046072248,h,15,607,1,1192,7751,127
grp-a001-02-000000046072248,h,16,626,4,3941,7774,117
grp-a001-02-000000046072248,h,17,648,4,3543,6724,128
grp-a001-02-000000046072248,h,18,589,2,2371,5531,121
grp-a001-02-000000046072248,h,19,616,2,1890,6032,125
grp-a001-02-000000046072248,h,20,596,2,2197,5361,127
grp-a001-02-000000046072248,h,21,609,2,2254,5505,122
grp-a001-02-000000046072248,h,22,678,4,3906,5810,133
grp-a001-02-000000046072248,h,23,699,1,1420,6263,133
grp-a001-02-000000046072248,m,11068,522,0,0,7906,83
grp-a001-02-000000046072248,m,27758,172,1,1075,314,24
grp-a001-02-000000046072248,m,33421,5448,1,924,56217,146
grp-a001-02-000000046072248,m,335738,5,0,0,44,4
grp-a001-02-000000046072248,m,341893,2831,9,8699,24474,153
grp-a001-02-000000046072248,m,341898,171,1,1420,472,56
grp-a001-02-000000046072248,m,370822,73,0,0,234,33
grp-a001-02-000000046072248,m,556927,2,0,0,2,2
grp-a001-02-000000046072248,m,612593,54,0,0,709,28
grp-a001-02-000000046072248,m,612594,40,0,0,235,22
grp-a001-02-000000046072248,m,684924,50,0,0,50,23
grp-a001-02-000000046072248,m,684925,27,0,0,27,12
grp-a001-02-000000046072248,m,684926,830,8,7902,9471,142
grp-a001-02-000000046072248,m,684927,2413,2,2268,31525,107
grp-a001-02-000000046072248,m,8753,369,12,12580,2692,112
grp-a001-02-000000046072248,r,00,51,2,2175,913,29
grp-a001-02-000000046072248,r,01,184,1,860,1763,77
grp-a001-02-000000046072248,r,02,1995,13,13020,24490,152
grp-a001-02-000000046072248,r,03,297,2,2525,2703,107
grp-a001-02-000000046072248,r,04,262,1,1520,3404,88
grp-a001-02-000000046072248,r,05,91,0,0,787,50
grp-a001-02-000000046072248,r,06,287,3,2920,3415,94
grp-a001-02-000000046072248,r,07,189,0,0,1765,86
grp-a001-02-000000046072248,r,08,320,1,982,3228,104
grp-a001-02-000000046072248,r,09,5788,4,4045,49376,152
grp-a001-02-000000046072248,r,10,135,0,0,1300,74
grp-a001-02-000000046072248,r,11,377,2,2039,4735,113
grp-a001-02-000000046072248,r,12,87,0,0,878,53
grp-a001-02-000000046072248,r,13,204,2,2119,2037,96
grp-a001-02-000000046072248,r,14,88,0,0,1017,45
grp-a001-02-000000046072248,r,15,374,0,0,5520,115
grp-a001-02-000000046072248,r,16,248,0,0,3078,95
grp-a001-02-000000046072248,r,17,53,2,1480,465,37
grp-a001-02-000000046072248,r,18,224,0,0,2861,46
grp-a001-02-000000046072248,r,99,1753,1,1183,20637,126
grp-a001-02-000000046072553,h,00,253,0,0,2172,90
grp-a001-02-000000046072553,h,01,178,0,0,1494,75
grp-a001-02-000000046072553,h,02,162,0,0,1422,61
grp-a001-02-000000046072553,h,03,93,0,0,957,39
grp-a001-02-000000046072553,h,04,77,0,0,1054,32
grp-a001-02-000000046072553,h,05,82,0,0,702,44
grp-a001-02-000000046072553,h,06,84,0,0,742,39
grp-a001-02-000000046072553,h,07,148,0,0,1254,61
grp-a001-02-000000046072553,h,08,168,1,1025,1540,71
grp-a001-02-000000046072553,h,09,206,0,0,1875,82
grp-a001-02-000000046072553,h,10,201,0,0,1710,85
grp-a001-02-000000046072553,h,11,254,0,0,2380,93
grp-a001-02-000000046072553,h,12,171,0,0,1753,73
grp-a001-02-000000046072553,h,13,188,2,2183,1609,81
grp-a001-02-000000046072553,h,14,182,1,730,1752,82
grp-a001-02-000000046072553,h,15,206,1,921,1836,76
grp-a001-02-000000046072553,h,16,187,0,0,1848,86
grp-a001-02-000000046072553,h,17,198,0,0,1838,81
grp-a001-02-000000046072553,h,18,191,2,1359,1759,84
grp-a001-02-000000046072553,h,19,206,1,793,1969,87
grp-a001-02-000000046072553,h,20,185,1,835,1597,85
grp-a001-02-000000046072553,h,21,231,0,0,2086,93
grp-a001-02-000000046072553,h,22,260,1,1200,2480,86
grp-a001-02-000000046072553,h,23,298,0,0,2797,94
grp-a001-02-000000046072553,m,11068,174,0,0,1745,58
grp-a001-02-000000046072553,m,27758,6,0,0,9,5
grp-a001-02-000000046072553,m,33421,2118,1,1340,18667,126
grp-a001-02-000000046072553,m,335738,4,0,0,32,4
grp-a001-02-000000046072553,m,341893,1130,3,2459,10680,141
grp-a001-02-000000046072553,m,341898,56,0,0,177,23
grp-a001-02-000000046072553,m,370822,36,0,0,100,18
grp-a001-02-000000046072553,m,556927,1,0,0,1,1
grp-a001-02-000000046072553,m,612593,27,0,0,303,20
grp-a001-02-000000046072553,m,612594,37,1,921,225,20
grp-a001-02-000000046072553,m,684924,8,0,0,8,6
grp-a001-02-000000046072553,m,684926,438,2,1565,5020,107
grp-a001-02-000000046072553,m,684927,126,1,1200,2055,59
grp-a001-02-000000046072553,m,805759,2,0,0,26,2
grp-a001-02-000000046072553,m,8753,246,2,1561,1578,84
grp-a001-02-000000046072553,r,00,31,0,0,338,21
grp-a001-02-000000046072553,r,01,85,0,0,839,48
grp-a001-02-000000046072553,r,02,738,1,1025,6934,136
grp-a001-02-000000046072553,r,03,122,1,843,1374,67
grp-a001-02-000000046072553,r,04,99,0,0,1141,62
grp-a001-02-000000046072553,r,05,50,0,0,513,31
grp-a001-02-000000046072553,r,06,157,3,2998,1292,58
grp-a001-02-000000046072553,r,07,75,0,0,598,48
grp-a001-02-000000046072553,r,08,127,0,0,1184,69
grp-a001-02-000000046072553,r,09,820,3,2250,7385,142
grp-a001-02-000000046072553,r,10,49,0,0,450,35
grp-a001-02-000000046072553,r,11,147,1,1200,1509,69
grp-a001-02-000000046072553,r,12,778,1,730,6774,57
grp-a001-02-000000046072553,r,13,67,0,0,633,44
grp-a001-02-000000046072553,r,14,21,0,0,177,17
grp-a001-02-000000046072553,r,15,90,0,0,1239,54
grp-a001-02-000000046072553,r,16,75,0,0,765,50
grp-a001-02-000000046072553,r,17,28,0,0,253,22
grp-a001-02-000000046072553,r,18,636,0,0,5325,37
grp-a001-02-000000046072553,r,99,214,0,0,1903,90
grp-a001-02-000000046072554,h,00,300,1,1276,2260,91
grp-a001-02-000000046072554,h,01,207,2,2790,1537,65
grp-a001-02-000000046072554,h,02,282,0,0,2099,92
grp-a001-02-000000046072554,h,03,123,0,0,1063,51
grp-a001-02-000000046072554,h,04,122,0,0,1095,51
grp-a001-02-000000046072554,h,05,120,0,0,1069,50
grp-a001-02-000000046072554,h,06,120,0,0,1050,57
grp-a001-02-000000046072554,h,07,197,2,2774,1752,75
grp-a001-02-000000046072554,h,08,291,2,2576,2551,88
grp-a001-02-000000046072554,h,09,315,0,0,2991,81
grp-a001-02-000000046072554,h,10,350,1,1201,3657,91
grp-a001-02-000000046072554,h,11,344,0,0,3183,102
grp-a001-02-000000046072554,h,12,298,1,1223,2762,83
grp-a001-02-000000046072554,h,13,295,0,0,2528,86
grp-a001-02-000000046072554,h,14,245,0,0,2341,85
grp-a001-02-000000046072554,h,15,289,3,2455,2419,84
grp-a001-02-000000046072554,h,16,303,1,1620,2894,86
grp-a001-02-000000046072554,h,17,244,2,3090,2258,88
grp-a001-02-000000046072554,h,18,209,1,266,1940,75
grp-a001-02-000000046072554,h,19,248,0,0,2200,85
grp-a001-02-000000046072554,h,20,224,2,2596,2064,83
grp-a001-02-000000046072554,h,21,271,2,2408,2521,86
grp-a001-02-000000046072554,h,22,264,0,0,2384,86
grp-a001-02-000000046072554,h,23,259,0,0,2345,91
grp-a001-02-000000046072554,m,11068,354,0,0,3649,80
grp-a001-02-000000046072554,m,27758,101,0,0,267,22
grp-a001-02-000000046072554,m,33421,2298,1,1620,19643,126
grp-a001-02-000000046072554,m,335738,4,0,0,35,4
grp-a001-02-000000046072554,m,341893,821,1,133,6601,106
grp-a001-02-000000046072554,m,341898,131,1,1185,313,47
grp-a001-02-000000046072554,m,370822,39,0,0,108,20
grp-a001-02-000000046072554,m,424040,4,0,0,4,1
grp-a001-02-000000046072554,m,556927,1,0,0,1,1
grp-a001-02-000000046072554,m,612593,55,0,0,694,26
grp-a001-02-000000046072554,m,612594,45,3,3970,226,22
grp-a001-02-000000046072554,m,684924,33,0,0,33,14
grp-a001-02-000000046072554,m,684925,28,0,0,28,6
grp-a001-02-000000046072554,m,684926,557,5,4821,6122,125
grp-a001-02-000000046072554,m,684927,1133,1,1276,13006,97
grp-a001-02-000000046072554,m,805759,1,0,0,15,1
grp-a001-02-000000046072554,m,8753,315,8,11270,2218,68
grp-a001-02-000000046072554,r,00,35,1,1201,290,23
grp-a001-02-000000046072554,r,01,103,0,0,922,55
grp-a001-02-000000046072554,r,02,1015,6,6917,9514,140
grp-a001-02-000000046072554,r,03,163,2,2022,1394,76
grp-a001-02-000000046072554,r,04,134,1,1460,1037,60
grp-a001-02-000000046072554,r,05,64,0,0,563,40
grp-a001-02-000000046072554,r,06,151,0,0,1255,62
grp-a001-02-000000046072554,r,07,83,0,0,656,44
grp-a001-02-000000046072554,r,08,183,0,0,1641,70
grp-a001-02-000000046072554,r,09,1317,0,0,11766,144
grp-a001-02-000000046072554,r,10,79,2,2796,742,48
grp-a001-02-000000046072554,r,11,212,2,2767,1987,87
grp-a001-02-000000046072554,r,12,465,1,1560,3432,53
grp-a001-02-000000046072554,r,13,101,1,1276,829,55
grp-a001-02-000000046072554,r,14,36,0,0,330,24
grp-a001-02-000000046072554,r,15,114,2,1433,952,54
grp-a001-02-000000046072554,r,16,109,0,0,1009,57
grp-a001-02-000000046072554,r,17,24,0,0,236,21
grp-a001-02-000000046072554,r,18,349,0,0,3397,36
grp-a001-02-000000046072554,r,99,1183,2,2843,11011,118
grp-a001-02-000000046074558,h,00,86,0,0,772,49
grp-a001-02-000000046074558,h,01,46,0,0,418,35
grp-a001-02-000000046074558,h,02,82,0,0,701,43
grp-a001-02-000000046074558,h,03,23,0,0,227,16
grp-a001-02-000000046074558,h,04,12,0,0,80,10
grp-a001-02-000000046074558,h,05,17,0,0,114,13
grp-a001-02-000000046074558,h,06,20,0,0,151,16
grp-a001-02-000000046074558,h,07,49,0,0,388,30
grp-a001-02-000000046074558,h,08,54,0,0,553,37
grp-a001-02-000000046074558,h,09,90,0,0,976,60
grp-a001-02-000000046074558,h,10,74,0,0,778,45
grp-a001-02-000000046074558,h,11,100,0,0,932,58
grp-a001-02-000000046074558,h,12,80,0,0,785,47
grp-a001-02-000000046074558,h,13,82,0,0,866,52
grp-a001-02-000000046074558,h,14,58,0,0,602,41
grp-a001-02-000000046074558,h,15,72,0,0,714,48
grp-a001-02-000000046074558,h,16,76,2,1833,768,51
grp-a001-02-000000046074558,h,17,86,1,1270,827,50
grp-a001-02-000000046074558,h,18,85,0,0,800,58
grp-a001-02-000000046074558,h,19,79,0,0,802,44
grp-a001-02-000000046074558,h,20,87,0,0,756,48
grp-a001-02-000000046074558,h,21,92,0,0,802,57
grp-a001-02-000000046074558,h,22,113,0,0,880,64
grp-a001-02-000000046074558,h,23,106,0,0,934,58
grp-a001-02-000000046074558,m,11068,114,0,0,1911,47
grp-a001-02-000000046074558,m,27758,7,0,0,13,7
grp-a001-02-000000046074558,m,33421,501,0,0,4673,98
grp-a001-02-000000046074558,m,341893,402,1,779,3617,98
grp-a001-02-000000046074558,m,341898,110,0,0,191,31
grp-a001-02-000000046074558,m,370822,28,0,0,78,16
grp-a001-02-000000046074558,m,612593,28,0,0,335,22
grp-a001-02-000000046074558,m,612594,34,0,0,215,21
grp-a001-02-000000046074558,m,684924,11,0,0,11,5
grp-a001-02-000000046074558,m,684925,1,0,0,1,1
grp-a001-02-000000046074558,m,684926,264,1,1054,2970,109
grp-a001-02-000000046074558,m,684927,73,0,0,900,51
grp-a001-02-000000046074558,m,805759,3,0,0,60,2
grp-a001-02-000000046074558,m,8753,93,1,1270,651,49
grp-a001-02-000000046074558,r,00,16,0,0,165,10
grp-a001-02-000000046074558,r,01,25,0,0,268,21
grp-a001-02-000000046074558,r,02,393,2,1833,3951,115
grp-a001-02-000000046074558,r,03,63,0,0,519,49
grp-a001-02-000000046074558,r,04,53,0,0,445,40
grp-a001-02-000000046074558,r,05,24,0,0,206,18
grp-a001-02-000000046074558,r,06,65,0,0,601,40
grp-a001-02-000000046074558,r,07,32,0,0,313,25
grp-a001-02-000000046074558,r,08,43,0,0,347,36
grp-a001-02-000000046074558,r,09,533,0,0,4909,120
grp-a001-02-000000046074558,r,10,29,0,0,193,21
grp-a001-02-000000046074558,r,11,62,0,0,613,45
grp-a001-02-000000046074558,r,12,23,0,0,219,16
grp-a001-02-000000046074558,r,13,39,0,0,335,27
grp-a001-02-000000046074558,r,14,7,0,0,80,6
grp-a001-02-000000046074558,r,15,54,0,0,540,42
grp-a001-02-000000046074558,r,16,56,0,0,512,37
grp-a001-02-000000046074558,r,17,9,0,0,67,8
grp-a001-02-000000046074558,r,18,31,0,0,373,18
grp-a001-02-000000046074558,r,99,112,1,1270,970,65
grp-a001-02-000000046074559,h,00,230,1,828,1703,53
grp-a001-02-000000046074559,h,01,198,0,0,1573,52
grp-a001-02-000000046074559,h,02,238,0,0,1794,50
grp-a001-02-000000046074559,h,03,208,0,0,1564,51
grp-a001-02-000000046074559,h,04,211,0,0,1580,40
grp-a001-02-000000046074559,h,05,208,0,0,1522,46
grp-a001-02-000000046074559,h,06,198,0,0,1347,46
grp-a001-02-000000046074559,h,07,186,0,0,1419,45
grp-a001-02-000000046074559,h,08,210,0,0,1743,55
grp-a001-02-000000046074559,h,09,210,0,0,1551,48
grp-a001-02-000000046074559,h,10,201,0,0,1567,47
grp-a001-02-000000046074559,h,11,197,0,0,1583,52
grp-a001-02-000000046074559,h,12,236,1,858,1898,47
grp-a001-02-000000046074559,h,13,199,0,0,1624,54
grp-a001-02-000000046074559,h,14,205,1,708,1490,54
grp-a001-02-000000046074559,h,15,187,0,0,1425,48
grp-a001-02-000000046074559,h,16,193,1,712,1449,53
grp-a001-02-000000046074559,h,17,180,0,0,1394,48
grp-a001-02-000000046074559,h,18,203,0,0,1592,58
grp-a001-02-000000046074559,h,19,187,0,0,1423,48
grp-a001-02-000000046074559,h,20,180,1,858,1362,50
grp-a001-02-000000046074559,h,21,197,3,2524,1575,54
grp-a001-02-000000046074559,h,22,202,0,0,1602,60
grp-a001-02-000000046074559,h,23,203,0,0,1505,55
grp-a001-02-000000046074559,m,11068,83,0,0,926,40
grp-a001-02-000000046074559,m,27758,54,0,0,124,28
grp-a001-02-000000046074559,m,33421,4245,1,856,31841,83
grp-a001-02-000000046074559,m,335738,2,0,0,12,2
grp-a001-02-000000046074559,m,341893,98,0,0,1135,41
grp-a001-02-000000046074559,m,341898,2,0,0,10,1
grp-a001-02-000000046074559,m,370822,2,0,0,6,2
grp-a001-02-000000046074559,m,612593,16,0,0,101,11
grp-a001-02-000000046074559,m,612594,15,0,0,86,10
grp-a001-02-000000046074559,m,684924,5,0,0,5,5
grp-a001-02-000000046074559,m,684925,17,0,0,17,10
grp-a001-02-000000046074559,m,684926,147,2,1686,1680,61
grp-a001-02-000000046074559,m,684927,35,0,0,612,25
grp-a001-02-000000046074559,m,8753,146,5,3946,730,55
grp-a001-02-000000046074559,r,00,1,0,0,11,1
grp-a001-02-000000046074559,r,01,28,0,0,211,20
grp-a001-02-000000046074559,r,02,246,0,0,2125,70
grp-a001-02-000000046074559,r,03,36,0,0,321,20
grp-a001-02-000000046074559,r,04,29,0,0,254,20
grp-a001-02-000000046074559,r,05,10,0,0,106,6
grp-a001-02-000000046074559,r,06,60,3,2402,614,33
grp-a001-02-000000046074559,r,07,15,0,0,81,10
grp-a001-02-000000046074559,r,08,52,2,1686,494,27
grp-a001-02-000000046074559,r,09,4196,1,856,31422,90
grp-a001-02-000000046074559,r,10,6,0,0,73,6
grp-a001-02-000000046074559,r,11,38,1,836,323,27
grp-a001-02-000000046074559,r,12,5,0,0,22,4
grp-a001-02-000000046074559,r,13,19,0,0,206,12
grp-a001-02-000000046074559,r,14,5,0,0,52,4
grp-a001-02-000000046074559,r,15,27,0,0,180,18
grp-a001-02-000000046074559,r,16,25,0,0,175,17
grp-a001-02-000000046074559,r,17,8,0,0,75,6
grp-a001-02-000000046074559,r,18,20,0,0,172,13
grp-a001-02-000000046074559,r,99,41,1,708,368,27
grp-a001-02-000000046125958,h,00,142,0,0,765,59
grp-a001-02-000000046125958,h,01,118,0,0,638,48
grp-a001-02-000000046125958,h,02,73,0,0,361,27
grp-a001-02-000000046125958,h,03,65,0,0,383,26
grp-a001-02-000000046125958,h,04,65,0,0,265,18
grp-a001-02-000000046125958,h,05,66,0,0,369,25
grp-a001-02-000000046125958,h,06,61,0,0,343,24
grp-a001-02-000000046125958,h,07,71,0,0,502,31
grp-a001-02-000000046125958,h,08,96,0,0,526,48
grp-a001-02-000000046125958,h,09,112,0,0,600,55
grp-a001-02-000000046125958,h,10,102,0,0,573,47
grp-a001-02-000000046125958,h,11,142,0,0,771,71
grp-a001-02-000000046125958,h,12,93,0,0,485,39
grp-a001-02-000000046125958,h,13,118,0,0,652,56
grp-a001-02-000000046125958,h,14,94,0,0,433,45
grp-a001-02-000000046125958,h,15,83,0,0,460,42
grp-a001-02-000000046125958,h,16,88,0,0,509,40
grp-a001-02-000000046125958,h,17,80,0,0,499,40
grp-a001-02-000000046125958,h,18,71,0,0,458,34
grp-a001-02-000000046125958,h,19,67,2,2688,468,43
grp-a001-02-000000046125958,h,20,66,0,0,509,40
grp-a001-02-000000046125958,h,21,88,0,0,607,46
grp-a001-02-000000046125958,h,22,97,0,0,688,49
grp-a001-02-000000046125958,h,23,80,2,3460,616,50
grp-a001-02-000000046125958,m,11068,858,1,1730,5019,73
grp-a001-02-000000046125958,m,27758,112,0,0,203,35
grp-a001-02-000000046125958,m,33421,360,0,0,2635,96
grp-a001-02-000000046125958,m,335738,58,0,0,397,9
grp-a001-02-000000046125958,m,341893,358,2,2688,2628,100
grp-a001-02-000000046125958,m,341898,60,0,0,118,29
grp-a001-02-000000046125958,m,370822,32,0,0,78,25
grp-a001-02-000000046125958,m,612593,14,0,0,118,8
grp-a001-02-000000046125958,m,612594,11,0,0,51,8
grp-a001-02-000000046125958,m,684924,2,0,0,2,2
grp-a001-02-000000046125958,m,684925,53,0,0,53,9
grp-a001-02-000000046125958,m,684926,89,0,0,514,54
grp-a001-02-000000046125958,m,684927,15,0,0,82,13
grp-a001-02-000000046125958,m,8753,116,1,1730,582,52
grp-a001-02-000000046125958,r,00,8,0,0,83,5
grp-a001-02-000000046125958,r,01,114,0,0,395,32
grp-a001-02-000000046125958,r,02,625,0,0,3209,111
grp-a001-02-000000046125958,r,03,64,0,0,364,44
grp-a001-02-000000046125958,r,04,42,0,0,241,30
grp-a001-02-000000046125958,r,05,16,0,0,65,10
grp-a001-02-000000046125958,r,06,55,0,0,328,35
grp-a001-02-000000046125958,r,07,23,0,0,137,18
grp-a001-02-000000046125958,r,08,46,0,0,334,33
grp-a001-02-000000046125958,r,09,433,2,2688,2317,106
grp-a001-02-000000046125958,r,10,17,0,0,118,15
grp-a001-02-000000046125958,r,11,273,0,0,1252,60
grp-a001-02-000000046125958,r,12,29,1,1730,160,21
grp-a001-02-000000046125958,r,13,49,0,0,328,33
grp-a001-02-000000046125958,r,14,13,0,0,116,12
grp-a001-02-000000046125958,r,15,77,1,1730,509,44
grp-a001-02-000000046125958,r,16,25,0,0,215,19
grp-a001-02-000000046125958,r,17,15,0,0,126,13
grp-a001-02-000000046125958,r,18,25,0,0,212,15
grp-a001-02-000000046125958,r,99,189,0,0,1971,72
grp-a001-02-000000046125983,h,00,143,1,1249,728,57
grp-a001-02-000000046125983,h,01,123,0,0,667,45
grp-a001-02-000000046125983,h,02,65,0,0,387,23
grp-a001-02-000000046125983,h,03,68,0,0,408,23
grp-a001-02-000000046125983,h,04,66,0,0,369,20
grp-a001-02-000000046125983,h,05,58,0,0,396,22
grp-a001-02-000000046125983,h,06,60,0,0,308,22
grp-a001-02-000000046125983,h,07,70,0,0,478,27
grp-a001-02-000000046125983,h,08,96,0,0,564,47
grp-a001-02-000000046125983,h,09,101,0,0,631,51
grp-a001-02-000000046125983,h,10,105,1,1290,591,49
grp-a001-02-000000046125983,h,11,162,0,0,960,79
grp-a001-02-000000046125983,h,12,98,0,0,488,41
grp-a001-02-000000046125983,h,13,107,0,0,592,48
grp-a001-02-000000046125983,h,14,100,0,0,571,45
grp-a001-02-000000046125983,h,15,90,0,0,479,43
grp-a001-02-000000046125983,h,16,91,0,0,692,47
grp-a001-02-000000046125983,h,17,78,0,0,585,37
grp-a001-02-000000046125983,h,18,68,0,0,537,36
grp-a001-02-000000046125983,h,19,73,0,0,446,43
grp-a001-02-000000046125983,h,20,77,0,0,463,47
grp-a001-02-000000046125983,h,21,90,1,1334,578,44
grp-a001-02-000000046125983,h,22,111,0,0,825,56
grp-a001-02-000000046125983,h,23,115,0,0,933,53
grp-a001-02-000000046125983,m,11068,916,0,0,5832,89
grp-a001-02-000000046125983,m,27758,124,1,1249,246,44
grp-a001-02-000000046125983,m,33421,495,0,0,3731,119
grp-a001-02-000000046125983,m,335738,28,0,0,188,7
grp-a001-02-000000046125983,m,341893,145,0,0,919,51
grp-a001-02-000000046125983,m,341898,30,0,0,89,16
grp-a001-02-000000046125983,m,370822,12,0,0,39,11
grp-a001-02-000000046125983,m,612593,9,0,0,82,9
grp-a001-02-000000046125983,m,612594,13,0,0,69,9
grp-a001-02-000000046125983,m,684924,9,0,0,9,6
grp-a001-02-000000046125983,m,684925,66,1,1290,66,25
grp-a001-02-000000046125983,m,684926,112,1,1334,1005,63
grp-a001-02-000000046125983,m,684927,46,0,0,457,33
grp-a001-02-000000046125983,m,8753,210,0,0,944,55
grp-a001-02-000000046125983,r,00,7,0,0,85,6
grp-a001-02-000000046125983,r,01,104,0,0,427,26
grp-a001-02-000000046125983,r,02,724,1,1249,3835,118
grp-a001-02-000000046125983,r,03,49,0,0,317,40
grp-a001-02-000000046125983,r,04,49,0,0,297,27
grp-a001-02-000000046125983,r,05,32,0,0,181,18
grp-a001-02-000000046125983,r,06,34,0,0,231,31
grp-a001-02-000000046125983,r,07,19,0,0,156,16
grp-a001-02-000000046125983,r,08,55,0,0,421,36
grp-a001-02-000000046125983,r,09,431,1,1290,2523,93
grp-a001-02-000000046125983,r,10,9,0,0,68,9
grp-a001-02-000000046125983,r,11,297,0,0,1529,62
grp-a001-02-000000046125983,r,12,21,0,0,121,14
grp-a001-02-000000046125983,r,13,34,0,0,263,27
grp-a001-02-000000046125983,r,14,14,0,0,132,13
grp-a001-02-000000046125983,r,15,95,1,1334,613,47
grp-a001-02-000000046125983,r,16,28,0,0,225,25
grp-a001-02-000000046125983,r,17,10,0,0,94,7
grp-a001-02-000000046125983,r,18,14,0,0,121,11
grp-a001-02-000000046125983,r,99,189,0,0,2037,69
grp-a001-02-000000046126151,h,00,75,1,1012,555,50
grp-a001-02-000000046126151,h,01,48,0,0,410,32
grp-a001-02-000000046126151,h,02,34,0,0,503,26
grp-a001-02-000000046126151,h,03,14,0,0,180,13
grp-a001-02-000000046126151,h,04,19,0,0,189,14
grp-a001-02-000000046126151,h,05,18,0,0,180,11
grp-a001-02-000000046126151,h,06,13,0,0,131,11
grp-a001-02-000000046126151,h,07,32,0,0,440,30
grp-a001-02-000000046126151,h,08,56,0,0,498,36
grp-a001-02-000000046126151,h,09,62,0,0,638,38
grp-a001-02-000000046126151,h,10,72,1,974,1668,44
grp-a001-02-000000046126151,h,11,96,0,0,988,59
grp-a001-02-000000046126151,h,12,80,1,1024,1156,53
grp-a001-02-000000046126151,h,13,76,0,0,720,44
grp-a001-02-000000046126151,h,14,81,1,1010,729,48
grp-a001-02-000000046126151,h,15,74,0,0,651,42
grp-a001-02-000000046126151,h,16,68,1,1320,525,42
grp-a001-02-000000046126151,h,17,91,0,0,1770,50
grp-a001-02-000000046126151,h,18,69,0,0,710,39
grp-a001-02-000000046126151,h,19,72,1,1045,722,45
grp-a001-02-000000046126151,h,20,74,0,0,575,50
grp-a001-02-000000046126151,h,21,101,0,0,960,56
grp-a001-02-000000046126151,h,22,98,0,0,866,57
grp-a001-02-000000046126151,h,23,110,0,0,982,59
grp-a001-02-000000046126151,m,11068,264,0,0,4095,51
grp-a001-02-000000046126151,m,27758,68,0,0,189,34
grp-a001-02-000000046126151,m,33421,186,1,974,4535,67
grp-a001-02-000000046126151,m,335738,2,0,0,17,2
grp-a001-02-000000046126151,m,341893,478,3,3354,3727,110
grp-a001-02-000000046126151,m,341898,39,0,0,138,27
grp-a001-02-000000046126151,m,370822,26,0,0,109,16
grp-a001-02-000000046126151,m,612593,14,0,0,218,11
grp-a001-02-000000046126151,m,612594,13,0,0,73,9
grp-a001-02-000000046126151,m,684925,11,0,0,11,6
grp-a001-02-000000046126151,m,684926,258,1,1045,2213,96
grp-a001-02-000000046126151,m,684927,90,0,0,889,48
grp-a001-02-000000046126151,m,8753,84,1,1012,532,49
grp-a001-02-000000046126151,r,00,25,0,0,290,15
grp-a001-02-000000046126151,r,01,26,0,0,179,18
grp-a001-02-000000046126151,r,02,364,0,0,3948,118
grp-a001-02-000000046126151,r,03,55,0,0,518,40
grp-a001-02-000000046126151,r,04,56,1,974,867,36
grp-a001-02-000000046126151,r,05,19,1,1024,147,15
grp-a001-02-000000046126151,r,06,61,0,0,566,34
grp-a001-02-000000046126151,r,07,36,0,0,294,26
grp-a001-02-000000046126151,r,08,62,0,0,599,42
grp-a001-02-000000046126151,r,09,364,2,2330,3312,118
grp-a001-02-000000046126151,r,10,20,0,0,141,13
grp-a001-02-000000046126151,r,11,66,0,0,663,42
grp-a001-02-000000046126151,r,12,28,0,0,224,18
grp-a001-02-000000046126151,r,13,39,1,1045,609,26
grp-a001-02-000000046126151,r,14,5,0,0,56,5
grp-a001-02-000000046126151,r,15,45,0,0,647,30
grp-a001-02-000000046126151,r,16,31,1,1012,279,26
grp-a001-02-000000046126151,r,17,9,0,0,179,8
grp-a001-02-000000046126151,r,18,12,0,0,277,11
grp-a001-02-000000046126151,r,99,210,0,0,2951,63
grp-a001-02-000000046126174,h,00,132,0,0,911,57
grp-a001-02-000000046126174,h,01,82,0,0,597,40
grp-a001-02-000000046126174,h,02,29,0,0,251,25
grp-a001-02-000000046126174,h,03,32,0,0,269,24
grp-a001-02-000000046126174,h,04,21,0,0,243,16
grp-a001-02-000000046126174,h,05,23,0,0,235,19
grp-a001-02-000000046126174,h,06,36,0,0,261,25
grp-a001-02-000000046126174,h,07,57,0,0,499,31
grp-a001-02-000000046126174,h,08,76,0,0,575,45
grp-a001-02-000000046126174,h,09,65,1,847,677,43
grp-a001-02-000000046126174,h,10,92,0,0,1984,48
grp-a001-02-000000046126174,h,11,79,0,0,884,50
grp-a001-02-000000046126174,h,12,109,0,0,1575,60
grp-a001-02-000000046126174,h,13,70,0,0,873,50
grp-a001-02-000000046126174,h,14,61,0,0,800,43
grp-a001-02-000000046126174,h,15,81,0,0,796,50
grp-a001-02-000000046126174,h,16,68,0,0,602,49
grp-a001-02-000000046126174,h,17,87,1,853,1956,48
grp-a001-02-000000046126174,h,18,71,0,0,687,42
grp-a001-02-000000046126174,h,19,66,0,0,565,38
grp-a001-02-000000046126174,h,20,105,1,973,1007,61
grp-a001-02-000000046126174,h,21,97,0,0,977,56
grp-a001-02-000000046126174,h,22,96,0,0,931,54
grp-a001-02-000000046126174,h,23,112,3,3521,952,54
grp-a001-02-000000046126174,m,11068,232,1,973,3583,70
grp-a001-02-000000046126174,m,27758,124,0,0,344,11
grp-a001-02-000000046126174,m,33421,535,0,0,8025,107
grp-a001-02-000000046126174,m,335738,2,0,0,14,2
grp-a001-02-000000046126174,m,341893,315,2,1700,2482,102
grp-a001-02-000000046126174,m,341898,17,1,1260,42,13
grp-a001-02-000000046126174,m,370822,21,0,0,64,20
grp-a001-02-000000046126174,m,612593,11,0,0,144,9
grp-a001-02-000000046126174,m,612594,11,0,0,51,10
grp-a001-02-000000046126174,m,684924,1,0,0,1,1
grp-a001-02-000000046126174,m,684925,30,0,0,30,9
grp-a001-02-000000046126174,m,684926,209,1,1290,2089,91
grp-a001-02-000000046126174,m,684927,102,0,0,1270,64
grp-a001-02-000000046126174,m,8753,137,1,971,968,59
grp-a001-02-000000046126174,r,00,11,0,0,111,6
grp-a001-02-000000046126174,r,01,30,0,0,361,21
grp-a001-02-000000046126174,r,02,451,2,1824,4753,115
grp-a001-02-000000046126174,r,03,60,0,0,542,43
grp-a001-02-000000046126174,r,04,54,0,0,804,37
grp-a001-02-000000046126174,r,05,39,1,1260,476,21
grp-a001-02-000000046126174,r,06,35,0,0,684,21
grp-a001-02-000000046126174,r,07,26,0,0,171,18
grp-a001-02-000000046126174,r,08,72,0,0,700,47
grp-a001-02-000000046126174,r,09,329,2,2263,3453,113
grp-a001-02-000000046126174,r,10,20,0,0,165,16
grp-a001-02-000000046126174,r,11,116,0,0,1379,62
grp-a001-02-000000046126174,r,12,25,1,847,215,21
grp-a001-02-000000046126174,r,13,34,0,0,700,24
grp-a001-02-000000046126174,r,14,11,0,0,161,9
grp-a001-02-000000046126174,r,15,125,0,0,1580,64
grp-a001-02-000000046126174,r,16,36,0,0,350,30
grp-a001-02-000000046126174,r,17,11,0,0,116,8
grp-a001-02-000000046126174,r,18,8,0,0,106,6
grp-a001-02-000000046126174,r,99,254,0,0,2280,70
grp-a001-02-000000046126176,h,00,86,1,1338,553,39
grp-a001-02-000000046126176,h,01,71,0,0,444,38
grp-a001-02-000000046126176,h,02,26,0,0,164,17
grp-a001-02-000000046126176,h,03,6,0,0,50,6
grp-a001-02-000000046126176,h,04,7,0,0,55,5
grp-a001-02-000000046126176,h,05,4,0,0,48,4
grp-a001-02-000000046126176,h,06,13,0,0,83,11
grp-a001-02-000000046126176,h,07,35,0,0,275,24
grp-a001-02-000000046126176,h,08,60,0,0,392,33
grp-a001-02-000000046126176,h,09,80,0,0,520,42
grp-a001-02-000000046126176,h,10,69,0,0,334,38
grp-a001-02-000000046126176,h,11,95,2,2145,524,55
grp-a001-02-000000046126176,h,12,55,0,0,380,40
grp-a001-02-000000046126176,h,13,61,0,0,337,33
grp-a001-02-000000046126176,h,14,71,1,1292,405,40
grp-a001-02-000000046126176,h,15,65,0,0,449,45
grp-a001-02-000000046126176,h,16,69,0,0,586,44
grp-a001-02-000000046126176,h,17,72,0,0,510,42
grp-a001-02-000000046126176,h,18,60,0,0,434,39
grp-a001-02-000000046126176,h,19,56,0,0,342,33
grp-a001-02-000000046126176,h,20,61,0,0,373,36
grp-a001-02-000000046126176,h,21,63,0,0,381,42
grp-a001-02-000000046126176,h,22,102,0,0,564,49
grp-a001-02-000000046126176,h,23,72,0,0,484,40
grp-a001-02-000000046126176,m,11068,247,0,0,1755,73
grp-a001-02-000000046126176,m,27758,98,0,0,171,28
grp-a001-02-000000046126176,m,33421,289,2,2383,2364,99
grp-a001-02-000000046126176,m,335738,127,0,0,903,25
grp-a001-02-000000046126176,m,341893,215,1,1292,1194,69
grp-a001-02-000000046126176,m,341898,37,0,0,87,27
grp-a001-02-000000046126176,m,370822,14,0,0,31,11
grp-a001-02-000000046126176,m,612593,11,0,0,136,8
grp-a001-02-000000046126176,m,612594,16,0,0,80,11
grp-a001-02-000000046126176,m,684924,5,0,0,5,5
grp-a001-02-000000046126176,m,684925,16,0,0,16,12
grp-a001-02-000000046126176,m,684926,137,1,1100,955,68
grp-a001-02-000000046126176,m,684927,45,0,0,381,31
grp-a001-02-000000046126176,m,8753,102,0,0,609,54
grp-a001-02-000000046126176,r,00,9,0,0,78,6
grp-a001-02-000000046126176,r,01,26,0,0,193,18
grp-a001-02-000000046126176,r,02,365,2,2145,2235,106
grp-a001-02-000000046126176,r,03,46,0,0,310,36
grp-a001-02-000000046126176,r,04,41,0,0,209,32
grp-a001-02-000000046126176,r,05,12,0,0,62,9
grp-a001-02-000000046126176,r,06,69,0,0,442,36
grp-a001-02-000000046126176,r,07,19,0,0,113,14
grp-a001-02-000000046126176,r,08,45,0,0,308,32
grp-a001-02-000000046126176,r,09,295,1,1292,1800,98
grp-a001-02-000000046126176,r,10,20,0,0,100,14
grp-a001-02-000000046126176,r,11,62,0,0,479,40
grp-a001-02-000000046126176,r,12,16,0,0,146,11
grp-a001-02-000000046126176,r,13,32,0,0,223,24
grp-a001-02-000000046126176,r,14,15,0,0,103,10
grp-a001-02-000000046126176,r,15,56,1,1338,378,35
grp-a001-02-000000046126176,r,16,43,0,0,249,35
grp-a001-02-000000046126176,r,17,12,0,0,43,11
grp-a001-02-000000046126176,r,18,23,0,0,178,13
grp-a001-02-000000046126176,r,99,153,0,0,1038,57
grp-a001-02-000000046126177,h,00,30,1,1750,115,7
grp-a001-02-000000046126177,h,01,18,0,0,74,7
grp-a001-02-000000046126177,h,02,5,0,0,15,4
grp-a001-02-000000046126177,h,03,6,0,0,33,4
grp-a001-02-000000046126177,h,04,5,0,0,14,5
grp-a001-02-000000046126177,h,05,7,0,0,23,3
grp-a001-02-000000046126177,h,06,16,0,0,61,6
grp-a001-02-000000046126177,h,07,18,0,0,81,7
grp-a001-02-000000046126177,h,08,15,0,0,63,6
grp-a001-02-000000046126177,h,09,37,1,1630,146,9
grp-a001-02-000000046126177,h,10,23,0,0,115,9
grp-a001-02-000000046126177,h,11,32,0,0,100,10
grp-a001-02-000000046126177,h,12,20,0,0,73,7
grp-a001-02-000000046126177,h,13,11,0,0,60,6
grp-a001-02-000000046126177,h,14,17,0,0,54,5
grp-a001-02-000000046126177,h,15,27,0,0,115,6
grp-a001-02-000000046126177,h,16,23,0,0,144,8
grp-a001-02-000000046126177,h,17,24,0,0,135,9
grp-a001-02-000000046126177,h,18,18,0,0,117,5
grp-a001-02-000000046126177,h,19,16,0,0,116,7
grp-a001-02-000000046126177,h,20,22,2,2980,77,8
grp-a001-02-000000046126177,h,21,20,0,0,92,6
grp-a001-02-000000046126177,h,22,31,0,0,164,9
grp-a001-02-000000046126177,h,23,44,0,0,218,9
grp-a001-02-000000046126177,m,11068,26,1,1240,99,8
grp-a001-02-000000046126177,m,27758,50,0,0,94,8
grp-a001-02-000000046126177,m,33421,106,0,0,643,14
grp-a001-02-000000046126177,m,335738,32,0,0,142,7
grp-a001-02-000000046126177,m,341893,76,0,0,361,9
grp-a001-02-000000046126177,m,341898,33,0,0,48,10
grp-a001-02-000000046126177,m,370822,10,0,0,23,5
grp-a001-02-000000046126177,m,556927,2,0,0,2,1
grp-a001-02-000000046126177,m,612593,4,0,0,36,3
grp-a001-02-000000046126177,m,612594,22,1,1740,93,7
grp-a001-02-000000046126177,m,684924,4,0,0,4,2
grp-a001-02-000000046126177,m,684925,6,1,1630,6,3
grp-a001-02-000000046126177,m,684926,48,0,0,311,12
grp-a001-02-000000046126177,m,684927,13,0,0,83,7
grp-a001-02-000000046126177,m,8753,53,1,1750,260,12
grp-a001-02-000000046126177,r,00,3,0,0,14,2
grp-a001-02-000000046126177,r,01,18,0,0,81,6
grp-a001-02-000000046126177,r,02,125,1,1630,543,14
grp-a001-02-000000046126177,r,03,17,0,0,70,8
grp-a001-02-000000046126177,r,04,18,1,1240,84,7
grp-a001-02-000000046126177,r,05,15,0,0,73,8
grp-a001-02-000000046126177,r,06,19,0,0,113,6
grp-a001-02-000000046126177,r,07,12,0,0,69,6
grp-a001-02-000000046126177,r,08,23,1,1750,113,10
grp-a001-02-000000046126177,r,09,119,1,1740,440,11
grp-a001-02-000000046126177,r,10,1,0,0,3,1
grp-a001-02-000000046126177,r,11,24,0,0,141,9
grp-a001-02-000000046126177,r,12,15,0,0,64,8
grp-a001-02-000000046126177,r,13,10,0,0,76,7
grp-a001-02-000000046126177,r,14,11,0,0,45,5
grp-a001-02-000000046126177,r,15,12,0,0,61,6
grp-a001-02-000000046126177,r,16,12,0,0,59,7
grp-a001-02-000000046126177,r,17,4,0,0,19,3
grp-a001-02-000000046126177,r,99,27,0,0,137,9
grp-a001-02-000000046126252,h,00,58,0,0,462,38
grp-a001-02-000000046126252,h,01,35,1,1012,342,21
grp-a001-02-000000046126252,h,02,17,0,0,95,12
grp-a001-02-000000046126252,h,03,13,0,0,205,13
grp-a001-02-000000046126252,h,04,12,0,0,145,10
grp-a001-02-000000046126252,h,05,10,0,0,136,7
grp-a001-02-000000046126252,h,06,9,0,0,170,9
grp-a001-02-000000046126252,h,07,16,0,0,121,11
grp-a001-02-000000046126252,h,08,28,0,0,195,18
grp-a001-02-000000046126252,h,09,50,0,0,521,34
grp-a001-02-000000046126252,h,10,38,0,0,293,29
grp-a001-02-000000046126252,h,11,36,0,0,285,26
grp-a001-02-000000046126252,h,12,41,0,0,494,32
grp-a001-02-000000046126252,h,13,30,0,0,339,26
grp-a001-02-000000046126252,h,14,37,0,0,502,31
grp-a001-02-000000046126252,h,15,53,0,0,392,31
grp-a001-02-000000046126252,h,16,50,0,0,511,33
grp-a001-02-000000046126252,h,17,34,0,0,351,25
grp-a001-02-000000046126252,h,18,45,0,0,414,26
grp-a001-02-000000046126252,h,19,34,0,0,336,23
grp-a001-02-000000046126252,h,20,43,1,1039,413,25
grp-a001-02-000000046126252,h,21,45,0,0,388,33
grp-a001-02-000000046126252,h,22,59,0,0,530,35
grp-a001-02-000000046126252,h,23,49,0,0,468,33
grp-a001-02-000000046126252,m,11068,179,0,0,3335,64
grp-a001-02-000000046126252,m,27758,119,0,0,261,10
grp-a001-02-000000046126252,m,33421,83,0,0,729,46
grp-a001-02-000000046126252,m,341893,225,1,1012,1992,94
grp-a001-02-000000046126252,m,341898,13,0,0,39,9
grp-a001-02-000000046126252,m,370822,13,0,0,45,13
grp-a001-02-000000046126252,m,612593,31,0,0,508,12
grp-a001-02-000000046126252,m,612594,1,0,0,5,1
grp-a001-02-000000046126252,m,684924,10,0,0,10,8
grp-a001-02-000000046126252,m,684925,10,0,0,10,8
grp-a001-02-000000046126252,m,684926,59,0,0,478,41
grp-a001-02-000000046126252,m,684927,28,0,0,254,22
grp-a001-02-000000046126252,m,8753,71,1,1039,442,34
grp-a001-02-000000046126252,r,00,8,0,0,100,7
grp-a001-02-000000046126252,r,01,18,0,0,156,16
grp-a001-02-000000046126252,r,02,166,2,2051,1452,84
grp-a001-02-000000046126252,r,03,32,0,0,284,24
grp-a001-02-000000046126252,r,04,24,0,0,207,20
grp-a001-02-000000046126252,r,05,18,0,0,170,15
grp-a001-02-000000046126252,r,06,21,0,0,198,14
grp-a001-02-000000046126252,r,07,22,0,0,147,17
grp-a001-02-000000046126252,r,08,25,0,0,186,16
grp-a001-02-000000046126252,r,09,177,0,0,1575,91
grp-a001-02-000000046126252,r,10,18,0,0,108,14
grp-a001-02-000000046126252,r,11,36,0,0,327,26
grp-a001-02-000000046126252,r,12,16,0,0,140,11
grp-a001-02-000000046126252,r,13,21,0,0,236,15
grp-a001-02-000000046126252,r,14,3,0,0,65,3
grp-a001-02-000000046126252,r,15,20,0,0,238,18
grp-a001-02-000000046126252,r,16,21,0,0,218,15
grp-a001-02-000000046126252,r,17,7,0,0,85,6
grp-a001-02-000000046126252,r,18,12,0,0,145,9
grp-a001-02-000000046126252,r,99,177,0,0,2071,53
grp-a001-02-000000046126256,h,00,100,0,0,561,49
grp-a001-02-000000046126256,h,01,67,1,1322,344,44
grp-a001-02-000000046126256,h,02,22,0,0,178,17
grp-a001-02-000000046126256,h,03,23,1,1610,168,19
grp-a001-02-000000046126256,h,04,19,0,0,152,14
grp-a001-02-000000046126256,h,05,8,0,0,42,7
grp-a001-02-000000046126256,h,06,26,0,0,118,14
grp-a001-02-000000046126256,h,07,45,0,0,301,33
grp-a001-02-000000046126256,h,08,70,0,0,442,41
grp-a001-02-000000046126256,h,09,85,1,1710,395,45
grp-a001-02-000000046126256,h,10,93,1,1347,510,50
grp-a001-02-000000046126256,h,11,93,0,0,585,54
grp-a001-02-000000046126256,h,12,104,1,1380,589,57
grp-a001-02-000000046126256,h,13,89,0,0,503,60
grp-a001-02-000000046126256,h,14,110,1,1353,570,55
grp-a001-02-000000046126256,h,15,93,0,0,624,54
grp-a001-02-000000046126256,h,16,88,1,1237,593,50
grp-a001-02-000000046126256,h,17,124,3,4287,709,60
grp-a001-02-000000046126256,h,18,83,1,1312,514,50
grp-a001-02-000000046126256,h,19,91,0,0,541,55
grp-a001-02-000000046126256,h,20,100,1,1336,602,56
grp-a001-02-000000046126256,h,21,106,0,0,648,57
grp-a001-02-000000046126256,h,22,111,0,0,634,58
grp-a001-02-000000046126256,h,23,112,0,0,608,60
grp-a001-02-000000046126256,m,11068,216,0,0,1633,58
grp-a001-02-000000046126256,m,27758,164,4,6039,281,38
grp-a001-02-000000046126256,m,33421,240,0,0,1713,80
grp-a001-02-000000046126256,m,335738,109,0,0,583,24
grp-a001-02-000000046126256,m,341893,345,1,1380,2067,109
grp-a001-02-000000046126256,m,341898,87,0,0,176,49
grp-a001-02-000000046126256,m,370822,31,0,0,79,26
grp-a001-02-000000046126256,m,556927,1,0,0,1,1
grp-a001-02-000000046126256,m,612593,113,0,0,1457,45
grp-a001-02-000000046126256,m,612594,41,0,0,211,18
grp-a001-02-000000046126256,m,684924,17,0,0,17,12
grp-a001-02-000000046126256,m,684925,54,0,0,54,23
grp-a001-02-000000046126256,m,684926,177,2,2689,1042,80
grp-a001-02-000000046126256,m,684927,71,0,0,537,45
grp-a001-02-000000046126256,m,8753,196,5,6786,1080,57
grp-a001-02-000000046126256,r,00,98,1,1347,1166,40
grp-a001-02-000000046126256,r,01,39,0,0,288,27
grp-a001-02-000000046126256,r,02,441,1,1267,2159,112
grp-a001-02-000000046126256,r,03,92,0,0,501,48
grp-a001-02-000000046126256,r,04,48,0,0,340,33
grp-a001-02-000000046126256,r,05,18,0,0,106,16
grp-a001-02-000000046126256,r,06,97,1,1610,441,46
grp-a001-02-000000046126256,r,07,34,0,0,161,27
grp-a001-02-000000046126256,r,08,75,0,0,392,49
grp-a001-02-000000046126256,r,09,429,4,5761,2356,106
grp-a001-02-000000046126256,r,10,19,0,0,112,18
grp-a001-02-000000046126256,r,11,74,0,0,464,47
grp-a001-02-000000046126256,r,12,29,0,0,127,21
grp-a001-02-000000046126256,r,13,33,0,0,219,22
grp-a001-02-000000046126256,r,14,18,0,0,117,12
grp-a001-02-000000046126256,r,15,66,2,3090,399,44
grp-a001-02-000000046126256,r,16,46,1,1312,249,34
grp-a001-02-000000046126256,r,17,23,0,0,117,13
grp-a001-02-000000046126256,r,18,21,2,2507,95,15
grp-a001-02-000000046126256,r,99,162,0,0,1122,54
grp-a001-02-000000046126369,h,00,132,1,1154,650,65
grp-a001-02-000000046126369,h,01,84,0,0,480,49
grp-a001-02-000000046126369,h,02,42,0,0,289,30
grp-a001-02-000000046126369,h,03,18,0,0,103,13
grp-a001-02-000000046126369,h,04,13,0,0,112,11
grp-a001-02-000000046126369,h,05,12,0,0,51,10
grp-a001-02-000000046126369,h,06,30,0,0,109,18
grp-a001-02-000000046126369,h,07,62,0,0,321,35
grp-a001-02-000000046126369,h,08,115,0,0,545,52
grp-a001-02-000000046126369,h,09,133,3,3568,596,62
grp-a001-02-000000046126369,h,10,126,1,1690,572,63
grp-a001-02-000000046126369,h,11,220,1,1344,1047,92
grp-a001-02-000000046126369,h,12,98,0,0,449,46
grp-a001-02-000000046126369,h,13,151,1,1288,761,62
grp-a001-02-000000046126369,h,14,132,3,3245,634,55
grp-a001-02-000000046126369,h,15,133,0,0,606,61
grp-a001-02-000000046126369,h,16,103,1,1084,571,55
grp-a001-02-000000046126369,h,17,125,1,1192,674,59
grp-a001-02-000000046126369,h,18,116,3,3909,553,69
grp-a001-02-000000046126369,h,19,130,1,1288,736,66
grp-a001-02-000000046126369,h,20,135,0,0,694,65
grp-a001-02-000000046126369,h,21,156,0,0,759,70
grp-a001-02-000000046126369,h,22,172,1,1353,835,72
grp-a001-02-000000046126369,h,23,177,2,2608,1061,75
grp-a001-02-000000046126369,m,11068,349,0,0,2358,85
grp-a001-02-000000046126369,m,122876,2,0,0,8,1
grp-a001-02-000000046126369,m,27758,194,2,3043,395,53
grp-a001-02-000000046126369,m,33421,388,0,0,2491,120
grp-a001-02-000000046126369,m,335738,173,0,0,989,36
grp-a001-02-000000046126369,m,341893,360,2,2498,2350,119
grp-a001-02-000000046126369,m,341898,85,0,0,204,48
grp-a001-02-000000046126369,m,370822,55,0,0,180,44
grp-a001-02-000000046126369,m,612593,17,0,0,159,14
grp-a001-02-000000046126369,m,612594,39,1,1297,185,21
grp-a001-02-000000046126369,m,684924,50,0,0,50,19
grp-a001-02-000000046126369,m,684925,90,0,0,90,36
grp-a001-02-000000046126369,m,684926,289,4,5243,1467,105
grp-a001-02-000000046126369,m,684927,81,0,0,491,51
grp-a001-02-000000046126369,m,8753,443,10,11642,1791,108
grp-a001-02-000000046126369,r,00,26,0,0,143,14
grp-a001-02-000000046126369,r,01,58,3,4338,346,39
grp-a001-02-000000046126369,r,02,649,4,4681,3380,133
grp-a001-02-000000046126369,r,03,95,1,1154,437,59
grp-a001-02-000000046126369,r,04,87,0,0,469,53
grp-a001-02-000000046126369,r,05,29,0,0,150,19
grp-a001-02-000000046126369,r,06,115,0,0,552,53
grp-a001-02-000000046126369,r,07,60,0,0,288,37
grp-a001-02-000000046126369,r,08,120,0,0,616,65
grp-a001-02-000000046126369,r,09,628,3,3637,2943,129
grp-a001-02-000000046126369,r,10,32,0,0,129,26
grp-a001-02-000000046126369,r,11,128,3,3644,683,65
grp-a001-02-000000046126369,r,12,50,2,2266,215,30
grp-a001-02-000000046126369,r,13,58,0,0,261,41
grp-a001-02-000000046126369,r,14,25,0,0,132,19
grp-a001-02-000000046126369,r,15,84,0,0,489,48
grp-a001-02-000000046126369,r,16,60,0,0,301,42
grp-a001-02-000000046126369,r,17,22,0,0,129,17
grp-a001-02-000000046126369,r,18,45,1,1353,257,23
grp-a001-02-000000046126369,r,99,244,2,2650,1288,74
grp-a001-02-000000046126373,h,00,148,0,0,668,74
grp-a001-02-000000046126373,h,01,135,0,0,566,59
grp-a001-02-000000046126373,h,02,62,0,0,257,36
grp-a001-02-000000046126373,h,03,16,0,0,58,14
grp-a001-02-000000046126373,h,04,28,0,0,95,19
grp-a001-02-000000046126373,h,05,19,1,1234,61,12
grp-a001-02-000000046126373,h,06,36,0,0,118,22
grp-a001-02-000000046126373,h,07,67,0,0,327,40
grp-a001-02-000000046126373,h,08,97,1,1085,587,56
grp-a001-02-000000046126373,h,09,135,3,3385,562,62
grp-a001-02-000000046126373,h,10,142,1,593,600,79
grp-a001-02-000000046126373,h,11,273,3,2588,1021,111
grp-a001-02-000000046126373,h,12,139,1,745,594,74
grp-a001-02-000000046126373,h,13,153,3,3138,615,71
grp-a001-02-000000046126373,h,14,199,1,1143,683,86
grp-a001-02-000000046126373,h,15,201,2,2335,793,83
grp-a001-02-000000046126373,h,16,198,0,0,696,83
grp-a001-02-000000046126373,h,17,168,0,0,851,78
grp-a001-02-000000046126373,h,18,161,3,3276,712,73
grp-a001-02-000000046126373,h,19,164,0,0,732,74
grp-a001-02-000000046126373,h,20,170,2,2380,657,64
grp-a001-02-000000046126373,h,21,209,1,1203,782,81
grp-a001-02-000000046126373,h,22,223,1,991,1126,92
grp-a001-02-000000046126373,h,23,224,1,1730,1004,87
grp-a001-02-000000046126373,m,11068,307,1,1730,1796,89
grp-a001-02-000000046126373,m,122876,218,0,0,246,39
grp-a001-02-000000046126373,m,27758,313,2,2135,561,95
grp-a001-02-000000046126373,m,33421,329,0,0,1992,113
grp-a001-02-000000046126373,m,335738,174,0,0,994,43
grp-a001-02-000000046126373,m,341893,495,0,0,3732,130
grp-a001-02-000000046126373,m,341898,108,0,0,301,60
grp-a001-02-000000046126373,m,370822,39,0,0,106,32
grp-a001-02-000000046126373,m,424040,233,0,0,521,57
grp-a001-02-000000046126373,m,612593,39,0,0,253,28
grp-a001-02-000000046126373,m,612594,33,0,0,124,20
grp-a001-02-000000046126373,m,684924,37,0,0,37,27
grp-a001-02-000000046126373,m,684925,211,1,1311,211,76
grp-a001-02-000000046126373,m,684926,295,4,3811,1347,107
grp-a001-02-000000046126373,m,684927,90,1,1132,446,59
grp-a001-02-000000046126373,m,805759,1,0,0,3,1
grp-a001-02-000000046126373,m,8753,445,15,15707,1495,111
grp-a001-02-000000046126373,r,00,24,0,0,65,17
grp-a001-02-000000046126373,r,01,72,1,1136,312,43
grp-a001-02-000000046126373,r,02,926,4,4470,3552,145
grp-a001-02-000000046126373,r,03,135,1,1050,580,67
grp-a001-02-000000046126373,r,04,94,0,0,520,52
grp-a001-02-000000046126373,r,05,37,1,1085,187,26
grp-a001-02-000000046126373,r,06,138,1,1132,565,60
grp-a001-02-000000046126373,r,07,86,2,1752,350,50
grp-a001-02-000000046126373,r,08,158,1,1143,763,73
grp-a001-02-000000046126373,r,09,811,3,2928,3186,140
grp-a001-02-000000046126373,r,10,44,2,1816,180,31
grp-a001-02-000000046126373,r,11,169,2,1703,845,82
grp-a001-02-000000046126373,r,12,52,0,0,258,30
grp-a001-02-000000046126373,r,13,63,0,0,286,39
grp-a001-02-000000046126373,r,14,34,2,2533,169,25
grp-a001-02-000000046126373,r,15,103,2,3041,500,61
grp-a001-02-000000046126373,r,16,93,1,745,405,55
grp-a001-02-000000046126373,r,17,52,0,0,175,33
grp-a001-02-000000046126373,r,18,43,1,1292,131,25
grp-a001-02-000000046126373,r,99,233,0,0,1136,76
grp-a001-02-000000046161213,h,00,558,8,10363,2820,121
grp-a001-02-000000046161213,h,01,413,7,9799,1871,106
grp-a001-02-000000046161213,h,02,183,2,2107,909,68
grp-a001-02-000000046161213,h,03,119,1,1606,673,50
grp-a001-02-000000046161213,h,04,132,1,1620,694,51
grp-a001-02-000000046161213,h,05,114,0,0,577,48
grp-a001-02-000000046161213,h,06,162,3,3167,877,57
grp-a001-02-000000046161213,h,07,270,2,2234,1679,88
grp-a001-02-000000046161213,h,08,412,3,4665,2343,112
grp-a001-02-000000046161213,h,09,559,2,3035,2986,106
grp-a001-02-000000046161213,h,10,606,5,7390,3117,123
grp-a001-02-000000046161213,h,11,619,3,3513,3055,136
grp-a001-02-000000046161213,h,12,451,3,3455,2264,111
grp-a001-02-000000046161213,h,13,544,5,6936,2790,114
grp-a001-02-000000046161213,h,14,554,5,7750,3025,118
grp-a001-02-000000046161213,h,15,540,6,8151,2892,122
grp-a001-02-000000046161213,h,16,560,6,8036,2873,116
grp-a001-02-000000046161213,h,17,498,1,1489,2490,120
grp-a001-02-000000046161213,h,18,478,1,1124,2639,112
grp-a001-02-000000046161213,h,19,463,3,4312,2501,113
grp-a001-02-000000046161213,h,20,513,5,7442,2641,115
grp-a001-02-000000046161213,h,21,574,6,7705,2827,121
grp-a001-02-000000046161213,h,22,716,4,4403,3917,125
grp-a001-02-000000046161213,h,23,652,3,3719,3745,121
grp-a001-02-000000046161213,m,11068,1871,8,10062,11732,141
grp-a001-02-000000046161213,m,27758,1358,6,7944,2299,132
grp-a001-02-000000046161213,m,33421,1624,8,10019,11643,145
grp-a001-02-000000046161213,m,335738,503,0,0,1790,82
grp-a001-02-000000046161213,m,341893,707,2,2931,5063,132
grp-a001-02-000000046161213,m,341898,135,0,0,388,70
grp-a001-02-000000046161213,m,370822,99,1,1174,268,61
grp-a001-02-000000046161213,m,556927,1,0,0,1,1
grp-a001-02-000000046161213,m,612593,146,1,1440,1475,52
grp-a001-02-000000046161213,m,612594,180,2,3283,619,71
grp-a001-02-000000046161213,m,684924,107,0,0,107,54
grp-a001-02-000000046161213,m,684925,311,2,2501,311,93
grp-a001-02-000000046161213,m,684926,1073,5,6817,7176,142
grp-a001-02-000000046161213,m,684927,426,3,3468,3344,106
grp-a001-02-000000046161213,m,805759,20,0,0,268,8
grp-a001-02-000000046161213,m,805760,4,0,0,22,2
grp-a001-02-000000046161213,m,8753,2125,47,64382,9699,147
grp-a001-02-000000046161213,r,00,98,1,1155,496,44
grp-a001-02-000000046161213,r,01,229,5,7202,1247,86
grp-a001-02-000000046161213,r,02,2401,23,30483,12546,152
grp-a001-02-000000046161213,r,03,417,2,2483,2297,111
grp-a001-02-000000046161213,r,04,359,2,3015,2009,114
grp-a001-02-000000046161213,r,05,169,3,3197,1202,56
grp-a001-02-000000046161213,r,06,317,3,3925,1775,96
grp-a001-02-000000046161213,r,07,259,2,2593,1343,85
grp-a001-02-000000046161213,r,08,456,5,6961,2423,120
grp-a001-02-000000046161213,r,09,2316,15,19169,12566,149
grp-a001-02-000000046161213,r,10,173,2,3261,820,68
grp-a001-02-000000046161213,r,11,501,6,9031,2537,118
grp-a001-02-000000046161213,r,12,139,2,2884,727,61
grp-a001-02-000000046161213,r,13,299,1,1577,1609,97
grp-a001-02-000000046161213,r,14,62,0,0,391,37
grp-a001-02-000000046161213,r,15,420,7,8886,2183,104
grp-a001-02-000000046161213,r,16,231,1,1501,1198,81
grp-a001-02-000000046161213,r,17,91,0,0,472,51
grp-a001-02-000000046161213,r,18,180,2,3295,1059,41
grp-a001-02-000000046161213,r,99,1573,3,3403,7305,126
grp-a001-02-000000046161215,h,00,95,1,770,814,51
grp-a001-02-000000046161215,h,01,55,0,0,395,34
grp-a001-02-000000046161215,h,02,47,0,0,440,23
grp-a001-02-000000046161215,h,03,14,0,0,165,8
grp-a001-02-000000046161215,h,04,17,1,572,136,10
grp-a001-02-000000046161215,h,05,17,0,0,141,9
grp-a001-02-000000046161215,h,06,32,0,0,339,16
grp-a001-02-000000046161215,h,07,37,0,0,387,22
grp-a001-02-000000046161215,h,08,88,0,0,689,44
grp-a001-02-000000046161215,h,09,93,1,561,841,53
grp-a001-02-000000046161215,h,10,101,0,0,832,52
grp-a001-02-000000046161215,h,11,109,0,0,1091,55
grp-a001-02-000000046161215,h,12,67,0,0,543,37
grp-a001-02-000000046161215,h,13,105,2,1457,906,51
grp-a001-02-000000046161215,h,14,110,2,1514,1314,60
grp-a001-02-000000046161215,h,15,99,2,1549,1039,48
grp-a001-02-000000046161215,h,16,110,1,803,950,47
grp-a001-02-000000046161215,h,17,92,0,0,813,46
grp-a001-02-000000046161215,h,18,102,0,0,878,50
grp-a001-02-000000046161215,h,19,80,0,0,627,44
grp-a001-02-000000046161215,h,20,108,1,572,1047,51
grp-a001-02-000000046161215,h,21,96,0,0,954,60
grp-a001-02-000000046161215,h,22,112,0,0,1221,55
grp-a001-02-000000046161215,h,23,127,2,1127,1264,58
grp-a001-02-000000046161215,m,11068,220,1,746,2862,67
grp-a001-02-000000046161215,m,27758,93,0,0,166,32
grp-a001-02-000000046161215,m,33421,192,0,0,1984,69
grp-a001-02-000000046161215,m,335738,7,0,0,68,6
grp-a001-02-000000046161215,m,341893,191,0,0,2011,85
grp-a001-02-000000046161215,m,341898,3,0,0,21,3
grp-a001-02-000000046161215,m,370822,3,1,739,25,3
grp-a001-02-000000046161215,m,612593,43,1,803,416,20
grp-a001-02-000000046161215,m,612594,49,1,793,249,25
grp-a001-02-000000046161215,m,684924,14,0,0,14,11
grp-a001-02-000000046161215,m,684925,25,1,561,25,15
grp-a001-02-000000046161215,m,684926,660,3,1738,6101,127
grp-a001-02-000000046161215,m,684927,220,0,0,2103,87
grp-a001-02-000000046161215,m,805760,1,0,0,7,1
grp-a001-02-000000046161215,m,8753,192,5,3545,1774,75
grp-a001-02-000000046161215,r,00,17,1,561,122,7
grp-a001-02-000000046161215,r,01,43,0,0,391,22
grp-a001-02-000000046161215,r,02,460,1,572,4230,122
grp-a001-02-000000046161215,r,03,60,0,0,528,36
grp-a001-02-000000046161215,r,04,74,0,0,616,36
grp-a001-02-000000046161215,r,05,26,0,0,264,15
grp-a001-02-000000046161215,r,06,83,0,0,873,37
grp-a001-02-000000046161215,r,07,61,0,0,512,32
grp-a001-02-000000046161215,r,08,73,3,2231,743,40
grp-a001-02-000000046161215,r,09,468,4,2647,4221,118
grp-a001-02-000000046161215,r,10,49,0,0,407,25
grp-a001-02-000000046161215,r,11,72,0,0,684,42
grp-a001-02-000000046161215,r,12,22,0,0,186,14
grp-a001-02-000000046161215,r,13,54,1,746,687,31
grp-a001-02-000000046161215,r,14,16,0,0,151,9
grp-a001-02-000000046161215,r,15,46,0,0,371,33
grp-a001-02-000000046161215,r,16,50,0,0,562,32
grp-a001-02-000000046161215,r,17,20,0,0,169,12
grp-a001-02-000000046161215,r,18,38,0,0,418,17
grp-a001-02-000000046161215,r,99,181,3,2168,1691,70
grp-a001-02-000000046222149,h,00,142,2,1204,815,39
grp-a001-02-000000046222149,h,01,81,3,1447,384,26
grp-a001-02-000000046222149,h,02,58,0,0,394,26
grp-a001-02-000000046222149,h,03,47,0,0,359,22
grp-a001-02-000000046222149,h,04,36,0,0,282,19
grp-a001-02-000000046222149,h,05,53,0,0,359,26
grp-a001-02-000000046222149,h,06,80,0,0,448,32
grp-a001-02-000000046222149,h,07,96,3,1895,588,34
grp-a001-02-000000046222149,h,08,136,2,1405,717,37
grp-a001-02-000000046222149,h,09,130,3,1751,756,37
grp-a001-02-000000046222149,h,10,126,0,0,592,38
grp-a001-02-000000046222149,h,11,149,5,2824,864,40
grp-a001-02-000000046222149,h,12,141,4,2543,846,43
grp-a001-02-000000046222149,h,13,160,4,2276,1029,41
grp-a001-02-000000046222149,h,14,154,1,557,931,45
grp-a001-02-000000046222149,h,15,164,0,0,948,45
grp-a001-02-000000046222149,h,16,173,5,2835,1023,42
grp-a001-02-000000046222149,h,17,135,5,3103,735,45
grp-a001-02-000000046222149,h,18,104,1,658,644,37
grp-a001-02-000000046222149,h,19,150,4,2186,860,42
grp-a001-02-000000046222149,h,20,165,3,2103,1153,46
grp-a001-02-000000046222149,h,21,140,4,2310,800,44
grp-a001-02-000000046222149,h,22,156,5,2613,1054,44
grp-a001-02-000000046222149,h,23,137,2,1410,769,38
grp-a001-02-000000046222149,m,11068,151,0,0,1575,34
grp-a001-02-000000046222149,m,27758,109,3,1757,190,31
grp-a001-02-000000046222149,m,33421,672,5,2906,5719,50
grp-a001-02-000000046222149,m,341893,126,3,1967,983,53
grp-a001-02-000000046222149,m,341898,1,0,0,1,1
grp-a001-02-000000046222149,m,370822,1,0,0,5,1
grp-a001-02-000000046222149,m,684924,98,0,0,98,29
grp-a001-02-000000046222149,m,684925,87,0,0,87,14
grp-a001-02-000000046222149,m,684926,479,5,2451,4629,60
grp-a001-02-000000046222149,m,684927,74,1,685,878,31
grp-a001-02-000000046222149,m,805759,1,0,0,13,1
grp-a001-02-000000046222149,m,8753,1114,39,23354,3172,56
grp-a001-02-000000046222149,r,00,10,0,0,35,9
grp-a001-02-000000046222149,r,01,70,4,2295,345,28
grp-a001-02-000000046222149,r,02,680,10,5320,4090,69
grp-a001-02-000000046222149,r,03,134,3,1703,763,41
grp-a001-02-000000046222149,r,04,97,3,2111,478,38
grp-a001-02-000000046222149,r,05,5,0,0,67,4
grp-a001-02-000000046222149,r,06,104,3,1858,461,36
grp-a001-02-000000046222149,r,07,60,1,609,331,25
grp-a001-02-000000046222149,r,08,137,1,661,702,42
grp-a001-02-000000046222149,r,09,890,12,6331,5968,69
grp-a001-02-000000046222149,r,10,41,0,0,175,23
grp-a001-02-000000046222149,r,11,158,5,3175,921,41
grp-a001-02-000000046222149,r,12,9,0,0,34,8
grp-a001-02-000000046222149,r,13,74,1,451,390,29
grp-a001-02-000000046222149,r,14,32,0,0,78,11
grp-a001-02-000000046222149,r,15,85,4,2519,471,38
grp-a001-02-000000046222149,r,16,51,3,2080,258,28
grp-a001-02-000000046222149,r,17,13,0,0,94,9
grp-a001-02-000000046222149,r,18,109,3,2013,587,30
grp-a001-02-000000046222149,r,99,154,3,1994,1102,49
grp-a001-02-000000046222157,h,00,301,5,2583,1959,78
grp-a001-02-000000046222157,h,01,199,3,1606,1371,75
grp-a001-02-000000046222157,h,02,107,0,0,818,54
grp-a001-02-000000046222157,h,03,132,1,768,888,53
grp-a001-02-000000046222157,h,04,103,0,0,789,43
grp-a001-02-000000046222157,h,05,121,2,1587,884,52
grp-a001-02-000000046222157,h,06,157,2,1028,1098,67
grp-a001-02-000000046222157,h,07,249,5,2690,1807,82
grp-a001-02-000000046222157,h,08,289,7,3983,1960,90
grp-a001-02-000000046222157,h,09,327,5,3600,2058,92
grp-a001-02-000000046222157,h,10,363,10,7200,2801,99
grp-a001-02-000000046222157,h,11,329,5,2588,3055,96
grp-a001-02-000000046222157,h,12,405,8,5566,2922,102
grp-a001-02-000000046222157,h,13,305,8,5928,2064,89
grp-a001-02-000000046222157,h,14,397,7,5459,2959,107
grp-a001-02-000000046222157,h,15,370,9,6157,3022,99
grp-a001-02-000000046222157,h,16,369,10,5967,2862,104
grp-a001-02-000000046222157,h,17,413,4,2383,3651,108
grp-a001-02-000000046222157,h,18,336,5,3211,2341,102
grp-a001-02-000000046222157,h,19,378,7,4409,2721,89
grp-a001-02-000000046222157,h,20,355,8,5401,2507,96
grp-a001-02-000000046222157,h,21,406,14,8380,2828,109
grp-a001-02-000000046222157,h,22,385,9,6396,2680,92
grp-a001-02-000000046222157,h,23,408,10,6265,2925,99
grp-a001-02-000000046222157,m,11068,309,1,767,2571,92
grp-a001-02-000000046222157,m,122876,1,0,0,1,1
grp-a001-02-000000046222157,m,27758,233,17,11313,463,68
grp-a001-02-000000046222157,m,33421,2232,11,6925,19366,131
grp-a001-02-000000046222157,m,341893,743,4,3112,6862,99
grp-a001-02-000000046222157,m,341898,21,0,0,104,15
grp-a001-02-000000046222157,m,370822,32,0,0,111,12
grp-a001-02-000000046222157,m,424040,5,1,277,5,5
grp-a001-02-000000046222157,m,684924,198,1,200,198,82
grp-a001-02-000000046222157,m,684925,78,2,1121,78,46
grp-a001-02-000000046222157,m,684926,1129,22,13672,11329,137
grp-a001-02-000000046222157,m,684927,358,4,2452,4426,112
grp-a001-02-000000046222157,m,805759,3,0,0,38,3
grp-a001-02-000000046222157,m,805760,3,0,0,19,3
grp-a001-02-000000046222157,m,8753,1859,81,53316,7399,136
grp-a001-02-000000046222157,r,00,46,0,0,289,35
grp-a001-02-000000046222157,r,01,142,3,1955,998,72
grp-a001-02-000000046222157,r,02,1570,42,26933,11138,138
grp-a001-02-000000046222157,r,03,295,8,5052,2046,93
grp-a001-02-000000046222157,r,04,232,6,3308,1835,82
grp-a001-02-000000046222157,r,05,46,2,942,354,24
grp-a001-02-000000046222157,r,06,234,3,2701,2009,84
grp-a001-02-000000046222157,r,07,147,5,2541,1160,67
grp-a001-02-000000046222157,r,08,299,10,7183,2091,101
grp-a001-02-000000046222157,r,09,2435,26,17907,18075,134
grp-a001-02-000000046222157,r,10,105,2,1285,730,50
grp-a001-02-000000046222157,r,11,350,9,5950,2542,98
grp-a001-02-000000046222157,r,12,63,2,523,415,37
grp-a001-02-000000046222157,r,13,156,3,1608,1117,66
grp-a001-02-000000046222157,r,14,34,0,0,204,24
grp-a001-02-000000046222157,r,15,232,5,3796,1439,92
grp-a001-02-000000046222157,r,16,192,12,7856,1584,79
grp-a001-02-000000046222157,r,17,43,2,784,258,29
grp-a001-02-000000046222157,r,18,189,0,0,1551,45
grp-a001-02-000000046222157,r,99,394,4,2831,3135,101
grp-a001-02-000000046223421,h,00,416,8,10504,2328,87
grp-a001-02-000000046223421,h,01,278,5,5015,1743,70
grp-a001-02-000000046223421,h,02,296,4,4354,1804,52
grp-a001-02-000000046223421,h,03,206,0,0,1250,36
grp-a001-02-000000046223421,h,04,321,0,0,2156,38
grp-a001-02-000000046223421,h,05,371,1,1445,2690,38
grp-a001-02-000000046223421,h,06,346,1,1551,1781,45
grp-a001-02-000000046223421,h,07,421,3,3952,2387,58
grp-a001-02-000000046223421,h,08,518,3,4111,2628,74
grp-a001-02-000000046223421,h,09,483,7,9394,2630,84
grp-a001-02-000000046223421,h,10,550,10,12810,3009,93
grp-a001-02-000000046223421,h,11,593,7,8987,3394,103
grp-a001-02-000000046223421,h,12,454,5,6308,2624,80
grp-a001-02-000000046223421,h,13,439,4,4428,2104,88
grp-a001-02-000000046223421,h,14,455,8,9980,2874,97
grp-a001-02-000000046223421,h,15,459,4,5936,2568,84
grp-a001-02-000000046223421,h,16,476,8,11326,2495,82
grp-a001-02-000000046223421,h,17,483,6,7177,2508,86
grp-a001-02-000000046223421,h,18,498,10,13431,2359,79
grp-a001-02-000000046223421,h,19,439,2,2830,2093,84
grp-a001-02-000000046223421,h,20,482,5,7015,2495,92
grp-a001-02-000000046223421,h,21,595,7,8978,3296,97
grp-a001-02-000000046223421,h,22,499,6,9104,2780,101
grp-a001-02-000000046223421,h,23,528,12,15786,2383,99
grp-a001-02-000000046223421,m,11068,2307,4,5366,9927,89
grp-a001-02-000000046223421,m,122876,18,0,0,24,11
grp-a001-02-000000046223421,m,27758,770,9,12979,1574,74
grp-a001-02-000000046223421,m,33421,2320,5,5739,14181,98
grp-a001-02-000000046223421,m,335738,20,0,0,143,14
grp-a001-02-000000046223421,m,341893,516,2,2743,3831,132
grp-a001-02-000000046223421,m,341898,110,0,0,218,38
grp-a001-02-000000046223421,m,370822,45,0,0,110,27
grp-a001-02-000000046223421,m,424040,48,2,750,86,25
grp-a001-02-000000046223421,m,612593,67,0,0,440,34
grp-a001-02-000000046223421,m,612594,108,3,3114,505,45
grp-a001-02-000000046223421,m,684924,320,4,5377,320,52
grp-a001-02-000000046223421,m,684925,250,2,2407,250,58
grp-a001-02-000000046223421,m,684926,1192,19,20900,8009,152
grp-a001-02-000000046223421,m,684927,643,5,6128,12220,103
grp-a001-02-000000046223421,m,8753,1872,71,98919,6541,95
grp-a001-02-000000046223421,r,00,674,0,0,2373,37
grp-a001-02-000000046223421,r,01,242,4,5421,1057,62
grp-a001-02-000000046223421,r,02,2540,28,37476,12766,143
grp-a001-02-000000046223421,r,03,419,4,5762,2249,76
grp-a001-02-000000046223421,r,04,352,7,7672,1748,77
grp-a001-02-000000046223421,r,05,40,1,1290,267,28
grp-a001-02-000000046223421,r,06,385,6,7253,2234,79
grp-a001-02-000000046223421,r,07,281,4,4847,1326,77
grp-a001-02-000000046223421,r,08,481,6,8249,2775,87
grp-a001-02-000000046223421,r,09,2274,29,37090,12254,138
grp-a001-02-000000046223421,r,10,182,1,1496,831,53
grp-a001-02-000000046223421,r,11,458,11,15137,2411,81
grp-a001-02-000000046223421,r,12,54,2,1536,357,30
grp-a001-02-000000046223421,r,13,306,6,7832,1588,78
grp-a001-02-000000046223421,r,14,84,0,0,694,30
grp-a001-02-000000046223421,r,15,367,3,4224,2184,76
grp-a001-02-000000046223421,r,16,275,4,5572,1366,61
grp-a001-02-000000046223421,r,17,108,2,2265,597,45
grp-a001-02-000000046223421,r,18,339,2,3181,1957,42
grp-a001-02-000000046223421,r,99,745,6,8119,7345,100
grp-a001-02-000000046224017,h,00,437,8,10703,2775,85
grp-a001-02-000000046224017,h,01,301,4,4746,2119,70
grp-a001-02-000000046224017,h,02,198,1,1172,1098,61
grp-a001-02-000000046224017,h,03,133,1,1475,834,43
grp-a001-02-000000046224017,h,04,121,1,1485,1294,33
grp-a001-02-000000046224017,h,05,159,1,1345,1492,44
grp-a001-02-000000046224017,h,06,188,4,5094,1317,48
grp-a001-02-000000046224017,h,07,301,5,6250,2115,61
grp-a001-02-000000046224017,h,08,378,4,5256,2049,70
grp-a001-02-000000046224017,h,09,363,6,8028,2374,74
grp-a001-02-000000046224017,h,10,410,8,11168,2353,82
grp-a001-02-000000046224017,h,11,418,5,6962,2649,91
grp-a001-02-000000046224017,h,12,393,7,9558,2390,73
grp-a001-02-000000046224017,h,13,525,12,15493,2953,92
grp-a001-02-000000046224017,h,14,448,6,7998,2591,81
grp-a001-02-000000046224017,h,15,473,8,11482,2715,97
grp-a001-02-000000046224017,h,16,526,8,10648,2922,95
grp-a001-02-000000046224017,h,17,507,5,7225,2449,88
grp-a001-02-000000046224017,h,18,447,5,7065,2344,88
grp-a001-02-000000046224017,h,19,391,6,8496,1975,83
grp-a001-02-000000046224017,h,20,437,4,5359,2317,90
grp-a001-02-000000046224017,h,21,464,14,17274,2620,100
grp-a001-02-000000046224017,h,22,504,12,14738,2730,92
grp-a001-02-000000046224017,h,23,541,9,10572,2627,88
grp-a001-02-000000046224017,m,11068,1124,5,7158,5358,87
grp-a001-02-000000046224017,m,122876,15,0,0,20,7
grp-a001-02-000000046224017,m,27758,537,5,6911,1050,65
grp-a001-02-000000046224017,m,33421,2377,19,24850,13917,114
grp-a001-02-000000046224017,m,335738,33,0,0,172,16
grp-a001-02-000000046224017,m,341893,635,3,3247,4459,139
grp-a001-02-000000046224017,m,341898,182,1,990,371,60
grp-a001-02-000000046224017,m,370822,76,0,0,223,51
grp-a001-02-000000046224017,m,424040,39,0,0,348,26
grp-a001-02-000000046224017,m,556927,2,0,0,2,1
grp-a001-02-000000046224017,m,612593,117,2,1971,667,42
grp-a001-02-000000046224017,m,612594,111,1,1438,475,53
grp-a001-02-000000046224017,m,684924,169,1,1369,169,46
grp-a001-02-000000046224017,m,684925,84,0,0,84,37
grp-a001-02-000000046224017,m,684926,811,12,13780,4971,133
grp-a001-02-000000046224017,m,684927,627,4,5232,13423,85
grp-a001-02-000000046224017,m,805759,19,0,0,77,10
grp-a001-02-000000046224017,m,805760,1,0,0,8,1
grp-a001-02-000000046224017,m,8753,2104,91,122646,7308,114
grp-a001-02-000000046224017,r,00,1196,3,4420,5246,46
grp-a001-02-000000046224017,r,01,183,2,2301,988,62
grp-a001-02-000000046224017,r,02,1904,39,51781,10476,146
grp-a001-02-000000046224017,r,03,363,8,11289,1895,75
grp-a001-02-000000046224017,r,04,281,5,5978,1423,86
grp-a001-02-000000046224017,r,05,46,1,50,287,27
grp-a001-02-000000046224017,r,06,284,3,3970,1588,75
grp-a001-02-000000046224017,r,07,191,5,7079,1064,67
grp-a001-02-000000046224017,r,08,385,5,6434,2162,84
grp-a001-02-000000046224017,r,09,1710,23,30333,10320,144
grp-a001-02-000000046224017,r,10,103,2,2294,530,44
grp-a001-02-000000046224017,r,11,334,4,5319,1803,79
grp-a001-02-000000046224017,r,12,62,0,0,419,28
grp-a001-02-000000046224017,r,13,199,7,8949,970,72
grp-a001-02-000000046224017,r,14,38,0,0,522,22
grp-a001-02-000000046224017,r,15,317,10,13288,1784,84
grp-a001-02-000000046224017,r,16,178,4,5436,1193,64
grp-a001-02-000000046224017,r,17,81,1,1441,555,44
grp-a001-02-000000046224017,r,18,281,11,15240,1483,46
grp-a001-02-000000046224017,r,99,927,11,13990,8394,85
grp-a001-02-000000046224018,h,00,166,5,4136,1258,69
grp-a001-02-000000046224018,h,01,107,2,1751,973,52
grp-a001-02-000000046224018,h,02,48,0,0,401,27
grp-a001-02-000000046224018,h,03,42,0,0,310,24
grp-a001-02-000000046224018,h,04,34,0,0,227,23
grp-a001-02-000000046224018,h,05,54,1,973,435,31
grp-a001-02-000000046224018,h,06,77,3,2695,571,40
grp-a001-02-000000046224018,h,07,110,0,0,1022,53
grp-a001-02-000000046224018,h,08,133,5,3876,1109,59
grp-a001-02-000000046224018,h,09,168,4,3299,1336,69
grp-a001-02-000000046224018,h,10,176,5,4359,1199,80
grp-a001-02-000000046224018,h,11,217,4,3573,1751,80
grp-a001-02-000000046224018,h,12,183,3,2446,1383,69
grp-a001-02-000000046224018,h,13,206,11,9260,1559,88
grp-a001-02-000000046224018,h,14,221,2,1739,2055,92
grp-a001-02-000000046224018,h,15,182,8,7209,1329,71
grp-a001-02-000000046224018,h,16,204,9,7084,1498,91
grp-a001-02-000000046224018,h,17,187,2,1757,1621,78
grp-a001-02-000000046224018,h,18,143,3,2372,1024,68
grp-a001-02-000000046224018,h,19,213,6,5127,1732,72
grp-a001-02-000000046224018,h,20,224,10,8645,1713,91
grp-a001-02-000000046224018,h,21,248,3,2450,1850,92
grp-a001-02-000000046224018,h,22,310,10,8837,2254,94
grp-a001-02-000000046224018,h,23,198,2,1540,1643,85
grp-a001-02-000000046224018,m,11068,239,5,4455,1256,67
grp-a001-02-000000046224018,m,27758,118,12,9957,296,58
grp-a001-02-000000046224018,m,33421,513,10,8386,4085,116
grp-a001-02-000000046224018,m,335738,5,0,0,20,5
grp-a001-02-000000046224018,m,341893,572,0,0,5498,118
grp-a001-02-000000046224018,m,341898,34,0,0,104,24
grp-a001-02-000000046224018,m,370822,37,2,1671,120,28
grp-a001-02-000000046224018,m,612593,111,1,580,1755,21
grp-a001-02-000000046224018,m,612594,24,0,0,112,18
grp-a001-02-000000046224018,m,684924,48,0,0,48,18
grp-a001-02-000000046224018,m,684925,29,0,0,29,18
grp-a001-02-000000046224018,m,684926,1056,16,13464,9267,155
grp-a001-02-000000046224018,m,684927,450,9,7101,3813,114
grp-a001-02-000000046224018,m,805759,8,0,0,142,3
grp-a001-02-000000046224018,m,8753,607,43,37514,3708,113
grp-a001-02-000000046224018,r,-1,1,0,0,10,1
grp-a001-02-000000046224018,r,00,53,1,848,418,18
grp-a001-02-000000046224018,r,01,108,3,2907,785,47
grp-a001-02-000000046224018,r,02,931,32,26632,7129,140
grp-a001-02-000000046224018,r,03,172,5,4091,1404,80
grp-a001-02-000000046224018,r,04,144,3,2539,1075,68
grp-a001-02-000000046224018,r,05,54,1,880,481,31
grp-a001-02-000000046224018,r,06,174,4,3502,1520,74
grp-a001-02-000000046224018,r,07,100,1,793,760,53
grp-a001-02-000000046224018,r,08,177,7,6003,1384,71
grp-a001-02-000000046224018,r,09,870,16,13259,6897,143
grp-a001-02-000000046224018,r,10,71,1,853,551,37
grp-a001-02-000000046224018,r,11,191,4,3367,1441,72
grp-a001-02-000000046224018,r,12,31,0,0,243,25
grp-a001-02-000000046224018,r,13,118,3,2647,866,63
grp-a001-02-000000046224018,r,14,23,0,0,153,10
grp-a001-02-000000046224018,r,15,148,6,5262,1167,67
grp-a001-02-000000046224018,r,16,80,2,1955,666,46
grp-a001-02-000000046224018,r,17,60,3,2420,442,32
grp-a001-02-000000046224018,r,18,118,4,3555,750,38
grp-a001-02-000000046224018,r,99,227,2,1615,2111,85
grp-a001-02-000000046224076,h,00,711,9,14231,3041,125
grp-a001-02-000000046224076,h,01,544,5,7675,2511,102
grp-a001-02-000000046224076,h,02,369,1,1667,1834,71
grp-a001-02-000000046224076,h,03,339,3,4849,1606,57
grp-a001-02-000000046224076,h,04,382,0,0,1923,56
grp-a001-02-000000046224076,h,05,372,0,0,1914,63
grp-a001-02-000000046224076,h,06,432,2,2923,2195,69
grp-a001-02-000000046224076,h,07,446,3,4842,2126,86
grp-a001-02-000000046224076,h,08,514,4,5570,2213,102
grp-a001-02-000000046224076,h,09,504,8,13389,2153,114
grp-a001-02-000000046224076,h,10,606,9,14667,2571,127
grp-a001-02-000000046224076,h,11,691,6,10040,2727,144
grp-a001-02-000000046224076,h,12,513,8,13170,2260,112
grp-a001-02-000000046224076,h,13,655,19,31185,2679,125
grp-a001-02-000000046224076,h,14,614,21,32873,2562,124
grp-a001-02-000000046224076,h,15,582,10,15725,2401,122
grp-a001-02-000000046224076,h,16,630,13,20784,2726,118
grp-a001-02-000000046224076,h,17,588,10,16104,2539,109
grp-a001-02-000000046224076,h,18,650,9,14083,2716,106
grp-a001-02-000000046224076,h,19,579,4,6386,2465,116
grp-a001-02-000000046224076,h,20,598,9,13882,2394,126
grp-a001-02-000000046224076,h,21,734,15,24325,3208,124
grp-a001-02-000000046224076,h,22,771,10,16064,3145,125
grp-a001-02-000000046224076,h,23,744,17,24957,3042,128
grp-a001-02-000000046224076,m,11068,3197,3,5014,15827,127
grp-a001-02-000000046224076,m,122876,58,0,0,71,17
grp-a001-02-000000046224076,m,27758,1063,15,23189,1645,96
grp-a001-02-000000046224076,m,33421,2641,14,24016,18298,154
grp-a001-02-000000046224076,m,335738,20,0,0,78,18
grp-a001-02-000000046224076,m,341893,695,4,6102,3102,131
grp-a001-02-000000046224076,m,341898,381,2,2553,636,106
grp-a001-02-000000046224076,m,370822,131,1,1603,286,70
grp-a001-02-000000046224076,m,556927,4,0,0,4,3
grp-a001-02-000000046224076,m,612593,41,1,792,211,31
grp-a001-02-000000046224076,m,612594,93,6,7989,252,59
grp-a001-02-000000046224076,m,684924,261,2,3369,261,52
grp-a001-02-000000046224076,m,684925,178,1,1590,178,69
grp-a001-02-000000046224076,m,684926,1440,32,51832,5999,157
grp-a001-02-000000046224076,m,684927,603,11,15451,3169,133
grp-a001-02-000000046224076,m,805759,1,0,0,16,1
grp-a001-02-000000046224076,m,805760,2,0,0,13,2
grp-a001-02-000000046224076,m,8753,2759,103,165891,8905,145
grp-a001-02-000000046224076,r,00,1723,2,3584,8905,79
grp-a001-02-000000046224076,r,01,278,10,16271,1236,85
grp-a001-02-000000046224076,r,02,3007,47,72968,12608,162
grp-a001-02-000000046224076,r,03,564,13,20069,2478,120
grp-a001-02-000000046224076,r,04,439,7,10784,1822,103
grp-a001-02-000000046224076,r,05,152,1,1083,621,46
grp-a001-02-000000046224076,r,06,474,7,11753,1985,110
grp-a001-02-000000046224076,r,07,334,5,8607,1362,105
grp-a001-02-000000046224076,r,08,651,11,17655,2953,113
grp-a001-02-000000046224076,r,09,2688,35,55165,11253,164
grp-a001-02-000000046224076,r,10,262,9,14383,1040,76
grp-a001-02-000000046224076,r,11,590,5,8201,2461,116
grp-a001-02-000000046224076,r,12,193,3,5147,937,51
grp-a001-02-000000046224076,r,13,362,4,5787,1501,99
grp-a001-02-000000046224076,r,14,80,0,0,363,33
grp-a001-02-000000046224076,r,15,434,7,11061,1841,101
grp-a001-02-000000046224076,r,16,291,4,6207,1213,91
grp-a001-02-000000046224076,r,17,137,4,6412,446,59
grp-a001-02-000000046224076,r,18,206,6,9673,749,46
grp-a001-02-000000046224076,r,99,703,15,24581,3177,123
grp-a001-02-000000046224077,h,00,1924,4,5823,7348,157
grp-a001-02-000000046224077,h,01,1519,4,6639,6162,153
grp-a001-02-000000046224077,h,02,1181,3,4887,5329,117
grp-a001-02-000000046224077,h,03,1189,0,0,5227,119
grp-a001-02-000000046224077,h,04,1387,0,0,6263,122
grp-a001-02-000000046224077,h,05,1630,0,0,7064,133
grp-a001-02-000000046224077,h,06,1440,2,3579,5690,132
grp-a001-02-000000046224077,h,07,1520,3,5869,6454,150
grp-a001-02-000000046224077,h,08,1466,7,12393,5998,149
grp-a001-02-000000046224077,h,09,1358,2,4196,5532,152
grp-a001-02-000000046224077,h,10,1460,2,2569,5896,156
grp-a001-02-000000046224077,h,11,1512,6,11142,5784,160
grp-a001-02-000000046224077,h,12,1432,9,14789,5534,159
grp-a001-02-000000046224077,h,13,1489,11,21991,5762,160
grp-a001-02-000000046224077,h,14,1533,13,23713,6147,160
grp-a001-02-000000046224077,h,15,1466,10,17878,5613,156
grp-a001-02-000000046224077,h,16,1611,14,27351,6238,159
grp-a001-02-000000046224077,h,17,1597,9,15638,5887,158
grp-a001-02-000000046224077,h,18,1612,3,5745,6402,156
grp-a001-02-000000046224077,h,19,1695,7,11976,7028,159
grp-a001-02-000000046224077,h,20,2134,7,12589,9057,155
grp-a001-02-000000046224077,h,21,2951,3,5515,12279,162
grp-a001-02-000000046224077,h,22,3602,13,24884,14393,157
grp-a001-02-000000046224077,h,23,5088,6,9900,19308,159
grp-a001-02-000000046224077,m,11068,8790,5,8010,30511,148
grp-a001-02-000000046224077,m,122876,121,0,0,385,49
grp-a001-02-000000046224077,m,27758,2427,23,40204,3931,138
grp-a001-02-000000046224077,m,33421,24318,20,37401,118119,167
grp-a001-02-000000046224077,m,335738,16,1,2179,25,15
grp-a001-02-000000046224077,m,341893,703,4,6920,2617,157
grp-a001-02-000000046224077,m,341898,1405,5,8052,1815,143
grp-a001-02-000000046224077,m,370822,121,0,0,228,80
grp-a001-02-000000046224077,m,424040,700,3,1249,1572,88
grp-a001-02-000000046224077,m,556927,5,0,0,5,3
grp-a001-02-000000046224077,m,612593,32,2,2965,120,24
grp-a001-02-000000046224077,m,612594,96,0,0,202,60
grp-a001-02-000000046224077,m,684924,280,2,3863,280,92
grp-a001-02-000000046224077,m,684925,420,0,0,420,97
grp-a001-02-000000046224077,m,684926,1068,14,26063,3764,158
grp-a001-02-000000046224077,m,684927,362,2,4140,3941,105
grp-a001-02-000000046224077,m,805759,1,0,0,6,1
grp-a001-02-000000046224077,m,805760,2,0,0,2,2
grp-a001-02-000000046224077,m,8753,2929,57,108020,8452,164
grp-a001-02-000000046224077,r,00,3342,1,2407,17042,136
grp-a001-02-000000046224077,r,01,981,3,5197,3410,148
grp-a001-02-000000046224077,r,02,10415,35,61225,39649,167
grp-a001-02-000000046224077,r,03,2051,8,14897,8407,162
grp-a001-02-000000046224077,r,04,1592,6,10549,6110,157
grp-a001-02-000000046224077,r,05,791,1,1760,3031,111
grp-a001-02-000000046224077,r,06,1607,8,15003,6394,159
grp-a001-02-000000046224077,r,07,1080,3,4595,4310,156
grp-a001-02-000000046224077,r,08,2190,10,16656,8640,161
grp-a001-02-000000046224077,r,09,8966,30,57562,34401,167
grp-a001-02-000000046224077,r,10,805,3,6152,3142,144
grp-a001-02-000000046224077,r,11,2491,9,17459,9039,162
grp-a001-02-000000046224077,r,12,698,2,1861,2826,110
grp-a001-02-000000046224077,r,13,1234,2,3206,4932,155
grp-a001-02-000000046224077,r,14,351,0,0,1499,94
grp-a001-02-000000046224077,r,15,1381,7,11422,5424,163
grp-a001-02-000000046224077,r,16,1047,2,3947,4142,155
grp-a001-02-000000046224077,r,17,296,0,0,1127,96
grp-a001-02-000000046224077,r,18,458,2,4107,1862,46
grp-a001-02-000000046224077,r,99,2020,6,11061,11008,154
grp-a001-02-000000046415318,h,00,847,10,5959,3807,112
grp-a001-02-000000046415318,h,01,484,2,831,2446,97
grp-a001-02-000000046415318,h,02,381,4,2039,1789,86
grp-a001-02-000000046415318,h,03,200,2,1363,916,61
grp-a001-02-000000046415318,h,04,140,1,556,722,56
grp-a001-02-000000046415318,h,05,102,2,1182,485,45
grp-a001-02-000000046415318,h,06,182,3,1871,748,67
grp-a001-02-000000046415318,h,07,342,2,1232,1543,82
grp-a001-02-000000046415318,h,08,621,8,4372,2978,95
grp-a001-02-000000046415318,h,09,938,3,1496,4900,107
grp-a001-02-000000046415318,h,10,1109,10,5016,5691,101
grp-a001-02-000000046415318,h,11,1215,4,2542,6067,132
grp-a001-02-000000046415318,h,12,1105,12,6488,5752,112
grp-a001-02-000000046415318,h,13,1436,7,4571,7235,122
grp-a001-02-000000046415318,h,14,1304,9,5262,6610,119
grp-a001-02-000000046415318,h,15,1319,7,3060,6619,116
grp-a001-02-000000046415318,h,16,1224,8,4464,6130,110
grp-a001-02-000000046415318,h,17,1324,10,5555,6644,119
grp-a001-02-000000046415318,h,18,1210,9,4748,5852,117
grp-a001-02-000000046415318,h,19,1334,2,837,5939,119
grp-a001-02-000000046415318,h,20,1441,8,4342,7105,125
grp-a001-02-000000046415318,h,21,1430,9,5042,6521,121
grp-a001-02-000000046415318,h,22,1216,7,4188,5540,110
grp-a001-02-000000046415318,h,23,950,8,4064,4156,111
grp-a001-02-000000046415318,m,11068,298,1,55,1438,90
grp-a001-02-000000046415318,m,122876,5225,5,2200,31832,108
grp-a001-02-000000046415318,m,27758,236,7,4235,405,74
grp-a001-02-000000046415318,m,33421,1372,9,4979,6847,142
grp-a001-02-000000046415318,m,335738,75,0,0,358,27
grp-a001-02-000000046415318,m,341893,402,0,0,3566,124
grp-a001-02-000000046415318,m,341898,55,1,591,212,37
grp-a001-02-000000046415318,m,370822,16,0,0,60,14
grp-a001-02-000000046415318,m,424040,10653,26,9865,48772,107
grp-a001-02-000000046415318,m,612593,100,0,0,469,38
grp-a001-02-000000046415318,m,612594,122,2,1396,488,53
grp-a001-02-000000046415318,m,684924,329,1,599,329,64
grp-a001-02-000000046415318,m,684925,92,0,0,92,40
grp-a001-02-000000046415318,m,684926,637,11,6211,3484,128
grp-a001-02-000000046415318,m,684927,163,3,1772,1345,64
grp-a001-02-000000046415318,m,787479,1,0,0,2,1
grp-a001-02-000000046415318,m,805759,5,0,0,24,4
grp-a001-02-000000046415318,m,805760,8,0,0,37,7
grp-a001-02-000000046415318,m,8753,2065,81,49177,6435,150
grp-a001-02-000000046415318,r,00,201,0,0,807,68
grp-a001-02-000000046415318,r,01,625,3,1785,3048,93
grp-a001-02-000000046415318,r,02,5439,31,17368,25835,151
grp-a001-02-000000046415318,r,03,1543,11,5949,7531,119
grp-a001-02-000000046415318,r,04,756,6,3419,3703,106
grp-a001-02-000000046415318,r,05,292,0,0,1087,50
grp-a001-02-000000046415318,r,06,875,3,1376,4491,104
grp-a001-02-000000046415318,r,07,655,3,1840,3330,100
grp-a001-02-000000046415318,r,08,1336,7,3947,6713,115
grp-a001-02-000000046415318,r,09,4441,41,21870,22002,150
grp-a001-02-000000046415318,r,10,425,3,1824,1959,85
grp-a001-02-000000046415318,r,11,1197,11,6343,5853,119
grp-a001-02-000000046415318,r,12,200,0,0,759,49
grp-a001-02-000000046415318,r,13,682,6,3795,3374,98
grp-a001-02-000000046415318,r,14,302,2,1056,1481,68
grp-a001-02-000000046415318,r,15,745,6,2766,3625,108
grp-a001-02-000000046415318,r,16,585,6,3442,2865,103
grp-a001-02-000000046415318,r,17,231,2,1042,1099,72
grp-a001-02-000000046415318,r,18,577,2,1213,3342,48
grp-a001-02-000000046415318,r,99,747,4,2045,3291,116
grp-a001-02-000000046415341,h,00,568,4,1990,4058,104
grp-a001-02-000000046415341,h,01,355,0,0,2240,89
grp-a001-02-000000046415341,h,02,276,1,254,1819,69
grp-a001-02-000000046415341,h,03,167,0,0,1121,54
grp-a001-02-000000046415341,h,04,146,1,616,934,49
grp-a001-02-000000046415341,h,05,82,0,0,567,40
grp-a001-02-000000046415341,h,06,143,3,1777,896,56
grp-a001-02-000000046415341,h,07,299,0,0,2064,73
grp-a001-02-000000046415341,h,08,575,2,882,4479,93
grp-a001-02-000000046415341,h,09,912,2,1286,6820,101
grp-a001-02-000000046415341,h,10,1065,3,1457,8165,97
grp-a001-02-000000046415341,h,11,1130,4,1865,9137,117
grp-a001-02-000000046415341,h,12,989,3,1456,7586,108
grp-a001-02-000000046415341,h,13,1380,3,930,10396,116
grp-a001-02-000000046415341,h,14,1275,5,2132,9440,108
grp-a001-02-000000046415341,h,15,1200,1,616,9058,106
grp-a001-02-000000046415341,h,16,1062,4,1551,8140,109
grp-a001-02-000000046415341,h,17,1099,2,896,7925,111
grp-a001-02-000000046415341,h,18,999,6,3067,7411,106
grp-a001-02-000000046415341,h,19,1094,5,2163,7762,111
grp-a001-02-000000046415341,h,20,1195,5,2757,8689,109
grp-a001-02-000000046415341,h,21,1183,3,1894,8298,116
grp-a001-02-000000046415341,h,22,1021,2,1031,7076,108
grp-a001-02-000000046415341,h,23,704,3,1667,4426,104
grp-a001-02-000000046415341,m,11068,237,0,0,1266,85
grp-a001-02-000000046415341,m,122876,6311,5,2188,56750,87
grp-a001-02-000000046415341,m,27758,92,1,571,183,54
grp-a001-02-000000046415341,m,33421,772,5,2956,4617,135
grp-a001-02-000000046415341,m,335738,71,0,0,175,25
grp-a001-02-000000046415341,m,341893,158,1,602,1203,61
grp-a001-02-000000046415341,m,341898,19,0,0,119,13
grp-a001-02-000000046415341,m,370822,9,0,0,33,8
grp-a001-02-000000046415341,m,424040,9323,20,8320,65374,85
grp-a001-02-000000046415341,m,612593,96,0,0,426,38
grp-a001-02-000000046415341,m,612594,102,0,0,492,55
grp-a001-02-000000046415341,m,684924,63,0,0,63,30
grp-a001-02-000000046415341,m,684925,17,0,0,17,13
grp-a001-02-000000046415341,m,684926,510,7,3633,3026,123
grp-a001-02-000000046415341,m,684927,109,1,254,870,54
grp-a001-02-000000046415341,m,805759,5,0,0,16,4
grp-a001-02-000000046415341,m,805760,8,0,0,41,7
grp-a001-02-000000046415341,m,8753,1017,22,11763,3836,140
grp-a001-02-000000046415341,r,00,197,0,0,1018,59
grp-a001-02-000000046415341,r,01,512,0,0,3869,91
grp-a001-02-000000046415341,r,02,4634,15,7418,33171,145
grp-a001-02-000000046415341,r,03,1394,5,2507,10497,110
grp-a001-02-000000046415341,r,04,671,2,1190,4923,99
grp-a001-02-000000046415341,r,05,213,0,0,1128,44
grp-a001-02-000000046415341,r,06,751,4,1919,5615,99
grp-a001-02-000000046415341,r,07,574,2,1042,4381,93
grp-a001-02-000000046415341,r,08,1204,3,1280,8924,106
grp-a001-02-000000046415341,r,09,3791,11,5988,28672,145
grp-a001-02-000000046415341,r,10,354,1,507,2535,81
grp-a001-02-000000046415341,r,11,1023,4,1948,7776,109
grp-a001-02-000000046415341,r,12,152,0,0,690,42
grp-a001-02-000000046415341,r,13,664,4,1905,4947,98
grp-a001-02-000000046415341,r,14,235,0,0,1775,61
grp-a001-02-000000046415341,r,15,665,5,2402,4660,99
grp-a001-02-000000046415341,r,16,510,1,577,3445,102
grp-a001-02-000000046415341,r,17,208,1,394,1560,67
grp-a001-02-000000046415341,r,18,575,0,0,5088,48
grp-a001-02-000000046415341,r,99,592,4,1210,3833,107
grp-a001-02-000000046437508,h,00,794,4,7162,2735,142
grp-a001-02-000000046437508,h,01,387,7,10725,1582,113
grp-a001-02-000000046437508,h,02,222,4,4942,1045,89
grp-a001-02-000000046437508,h,03,191,1,1618,1062,75
grp-a001-02-000000046437508,h,04,202,0,0,816,67
grp-a001-02-000000046437508,h,05,248,1,1911,1142,91
grp-a001-02-000000046437508,h,06,380,4,6046,1429,115
grp-a001-02-000000046437508,h,07,688,6,9746,2269,131
grp-a001-02-000000046437508,h,08,1237,5,8469,3358,146
grp-a001-02-000000046437508,h,09,1326,4,7653,4199,147
grp-a001-02-000000046437508,h,10,1400,11,18785,4257,148
grp-a001-02-000000046437508,h,11,1351,10,17379,4175,148
grp-a001-02-000000046437508,h,12,1452,12,20032,4052,148
grp-a001-02-000000046437508,h,13,1445,9,13028,4240,151
grp-a001-02-000000046437508,h,14,1484,12,18756,4801,151
grp-a001-02-000000046437508,h,15,1565,11,19047,4494,150
grp-a001-02-000000046437508,h,16,1457,10,14208,4165,149
grp-a001-02-000000046437508,h,17,1172,11,20003,4295,147
grp-a001-02-000000046437508,h,18,1183,8,15084,4285,144
grp-a001-02-000000046437508,h,19,1133,15,24297,3887,146
grp-a001-02-000000046437508,h,20,1361,12,20364,4534,148
grp-a001-02-000000046437508,h,21,1307,22,33266,4448,148
grp-a001-02-000000046437508,h,22,1153,15,26793,3774,147
grp-a001-02-000000046437508,h,23,922,6,10522,3451,141
grp-a001-02-000000046437508,m,11068,844,4,5288,4538,145
grp-a001-02-000000046437508,m,27758,583,11,17047,1062,140
grp-a001-02-000000046437508,m,33421,7552,17,27397,24034,154
grp-a001-02-000000046437508,m,335738,171,1,2043,868,49
grp-a001-02-000000046437508,m,341893,1866,11,18208,6349,152
grp-a001-02-000000046437508,m,341898,611,2,2354,852,124
grp-a001-02-000000046437508,m,370822,103,1,1856,183,59
grp-a001-02-000000046437508,m,556927,25,0,0,25,13
grp-a001-02-000000046437508,m,612593,300,0,0,3910,81
grp-a001-02-000000046437508,m,612594,495,3,4535,2159,102
grp-a001-02-000000046437508,m,684924,1109,2,2333,1109,133
grp-a001-02-000000046437508,m,684925,152,0,0,152,93
grp-a001-02-000000046437508,m,684926,2449,41,65393,11045,153
grp-a001-02-000000046437508,m,684927,559,8,13117,3199,123
grp-a001-02-000000046437508,m,787480,2,0,0,12,1
grp-a001-02-000000046437508,m,787481,1,0,0,1,1
grp-a001-02-000000046437508,m,805759,28,0,0,340,16
grp-a001-02-000000046437508,m,805760,7,0,0,28,5
grp-a001-02-000000046437508,m,8753,7203,99,170265,18629,153
grp-a001-02-000000046437508,r,00,151,2,1727,1294,67
grp-a001-02-000000046437508,r,01,558,8,14139,1954,136
grp-a001-02-000000046437508,r,02,5479,35,57561,17795,154
grp-a001-02-000000046437508,r,03,1144,15,26213,3930,148
grp-a001-02-000000046437508,r,04,806,9,15128,3014,139
grp-a001-02-000000046437508,r,05,330,6,9814,1042,96
grp-a001-02-000000046437508,r,06,962,4,6879,3148,147
grp-a001-02-000000046437508,r,07,512,1,2025,2082,131
grp-a001-02-000000046437508,r,08,1185,9,14175,3905,153
grp-a001-02-000000046437508,r,09,4610,46,73648,17109,154
grp-a001-02-000000046437508,r,10,380,3,4956,1134,119
grp-a001-02-000000046437508,r,11,1462,11,18479,3902,147
grp-a001-02-000000046437508,r,12,332,5,8387,1186,89
grp-a001-02-000000046437508,r,13,666,7,11234,2309,143
grp-a001-02-000000046437508,r,14,154,4,6886,657,79
grp-a001-02-000000046437508,r,15,926,12,21976,2765,144
grp-a001-02-000000046437508,r,16,506,3,5359,1731,141
grp-a001-02-000000046437508,r,17,174,2,2274,546,78
grp-a001-02-000000046437508,r,18,489,6,10638,1734,48
grp-a001-02-000000046437508,r,99,3234,12,18338,7258,153
grp-a001-02-000000046838302,h,00,215,3,3859,1324,66
grp-a001-02-000000046838302,h,01,130,0,0,924,45
grp-a001-02-000000046838302,h,02,144,2,2862,696,39
grp-a001-02-000000046838302,h,03,91,1,1380,445,26
grp-a001-02-000000046838302,h,04,88,0,0,792,23
grp-a001-02-000000046838302,h,05,97,0,0,1036,23
grp-a001-02-000000046838302,h,06,133,0,0,859,40
grp-a001-02-000000046838302,h,07,188,0,0,1337,40
grp-a001-02-000000046838302,h,08,193,1,1287,898,55
grp-a001-02-000000046838302,h,09,251,3,3912,1487,66
grp-a001-02-000000046838302,h,10,259,4,5009,1448,72
grp-a001-02-000000046838302,h,11,282,2,2240,1778,94
grp-a001-02-000000046838302,h,12,215,3,4630,1323,68
grp-a001-02-000000046838302,h,13,260,4,5721,1294,79
grp-a001-02-000000046838302,h,14,274,4,5397,1628,85
grp-a001-02-000000046838302,h,15,293,6,8200,1981,77
grp-a001-02-000000046838302,h,16,289,4,5427,1533,80
grp-a001-02-000000046838302,h,17,303,4,4765,1390,75
grp-a001-02-000000046838302,h,18,254,4,5655,1262,75
grp-a001-02-000000046838302,h,19,229,2,2967,1107,67
grp-a001-02-000000046838302,h,20,270,1,1438,1332,77
grp-a001-02-000000046838302,h,21,279,4,5112,1674,85
grp-a001-02-000000046838302,h,22,277,3,4311,1592,82
grp-a001-02-000000046838302,h,23,295,4,5147,1714,86
grp-a001-02-000000046838302,m,11068,940,3,4201,3123,66
grp-a001-02-000000046838302,m,27758,777,6,7020,1477,33
grp-a001-02-000000046838302,m,33421,837,5,6458,5519,130
grp-a001-02-000000046838302,m,335738,7,0,0,31,5
grp-a001-02-000000046838302,m,341893,408,1,1438,2938,86
grp-a001-02-000000046838302,m,341898,77,0,0,204,35
grp-a001-02-000000046838302,m,370822,50,0,0,191,32
grp-a001-02-000000046838302,m,556927,1,0,0,1,1
grp-a001-02-000000046838302,m,612593,87,1,514,681,29
grp-a001-02-000000046838302,m,612594,59,0,0,284,37
grp-a001-02-000000046838302,m,684924,105,1,1087,105,30
grp-a001-02-000000046838302,m,684925,28,0,0,28,16
grp-a001-02-000000046838302,m,684926,601,4,5572,3710,134
grp-a001-02-000000046838302,m,684927,313,2,2894,8542,64
grp-a001-02-000000046838302,m,805759,13,0,0,139,5
grp-a001-02-000000046838302,m,8753,1006,36,50135,3881,132
grp-a001-02-000000046838302,r,00,849,1,1290,2709,31
grp-a001-02-000000046838302,r,01,125,2,2880,575,54
grp-a001-02-000000046838302,r,02,1047,14,19185,5571,137
grp-a001-02-000000046838302,r,03,224,2,2834,1243,77
grp-a001-02-000000046838302,r,04,169,2,2550,794,62
grp-a001-02-000000046838302,r,05,54,1,1472,551,32
grp-a001-02-000000046838302,r,06,171,1,1117,1196,63
grp-a001-02-000000046838302,r,07,115,3,3735,524,50
grp-a001-02-000000046838302,r,08,215,3,3842,1201,71
grp-a001-02-000000046838302,r,09,998,12,15995,5893,128
grp-a001-02-000000046838302,r,10,69,0,0,347,37
grp-a001-02-000000046838302,r,11,216,3,4449,1274,73
grp-a001-02-000000046838302,r,12,47,1,700,293,27
grp-a001-02-000000046838302,r,13,150,0,0,741,54
grp-a001-02-000000046838302,r,14,26,0,0,334,16
grp-a001-02-000000046838302,r,15,186,6,8827,1051,68
grp-a001-02-000000046838302,r,16,109,3,3408,583,44
grp-a001-02-000000046838302,r,17,32,1,1240,270,26
grp-a001-02-000000046838302,r,18,129,4,5795,776,41
grp-a001-02-000000046838302,r,99,378,0,0,4928,84
grp-a001-02-000000046838304,h,00,122,0,0,733,44
grp-a001-02-000000046838304,h,01,95,1,1329,583,42
grp-a001-02-000000046838304,h,02,73,2,2160,396,33
grp-a001-02-000000046838304,h,03,34,0,0,214,24
grp-a001-02-000000046838304,h,04,33,0,0,271,17
grp-a001-02-000000046838304,h,05,72,0,0,680,23
grp-a001-02-000000046838304,h,06,87,0,0,627,35
grp-a001-02-000000046838304,h,07,109,0,0,691,38
grp-a001-02-000000046838304,h,08,135,0,0,736,45
grp-a001-02-000000046838304,h,09,175,3,3339,917,57
grp-a001-02-000000046838304,h,10,155,3,3467,815,53
grp-a001-02-000000046838304,h,11,172,3,2974,993,60
grp-a001-02-000000046838304,h,12,141,2,2508,655,53
grp-a001-02-000000046838304,h,13,169,2,2480,782,60
grp-a001-02-000000046838304,h,14,140,2,2328,809,58
grp-a001-02-000000046838304,h,15,175,6,7105,960,60
grp-a001-02-000000046838304,h,16,177,4,5496,887,69
grp-a001-02-000000046838304,h,17,166,4,4170,766,53
grp-a001-02-000000046838304,h,18,166,1,1374,843,60
grp-a001-02-000000046838304,h,19,155,0,0,743,55
grp-a001-02-000000046838304,h,20,183,4,4957,969,68
grp-a001-02-000000046838304,h,21,193,7,7965,976,58
grp-a001-02-000000046838304,h,22,198,3,3480,1091,60
grp-a001-02-000000046838304,h,23,158,1,1245,798,57
grp-a001-02-000000046838304,m,11068,201,0,0,1062,46
grp-a001-02-000000046838304,m,27758,198,6,7088,335,39
grp-a001-02-000000046838304,m,33421,703,4,4369,5661,76
grp-a001-02-000000046838304,m,335738,93,0,0,525,53
grp-a001-02-000000046838304,m,341893,149,0,0,983,65
grp-a001-02-000000046838304,m,341898,17,0,0,35,16
grp-a001-02-000000046838304,m,370822,9,0,0,27,9
grp-a001-02-000000046838304,m,612593,42,0,0,343,37
grp-a001-02-000000046838304,m,612594,94,0,0,456,58
grp-a001-02-000000046838304,m,684924,130,0,0,130,33
grp-a001-02-000000046838304,m,684925,81,0,0,81,22
grp-a001-02-000000046838304,m,684926,264,6,7027,1406,99
grp-a001-02-000000046838304,m,684927,177,2,1710,3963,40
grp-a001-02-000000046838304,m,805759,13,0,0,65,10
grp-a001-02-000000046838304,m,805760,5,0,0,23,5
grp-a001-02-000000046838304,m,8753,1107,30,36183,2840,88
grp-a001-02-000000046838304,r,00,624,0,0,4530,29
grp-a001-02-000000046838304,r,01,76,1,1334,286,32
grp-a001-02-000000046838304,r,02,597,9,10984,2467,106
grp-a001-02-000000046838304,r,03,133,3,2660,571,54
grp-a001-02-000000046838304,r,04,115,2,2287,427,52
grp-a001-02-000000046838304,r,05,22,1,480,126,18
grp-a001-02-000000046838304,r,06,99,0,0,518,43
grp-a001-02-000000046838304,r,07,54,1,1349,230,30
grp-a001-02-000000046838304,r,08,146,3,3897,704,46
grp-a001-02-000000046838304,r,09,562,8,10161,2678,111
grp-a001-02-000000046838304,r,10,35,0,0,108,21
grp-a001-02-000000046838304,r,11,125,2,2410,555,56
grp-a001-02-000000046838304,r,12,39,1,1050,210,29
grp-a001-02-000000046838304,r,13,83,3,2966,347,42
grp-a001-02-000000046838304,r,14,16,0,0,141,11
grp-a001-02-000000046838304,r,15,124,2,2757,626,60
grp-a001-02-000000046838304,r,16,66,4,4842,299,40
grp-a001-02-000000046838304,r,17,17,3,3502,119,12
grp-a001-02-000000046838304,r,18,106,3,3434,429,33
grp-a001-02-000000046838304,r,99,244,2,2264,2564,64
grp-a001-02-000000046838305,h,00,33,0,0,343,12
grp-a001-02-000000046838305,h,01,19,0,0,131,9
grp-a001-02-000000046838305,h,02,18,0,0,132,8
grp-a001-02-000000046838305,h,03,16,0,0,84,8
grp-a001-02-000000046838305,h,04,6,0,0,46,4
grp-a001-02-000000046838305,h,05,6,0,0,54,4
grp-a001-02-000000046838305,h,06,20,0,0,125,10
grp-a001-02-000000046838305,h,07,18,0,0,179,10
grp-a001-02-000000046838305,h,08,25,0,0,196,12
grp-a001-02-000000046838305,h,09,52,1,900,325,23
grp-a001-02-000000046838305,h,10,63,2,1499,362,30
grp-a001-02-000000046838305,h,11,130,0,0,826,55
grp-a001-02-000000046838305,h,12,85,0,0,479,29
grp-a001-02-000000046838305,h,13,49,0,0,334,26
grp-a001-02-000000046838305,h,14,61,1,990,428,33
grp-a001-02-000000046838305,h,15,67,1,903,451,31
grp-a001-02-000000046838305,h,16,65,2,1631,386,32
grp-a001-02-000000046838305,h,17,68,2,1625,447,29
grp-a001-02-000000046838305,h,18,47,0,0,313,27
grp-a001-02-000000046838305,h,19,63,3,2761,426,31
grp-a001-02-000000046838305,h,20,75,1,990,539,32
grp-a001-02-000000046838305,h,21,78,1,898,564,37
grp-a001-02-000000046838305,h,22,58,1,990,450,31
grp-a001-02-000000046838305,h,23,100,0,0,711,40
grp-a001-02-000000046838305,m,11068,103,0,0,483,48
grp-a001-02-000000046838305,m,27758,48,3,2437,108,30
grp-a001-02-000000046838305,m,33421,334,2,1888,2356,106
grp-a001-02-000000046838305,m,335738,3,0,0,16,2
grp-a001-02-000000046838305,m,341893,21,0,0,142,11
grp-a001-02-000000046838305,m,341898,11,0,0,27,9
grp-a001-02-000000046838305,m,370822,3,0,0,6,2
grp-a001-02-000000046838305,m,612593,62,1,806,831,24
grp-a001-02-000000046838305,m,612594,34,0,0,108,17
grp-a001-02-000000046838305,m,684924,7,0,0,7,6
grp-a001-02-000000046838305,m,684925,6,0,0,6,4
grp-a001-02-000000046838305,m,684926,275,0,0,2312,87
grp-a001-02-000000046838305,m,684927,60,0,0,485,29
grp-a001-02-000000046838305,m,8753,255,9,8056,1444,84
grp-a001-02-000000046838305,r,00,2,0,0,7,2
grp-a001-02-000000046838305,r,01,29,1,903,191,17
grp-a001-02-000000046838305,r,02,303,4,3102,1907,94
grp-a001-02-000000046838305,r,03,64,0,0,325,25
grp-a001-02-000000046838305,r,04,42,0,0,281,23
grp-a001-02-000000046838305,r,05,17,0,0,88,10
grp-a001-02-000000046838305,r,06,30,1,806,317,18
grp-a001-02-000000046838305,r,07,38,0,0,291,18
grp-a001-02-000000046838305,r,08,80,2,1888,576,30
grp-a001-02-000000046838305,r,09,231,3,2798,1515,83
grp-a001-02-000000046838305,r,10,21,1,900,169,12
grp-a001-02-000000046838305,r,11,64,3,2790,426,33
grp-a001-02-000000046838305,r,12,27,0,0,163,13
grp-a001-02-000000046838305,r,13,42,0,0,261,16
grp-a001-02-000000046838305,r,14,8,0,0,67,6
grp-a001-02-000000046838305,r,15,50,0,0,394,27
grp-a001-02-000000046838305,r,16,29,0,0,227,20
grp-a001-02-000000046838305,r,17,9,0,0,52,4
grp-a001-02-000000046838305,r,18,29,0,0,164,11
grp-a001-02-000000046838305,r,99,107,0,0,910,45
grp-a001-02-000000047005161,h,00,245,18,7234,451,85
grp-a001-02-000000047005161,h,01,144,10,4423,227,66
grp-a001-02-000000047005161,h,02,220,5,2151,332,84
grp-a001-02-000000047005161,h,03,45,2,1000,67,26
grp-a001-02-000000047005161,h,04,23,2,640,35,18
grp-a001-02-000000047005161,h,05,46,2,1002,101,28
grp-a001-02-000000047005161,h,06,82,7,3105,167,47
grp-a001-02-000000047005161,h,07,178,20,8206,341,69
grp-a001-02-000000047005161,h,08,246,13,6689,414,91
grp-a001-02-000000047005161,h,09,260,11,4557,523,97
grp-a001-02-000000047005161,h,10,308,16,7501,619,109
grp-a001-02-000000047005161,h,11,391,20,8536,654,115
grp-a001-02-000000047005161,h,12,269,15,8147,469,105
grp-a001-02-000000047005161,h,13,356,26,11064,642,111
grp-a001-02-000000047005161,h,14,329,17,6121,608,114
grp-a001-02-000000047005161,h,15,380,19,7847,762,115
grp-a001-02-000000047005161,h,16,341,19,7680,624,120
grp-a001-02-000000047005161,h,17,343,17,7236,588,103
grp-a001-02-000000047005161,h,18,288,16,6592,550,107
grp-a001-02-000000047005161,h,19,258,11,5088,449,98
grp-a001-02-000000047005161,h,20,277,22,9500,532,106
grp-a001-02-000000047005161,h,21,283,18,9095,518,105
grp-a001-02-000000047005161,h,22,303,15,6629,499,105
grp-a001-02-000000047005161,h,23,256,13,6411,458,87
grp-a001-02-000000047005161,m,11068,235,5,2828,505,109
grp-a001-02-000000047005161,m,122876,4,0,0,12,1
grp-a001-02-000000047005161,m,27758,420,22,10926,629,121
grp-a001-02-000000047005161,m,33421,607,19,8618,1186,140
grp-a001-02-000000047005161,m,335738,9,0,0,38,7
grp-a001-02-000000047005161,m,341893,296,8,3570,871,106
grp-a001-02-000000047005161,m,341898,31,0,0,55,19
grp-a001-02-000000047005161,m,370822,12,0,0,23,10
grp-a001-02-000000047005161,m,556927,7,0,0,7,6
grp-a001-02-000000047005161,m,612593,27,0,0,47,23
grp-a001-02-000000047005161,m,612594,84,1,434,169,57
grp-a001-02-000000047005161,m,684924,439,2,386,439,102
grp-a001-02-000000047005161,m,684925,76,1,616,76,41
grp-a001-02-000000047005161,m,684926,485,21,9817,927,126
grp-a001-02-000000047005161,m,684927,84,0,0,225,46
grp-a001-02-000000047005161,m,787478,5,0,0,7,4
grp-a001-02-000000047005161,m,787480,5,0,0,15,3
grp-a001-02-000000047005161,m,787481,3,0,0,5,3
grp-a001-02-000000047005161,m,805759,2,0,0,2,2
grp-a001-02-000000047005161,m,805760,5,0,0,7,5
grp-a001-02-000000047005161,m,8753,3035,255,109259,5385,154
grp-a001-02-000000047005161,r,00,13,0,0,15,11
grp-a001-02-000000047005161,r,01,229,11,4819,387,82
grp-a001-02-000000047005161,r,02,1427,80,35621,2630,153
grp-a001-02-000000047005161,r,03,273,17,7813,554,104
grp-a001-02-000000047005161,r,04,275,18,8569,478,95
grp-a001-02-000000047005161,r,05,70,3,1420,129,43
grp-a001-02-000000047005161,r,06,253,16,6756,429,95
grp-a001-02-000000047005161,r,07,152,13,6537,299,77
grp-a001-02-000000047005161,r,08,288,21,9394,522,102
grp-a001-02-000000047005161,r,09,1207,60,25824,2199,148
grp-a001-02-000000047005161,r,10,113,5,1612,192,54
grp-a001-02-000000047005161,r,11,353,19,7831,626,119
grp-a001-02-000000047005161,r,12,92,6,3165,174,43
grp-a001-02-000000047005161,r,13,168,14,5944,314,75
grp-a001-02-000000047005161,r,14,33,3,1422,57,22
grp-a001-02-000000047005161,r,15,238,18,7270,412,86
grp-a001-02-000000047005161,r,16,189,5,2341,377,81
grp-a001-02-000000047005161,r,17,50,3,1229,97,32
grp-a001-02-000000047005161,r,18,128,6,3188,181,38
grp-a001-02-000000047005161,r,99,320,16,5699,558,108
grp-a001-02-000000047005364,h,00,3095,56,67134,7182,148
grp-a001-02-000000047005364,h,01,1900,33,42664,4461,147
grp-a001-02-000000047005364,h,02,1038,15,19604,2546,146
grp-a001-02-000000047005364,h,03,802,14,14020,1803,137
grp-a001-02-000000047005364,h,04,708,9,10822,1758,137
grp-a001-02-000000047005364,h,05,1033,14,16732,2330,142
grp-a001-02-000000047005364,h,06,1794,30,38126,4021,146
grp-a001-02-000000047005364,h,07,2700,62,88300,5742,146
grp-a001-02-000000047005364,h,08,3566,84,103692,7830,149
grp-a001-02-000000047005364,h,09,4066,93,116378,9260,148
grp-a001-02-000000047005364,h,10,4677,106,138950,10606,150
grp-a001-02-000000047005364,h,11,4851,106,129667,11004,151
grp-a001-02-000000047005364,h,12,4601,120,150066,10380,152
grp-a001-02-000000047005364,h,13,5016,129,148108,11611,153
grp-a001-02-000000047005364,h,14,5044,115,144257,11850,152
grp-a001-02-000000047005364,h,15,5438,114,154322,12108,152
grp-a001-02-000000047005364,h,16,5541,111,135406,12090,152
grp-a001-02-000000047005364,h,17,5483,127,159114,12311,150
grp-a001-02-000000047005364,h,18,4382,102,123353,9485,151
grp-a001-02-000000047005364,h,19,4404,104,136007,9480,150
grp-a001-02-000000047005364,h,20,4995,126,167617,10823,150
grp-a001-02-000000047005364,h,21,5403,114,143333,12318,149
grp-a001-02-000000047005364,h,22,5345,117,140551,12002,148
grp-a001-02-000000047005364,h,23,4604,96,115731,10253,149
grp-a001-02-000000047005364,m,11068,1963,39,51587,5546,151
grp-a001-02-000000047005364,m,118495,2,0,0,4,1
grp-a001-02-000000047005364,m,122876,28,0,0,29,17
grp-a001-02-000000047005364,m,27758,6961,211,264305,10220,154
grp-a001-02-000000047005364,m,33421,5423,111,147367,18325,154
grp-a001-02-000000047005364,m,335738,228,0,0,1060,91
grp-a001-02-000000047005364,m,341893,7632,82,104561,12713,153
grp-a001-02-000000047005364,m,341898,3710,15,23791,4621,150
grp-a001-02-000000047005364,m,370822,879,5,6851,1134,126
grp-a001-02-000000047005364,m,424040,55,0,0,63,40
grp-a001-02-000000047005364,m,556927,145,0,0,146,54
grp-a001-02-000000047005364,m,612593,885,10,7395,4851,135
grp-a001-02-000000047005364,m,612594,2345,35,28770,7900,153
grp-a001-02-000000047005364,m,684924,6054,25,33469,6054,149
grp-a001-02-000000047005364,m,684925,1757,10,13168,1757,124
grp-a001-02-000000047005364,m,684926,11073,153,218791,41801,153
grp-a001-02-000000047005364,m,684927,3418,24,29573,19617,149
grp-a001-02-000000047005364,m,805759,24,0,0,123,21
grp-a001-02-000000047005364,m,805760,35,0,0,83,20
grp-a001-02-000000047005364,m,8753,37869,1277,1574326,67207,154
grp-a001-02-000000047005364,r,-1,2,0,0,13,2
grp-a001-02-000000047005364,r,00,1636,19,26111,5516,146
grp-a001-02-000000047005364,r,01,3038,64,76886,6297,153
grp-a001-02-000000047005364,r,02,24156,543,695819,52001,154
grp-a001-02-000000047005364,r,03,5061,113,145907,12599,153
grp-a001-02-000000047005364,r,04,3659,85,100170,8019,154
grp-a001-02-000000047005364,r,05,1153,24,28420,2446,103
grp-a001-02-000000047005364,r,06,3513,103,121099,7533,154
grp-a001-02-000000047005364,r,07,2060,52,65741,4387,153
grp-a001-02-000000047005364,r,08,3958,101,121840,9090,153
grp-a001-02-000000047005364,r,09,19061,363,463554,44846,154
grp-a001-02-000000047005364,r,10,1817,45,57684,3657,153
grp-a001-02-000000047005364,r,11,4273,91,115091,9155,153
grp-a001-02-000000047005364,r,12,1386,40,49285,2835,105
grp-a001-02-000000047005364,r,13,2131,69,82390,4601,152
grp-a001-02-000000047005364,r,14,913,12,15156,1978,139
grp-a001-02-000000047005364,r,15,3171,72,89123,6650,153
grp-a001-02-000000047005364,r,16,2634,57,67817,5541,153
grp-a001-02-000000047005364,r,17,724,13,17938,1649,136
grp-a001-02-000000047005364,r,18,1931,42,52934,4068,48
grp-a001-02-000000047005364,r,99,4209,89,110989,10373,154
grp-a001-02-000000047076131,h,00,212,0,0,745,51
grp-a001-02-000000047076131,h,01,153,0,0,638,50
grp-a001-02-000000047076131,h,02,111,0,0,432,34
grp-a001-02-000000047076131,h,03,130,0,0,569,38
grp-a001-02-000000047076131,h,04,107,0,0,450,35
grp-a001-02-000000047076131,h,05,133,0,0,573,42
grp-a001-02-000000047076131,h,06,101,0,0,382,32
grp-a001-02-000000047076131,h,07,117,0,0,377,28
grp-a001-02-000000047076131,h,08,198,0,0,768,56
grp-a001-02-000000047076131,h,09,153,0,0,555,49
grp-a001-02-000000047076131,h,10,152,0,0,530,46
grp-a001-02-000000047076131,h,11,171,2,2970,702,56
grp-a001-02-000000047076131,h,12,173,0,0,718,48
grp-a001-02-000000047076131,h,13,180,0,0,790,50
grp-a001-02-000000047076131,h,14,147,0,0,625,56
grp-a001-02-000000047076131,h,15,165,0,0,709,56
grp-a001-02-000000047076131,h,16,150,0,0,546,56
grp-a001-02-000000047076131,h,17,156,1,1840,664,49
grp-a001-02-000000047076131,h,18,124,0,0,568,48
grp-a001-02-000000047076131,h,19,126,0,0,564,57
grp-a001-02-000000047076131,h,20,107,0,0,539,49
grp-a001-02-000000047076131,h,21,137,0,0,676,62
grp-a001-02-000000047076131,h,22,150,1,1532,851,59
grp-a001-02-000000047076131,h,23,152,0,0,782,57
grp-a001-02-000000047076131,m,11068,1246,1,1430,5123,68
grp-a001-02-000000047076131,m,122876,44,0,0,110,23
grp-a001-02-000000047076131,m,27758,416,1,1540,744,45
grp-a001-02-000000047076131,m,33421,495,0,0,3887,90
grp-a001-02-000000047076131,m,335738,2,0,0,12,2
grp-a001-02-000000047076131,m,341893,330,0,0,1855,65
grp-a001-02-000000047076131,m,341898,209,1,1840,332,37
grp-a001-02-000000047076131,m,370822,65,0,0,163,32
grp-a001-02-000000047076131,m,424040,74,0,0,154,35
grp-a001-02-000000047076131,m,684924,16,0,0,16,11
grp-a001-02-000000047076131,m,684925,100,0,0,100,17
grp-a001-02-000000047076131,m,684926,187,1,1532,941,66
grp-a001-02-000000047076131,m,684927,69,0,0,374,32
grp-a001-02-000000047076131,m,8753,252,0,0,942,78
grp-a001-02-000000047076131,r,00,14,0,0,79,8
grp-a001-02-000000047076131,r,01,199,0,0,582,33
grp-a001-02-000000047076131,r,02,1092,4,6342,4441,114
grp-a001-02-000000047076131,r,03,66,0,0,405,42
grp-a001-02-000000047076131,r,04,76,0,0,347,35
grp-a001-02-000000047076131,r,05,44,0,0,161,24
grp-a001-02-000000047076131,r,06,81,0,0,510,42
grp-a001-02-000000047076131,r,07,28,0,0,108,19
grp-a001-02-000000047076131,r,08,116,0,0,556,45
grp-a001-02-000000047076131,r,09,739,0,0,3051,107
grp-a001-02-000000047076131,r,10,35,0,0,180,20
grp-a001-02-000000047076131,r,11,489,0,0,1549,61
grp-a001-02-000000047076131,r,12,42,0,0,140,17
grp-a001-02-000000047076131,r,13,55,0,0,229,30
grp-a001-02-000000047076131,r,14,10,0,0,52,9
grp-a001-02-000000047076131,r,15,129,0,0,669,55
grp-a001-02-000000047076131,r,16,49,0,0,246,32
grp-a001-02-000000047076131,r,17,21,0,0,97,12
grp-a001-02-000000047076131,r,18,10,0,0,63,9
grp-a001-02-000000047076131,r,99,210,0,0,1288,63
grp-a001-02-000000047076159,h,00,250,1,1466,1221,104
grp-a001-02-000000047076159,h,01,176,0,0,792,77
grp-a001-02-000000047076159,h,02,82,0,0,482,49
grp-a001-02-000000047076159,h,03,95,0,0,668,50
grp-a001-02-000000047076159,h,04,65,0,0,515,42
grp-a001-02-000000047076159,h,05,59,0,0,497,42
grp-a001-02-000000047076159,h,06,95,1,1680,636,56
grp-a001-02-000000047076159,h,07,167,0,0,1104,76
grp-a001-02-000000047076159,h,08,163,1,1471,917,75
grp-a001-02-000000047076159,h,09,178,3,4051,996,88
grp-a001-02-000000047076159,h,10,207,1,1990,1105,87
grp-a001-02-000000047076159,h,11,210,0,0,1245,94
grp-a001-02-000000047076159,h,12,250,2,3026,1327,92
grp-a001-02-000000047076159,h,13,248,0,0,1220,94
grp-a001-02-000000047076159,h,14,216,0,0,1115,96
grp-a001-02-000000047076159,h,15,302,1,1349,1550,110
grp-a001-02-000000047076159,h,16,246,1,1535,1171,92
grp-a001-02-000000047076159,h,17,200,0,0,1203,94
grp-a001-02-000000047076159,h,18,221,0,0,1168,94
grp-a001-02-000000047076159,h,19,213,1,1509,998,80
grp-a001-02-000000047076159,h,20,266,2,3044,1514,95
grp-a001-02-000000047076159,h,21,337,3,4527,1806,102
grp-a001-02-000000047076159,h,22,298,0,0,1681,113
grp-a001-02-000000047076159,h,23,406,5,7274,2229,107
grp-a001-02-000000047076159,m,11068,433,0,0,3630,119
grp-a001-02-000000047076159,m,122876,30,0,0,65,20
grp-a001-02-000000047076159,m,27758,267,1,1349,545,85
grp-a001-02-000000047076159,m,33421,1427,2,3177,10192,143
grp-a001-02-000000047076159,m,335738,5,0,0,19,4
grp-a001-02-000000047076159,m,341893,523,1,1504,3156,109
grp-a001-02-000000047076159,m,341898,205,2,3102,347,69
grp-a001-02-000000047076159,m,370822,60,0,0,127,37
grp-a001-02-000000047076159,m,424040,69,0,0,102,35
grp-a001-02-000000047076159,m,684924,60,0,0,60,37
grp-a001-02-000000047076159,m,684925,75,0,0,75,34
grp-a001-02-000000047076159,m,684926,566,4,6436,3766,138
grp-a001-02-000000047076159,m,684927,194,1,1535,1318,91
grp-a001-02-000000047076159,m,805760,2,0,0,8,2
grp-a001-02-000000047076159,m,8753,1034,11,15819,3750,138
grp-a001-02-000000047076159,r,00,15,0,0,72,13
grp-a001-02-000000047076159,r,01,97,2,3525,523,50
grp-a001-02-000000047076159,r,02,1330,4,5517,7405,151
grp-a001-02-000000047076159,r,03,194,1,1426,1028,81
grp-a001-02-000000047076159,r,04,158,1,1466,837,75
grp-a001-02-000000047076159,r,05,91,0,0,536,34
grp-a001-02-000000047076159,r,06,129,1,1497,749,64
grp-a001-02-000000047076159,r,07,92,1,1310,454,56
grp-a001-02-000000047076159,r,08,212,2,2952,1116,83
grp-a001-02-000000047076159,r,09,1108,7,10771,6034,151
grp-a001-02-000000047076159,r,10,61,0,0,348,35
grp-a001-02-000000047076159,r,11,379,1,1482,2028,112
grp-a001-02-000000047076159,r,12,59,0,0,259,35
grp-a001-02-000000047076159,r,13,122,0,0,624,58
grp-a001-02-000000047076159,r,14,24,0,0,130,20
grp-a001-02-000000047076159,r,15,303,0,0,1536,107
grp-a001-02-000000047076159,r,16,106,0,0,589,61
grp-a001-02-000000047076159,r,17,56,0,0,273,41
grp-a001-02-000000047076159,r,18,61,0,0,361,24
grp-a001-02-000000047076159,r,99,353,2,2976,2258,104
grp-a001-02-000000047076722,h,00,291,0,0,1266,86
grp-a001-02-000000047076722,h,01,166,3,3700,627,71
grp-a001-02-000000047076722,h,02,117,0,0,506,56
grp-a001-02-000000047076722,h,03,77,0,0,291,36
grp-a001-02-000000047076722,h,04,44,0,0,196,23
grp-a001-02-000000047076722,h,05,57,0,0,236,35
grp-a001-02-000000047076722,h,06,66,0,0,306,38
grp-a001-02-000000047076722,h,07,112,1,1540,525,51
grp-a001-02-000000047076722,h,08,180,3,4504,869,65
grp-a001-02-000000047076722,h,09,197,2,2864,856,75
grp-a001-02-000000047076722,h,10,196,2,3451,918,76
grp-a001-02-000000047076722,h,11,179,1,1970,938,80
grp-a001-02-000000047076722,h,12,190,2,2972,747,72
grp-a001-02-000000047076722,h,13,254,6,9106,1087,96
grp-a001-02-000000047076722,h,14,223,1,1456,902,76
grp-a001-02-000000047076722,h,15,213,3,4044,901,81
grp-a001-02-000000047076722,h,16,253,3,4795,1034,88
grp-a001-02-000000047076722,h,17,216,2,2923,899,78
grp-a001-02-000000047076722,h,18,214,3,4291,965,78
grp-a001-02-000000047076722,h,19,209,4,6043,1114,83
grp-a001-02-000000047076722,h,20,255,2,2924,1230,89
grp-a001-02-000000047076722,h,21,271,2,2990,1333,95
grp-a001-02-000000047076722,h,22,297,1,1429,1358,92
grp-a001-02-000000047076722,h,23,420,3,4347,1992,97
grp-a001-02-000000047076722,m,11068,534,0,0,3211,105
grp-a001-02-000000047076722,m,122876,2,0,0,18,2
grp-a001-02-000000047076722,m,27758,630,5,7866,1099,117
grp-a001-02-000000047076722,m,33421,930,3,4688,6361,129
grp-a001-02-000000047076722,m,335738,5,0,0,18,3
grp-a001-02-000000047076722,m,341893,238,0,0,1319,52
grp-a001-02-000000047076722,m,341898,91,0,0,171,42
grp-a001-02-000000047076722,m,370822,33,0,0,79,21
grp-a001-02-000000047076722,m,424040,5,0,0,5,4
grp-a001-02-000000047076722,m,556927,1,0,0,1,1
grp-a001-02-000000047076722,m,684924,101,0,0,101,41
grp-a001-02-000000047076722,m,684925,253,0,0,253,63
grp-a001-02-000000047076722,m,684926,596,6,9422,3712,136
grp-a001-02-000000047076722,m,684927,142,0,0,796,66
grp-a001-02-000000047076722,m,8753,1136,30,43373,3952,137
grp-a001-02-000000047076722,r,00,29,0,0,150,21
grp-a001-02-000000047076722,r,01,79,0,0,394,46
grp-a001-02-000000047076722,r,02,1167,8,12106,5056,147
grp-a001-02-000000047076722,r,03,174,4,5829,830,65
grp-a001-02-000000047076722,r,04,145,4,6149,705,57
grp-a001-02-000000047076722,r,05,42,1,1910,228,29
grp-a001-02-000000047076722,r,06,177,3,5169,766,65
grp-a001-02-000000047076722,r,07,95,0,0,387,48
grp-a001-02-000000047076722,r,08,185,3,4760,922,73
grp-a001-02-000000047076722,r,09,1157,12,16712,5315,140
grp-a001-02-000000047076722,r,10,54,0,0,248,40
grp-a001-02-000000047076722,r,11,181,2,2927,776,69
grp-a001-02-000000047076722,r,12,43,1,1540,207,28
grp-a001-02-000000047076722,r,13,118,1,1413,601,60
grp-a001-02-000000047076722,r,14,30,0,0,157,20
grp-a001-02-000000047076722,r,15,149,1,1334,767,59
grp-a001-02-000000047076722,r,16,99,3,4245,448,50
grp-a001-02-000000047076722,r,17,43,0,0,176,25
grp-a001-02-000000047076722,r,18,94,0,0,448,39
grp-a001-02-000000047076722,r,99,636,1,1255,2515,94
grp-a001-02-000000047076723,h,00,141,1,1528,650,67
grp-a001-02-000000047076723,h,01,111,2,2858,429,55
grp-a001-02-000000047076723,h,02,43,0,0,166,28
grp-a001-02-000000047076723,h,03,61,0,0,226,29
grp-a001-02-000000047076723,h,04,33,0,0,163,17
grp-a001-02-000000047076723,h,05,46,0,0,192,26
grp-a001-02-000000047076723,h,06,48,0,0,147,28
grp-a001-02-000000047076723,h,07,98,2,2195,412,45
grp-a001-02-000000047076723,h,08,130,0,0,583,49
grp-a001-02-000000047076723,h,09,129,0,0,469,59
grp-a001-02-000000047076723,h,10,155,1,1540,583,69
grp-a001-02-000000047076723,h,11,148,0,0,674,69
grp-a001-02-000000047076723,h,12,130,2,3027,554,62
grp-a001-02-000000047076723,h,13,114,0,0,470,65
grp-a001-02-000000047076723,h,14,124,0,0,523,63
grp-a001-02-000000047076723,h,15,143,0,0,587,70
grp-a001-02-000000047076723,h,16,158,0,0,544,64
grp-a001-02-000000047076723,h,17,125,2,2939,519,62
grp-a001-02-000000047076723,h,18,104,3,4812,551,52
grp-a001-02-000000047076723,h,19,121,1,1463,485,55
grp-a001-02-000000047076723,h,20,185,3,4281,743,74
grp-a001-02-000000047076723,h,21,199,4,5309,767,76
grp-a001-02-000000047076723,h,22,190,3,4340,724,78
grp-a001-02-000000047076723,h,23,239,2,2881,1371,75
grp-a001-02-000000047076723,m,11068,317,1,1540,2242,90
grp-a001-02-000000047076723,m,122876,38,0,0,58,11
grp-a001-02-000000047076723,m,27758,208,3,4356,384,64
grp-a001-02-000000047076723,m,33421,655,4,5300,4349,116
grp-a001-02-000000047076723,m,335738,6,0,0,34,3
grp-a001-02-000000047076723,m,341893,263,0,0,1602,69
grp-a001-02-000000047076723,m,341898,123,0,0,198,54
grp-a001-02-000000047076723,m,370822,43,1,1363,80,28
grp-a001-02-000000047076723,m,424040,15,0,0,23,13
grp-a001-02-000000047076723,m,684924,111,0,0,111,29
grp-a001-02-000000047076723,m,684925,69,0,0,69,37
grp-a001-02-000000047076723,m,684926,185,0,0,680,80
grp-a001-02-000000047076723,m,684927,59,1,1455,219,36
grp-a001-02-000000047076723,m,805760,2,0,0,11,1
grp-a001-02-000000047076723,m,8753,881,16,23159,2472,123
grp-a001-02-000000047076723,r,00,22,0,0,61,17
grp-a001-02-000000047076723,r,01,80,0,0,329,44
grp-a001-02-000000047076723,r,02,677,10,14732,3003,122
grp-a001-02-000000047076723,r,03,153,3,3759,594,64
grp-a001-02-000000047076723,r,04,107,0,0,450,50
grp-a001-02-000000047076723,r,05,29,2,2646,129,22
grp-a001-02-000000047076723,r,06,111,1,1363,457,56
grp-a001-02-000000047076723,r,07,68,0,0,311,39
grp-a001-02-000000047076723,r,08,122,0,0,585,55
grp-a001-02-000000047076723,r,09,643,2,2959,2692,124
grp-a001-02-000000047076723,r,10,54,1,1430,204,31
grp-a001-02-000000047076723,r,11,137,2,2989,482,62
grp-a001-02-000000047076723,r,12,32,0,0,102,21
grp-a001-02-000000047076723,r,13,79,0,0,368,41
grp-a001-02-000000047076723,r,14,11,0,0,78,11
grp-a001-02-000000047076723,r,15,105,2,2863,436,52
grp-a001-02-000000047076723,r,16,79,2,2904,346,45
grp-a001-02-000000047076723,r,17,19,0,0,66,13
grp-a001-02-000000047076723,r,18,100,1,1528,411,28
grp-a001-02-000000047076723,r,99,347,0,0,1428,73
grp-a001-02-000000047076737,h,00,120,2,3312,685,57
grp-a001-02-000000047076737,h,01,109,0,0,589,52
grp-a001-02-000000047076737,h,02,43,0,0,260,26
grp-a001-02-000000047076737,h,03,36,0,0,202,21
grp-a001-02-000000047076737,h,04,16,0,0,92,10
grp-a001-02-000000047076737,h,05,33,0,0,189,18
grp-a001-02-000000047076737,h,06,28,0,0,106,17
grp-a001-02-000000047076737,h,07,65,0,0,332,30
grp-a001-02-000000047076737,h,08,88,0,0,519,44
grp-a001-02-000000047076737,h,09,110,0,0,509,49
grp-a001-02-000000047076737,h,10,104,0,0,421,47
grp-a001-02-000000047076737,h,11,115,1,1960,707,55
grp-a001-02-000000047076737,h,12,97,1,1557,539,47
grp-a001-02-000000047076737,h,13,94,2,3579,564,51
grp-a001-02-000000047076737,h,14,100,1,1980,520,46
grp-a001-02-000000047076737,h,15,109,0,0,601,60
grp-a001-02-000000047076737,h,16,111,0,0,564,50
grp-a001-02-000000047076737,h,17,99,1,1435,584,48
grp-a001-02-000000047076737,h,18,108,0,0,518,53
grp-a001-02-000000047076737,h,19,106,0,0,654,49
grp-a001-02-000000047076737,h,20,106,2,3689,596,49
grp-a001-02-000000047076737,h,21,124,0,0,714,50
grp-a001-02-000000047076737,h,22,117,0,0,682,61
grp-a001-02-000000047076737,h,23,165,2,3186,957,50
grp-a001-02-000000047076737,m,11068,603,2,3662,3755,87
grp-a001-02-000000047076737,m,122876,38,0,0,77,11
grp-a001-02-000000047076737,m,27758,218,3,5920,377,56
grp-a001-02-000000047076737,m,33421,443,1,1332,4055,105
grp-a001-02-000000047076737,m,335738,2,0,0,6,2
grp-a001-02-000000047076737,m,341893,103,0,0,502,21
grp-a001-02-000000047076737,m,341898,72,0,0,119,17
grp-a001-02-000000047076737,m,370822,19,0,0,33,10
grp-a001-02-000000047076737,m,424040,14,0,0,31,11
grp-a001-02-000000047076737,m,556927,1,0,0,1,1
grp-a001-02-000000047076737,m,684924,46,1,2090,46,25
grp-a001-02-000000047076737,m,684925,74,0,0,74,22
grp-a001-02-000000047076737,m,684926,142,0,0,1021,72
grp-a001-02-000000047076737,m,684927,62,0,0,556,33
grp-a001-02-000000047076737,m,8753,366,5,7694,1451,87
grp-a001-02-000000047076737,r,00,9,1,1582,52,7
grp-a001-02-000000047076737,r,01,72,0,0,296,32
grp-a001-02-000000047076737,r,02,590,3,6030,3128,103
grp-a001-02-000000047076737,r,03,76,1,1980,370,38
grp-a001-02-000000047076737,r,04,56,2,3515,300,28
grp-a001-02-000000047076737,r,05,30,0,0,200,19
grp-a001-02-000000047076737,r,06,76,2,3203,427,39
grp-a001-02-000000047076737,r,07,45,1,1499,228,29
grp-a001-02-000000047076737,r,08,90,0,0,552,56
grp-a001-02-000000047076737,r,09,548,2,2889,3203,109
grp-a001-02-000000047076737,r,10,36,0,0,199,24
grp-a001-02-000000047076737,r,11,137,0,0,624,51
grp-a001-02-000000047076737,r,12,32,0,0,187,19
grp-a001-02-000000047076737,r,13,42,0,0,238,27
grp-a001-02-000000047076737,r,14,10,0,0,31,7
grp-a001-02-000000047076737,r,15,57,0,0,260,33
grp-a001-02-000000047076737,r,16,49,0,0,228,25
grp-a001-02-000000047076737,r,17,6,0,0,38,4
grp-a001-02-000000047076737,r,18,32,0,0,185,18
grp-a001-02-000000047076737,r,99,210,0,0,1358,62
grp-a001-02-000000047076738,h,00,52,0,0,348,27
grp-a001-02-000000047076738,h,01,33,0,0,154,19
grp-a001-02-000000047076738,h,02,15,0,0,105,10
grp-a001-02-000000047076738,h,03,19,1,1463,54,9
grp-a001-02-000000047076738,h,04,7,0,0,26,4
grp-a001-02-000000047076738,h,05,12,0,0,90,9
grp-a001-02-000000047076738,h,06,14,0,0,75,10
grp-a001-02-000000047076738,h,07,31,0,0,273,12
grp-a001-02-000000047076738,h,08,25,0,0,82,9
grp-a001-02-000000047076738,h,09,53,1,1399,222,19
grp-a001-02-000000047076738,h,10,27,0,0,121,14
grp-a001-02-000000047076738,h,11,45,1,1840,302,14
grp-a001-02-000000047076738,h,12,41,0,0,188,15
grp-a001-02-000000047076738,h,13,37,1,1680,136,19
grp-a001-02-000000047076738,h,14,45,0,0,200,20
grp-a001-02-000000047076738,h,15,30,0,0,146,18
grp-a001-02-000000047076738,h,16,39,0,0,163,16
grp-a001-02-000000047076738,h,17,47,0,0,265,23
grp-a001-02-000000047076738,h,18,24,0,0,120,10
grp-a001-02-000000047076738,h,19,30,0,0,107,13
grp-a001-02-000000047076738,h,20,33,0,0,169,19
grp-a001-02-000000047076738,h,21,33,0,0,184,11
grp-a001-02-000000047076738,h,22,28,0,0,129,16
grp-a001-02-000000047076738,h,23,39,0,0,221,16
grp-a001-02-000000047076738,m,11068,119,1,1463,1002,40
grp-a001-02-000000047076738,m,27758,124,1,1840,213,25
grp-a001-02-000000047076738,m,33421,169,1,1399,1252,34
grp-a001-02-000000047076738,m,335738,1,0,0,1,1
grp-a001-02-000000047076738,m,341893,43,0,0,203,29
grp-a001-02-000000047076738,m,341898,3,0,0,6,3
grp-a001-02-000000047076738,m,370822,1,0,0,1,1
grp-a001-02-000000047076738,m,684924,38,0,0,38,8
grp-a001-02-000000047076738,m,684925,47,1,1680,47,14
grp-a001-02-000000047076738,m,684926,35,0,0,410,16
grp-a001-02-000000047076738,m,684927,20,0,0,193,11
grp-a001-02-000000047076738,m,8753,159,0,0,514,34
grp-a001-02-000000047076738,r,00,3,0,0,9,3
grp-a001-02-000000047076738,r,01,16,0,0,90,14
grp-a001-02-000000047076738,r,02,186,2,3143,910,54
grp-a001-02-000000047076738,r,03,36,0,0,205,20
grp-a001-02-000000047076738,r,04,31,0,0,152,17
grp-a001-02-000000047076738,r,05,6,0,0,30,5
grp-a001-02-000000047076738,r,06,28,0,0,143,14
grp-a001-02-000000047076738,r,07,10,0,0,62,8
grp-a001-02-000000047076738,r,08,27,0,0,117,17
grp-a001-02-000000047076738,r,09,182,2,3239,922,48
grp-a001-02-000000047076738,r,10,10,0,0,48,5
grp-a001-02-000000047076738,r,11,35,0,0,116,18
grp-a001-02-000000047076738,r,12,8,0,0,26,5
grp-a001-02-000000047076738,r,13,13,0,0,180,10
grp-a001-02-000000047076738,r,14,1,0,0,4,1
grp-a001-02-000000047076738,r,15,27,0,0,151,12
grp-a001-02-000000047076738,r,16,17,0,0,102,7
grp-a001-02-000000047076738,r,17,7,0,0,14,5
grp-a001-02-000000047076738,r,18,8,0,0,78,7
grp-a001-02-000000047076738,r,99,108,0,0,521,31
grp-a001-02-000000047076745,h,00,76,1,1261,466,42
grp-a001-02-000000047076745,h,01,58,0,0,422,27
grp-a001-02-000000047076745,h,02,48,1,759,277,23
grp-a001-02-000000047076745,h,03,41,0,0,169,18
grp-a001-02-000000047076745,h,04,51,0,0,296,10
grp-a001-02-000000047076745,h,05,73,1,1419,451,14
grp-a001-02-000000047076745,h,06,45,0,0,191,13
grp-a001-02-000000047076745,h,07,78,0,0,579,23
grp-a001-02-000000047076745,h,08,64,1,1082,406,30
grp-a001-02-000000047076745,h,09,118,2,1712,584,53
grp-a001-02-000000047076745,h,10,134,3,3234,677,51
grp-a001-02-000000047076745,h,11,118,0,0,761,59
grp-a001-02-000000047076745,h,12,103,5,5000,505,55
grp-a001-02-000000047076745,h,13,134,1,1381,746,62
grp-a001-02-000000047076745,h,14,130,1,963,819,61
grp-a001-02-000000047076745,h,15,175,4,4454,936,64
grp-a001-02-000000047076745,h,16,140,3,2448,801,71
grp-a001-02-000000047076745,h,17,135,1,1292,728,52
grp-a001-02-000000047076745,h,18,139,1,372,725,66
grp-a001-02-000000047076745,h,19,203,6,7459,1380,52
grp-a001-02-000000047076745,h,20,134,2,2620,806,56
grp-a001-02-000000047076745,h,21,177,2,2321,1051,68
grp-a001-02-000000047076745,h,22,131,2,1280,809,66
grp-a001-02-000000047076745,h,23,145,3,2698,837,54
grp-a001-02-000000047076745,m,11068,210,1,764,1429,58
grp-a001-02-000000047076745,m,122876,125,0,0,666,39
grp-a001-02-000000047076745,m,27758,57,3,2209,114,33
grp-a001-02-000000047076745,m,33421,758,6,7627,5389,98
grp-a001-02-000000047076745,m,335738,2,0,0,15,2
grp-a001-02-000000047076745,m,341893,262,1,371,1935,105
grp-a001-02-000000047076745,m,341898,30,0,0,65,18
grp-a001-02-000000047076745,m,370822,7,0,0,32,7
grp-a001-02-000000047076745,m,424040,19,0,0,36,15
grp-a001-02-000000047076745,m,684924,67,0,0,67,30
grp-a001-02-000000047076745,m,684925,17,0,0,17,13
grp-a001-02-000000047076745,m,684926,397,2,2291,2708,110
grp-a001-02-000000047076745,m,684927,74,1,483,509,42
grp-a001-02-000000047076745,m,805759,5,0,0,72,2
grp-a001-02-000000047076745,m,8753,620,26,28010,2368,108
grp-a001-02-000000047076745,r,00,267,0,0,2245,12
grp-a001-02-000000047076745,r,01,59,2,2631,294,30
grp-a001-02-000000047076745,r,02,557,8,7325,2820,119
grp-a001-02-000000047076745,r,03,132,3,2566,758,65
grp-a001-02-000000047076745,r,04,97,2,2592,527,50
grp-a001-02-000000047076745,r,05,16,1,800,100,13
grp-a001-02-000000047076745,r,06,79,0,0,462,41
grp-a001-02-000000047076745,r,07,60,0,0,351,32
grp-a001-02-000000047076745,r,08,89,2,2661,506,43
grp-a001-02-000000047076745,r,09,653,5,3655,4061,115
grp-a001-02-000000047076745,r,10,31,2,2539,161,21
grp-a001-02-000000047076745,r,11,91,1,764,498,55
grp-a001-02-000000047076745,r,12,34,0,0,187,21
grp-a001-02-000000047076745,r,13,70,3,4195,349,34
grp-a001-02-000000047076745,r,14,13,0,0,61,5
grp-a001-02-000000047076745,r,15,125,3,3856,629,56
grp-a001-02-000000047076745,r,16,70,0,0,329,34
grp-a001-02-000000047076745,r,17,13,0,0,60,11
grp-a001-02-000000047076745,r,18,80,6,6005,297,26
grp-a001-02-000000047076745,r,99,114,2,2166,727,54
grp-a001-02-000000047076797,h,00,1477,14,20653,6710,154
grp-a001-02-000000047076797,h,01,1115,7,12783,5084,134
grp-a001-02-000000047076797,h,02,847,0,0,4635,118
grp-a001-02-000000047076797,h,03,641,2,3587,3433,85
grp-a001-02-000000047076797,h,04,717,1,1907,4316,90
grp-a001-02-000000047076797,h,05,784,1,1135,4983,88
grp-a001-02-000000047076797,h,06,996,2,3783,5208,111
grp-a001-02-000000047076797,h,07,1079,4,6181,4957,125
grp-a001-02-000000047076797,h,08,1441,6,9322,6598,136
grp-a001-02-000000047076797,h,09,1318,7,11606,6030,145
grp-a001-02-000000047076797,h,10,1328,12,21276,5344,146
grp-a001-02-000000047076797,h,11,1481,20,33966,6381,155
grp-a001-02-000000047076797,h,12,1084,18,29176,4707,146
grp-a001-02-000000047076797,h,13,1103,13,21727,4705,153
grp-a001-02-000000047076797,h,14,1182,22,36595,5427,152
grp-a001-02-000000047076797,h,15,1255,14,23897,5646,148
grp-a001-02-000000047076797,h,16,1292,25,41831,5920,146
grp-a001-02-000000047076797,h,17,1379,17,27533,6022,146
grp-a001-02-000000047076797,h,18,1267,18,28495,5788,148
grp-a001-02-000000047076797,h,19,1195,14,25420,5662,148
grp-a001-02-000000047076797,h,20,1293,13,21367,5484,156
grp-a001-02-000000047076797,h,21,1640,22,34500,7524,157
grp-a001-02-000000047076797,h,22,1724,21,35555,7677,156
grp-a001-02-000000047076797,h,23,1688,23,39238,7675,157
grp-a001-02-000000047076797,m,11068,3165,9,11378,11304,137
grp-a001-02-000000047076797,m,122876,32,0,0,69,9
grp-a001-02-000000047076797,m,27758,1251,28,34781,2341,156
grp-a001-02-000000047076797,m,33421,10881,18,32086,76702,165
grp-a001-02-000000047076797,m,335738,27,0,0,158,17
grp-a001-02-000000047076797,m,341893,1704,2,3317,6868,166
grp-a001-02-000000047076797,m,341898,743,3,4728,1339,147
grp-a001-02-000000047076797,m,370822,151,0,0,429,81
grp-a001-02-000000047076797,m,424040,1,0,0,7,1
grp-a001-02-000000047076797,m,556927,4,0,0,4,3
grp-a001-02-000000047076797,m,684924,721,1,1903,721,130
grp-a001-02-000000047076797,m,684925,575,1,715,575,134
grp-a001-02-000000047076797,m,684926,2919,72,113745,11680,167
grp-a001-02-000000047076797,m,684927,430,4,2549,2226,134
grp-a001-02-000000047076797,m,805759,14,0,0,143,6
grp-a001-02-000000047076797,m,8753,6708,158,286331,21350,164
grp-a001-02-000000047076797,r,00,3584,2,3891,19426,97
grp-a001-02-000000047076797,r,01,624,17,27193,2836,135
grp-a001-02-000000047076797,r,02,6826,61,100846,30159,167
grp-a001-02-000000047076797,r,03,1271,16,25543,5808,145
grp-a001-02-000000047076797,r,04,967,11,19567,4384,142
grp-a001-02-000000047076797,r,05,243,3,2932,1291,78
grp-a001-02-000000047076797,r,06,876,8,13707,4169,142
grp-a001-02-000000047076797,r,07,700,6,9915,3094,130
grp-a001-02-000000047076797,r,08,1336,13,23581,6582,152
grp-a001-02-000000047076797,r,09,6047,66,111031,27121,167
grp-a001-02-000000047076797,r,10,523,6,10560,2333,120
grp-a001-02-000000047076797,r,11,1194,14,23722,5623,150
grp-a001-02-000000047076797,r,12,383,4,6750,2213,85
grp-a001-02-000000047076797,r,13,646,8,13666,3179,122
grp-a001-02-000000047076797,r,14,191,0,0,934,64
grp-a001-02-000000047076797,r,15,908,17,26245,3972,144
grp-a001-02-000000047076797,r,16,785,13,18859,3848,136
grp-a001-02-000000047076797,r,17,299,3,4016,1210,105
grp-a001-02-000000047076797,r,18,612,13,23904,2524,48
grp-a001-02-000000047076797,r,99,1311,15,25605,5210,151
grp-a001-02-000000047076945,h,00,1400,14,25298,5970,145
grp-a001-02-000000047076945,h,01,1276,5,8164,6280,128
grp-a001-02-000000047076945,h,02,932,0,0,4793,116
grp-a001-02-000000047076945,h,03,967,2,4206,5633,101
grp-a001-02-000000047076945,h,04,1049,2,3976,5454,113
grp-a001-02-000000047076945,h,05,1101,1,1598,5443,107
grp-a001-02-000000047076945,h,06,992,1,2039,4774,118
grp-a001-02-000000047076945,h,07,1078,3,3865,5114,129
grp-a001-02-000000047076945,h,08,1307,9,15646,5618,145
grp-a001-02-000000047076945,h,09,1178,6,10680,5010,143
grp-a001-02-000000047076945,h,10,1174,7,12921,4929,147
grp-a001-02-000000047076945,h,11,1205,6,10092,5204,149
grp-a001-02-000000047076945,h,12,1078,11,18630,5119,146
grp-a001-02-000000047076945,h,13,1209,16,25434,5306,149
grp-a001-02-000000047076945,h,14,1068,9,14484,4470,151
grp-a001-02-000000047076945,h,15,1136,8,11884,4833,147
grp-a001-02-000000047076945,h,16,1336,6,9455,6108,154
grp-a001-02-000000047076945,h,17,1276,8,13430,5582,149
grp-a001-02-000000047076945,h,18,1284,6,8102,5935,147
grp-a001-02-000000047076945,h,19,1222,10,14907,5730,147
grp-a001-02-000000047076945,h,20,1279,12,17723,5630,148
grp-a001-02-000000047076945,h,21,1365,14,22989,5682,156
grp-a001-02-000000047076945,h,22,1433,15,26443,5950,158
grp-a001-02-000000047076945,h,23,1695,12,17642,6752,156
grp-a001-02-000000047076945,m,11068,2098,8,11401,10379,131
grp-a001-02-000000047076945,m,122876,179,0,0,285,51
grp-a001-02-000000047076945,m,27758,758,14,14069,1313,139
grp-a001-02-000000047076945,m,33421,15380,16,26323,85487,164
grp-a001-02-000000047076945,m,335738,28,0,0,161,21
grp-a001-02-000000047076945,m,341893,1452,7,13121,5669,163
grp-a001-02-000000047076945,m,341898,928,0,0,1452,148
grp-a001-02-000000047076945,m,370822,171,1,1528,483,101
grp-a001-02-000000047076945,m,424040,79,0,0,102,44
grp-a001-02-000000047076945,m,556927,1,0,0,1,1
grp-a001-02-000000047076945,m,684924,381,2,2971,381,113
grp-a001-02-000000047076945,m,684925,100,0,0,100,56
grp-a001-02-000000047076945,m,684926,1889,24,41356,7830,164
grp-a001-02-000000047076945,m,684927,327,1,1121,2126,117
grp-a001-02-000000047076945,m,805759,2,0,0,7,2
grp-a001-02-000000047076945,m,805760,1,0,0,6,1
grp-a001-02-000000047076945,m,8753,5266,110,187718,15537,165
grp-a001-02-000000047076945,r,00,4691,1,1670,19008,116
grp-a001-02-000000047076945,r,01,593,5,8343,2663,131
grp-a001-02-000000047076945,r,02,6102,40,68826,27875,167
grp-a001-02-000000047076945,r,03,1262,9,14859,6274,154
grp-a001-02-000000047076945,r,04,973,2,3031,4432,141
grp-a001-02-000000047076945,r,05,323,3,3559,1429,83
grp-a001-02-000000047076945,r,06,865,12,17540,4051,138
grp-a001-02-000000047076945,r,07,573,0,0,2648,127
grp-a001-02-000000047076945,r,08,1284,9,15211,5712,150
grp-a001-02-000000047076945,r,09,5566,46,73565,25524,167
grp-a001-02-000000047076945,r,10,438,4,6311,1904,119
grp-a001-02-000000047076945,r,11,1141,6,8705,5500,147
grp-a001-02-000000047076945,r,12,480,9,14645,2377,98
grp-a001-02-000000047076945,r,13,678,2,3076,3140,134
grp-a001-02-000000047076945,r,14,227,0,0,1104,77
grp-a001-02-000000047076945,r,15,782,11,19430,3505,141
grp-a001-02-000000047076945,r,16,601,6,10049,2629,125
grp-a001-02-000000047076945,r,17,212,3,4122,878,86
grp-a001-02-000000047076945,r,18,370,7,11462,1623,46
grp-a001-02-000000047076945,r,99,1879,8,15204,9043,152
grp-a001-02-000000047076946,h,00,380,5,6932,2278,101
grp-a001-02-000000047076946,h,01,210,2,2673,1389,75
grp-a001-02-000000047076946,h,02,121,1,1634,669,56
grp-a001-02-000000047076946,h,03,102,2,2277,596,43
grp-a001-02-000000047076946,h,04,78,0,0,390,33
grp-a001-02-000000047076946,h,05,109,1,661,802,38
grp-a001-02-000000047076946,h,06,294,3,3265,2228,63
grp-a001-02-000000047076946,h,07,267,6,4636,1735,82
grp-a001-02-000000047076946,h,08,366,3,2907,2223,102
grp-a001-02-000000047076946,h,09,296,4,5154,1818,104
grp-a001-02-000000047076946,h,10,331,4,4827,1875,101
grp-a001-02-000000047076946,h,11,355,6,5574,2057,107
grp-a001-02-000000047076946,h,12,338,4,3783,2029,107
grp-a001-02-000000047076946,h,13,332,6,4824,1994,109
grp-a001-02-000000047076946,h,14,353,4,5541,2382,114
grp-a001-02-000000047076946,h,15,311,13,14416,1925,105
grp-a001-02-000000047076946,h,16,377,9,10974,2444,117
grp-a001-02-000000047076946,h,17,329,6,5656,1901,105
grp-a001-02-000000047076946,h,18,372,12,14051,2149,101
grp-a001-02-000000047076946,h,19,286,8,7639,1514,103
grp-a001-02-000000047076946,h,20,346,4,4216,1894,111
grp-a001-02-000000047076946,h,21,497,6,6502,3031,128
grp-a001-02-000000047076946,h,22,479,7,6720,2964,124
grp-a001-02-000000047076946,h,23,407,7,7183,2285,129
grp-a001-02-000000047076946,m,11068,473,2,1595,2455,85
grp-a001-02-000000047076946,m,27758,137,6,4352,282,70
grp-a001-02-000000047076946,m,33421,2050,11,12541,14711,151
grp-a001-02-000000047076946,m,335738,9,0,0,52,7
grp-a001-02-000000047076946,m,341893,659,0,0,4519,121
grp-a001-02-000000047076946,m,341898,150,0,0,315,66
grp-a001-02-000000047076946,m,370822,32,0,0,98,28
grp-a001-02-000000047076946,m,684924,125,0,0,125,66
grp-a001-02-000000047076946,m,684925,48,0,0,48,40
grp-a001-02-000000047076946,m,684926,1743,29,34130,11273,158
grp-a001-02-000000047076946,m,684927,403,8,6502,3632,124
grp-a001-02-000000047076946,m,805759,10,0,0,156,5
grp-a001-02-000000047076946,m,8753,1497,67,72925,6906,149
grp-a001-02-000000047076946,r,00,544,3,4254,2283,47
grp-a001-02-000000047076946,r,01,189,6,6251,1365,83
grp-a001-02-000000047076946,r,02,1745,26,26962,10802,159
grp-a001-02-000000047076946,r,03,306,5,5338,1790,104
grp-a001-02-000000047076946,r,04,249,6,6089,1685,92
grp-a001-02-000000047076946,r,05,105,3,3883,869,48
grp-a001-02-000000047076946,r,06,268,6,5524,1729,83
grp-a001-02-000000047076946,r,07,186,3,3085,1025,81
grp-a001-02-000000047076946,r,08,315,5,5791,2180,101
grp-a001-02-000000047076946,r,09,1593,26,26438,10148,160
grp-a001-02-000000047076946,r,10,111,2,2360,643,56
grp-a001-02-000000047076946,r,11,357,6,7052,1955,101
grp-a001-02-000000047076946,r,12,90,1,1063,642,43
grp-a001-02-000000047076946,r,13,204,3,3032,1339,80
grp-a001-02-000000047076946,r,14,27,1,1232,156,14
grp-a001-02-000000047076946,r,15,233,4,4924,1303,92
grp-a001-02-000000047076946,r,16,200,3,3613,1178,81
grp-a001-02-000000047076946,r,17,81,1,1414,481,45
grp-a001-02-000000047076946,r,18,135,7,7146,731,39
grp-a001-02-000000047076946,r,99,398,6,6594,2268,118
grp-a001-02-000000047077161,h,00,1202,16,18144,6093,149
grp-a001-02-000000047077161,h,01,692,9,8971,3431,139
grp-a001-02-000000047077161,h,02,407,7,8054,2017,102
grp-a001-02-000000047077161,h,03,285,1,1207,1212,84
grp-a001-02-000000047077161,h,04,246,2,1374,837,73
grp-a001-02-000000047077161,h,05,348,1,1258,1646,94
grp-a001-02-000000047077161,h,06,407,5,5993,2229,116
grp-a001-02-000000047077161,h,07,641,6,6971,3707,139
grp-a001-02-000000047077161,h,08,827,10,10799,4604,139
grp-a001-02-000000047077161,h,09,768,10,9847,4507,147
grp-a001-02-000000047077161,h,10,975,21,21594,5570,153
grp-a001-02-000000047077161,h,11,931,17,17075,5231,154
grp-a001-02-000000047077161,h,12,848,9,9007,4860,147
grp-a001-02-000000047077161,h,13,1037,11,11859,5801,153
grp-a001-02-000000047077161,h,14,1052,17,16223,6081,153
grp-a001-02-000000047077161,h,15,1000,14,14771,5862,150
grp-a001-02-000000047077161,h,16,948,17,16087,5442,149
grp-a001-02-000000047077161,h,17,917,13,14629,5248,145
grp-a001-02-000000047077161,h,18,824,7,7289,4810,146
grp-a001-02-000000047077161,h,19,962,22,21403,5697,152
grp-a001-02-000000047077161,h,20,1205,21,24143,7217,154
grp-a001-02-000000047077161,h,21,1555,20,20954,10309,157
grp-a001-02-000000047077161,h,22,1732,14,12567,11960,159
grp-a001-02-000000047077161,h,23,2426,22,25387,16292,156
grp-a001-02-000000047077161,m,11068,2375,16,12817,7964,156
grp-a001-02-000000047077161,m,27758,1036,17,13524,2251,127
grp-a001-02-000000047077161,m,33421,8080,22,23094,62478,167
grp-a001-02-000000047077161,m,335738,8,0,0,43,8
grp-a001-02-000000047077161,m,341893,1467,5,5392,10508,167
grp-a001-02-000000047077161,m,341898,234,1,1374,603,98
grp-a001-02-000000047077161,m,370822,66,0,0,235,47
grp-a001-02-000000047077161,m,684924,316,0,0,316,106
grp-a001-02-000000047077161,m,684925,344,0,0,344,73
grp-a001-02-000000047077161,m,684926,4188,64,65019,24482,167
grp-a001-02-000000047077161,m,684927,845,10,7675,5649,151
grp-a001-02-000000047077161,m,805759,10,0,0,162,5
grp-a001-02-000000047077161,m,805760,1,0,0,3,1
grp-a001-02-000000047077161,m,8753,3265,157,176711,15625,160
grp-a001-02-000000047077161,r,00,119,1,1180,698,55
grp-a001-02-000000047077161,r,01,807,8,7498,4002,139
grp-a001-02-000000047077161,r,02,5702,75,81015,33191,167
grp-a001-02-000000047077161,r,03,970,12,12431,6320,149
grp-a001-02-000000047077161,r,04,731,14,15010,4604,138
grp-a001-02-000000047077161,r,05,342,3,3121,2237,88
grp-a001-02-000000047077161,r,06,839,8,8039,5141,144
grp-a001-02-000000047077161,r,07,632,8,8459,4002,142
grp-a001-02-000000047077161,r,08,1016,21,19671,6412,150
grp-a001-02-000000047077161,r,09,5182,60,62823,30543,166
grp-a001-02-000000047077161,r,10,393,12,12859,2390,111
grp-a001-02-000000047077161,r,11,1543,5,6190,7570,155
grp-a001-02-000000047077161,r,12,281,8,8196,1781,96
grp-a001-02-000000047077161,r,13,584,5,5055,3490,137
grp-a001-02-000000047077161,r,14,135,1,1257,789,59
grp-a001-02-000000047077161,r,15,647,13,14172,4191,149
grp-a001-02-000000047077161,r,16,488,15,15657,3026,128
grp-a001-02-000000047077161,r,17,252,5,4802,1275,93
grp-a001-02-000000047077161,r,18,378,3,2990,2349,46
grp-a001-02-000000047077161,r,99,1194,15,15181,6652,145
grp-a001-02-000000047485224,h,00,1250,20,30773,4238,137
grp-a001-02-000000047485224,h,01,668,19,26693,2193,122
grp-a001-02-000000047485224,h,02,521,8,11160,1966,113
grp-a001-02-000000047485224,h,03,372,9,15005,1642,90
grp-a001-02-000000047485224,h,04,282,2,2368,1074,80
grp-a001-02-000000047485224,h,05,395,3,4388,1528,100
grp-a001-02-000000047485224,h,06,640,10,12523,2456,118
grp-a001-02-000000047485224,h,07,878,21,28164,2891,136
grp-a001-02-000000047485224,h,08,1075,27,37010,3301,134
grp-a001-02-000000047485224,h,09,1267,33,48758,3631,143
grp-a001-02-000000047485224,h,10,1544,37,51692,4366,144
grp-a001-02-000000047485224,h,11,1688,50,71842,5170,145
grp-a001-02-000000047485224,h,12,1758,42,58626,5554,144
grp-a001-02-000000047485224,h,13,1503,38,55192,4379,144
grp-a001-02-000000047485224,h,14,1696,41,62803,5025,147
grp-a001-02-000000047485224,h,15,1647,37,55044,4810,146
grp-a001-02-000000047485224,h,16,1780,41,57485,5391,143
grp-a001-02-000000047485224,h,17,1654,46,68964,4705,139
grp-a001-02-000000047485224,h,18,1498,34,52177,4376,142
grp-a001-02-000000047485224,h,19,1576,36,50999,4615,142
grp-a001-02-000000047485224,h,20,1862,57,88092,5521,141
grp-a001-02-000000047485224,h,21,1723,44,63100,4749,143
grp-a001-02-000000047485224,h,22,1593,40,57440,4662,137
grp-a001-02-000000047485224,h,23,1358,35,46657,3958,135
grp-a001-02-000000047485224,m,11068,1627,24,34224,7353,146
grp-a001-02-000000047485224,m,27758,1931,89,126574,3144,141
grp-a001-02-000000047485224,m,33421,5733,72,102566,27700,153
grp-a001-02-000000047485224,m,341893,1591,5,5492,4075,152
grp-a001-02-000000047485224,m,341898,1204,9,11772,1450,141
grp-a001-02-000000047485224,m,370822,207,2,2797,272,102
grp-a001-02-000000047485224,m,556927,72,0,0,72,39
grp-a001-02-000000047485224,m,684924,1543,13,15581,1543,129
grp-a001-02-000000047485224,m,684925,535,4,5934,535,112
grp-a001-02-000000047485224,m,684926,5059,118,162971,17401,153
grp-a001-02-000000047485224,m,684927,903,7,9750,3899,143
grp-a001-02-000000047485224,m,787480,1,0,0,10,1
grp-a001-02-000000047485224,m,787481,2,0,0,4,2
grp-a001-02-000000047485224,m,805759,11,0,0,146,9
grp-a001-02-000000047485224,m,805760,7,0,0,47,3
grp-a001-02-000000047485224,m,8753,9802,387,579294,24550,153
grp-a001-02-000000047485224,r,-1,3,0,0,15,2
grp-a001-02-000000047485224,r,00,155,5,7210,416,76
grp-a001-02-000000047485224,r,01,786,24,36538,2283,132
grp-a001-02-000000047485224,r,02,7318,181,260249,22244,153
grp-a001-02-000000047485224,r,03,1347,33,49057,3941,144
grp-a001-02-000000047485224,r,04,1219,24,34836,3912,142
grp-a001-02-000000047485224,r,05,356,15,21396,880,80
grp-a001-02-000000047485224,r,06,1186,19,27637,3600,149
grp-a001-02-000000047485224,r,07,742,21,30776,2183,132
grp-a001-02-000000047485224,r,08,1594,48,67508,4540,151
grp-a001-02-000000047485224,r,09,6973,158,232294,21503,153
grp-a001-02-000000047485224,r,10,507,16,23473,1502,120
grp-a001-02-000000047485224,r,11,1614,37,54578,4528,150
grp-a001-02-000000047485224,r,12,385,15,20482,1099,90
grp-a001-02-000000047485224,r,13,847,31,44182,2561,141
grp-a001-02-000000047485224,r,14,179,2,1954,551,70
grp-a001-02-000000047485224,r,15,1168,36,53452,3237,138
grp-a001-02-000000047485224,r,16,708,14,19349,2288,136
grp-a001-02-000000047485224,r,17,208,9,14543,592,80
grp-a001-02-000000047485224,r,18,574,7,8654,1808,48
grp-a001-02-000000047485224,r,99,2359,35,48787,8518,151
grp-a001-02-000000047485408,h,00,45,1,1195,246,15
grp-a001-02-000000047485408,h,01,29,0,0,189,14
grp-a001-02-000000047485408,h,02,139,0,0,725,17
grp-a001-02-000000047485408,h,03,6,0,0,31,6
grp-a001-02-000000047485408,h,04,4,0,0,59,3
grp-a001-02-000000047485408,h,05,6,0,0,64,5
grp-a001-02-000000047485408,h,06,16,0,0,130,9
grp-a001-02-000000047485408,h,07,23,0,0,158,11
grp-a001-02-000000047485408,h,08,33,0,0,319,14
grp-a001-02-000000047485408,h,09,30,0,0,240,13
grp-a001-02-000000047485408,h,10,27,0,0,191,13
grp-a001-02-000000047485408,h,11,108,3,2001,698,16
grp-a001-02-000000047485408,h,12,31,1,857,221,13
grp-a001-02-000000047485408,h,13,27,1,1116,173,14
grp-a001-02-000000047485408,h,14,24,0,0,201,12
grp-a001-02-000000047485408,h,15,34,0,0,257,15
grp-a001-02-000000047485408,h,16,32,0,0,248,15
grp-a001-02-000000047485408,h,17,19,0,0,117,10
grp-a001-02-000000047485408,h,18,22,0,0,193,11
grp-a001-02-000000047485408,h,19,31,1,749,179,14
grp-a001-02-000000047485408,h,20,48,0,0,395,15
grp-a001-02-000000047485408,h,21,26,1,1013,224,14
grp-a001-02-000000047485408,h,22,47,1,55,337,15
grp-a001-02-000000047485408,h,23,46,1,1013,399,13
grp-a001-02-000000047485408,m,11068,69,0,0,363,14
grp-a001-02-000000047485408,m,27758,8,1,55,14,6
grp-a001-02-000000047485408,m,33421,361,2,2146,2823,24
grp-a001-02-000000047485408,m,341893,170,0,0,1301,22
grp-a001-02-000000047485408,m,341898,19,0,0,78,10
grp-a001-02-000000047485408,m,370822,6,0,0,26,6
grp-a001-02-000000047485408,m,684924,21,1,55,21,10
grp-a001-02-000000047485408,m,684925,5,0,0,5,4
grp-a001-02-000000047485408,m,684926,66,2,1744,688,18
grp-a001-02-000000047485408,m,684927,30,0,0,317,12
grp-a001-02-000000047485408,m,8753,98,4,3999,358,18
grp-a001-02-000000047485408,r,00,2,0,0,18,1
grp-a001-02-000000047485408,r,01,25,0,0,255,10
grp-a001-02-000000047485408,r,02,212,3,1305,1393,23
grp-a001-02-000000047485408,r,03,56,1,1013,431,19
grp-a001-02-000000047485408,r,04,36,0,0,246,15
grp-a001-02-000000047485408,r,05,21,1,1116,152,11
grp-a001-02-000000047485408,r,06,40,0,0,426,15
grp-a001-02-000000047485408,r,07,13,0,0,108,10
grp-a001-02-000000047485408,r,08,50,0,0,276,15
grp-a001-02-000000047485408,r,09,157,1,857,1002,24
grp-a001-02-000000047485408,r,10,14,0,0,146,10
grp-a001-02-000000047485408,r,11,56,0,0,379,17
grp-a001-02-000000047485408,r,12,29,0,0,248,13
grp-a001-02-000000047485408,r,13,25,1,1013,123,11
grp-a001-02-000000047485408,r,14,6,0,0,47,4
grp-a001-02-000000047485408,r,15,40,1,995,286,17
grp-a001-02-000000047485408,r,16,20,0,0,147,10
grp-a001-02-000000047485408,r,17,5,0,0,29,4
grp-a001-02-000000047485408,r,99,46,2,1700,282,16
grp-a001-02-000000048079095,h,00,224,5,8363,1013,76
grp-a001-02-000000048079095,h,01,148,4,6596,547,63
grp-a001-02-000000048079095,h,02,105,0,0,573,48
grp-a001-02-000000048079095,h,03,37,0,0,127,20
grp-a001-02-000000048079095,h,04,39,0,0,133,24
grp-a001-02-000000048079095,h,05,51,0,0,241,32
grp-a001-02-000000048079095,h,06,100,1,1375,435,51
grp-a001-02-000000048079095,h,07,137,1,1572,652,57
grp-a001-02-000000048079095,h,08,181,1,1668,906,68
grp-a001-02-000000048079095,h,09,156,1,1574,729,58
grp-a001-02-000000048079095,h,10,149,2,3428,792,75
grp-a001-02-000000048079095,h,11,262,4,5769,1278,89
grp-a001-02-000000048079095,h,12,170,0,0,734,73
grp-a001-02-000000048079095,h,13,193,1,1626,880,77
grp-a001-02-000000048079095,h,14,184,1,1749,990,77
grp-a001-02-000000048079095,h,15,197,0,0,850,72
grp-a001-02-000000048079095,h,16,214,2,3287,1294,80
grp-a001-02-000000048079095,h,17,183,1,1749,879,72
grp-a001-02-000000048079095,h,18,213,2,3249,1005,72
grp-a001-02-000000048079095,h,19,217,5,7833,1004,78
grp-a001-02-000000048079095,h,20,237,2,3039,1013,83
grp-a001-02-000000048079095,h,21,264,2,3386,1018,79
grp-a001-02-000000048079095,h,22,334,3,4957,1424,90
grp-a001-02-000000048079095,h,23,274,4,6351,1230,81
grp-a001-02-000000048079095,m,11068,109,0,0,534,30
grp-a001-02-000000048079095,m,27758,18,0,0,36,15
grp-a001-02-000000048079095,m,33421,1440,18,28480,7661,115
grp-a001-02-000000048079095,m,341893,932,4,5860,5478,77
grp-a001-02-000000048079095,m,341898,228,0,0,366,60
grp-a001-02-000000048079095,m,370822,11,0,0,28,8
grp-a001-02-000000048079095,m,556927,3,0,0,3,1
grp-a001-02-000000048079095,m,684924,222,0,0,222,70
grp-a001-02-000000048079095,m,684925,10,0,0,10,8
grp-a001-02-000000048079095,m,684926,385,1,1470,2134,99
grp-a001-02-000000048079095,m,684927,51,0,0,539,28
grp-a001-02-000000048079095,m,8753,860,19,31761,2736,113
grp-a001-02-000000048079095,r,00,30,0,0,148,19
grp-a001-02-000000048079095,r,01,140,3,4871,585,56
grp-a001-02-000000048079095,r,02,965,6,9235,4442,117
grp-a001-02-000000048079095,r,03,211,2,3498,882,83
grp-a001-02-000000048079095,r,04,140,2,3417,665,64
grp-a001-02-000000048079095,r,05,71,2,3451,344,42
grp-a001-02-000000048079095,r,06,246,0,0,1372,78
grp-a001-02-000000048079095,r,07,135,0,0,594,55
grp-a001-02-000000048079095,r,08,221,0,0,940,79
grp-a001-02-000000048079095,r,09,916,13,21274,4284,117
grp-a001-02-000000048079095,r,10,57,1,1703,226,34
grp-a001-02-000000048079095,r,11,245,1,1578,1132,80
grp-a001-02-000000048079095,r,12,92,1,1380,418,43
grp-a001-02-000000048079095,r,13,126,4,6313,564,65
grp-a001-02-000000048079095,r,14,37,2,2957,150,20
grp-a001-02-000000048079095,r,15,150,0,0,802,69
grp-a001-02-000000048079095,r,16,133,2,3429,622,64
grp-a001-02-000000048079095,r,17,30,0,0,156,22
grp-a001-02-000000048079095,r,18,48,0,0,265,15
grp-a001-02-000000048079095,r,99,276,3,4465,1156,84
grp-a001-02-000000048079128,h,05,1,0,0,15,1
grp-a001-02-000000048079128,h,10,1,0,0,21,1
grp-a001-02-000000048079128,h,22,1,0,0,8,1
grp-a001-02-000000048079128,m,612593,1,0,0,21,1
grp-a001-02-000000048079128,m,612594,1,0,0,8,1
grp-a001-02-000000048079128,m,8753,1,0,0,15,1
grp-a001-02-000000048079128,r,10,1,0,0,15,1
grp-a001-02-000000048079128,r,13,1,0,0,21,1
grp-a001-02-000000048079128,r,18,1,0,0,8,1
grp-a001-02-000000049350416,h,00,207,1,1487,721,74
grp-a001-02-000000049350416,h,01,139,1,1491,456,59
grp-a001-02-000000049350416,h,02,71,0,0,308,51
grp-a001-02-000000049350416,h,03,44,0,0,303,29
grp-a001-02-000000049350416,h,04,37,0,0,222,27
grp-a001-02-000000049350416,h,05,38,0,0,144,26
grp-a001-02-000000049350416,h,06,54,0,0,241,32
grp-a001-02-000000049350416,h,07,87,1,1337,375,49
grp-a001-02-000000049350416,h,08,166,0,0,742,71
grp-a001-02-000000049350416,h,09,180,0,0,732,72
grp-a001-02-000000049350416,h,10,195,0,0,843,72
grp-a001-02-000000049350416,h,11,177,1,1540,707,73
grp-a001-02-000000049350416,h,12,182,0,0,882,72
grp-a001-02-000000049350416,h,13,199,1,1331,1024,85
grp-a001-02-000000049350416,h,14,141,0,0,573,69
grp-a001-02-000000049350416,h,15,178,0,0,744,80
grp-a001-02-000000049350416,h,16,182,2,2742,856,76
grp-a001-02-000000049350416,h,17,173,3,4705,797,78
grp-a001-02-000000049350416,h,18,163,1,1513,644,64
grp-a001-02-000000049350416,h,19,179,1,1740,1013,71
grp-a001-02-000000049350416,h,20,217,0,0,941,75
grp-a001-02-000000049350416,h,21,271,3,4301,1231,83
grp-a001-02-000000049350416,h,22,297,1,1477,1390,89
grp-a001-02-000000049350416,h,23,348,2,2504,1961,83
grp-a001-02-000000049350416,m,11068,249,0,0,1969,63
grp-a001-02-000000049350416,m,122876,23,0,0,38,16
grp-a001-02-000000049350416,m,27758,261,2,2824,442,69
grp-a001-02-000000049350416,m,33421,687,1,1477,5234,96
grp-a001-02-000000049350416,m,335738,1,0,0,1,1
grp-a001-02-000000049350416,m,341893,659,4,6073,2895,110
grp-a001-02-000000049350416,m,341898,329,1,1491,530,74
grp-a001-02-000000049350416,m,370822,93,1,922,154,43
grp-a001-02-000000049350416,m,424040,113,0,0,271,50
grp-a001-02-000000049350416,m,556927,3,0,0,3,3
grp-a001-02-000000049350416,m,612593,167,0,0,1677,73
grp-a001-02-000000049350416,m,612594,111,0,0,444,46
grp-a001-02-000000049350416,m,684924,63,0,0,63,40
grp-a001-02-000000049350416,m,684925,50,0,0,50,20
grp-a001-02-000000049350416,m,684926,363,1,1445,1196,94
grp-a001-02-000000049350416,m,684927,103,0,0,561,58
grp-a001-02-000000049350416,m,8753,650,8,11936,2322,118
grp-a001-02-000000049350416,r,00,114,0,0,1114,49
grp-a001-02-000000049350416,r,01,96,2,2504,408,50
grp-a001-02-000000049350416,r,02,963,3,4322,4233,137
grp-a001-02-000000049350416,r,03,220,2,3217,838,75
grp-a001-02-000000049350416,r,04,122,0,0,585,67
grp-a001-02-000000049350416,r,05,86,0,0,293,41
grp-a001-02-000000049350416,r,06,128,3,4514,540,65
grp-a001-02-000000049350416,r,07,93,1,1331,385,51
grp-a001-02-000000049350416,r,08,189,0,0,812,64
grp-a001-02-000000049350416,r,09,887,4,5616,4198,136
grp-a001-02-000000049350416,r,10,58,0,0,189,34
grp-a001-02-000000049350416,r,11,179,0,0,730,73
grp-a001-02-000000049350416,r,12,70,0,0,228,33
grp-a001-02-000000049350416,r,13,121,1,1431,525,55
grp-a001-02-000000049350416,r,14,19,0,0,73,14
grp-a001-02-000000049350416,r,15,138,0,0,640,58
grp-a001-02-000000049350416,r,16,95,1,1513,459,43
grp-a001-02-000000049350416,r,17,27,1,1720,152,18
grp-a001-02-000000049350416,r,18,40,0,0,275,19
grp-a001-02-000000049350416,r,99,280,0,0,1173,79
grp-a001-02-000000049354013,h,00,201,0,0,815,50
grp-a001-02-000000049354013,h,01,150,0,0,434,37
grp-a001-02-000000049354013,h,02,108,0,0,336,25
grp-a001-02-000000049354013,h,03,104,0,0,284,24
grp-a001-02-000000049354013,h,04,89,0,0,195,21
grp-a001-02-000000049354013,h,05,105,0,0,223,23
grp-a001-02-000000049354013,h,06,110,0,0,269,28
grp-a001-02-000000049354013,h,07,119,0,0,326,29
grp-a001-02-000000049354013,h,08,179,1,1510,647,45
grp-a001-02-000000049354013,h,09,127,0,0,424,47
grp-a001-02-000000049354013,h,10,150,0,0,441,42
grp-a001-02-000000049354013,h,11,149,2,3464,518,47
grp-a001-02-000000049354013,h,12,140,0,0,397,38
grp-a001-02-000000049354013,h,13,143,0,0,509,50
grp-a001-02-000000049354013,h,14,153,1,1980,546,43
grp-a001-02-000000049354013,h,15,187,1,1970,621,44
grp-a001-02-000000049354013,h,16,122,0,0,421,41
grp-a001-02-000000049354013,h,17,148,0,0,496,53
grp-a001-02-000000049354013,h,18,148,0,0,495,42
grp-a001-02-000000049354013,h,19,121,0,0,487,44
grp-a001-02-000000049354013,h,20,125,1,1350,487,43
grp-a001-02-000000049354013,h,21,114,0,0,593,48
grp-a001-02-000000049354013,h,22,144,1,1479,555,49
grp-a001-02-000000049354013,h,23,106,1,1910,566,51
grp-a001-02-000000049354013,m,11068,1154,0,0,3399,55
grp-a001-02-000000049354013,m,122876,1,0,0,1,1
grp-a001-02-000000049354013,m,27758,410,1,1980,578,35
grp-a001-02-000000049354013,m,33421,337,1,1970,2724,98
grp-a001-02-000000049354013,m,341893,231,1,1980,1103,39
grp-a001-02-000000049354013,m,341898,191,0,0,272,29
grp-a001-02-000000049354013,m,370822,24,0,0,34,11
grp-a001-02-000000049354013,m,424040,13,0,0,16,6
grp-a001-02-000000049354013,m,612593,30,0,0,263,21
grp-a001-02-000000049354013,m,612594,35,1,1479,171,19
grp-a001-02-000000049354013,m,684924,22,0,0,22,13
grp-a001-02-000000049354013,m,684925,272,0,0,272,25
grp-a001-02-000000049354013,m,684926,151,0,0,631,48
grp-a001-02-000000049354013,m,684927,43,0,0,225,31
grp-a001-02-000000049354013,m,8753,328,4,6254,1374,69
grp-a001-02-000000049354013,r,00,12,0,0,88,7
grp-a001-02-000000049354013,r,01,218,0,0,540,36
grp-a001-02-000000049354013,r,02,995,2,3960,3264,95
grp-a001-02-000000049354013,r,03,88,0,0,400,43
grp-a001-02-000000049354013,r,04,54,1,1970,240,33
grp-a001-02-000000049354013,r,05,39,0,0,110,15
grp-a001-02-000000049354013,r,06,59,0,0,206,27
grp-a001-02-000000049354013,r,07,41,0,0,201,23
grp-a001-02-000000049354013,r,08,106,0,0,441,41
grp-a001-02-000000049354013,r,09,684,0,0,2217,88
grp-a001-02-000000049354013,r,10,34,1,1910,135,17
grp-a001-02-000000049354013,r,11,469,1,1479,1211,57
grp-a001-02-000000049354013,r,12,52,0,0,186,19
grp-a001-02-000000049354013,r,13,70,0,0,358,37
grp-a001-02-000000049354013,r,14,8,0,0,54,7
grp-a001-02-000000049354013,r,15,74,2,2860,397,46
grp-a001-02-000000049354013,r,16,46,0,0,233,23
grp-a001-02-000000049354013,r,17,11,0,0,48,8
grp-a001-02-000000049354013,r,18,16,0,0,86,10
grp-a001-02-000000049354013,r,99,166,1,1484,670,59
grp-a001-02-000000052176555,h,10,11,0,0,61,1
grp-a001-02-000000052176555,h,11,14,0,0,67,1
grp-a001-02-000000052176555,h,12,2,0,0,21,1
grp-a001-02-000000052176555,h,13,19,0,0,142,2
grp-a001-02-000000052176555,h,14,13,0,0,76,2
grp-a001-02-000000052176555,h,15,10,0,0,64,2
grp-a001-02-000000052176555,h,16,24,1,800,164,1
grp-a001-02-000000052176555,m,11068,3,0,0,28,2
grp-a001-02-000000052176555,m,27758,3,0,0,5,2
grp-a001-02-000000052176555,m,33421,27,0,0,228,2
grp-a001-02-000000052176555,m,335738,4,0,0,18,1
grp-a001-02-000000052176555,m,341893,6,0,0,78,2
grp-a001-02-000000052176555,m,684924,4,0,0,4,2
grp-a001-02-000000052176555,m,684925,3,0,0,3,2
grp-a001-02-000000052176555,m,684926,4,0,0,25,2
grp-a001-02-000000052176555,m,684927,6,0,0,40,1
grp-a001-02-000000052176555,m,8753,33,1,800,166,2
grp-a001-02-000000052176555,r,01,1,0,0,3,1
grp-a001-02-000000052176555,r,02,26,0,0,170,2
grp-a001-02-000000052176555,r,03,3,0,0,10,2
grp-a001-02-000000052176555,r,04,4,0,0,18,1
grp-a001-02-000000052176555,r,06,3,0,0,28,1
grp-a001-02-000000052176555,r,07,7,1,800,35,1
grp-a001-02-000000052176555,r,08,5,0,0,26,2
grp-a001-02-000000052176555,r,09,23,0,0,145,2
grp-a001-02-000000052176555,r,11,3,0,0,30,2
grp-a001-02-000000052176555,r,12,3,0,0,24,1
grp-a001-02-000000052176555,r,13,3,0,0,30,1
grp-a001-02-000000052176555,r,17,4,0,0,32,1
grp-a001-02-000000052176555,r,99,8,0,0,44,1
grp-a001-02-000000052176575,h,08,2,0,0,7,1
grp-a001-02-000000052176575,h,09,3,0,0,34,1
grp-a001-02-000000052176575,h,10,2,0,0,31,1
grp-a001-02-000000052176575,h,11,6,0,0,76,1
grp-a001-02-000000052176575,h,12,16,2,1133,113,2
grp-a001-02-000000052176575,h,13,5,0,0,34,1
grp-a001-02-000000052176575,h,14,8,1,77,104,2
grp-a001-02-000000052176575,h,15,22,0,0,200,2
grp-a001-02-000000052176575,h,16,13,0,0,111,1
grp-a001-02-000000052176575,m,11068,6,0,0,51,2
grp-a001-02-000000052176575,m,122876,2,1,308,19,1
grp-a001-02-000000052176575,m,27758,5,0,0,6,2
grp-a001-02-000000052176575,m,33421,18,0,0,183,2
grp-a001-02-000000052176575,m,335738,4,0,0,26,1
grp-a001-02-000000052176575,m,341893,10,1,77,71,1
grp-a001-02-000000052176575,m,684925,1,0,0,1,1
grp-a001-02-000000052176575,m,684926,4,0,0,65,1
grp-a001-02-000000052176575,m,684927,13,0,0,223,2
grp-a001-02-000000052176575,m,8753,14,1,825,65,2
grp-a001-02-000000052176575,r,01,3,1,77,42,2
grp-a001-02-000000052176575,r,02,9,1,825,57,1
grp-a001-02-000000052176575,r,03,2,0,0,12,1
grp-a001-02-000000052176575,r,04,8,0,0,48,1
grp-a001-02-000000052176575,r,05,6,0,0,134,2
grp-a001-02-000000052176575,r,06,2,1,308,19,1
grp-a001-02-000000052176575,r,07,1,0,0,30,1
grp-a001-02-000000052176575,r,08,4,0,0,36,2
grp-a001-02-000000052176575,r,09,25,0,0,176,2
grp-a001-02-000000052176575,r,11,3,0,0,32,2
grp-a001-02-000000052176575,r,12,3,0,0,24,2
grp-a001-02-000000052176575,r,15,2,0,0,31,2
grp-a001-02-000000052176575,r,16,4,0,0,34,1
grp-a001-02-000000052176575,r,99,5,0,0,35,2
grp-a001-02-000000052193550,h,00,181,1,458,1214,67
grp-a001-02-000000052193550,h,01,102,1,352,650,46
grp-a001-02-000000052193550,h,02,46,1,407,399,28
grp-a001-02-000000052193550,h,03,44,0,0,243,24
grp-a001-02-000000052193550,h,04,28,0,0,120,19
grp-a001-02-000000052193550,h,05,33,1,399,238,23
grp-a001-02-000000052193550,h,06,40,0,0,317,23
grp-a001-02-000000052193550,h,07,45,0,0,308,31
grp-a001-02-000000052193550,h,08,83,0,0,647,39
grp-a001-02-000000052193550,h,09,80,1,419,637,45
grp-a001-02-000000052193550,h,10,93,0,0,751,41
grp-a001-02-000000052193550,h,11,101,0,0,915,55
grp-a001-02-000000052193550,h,12,90,1,249,791,50
grp-a001-02-000000052193550,h,13,108,0,0,912,50
grp-a001-02-000000052193550,h,14,108,2,949,902,52
grp-a001-02-000000052193550,h,15,113,1,370,867,54
grp-a001-02-000000052193550,h,16,135,1,510,1036,63
grp-a001-02-000000052193550,h,17,127,1,510,1011,54
grp-a001-02-000000052193550,h,18,130,0,0,1010,62
grp-a001-02-000000052193550,h,19,132,6,2516,991,53
grp-a001-02-000000052193550,h,20,177,0,0,1441,63
grp-a001-02-000000052193550,h,21,197,3,1361,1648,67
grp-a001-02-000000052193550,h,22,198,1,560,1446,69
grp-a001-02-000000052193550,h,23,206,4,2160,1313,65
grp-a001-02-000000052193550,m,11068,13,1,429,112,7
grp-a001-02-000000052193550,m,122876,79,0,0,1405,32
grp-a001-02-000000052193550,m,27758,13,0,0,21,8
grp-a001-02-000000052193550,m,33421,198,1,419,1674,61
grp-a001-02-000000052193550,m,341893,1589,11,4739,13706,136
grp-a001-02-000000052193550,m,341898,139,1,458,405,49
grp-a001-02-000000052193550,m,370822,18,0,0,53,12
grp-a001-02-000000052193550,m,424040,18,1,319,226,13
grp-a001-02-000000052193550,m,684924,12,0,0,12,9
grp-a001-02-000000052193550,m,684925,1,0,0,1,1
grp-a001-02-000000052193550,m,684926,361,7,3186,1497,94
grp-a001-02-000000052193550,m,684927,66,0,0,298,42
grp-a001-02-000000052193550,m,8753,90,3,1670,397,37
grp-a001-02-000000052193550,r,00,14,0,0,126,11
grp-a001-02-000000052193550,r,01,51,0,0,374,31
grp-a001-02-000000052193550,r,02,704,5,2039,5500,133
grp-a001-02-000000052193550,r,03,140,3,1287,1165,66
grp-a001-02-000000052193550,r,04,102,0,0,876,49
grp-a001-02-000000052193550,r,05,44,1,490,212,27
grp-a001-02-000000052193550,r,06,84,0,0,726,46
grp-a001-02-000000052193550,r,07,71,0,0,578,43
grp-a001-02-000000052193550,r,08,124,0,0,929,46
grp-a001-02-000000052193550,r,09,519,6,3046,4028,112
grp-a001-02-000000052193550,r,10,48,0,0,344,28
grp-a001-02-000000052193550,r,11,110,0,0,829,58
grp-a001-02-000000052193550,r,12,53,0,0,313,33
grp-a001-02-000000052193550,r,13,67,3,1449,486,37
grp-a001-02-000000052193550,r,14,12,0,0,83,10
grp-a001-02-000000052193550,r,15,156,1,510,995,57
grp-a001-02-000000052193550,r,16,73,0,0,582,36
grp-a001-02-000000052193550,r,17,20,1,590,120,16
grp-a001-02-000000052193550,r,18,51,1,419,463,15
grp-a001-02-000000052193550,r,99,154,4,1390,1078,64
grp-a001-02-000000052193556,h,00,73,0,0,494,32
grp-a001-02-000000052193556,h,01,35,1,352,296,26
grp-a001-02-000000052193556,h,02,21,1,307,182,19
grp-a001-02-000000052193556,h,03,7,0,0,47,7
grp-a001-02-000000052193556,h,04,7,0,0,55,6
grp-a001-02-000000052193556,h,05,7,0,0,85,7
grp-a001-02-000000052193556,h,06,15,0,0,157,12
grp-a001-02-000000052193556,h,07,23,0,0,193,20
grp-a001-02-000000052193556,h,08,24,0,0,201,16
grp-a001-02-000000052193556,h,09,31,0,0,204,21
grp-a001-02-000000052193556,h,10,41,1,297,382,23
grp-a001-02-000000052193556,h,11,29,1,470,244,26
grp-a001-02-000000052193556,h,12,30,1,385,251,23
grp-a001-02-000000052193556,h,13,36,0,0,229,26
grp-a001-02-000000052193556,h,14,32,0,0,315,21
grp-a001-02-000000052193556,h,15,29,0,0,273,21
grp-a001-02-000000052193556,h,16,52,0,0,384,33
grp-a001-02-000000052193556,h,17,33,0,0,234,19
grp-a001-02-000000052193556,h,18,23,0,0,171,19
grp-a001-02-000000052193556,h,19,48,0,0,416,32
grp-a001-02-000000052193556,h,20,58,0,0,396,32
grp-a001-02-000000052193556,h,21,67,2,960,507,31
grp-a001-02-000000052193556,h,22,69,0,0,516,39
grp-a001-02-000000052193556,h,23,43,0,0,317,21
grp-a001-02-000000052193556,m,11068,2,0,0,80,2
grp-a001-02-000000052193556,m,27758,6,0,0,10,3
grp-a001-02-000000052193556,m,33421,28,0,0,292,11
grp-a001-02-000000052193556,m,341893,568,4,1619,5080,108
grp-a001-02-000000052193556,m,341898,70,0,0,191,27
grp-a001-02-000000052193556,m,370822,9,0,0,52,5
grp-a001-02-000000052193556,m,684926,103,3,1152,575,43
grp-a001-02-000000052193556,m,684927,38,0,0,219,21
grp-a001-02-000000052193556,m,8753,9,0,0,50,7
grp-a001-02-000000052193556,r,00,8,0,0,45,5
grp-a001-02-000000052193556,r,01,31,0,0,299,21
grp-a001-02-000000052193556,r,02,216,3,1267,1742,72
grp-a001-02-000000052193556,r,03,52,0,0,340,37
grp-a001-02-000000052193556,r,04,28,0,0,257,22
grp-a001-02-000000052193556,r,05,20,0,0,144,16
grp-a001-02-000000052193556,r,06,29,1,460,247,24
grp-a001-02-000000052193556,r,07,13,0,0,112,10
grp-a001-02-000000052193556,r,08,48,0,0,432,31
grp-a001-02-000000052193556,r,09,154,1,385,1264,62
grp-a001-02-000000052193556,r,10,12,0,0,85,10
grp-a001-02-000000052193556,r,11,43,1,352,289,27
grp-a001-02-000000052193556,r,12,19,0,0,144,15
grp-a001-02-000000052193556,r,13,23,0,0,188,13
grp-a001-02-000000052193556,r,14,6,0,0,50,4
grp-a001-02-000000052193556,r,15,39,0,0,283,31
grp-a001-02-000000052193556,r,16,36,0,0,276,17
grp-a001-02-000000052193556,r,17,5,0,0,27,4
grp-a001-02-000000052193556,r,18,2,0,0,17,2
grp-a001-02-000000052193556,r,99,49,1,307,308,33
grp-a001-02-000000052193613,h,00,61,1,390,322,19
grp-a001-02-000000052193613,h,01,50,0,0,390,24
grp-a001-02-000000052193613,h,02,33,1,540,329,16
grp-a001-02-000000052193613,h,03,23,0,0,199,9
grp-a001-02-000000052193613,h,04,17,0,0,193,9
grp-a001-02-000000052193613,h,05,13,0,0,141,6
grp-a001-02-000000052193613,h,06,19,0,0,143,7
grp-a001-02-000000052193613,h,07,21,0,0,171,10
grp-a001-02-000000052193613,h,08,23,1,550,70,13
grp-a001-02-000000052193613,h,09,36,0,0,150,13
grp-a001-02-000000052193613,h,10,37,1,510,138,15
grp-a001-02-000000052193613,h,11,37,1,240,152,13
grp-a001-02-000000052193613,h,12,52,0,0,192,18
grp-a001-02-000000052193613,h,13,52,1,240,130,11
grp-a001-02-000000052193613,h,14,51,0,0,215,12
grp-a001-02-000000052193613,h,15,51,0,0,234,9
grp-a001-02-000000052193613,h,16,62,3,1292,260,11
grp-a001-02-000000052193613,h,17,48,0,0,165,10
grp-a001-02-000000052193613,h,18,54,1,280,262,12
grp-a001-02-000000052193613,h,19,61,3,750,236,16
grp-a001-02-000000052193613,h,20,68,0,0,353,10
grp-a001-02-000000052193613,h,21,73,1,580,334,19
grp-a001-02-000000052193613,h,22,83,2,600,291,15
grp-a001-02-000000052193613,h,23,55,0,0,487,15
grp-a001-02-000000052193613,m,11068,8,0,0,171,6
grp-a001-02-000000052193613,m,122876,70,1,580,252,5
grp-a001-02-000000052193613,m,27758,3,1,462,5,3
grp-a001-02-000000052193613,m,33421,199,0,0,2226,30
grp-a001-02-000000052193613,m,341893,215,0,0,715,23
grp-a001-02-000000052193613,m,341898,62,2,1090,103,14
grp-a001-02-000000052193613,m,370822,8,0,0,17,6
grp-a001-02-000000052193613,m,424040,334,12,3840,919,6
grp-a001-02-000000052193613,m,684924,12,0,0,12,7
grp-a001-02-000000052193613,m,684925,2,0,0,2,2
grp-a001-02-000000052193613,m,684926,83,0,0,630,29
grp-a001-02-000000052193613,m,684927,21,0,0,251,13
grp-a001-02-000000052193613,m,8753,63,0,0,254,37
grp-a001-02-000000052193613,r,00,7,0,0,100,4
grp-a001-02-000000052193613,r,01,25,0,0,55,8
grp-a001-02-000000052193613,r,02,261,6,2780,1133,36
grp-a001-02-000000052193613,r,03,58,1,240,326,18
grp-a001-02-000000052193613,r,04,37,1,290,129,13
grp-a001-02-000000052193613,r,05,15,1,550,38,7
grp-a001-02-000000052193613,r,06,37,0,0,108,17
grp-a001-02-000000052193613,r,07,22,0,0,97,9
grp-a001-02-000000052193613,r,08,58,0,0,419,19
grp-a001-02-000000052193613,r,09,322,3,942,2153,41
grp-a001-02-000000052193613,r,10,13,0,0,42,8
grp-a001-02-000000052193613,r,11,45,1,180,153,16
grp-a001-02-000000052193613,r,12,24,0,0,93,8
grp-a001-02-000000052193613,r,13,32,2,450,143,14
grp-a001-02-000000052193613,r,14,25,0,0,56,4
grp-a001-02-000000052193613,r,15,28,1,540,137,13
grp-a001-02-000000052193613,r,16,23,0,0,103,10
grp-a001-02-000000052193613,r,17,7,0,0,25,4
grp-a001-02-000000052193613,r,99,41,0,0,247,13
grp-a001-02-000000052193617,h,00,149,0,0,1158,40
grp-a001-02-000000052193617,h,01,97,0,0,664,31
grp-a001-02-000000052193617,h,02,80,0,0,590,28
grp-a001-02-000000052193617,h,03,48,0,0,363,16
grp-a001-02-000000052193617,h,04,32,1,400,198,12
grp-a001-02-000000052193617,h,05,33,0,0,233,14
grp-a001-02-000000052193617,h,06,29,0,0,216,12
grp-a001-02-000000052193617,h,07,24,0,0,148,10
grp-a001-02-000000052193617,h,08,51,1,390,313,18
grp-a001-02-000000052193617,h,09,65,0,0,445,22
grp-a001-02-000000052193617,h,10,77,0,0,588,25
grp-a001-02-000000052193617,h,11,63,0,0,478,26
grp-a001-02-000000052193617,h,12,69,1,462,458,29
grp-a001-02-000000052193617,h,13,88,0,0,686,25
grp-a001-02-000000052193617,h,14,74,0,0,515,28
grp-a001-02-000000052193617,h,15,61,0,0,497,21
grp-a001-02-000000052193617,h,16,60,1,590,435,24
grp-a001-02-000000052193617,h,17,77,0,0,442,22
grp-a001-02-000000052193617,h,18,54,0,0,350,19
grp-a001-02-000000052193617,h,19,78,1,434,606,25
grp-a001-02-000000052193617,h,20,78,1,394,514,25
grp-a001-02-000000052193617,h,21,109,1,460,755,27
grp-a001-02-000000052193617,h,22,136,1,420,961,38
grp-a001-02-000000052193617,h,23,121,1,462,784,33
grp-a001-02-000000052193617,m,11068,16,0,0,124,9
grp-a001-02-000000052193617,m,122876,12,0,0,72,4
grp-a001-02-000000052193617,m,27758,9,0,0,11,9
grp-a001-02-000000052193617,m,33421,408,0,0,3443,57
grp-a001-02-000000052193617,m,341893,729,2,980,4883,45
grp-a001-02-000000052193617,m,341898,169,2,862,430,24
grp-a001-02-000000052193617,m,370822,25,0,0,98,14
grp-a001-02-000000052193617,m,424040,34,1,420,134,2
grp-a001-02-000000052193617,m,684924,24,0,0,24,14
grp-a001-02-000000052193617,m,684925,7,0,0,7,7
grp-a001-02-000000052193617,m,684926,220,0,0,2439,69
grp-a001-02-000000052193617,m,684927,41,0,0,572,24
grp-a001-02-000000052193617,m,8753,59,4,1750,160,33
grp-a001-02-000000052193617,r,00,12,0,0,121,6
grp-a001-02-000000052193617,r,01,42,0,0,321,16
grp-a001-02-000000052193617,r,02,353,3,1218,2271,66
grp-a001-02-000000052193617,r,03,62,0,0,367,25
grp-a001-02-000000052193617,r,04,63,1,460,431,29
grp-a001-02-000000052193617,r,05,38,1,420,193,13
grp-a001-02-000000052193617,r,06,75,0,0,627,27
grp-a001-02-000000052193617,r,07,34,0,0,175,23
grp-a001-02-000000052193617,r,08,55,0,0,392,22
grp-a001-02-000000052193617,r,09,666,2,1052,4926,80
grp-a001-02-000000052193617,r,10,25,0,0,142,13
grp-a001-02-000000052193617,r,11,84,0,0,537,31
grp-a001-02-000000052193617,r,12,36,1,400,290,14
grp-a001-02-000000052193617,r,13,35,0,0,214,19
grp-a001-02-000000052193617,r,14,14,0,0,66,8
grp-a001-02-000000052193617,r,15,48,1,462,284,18
grp-a001-02-000000052193617,r,16,32,0,0,278,16
grp-a001-02-000000052193617,r,17,9,0,0,46,6
grp-a001-02-000000052193617,r,18,1,0,0,22,1
grp-a001-02-000000052193617,r,99,69,0,0,694,25
grp-a001-02-000000052193624,h,00,87,0,0,682,22
grp-a001-02-000000052193624,h,01,55,0,0,424,18
grp-a001-02-000000052193624,h,02,32,0,0,239,16
grp-a001-02-000000052193624,h,03,21,0,0,150,11
grp-a001-02-000000052193624,h,04,12,0,0,81,9
grp-a001-02-000000052193624,h,05,15,0,0,84,10
grp-a001-02-000000052193624,h,06,16,0,0,90,9
grp-a001-02-000000052193624,h,07,19,0,0,91,11
grp-a001-02-000000052193624,h,08,34,1,410,255,17
grp-a001-02-000000052193624,h,09,38,0,0,259,15
grp-a001-02-000000052193624,h,10,48,0,0,306,17
grp-a001-02-000000052193624,h,11,32,0,0,187,19
grp-a001-02-000000052193624,h,12,24,0,0,193,18
grp-a001-02-000000052193624,h,13,49,1,385,360,23
grp-a001-02-000000052193624,h,14,43,1,385,276,23
grp-a001-02-000000052193624,h,15,38,0,0,236,15
grp-a001-02-000000052193624,h,16,39,0,0,255,19
grp-a001-02-000000052193624,h,17,53,1,500,319,20
grp-a001-02-000000052193624,h,18,38,0,0,259,14
grp-a001-02-000000052193624,h,19,51,2,787,393,18
grp-a001-02-000000052193624,h,20,62,0,0,405,19
grp-a001-02-000000052193624,h,21,76,1,385,471,21
grp-a001-02-000000052193624,h,22,92,0,0,664,24
grp-a001-02-000000052193624,h,23,96,0,0,635,22
grp-a001-02-000000052193624,m,11068,10,0,0,75,8
grp-a001-02-000000052193624,m,27758,2,0,0,3,2
grp-a001-02-000000052193624,m,33421,89,0,0,959,46
grp-a001-02-000000052193624,m,341893,644,4,1680,4745,54
grp-a001-02-000000052193624,m,341898,93,1,430,282,19
grp-a001-02-000000052193624,m,370822,28,1,385,104,14
grp-a001-02-000000052193624,m,684924,9,0,0,9,8
grp-a001-02-000000052193624,m,684926,131,0,0,692,33
grp-a001-02-000000052193624,m,684927,26,0,0,254,14
grp-a001-02-000000052193624,m,8753,38,1,357,191,24
grp-a001-02-000000052193624,r,00,22,0,0,96,9
grp-a001-02-000000052193624,r,01,36,0,0,234,18
grp-a001-02-000000052193624,r,02,278,2,857,1859,48
grp-a001-02-000000052193624,r,03,59,1,410,393,22
grp-a001-02-000000052193624,r,04,45,0,0,301,21
grp-a001-02-000000052193624,r,05,28,0,0,146,13
grp-a001-02-000000052193624,r,06,38,0,0,264,22
grp-a001-02-000000052193624,r,07,29,0,0,146,13
grp-a001-02-000000052193624,r,08,42,1,385,267,19
grp-a001-02-000000052193624,r,09,230,1,430,1696,53
grp-a001-02-000000052193624,r,10,22,0,0,139,14
grp-a001-02-000000052193624,r,11,49,0,0,246,20
grp-a001-02-000000052193624,r,12,24,0,0,239,12
grp-a001-02-000000052193624,r,13,38,0,0,302,16
grp-a001-02-000000052193624,r,14,14,0,0,142,8
grp-a001-02-000000052193624,r,15,48,1,385,384,16
grp-a001-02-000000052193624,r,16,25,0,0,154,14
grp-a001-02-000000052193624,r,17,5,0,0,26,5
grp-a001-02-000000052193624,r,18,2,0,0,12,2
grp-a001-02-000000052193624,r,99,36,1,385,268,24
grp-a001-02-000000052193631,h,00,366,2,1010,2507,79
grp-a001-02-000000052193631,h,01,260,0,0,1564,64
grp-a001-02-000000052193631,h,02,123,2,781,731,46
grp-a001-02-000000052193631,h,03,113,0,0,702,35
grp-a001-02-000000052193631,h,04,76,0,0,556,23
grp-a001-02-000000052193631,h,05,96,0,0,581,30
grp-a001-02-000000052193631,h,06,129,0,0,854,36
grp-a001-02-000000052193631,h,07,115,0,0,775,34
grp-a001-02-000000052193631,h,08,159,2,997,851,51
grp-a001-02-000000052193631,h,09,134,1,450,813,45
grp-a001-02-000000052193631,h,10,146,1,460,834,48
grp-a001-02-000000052193631,h,11,204,2,781,1323,65
grp-a001-02-000000052193631,h,12,176,1,435,1089,56
grp-a001-02-000000052193631,h,13,169,4,1874,966,54
grp-a001-02-000000052193631,h,14,189,3,1416,1029,56
grp-a001-02-000000052193631,h,15,180,0,0,993,54
grp-a001-02-000000052193631,h,16,229,2,920,1190,63
grp-a001-02-000000052193631,h,17,186,3,1263,1224,56
grp-a001-02-000000052193631,h,18,189,2,944,1170,52
grp-a001-02-000000052193631,h,19,208,5,1821,1080,64
grp-a001-02-000000052193631,h,20,246,4,1814,1461,57
grp-a001-02-000000052193631,h,21,253,1,560,1419,52
grp-a001-02-000000052193631,h,22,328,3,1620,1888,78
grp-a001-02-000000052193631,h,23,410,1,730,2645,76
grp-a001-02-000000052193631,m,11068,88,0,0,893,48
grp-a001-02-000000052193631,m,122876,161,1,462,747,49
grp-a001-02-000000052193631,m,27758,14,0,0,22,12
grp-a001-02-000000052193631,m,33421,1646,4,1962,12119,120
grp-a001-02-000000052193631,m,335738,3,0,0,24,3
grp-a001-02-000000052193631,m,341893,1099,6,3685,5418,64
grp-a001-02-000000052193631,m,341898,262,3,1610,500,21
grp-a001-02-000000052193631,m,370822,38,0,0,94,13
grp-a001-02-000000052193631,m,424040,345,14,5142,1672,60
grp-a001-02-000000052193631,m,556927,1,0,0,1,1
grp-a001-02-000000052193631,m,684924,41,0,0,41,29
grp-a001-02-000000052193631,m,684925,9,0,0,9,4
grp-a001-02-000000052193631,m,684926,545,2,966,4122,77
grp-a001-02-000000052193631,m,684927,83,0,0,959,36
grp-a001-02-000000052193631,m,8753,349,9,4049,1624,95
grp-a001-02-000000052193631,r,00,27,0,0,217,17
grp-a001-02-000000052193631,r,01,86,1,462,477,32
grp-a001-02-000000052193631,r,02,1004,10,4867,6410,124
grp-a001-02-000000052193631,r,03,133,3,1265,822,53
grp-a001-02-000000052193631,r,04,129,2,749,774,50
grp-a001-02-000000052193631,r,05,80,2,873,401,28
grp-a001-02-000000052193631,r,06,161,1,462,910,53
grp-a001-02-000000052193631,r,07,79,0,0,392,34
grp-a001-02-000000052193631,r,08,197,2,781,1054,62
grp-a001-02-000000052193631,r,09,1746,10,4223,10148,118
grp-a001-02-000000052193631,r,10,61,0,0,276,30
grp-a001-02-000000052193631,r,11,264,0,0,1775,79
grp-a001-02-000000052193631,r,12,72,2,1400,365,24
grp-a001-02-000000052193631,r,13,128,2,856,854,45
grp-a001-02-000000052193631,r,14,25,0,0,101,17
grp-a001-02-000000052193631,r,15,215,1,700,1320,66
grp-a001-02-000000052193631,r,16,91,1,437,535,35
grp-a001-02-000000052193631,r,17,26,0,0,181,17
grp-a001-02-000000052193631,r,18,18,0,0,256,12
grp-a001-02-000000052193631,r,99,142,2,801,977,51
grp-a001-02-000000052819145,h,00,21,0,0,215,16
grp-a001-02-000000052819145,h,01,15,1,149,120,9
grp-a001-02-000000052819145,h,02,9,0,0,131,7
grp-a001-02-000000052819145,h,03,9,0,0,78,7
grp-a001-02-000000052819145,h,04,5,0,0,49,3
grp-a001-02-000000052819145,h,05,15,2,264,164,7
grp-a001-02-000000052819145,h,06,13,0,0,137,8
grp-a001-02-000000052819145,h,07,8,0,0,108,6
grp-a001-02-000000052819145,h,08,13,0,0,140,9
grp-a001-02-000000052819145,h,09,25,0,0,239,21
grp-a001-02-000000052819145,h,10,14,0,0,157,10
grp-a001-02-000000052819145,h,11,33,1,154,363,21
grp-a001-02-000000052819145,h,12,23,0,0,261,20
grp-a001-02-000000052819145,h,13,28,0,0,375,21
grp-a001-02-000000052819145,h,14,29,1,55,310,21
grp-a001-02-000000052819145,h,15,27,2,242,217,19
grp-a001-02-000000052819145,h,16,24,0,0,245,18
grp-a001-02-000000052819145,h,17,35,1,154,397,23
grp-a001-02-000000052819145,h,18,39,3,453,461,21
grp-a001-02-000000052819145,h,19,23,0,0,249,16
grp-a001-02-000000052819145,h,20,37,1,55,277,26
grp-a001-02-000000052819145,h,21,41,0,0,478,26
grp-a001-02-000000052819145,h,22,50,4,685,469,29
grp-a001-02-000000052819145,h,23,36,1,122,404,25
grp-a001-02-000000052819145,m,11068,2,0,0,24,2
grp-a001-02-000000052819145,m,122876,11,0,0,125,9
grp-a001-02-000000052819145,m,27758,1,0,0,1,1
grp-a001-02-000000052819145,m,33421,145,3,409,1498,38
grp-a001-02-000000052819145,m,341893,254,6,1001,2845,88
grp-a001-02-000000052819145,m,341898,3,0,0,16,2
grp-a001-02-000000052819145,m,684924,2,0,0,2,2
grp-a001-02-000000052819145,m,684925,2,0,0,2,1
grp-a001-02-000000052819145,m,684926,99,6,713,846,58
grp-a001-02-000000052819145,m,684927,21,0,0,433,15
grp-a001-02-000000052819145,m,805759,2,0,0,39,1
grp-a001-02-000000052819145,m,8753,30,2,210,213,19
grp-a001-02-000000052819145,r,00,4,0,0,56,4
grp-a001-02-000000052819145,r,01,8,0,0,65,7
grp-a001-02-000000052819145,r,02,162,1,55,1800,57
grp-a001-02-000000052819145,r,03,23,0,0,230,13
grp-a001-02-000000052819145,r,04,16,3,544,154,11
grp-a001-02-000000052819145,r,05,8,0,0,45,6
grp-a001-02-000000052819145,r,06,29,1,154,306,20
grp-a001-02-000000052819145,r,07,8,0,0,66,7
grp-a001-02-000000052819145,r,08,18,1,149,210,14
grp-a001-02-000000052819145,r,09,133,7,1012,1387,64
grp-a001-02-000000052819145,r,10,8,0,0,119,8
grp-a001-02-000000052819145,r,11,41,1,55,407,17
grp-a001-02-000000052819145,r,12,6,1,122,46,5
grp-a001-02-000000052819145,r,13,8,0,0,113,7
grp-a001-02-000000052819145,r,14,4,0,0,38,2
grp-a001-02-000000052819145,r,15,44,0,0,492,17
grp-a001-02-000000052819145,r,16,15,0,0,120,12
grp-a001-02-000000052819145,r,17,4,0,0,69,4
grp-a001-02-000000052819145,r,18,7,0,0,68,6
grp-a001-02-000000052819145,r,99,26,2,242,253,20
grp-a001-02-000000052959049,h,00,2292,16,13069,13138,64
grp-a001-02-000000052959049,h,01,1300,14,12999,7359,54
grp-a001-02-000000052959049,h,02,1013,17,18083,5207,44
grp-a001-02-000000052959049,h,03,666,6,5507,3003,41
grp-a001-02-000000052959049,h,04,491,7,7056,2373,36
grp-a001-02-000000052959049,h,05,547,9,10507,2461,36
grp-a001-02-000000052959049,h,06,834,10,12580,3913,39
grp-a001-02-000000052959049,h,07,1386,24,31116,6473,38
grp-a001-02-000000052959049,h,08,1806,20,23235,9321,43
grp-a001-02-000000052959049,h,09,1745,24,24014,8875,48
grp-a001-02-000000052959049,h,10,2009,17,20157,10519,43
grp-a001-02-000000052959049,h,11,2212,30,35884,11286,45
grp-a001-02-000000052959049,h,12,2152,33,40118,11277,46
grp-a001-02-000000052959049,h,13,2478,53,60211,12710,46
grp-a001-02-000000052959049,h,14,2638,33,35287,13376,52
grp-a001-02-000000052959049,h,15,2448,24,24438,12196,35
grp-a001-02-000000052959049,h,16,2514,40,41550,12852,42
grp-a001-02-000000052959049,h,17,2588,33,37218,12985,48
grp-a001-02-000000052959049,h,18,2388,27,27649,11812,46
grp-a001-02-000000052959049,h,19,2473,26,28687,12344,47
grp-a001-02-000000052959049,h,20,2634,37,35293,13638,41
grp-a001-02-000000052959049,h,21,2458,34,33039,14341,60
grp-a001-02-000000052959049,h,22,2460,30,28700,15700,59
grp-a001-02-000000052959049,h,23,2322,28,21466,14153,51
grp-a001-02-000000052959049,m,11068,2863,8,9499,13198,37
grp-a001-02-000000052959049,m,27758,1976,43,53975,3780,38
grp-a001-02-000000052959049,m,33421,6003,64,67088,43058,59
grp-a001-02-000000052959049,m,335738,195,0,0,869,28
grp-a001-02-000000052959049,m,341893,5641,43,31390,25094,74
grp-a001-02-000000052959049,m,341898,1118,6,4827,2110,39
grp-a001-02-000000052959049,m,370822,293,5,3875,844,28
grp-a001-02-000000052959049,m,556927,4,0,0,4,3
grp-a001-02-000000052959049,m,684924,1164,3,4237,1164,42
grp-a001-02-000000052959049,m,684925,860,6,7368,860,22
grp-a001-02-000000052959049,m,684926,7883,73,66102,61927,76
grp-a001-02-000000052959049,m,684927,1530,14,12437,14809,55
grp-a001-02-000000052959049,m,787478,1,0,0,1,1
grp-a001-02-000000052959049,m,787479,2,0,0,10,1
grp-a001-02-000000052959049,m,787481,1,0,0,2,1
grp-a001-02-000000052959049,m,805759,2,0,0,8,2
grp-a001-02-000000052959049,m,805760,2,0,0,14,2
grp-a001-02-000000052959049,m,8753,16316,327,367065,73560,77
grp-a001-02-000000052959049,r,00,263,3,3432,1183,35
grp-a001-02-000000052959049,r,01,1197,17,18709,6161,45
grp-a001-02-000000052959049,r,02,11142,131,142543,59429,83
grp-a001-02-000000052959049,r,03,1853,28,29273,9986,51
grp-a001-02-000000052959049,r,04,1556,22,23832,8017,50
grp-a001-02-000000052959049,r,05,1029,15,12258,5655,43
grp-a001-02-000000052959049,r,06,1580,25,26743,8180,46
grp-a001-02-000000052959049,r,07,1050,12,12794,5447,47
grp-a001-02-000000052959049,r,08,2306,33,31335,11987,50
grp-a001-02-000000052959049,r,09,11600,139,152165,61617,76
grp-a001-02-000000052959049,r,10,680,12,11994,3528,42
grp-a001-02-000000052959049,r,11,2427,36,37885,11943,49
grp-a001-02-000000052959049,r,12,1115,22,24462,5888,47
grp-a001-02-000000052959049,r,13,1084,10,10843,5231,42
grp-a001-02-000000052959049,r,14,310,6,5690,1682,36
grp-a001-02-000000052959049,r,15,1677,22,23191,8790,51
grp-a001-02-000000052959049,r,16,1182,25,27655,6496,44
grp-a001-02-000000052959049,r,17,328,4,3741,1658,35
grp-a001-02-000000052959049,r,99,3475,30,29318,18434,51
grp-a001-02-000000053481812,h,00,107,1,836,506,53
grp-a001-02-000000053481812,h,01,78,2,1746,393,42
grp-a001-02-000000053481812,h,02,25,0,0,150,21
grp-a001-02-000000053481812,h,03,21,2,1782,84,12
grp-a001-02-000000053481812,h,04,13,0,0,82,11
grp-a001-02-000000053481812,h,05,9,0,0,45,8
grp-a001-02-000000053481812,h,06,15,0,0,65,10
grp-a001-02-000000053481812,h,07,32,0,0,165,20
grp-a001-02-000000053481812,h,08,59,0,0,253,29
grp-a001-02-000000053481812,h,09,59,2,1589,323,40
grp-a001-02-000000053481812,h,10,59,2,1989,309,35
grp-a001-02-000000053481812,h,11,87,1,998,454,48
grp-a001-02-000000053481812,h,12,104,0,0,482,45
grp-a001-02-000000053481812,h,13,75,4,4521,363,40
grp-a001-02-000000053481812,h,14,108,2,1945,531,49
grp-a001-02-000000053481812,h,15,95,0,0,421,39
grp-a001-02-000000053481812,h,16,77,1,1210,366,43
grp-a001-02-000000053481812,h,17,111,1,951,472,46
grp-a001-02-000000053481812,h,18,91,2,1933,408,47
grp-a001-02-000000053481812,h,19,98,1,930,513,48
grp-a001-02-000000053481812,h,20,115,3,2804,493,54
grp-a001-02-000000053481812,h,21,126,4,4092,614,58
grp-a001-02-000000053481812,h,22,159,6,5307,870,67
grp-a001-02-000000053481812,h,23,154,3,2489,787,68
grp-a001-02-000000053481812,m,11068,117,1,990,772,49
grp-a001-02-000000053481812,m,27758,51,2,1845,105,26
grp-a001-02-000000053481812,m,33421,358,5,4722,2087,99
grp-a001-02-000000053481812,m,335738,5,0,0,35,2
grp-a001-02-000000053481812,m,341893,392,2,2164,2968,83
grp-a001-02-000000053481812,m,341898,59,0,0,129,36
grp-a001-02-000000053481812,m,370822,16,1,1190,51,13
grp-a001-02-000000053481812,m,684924,81,1,706,81,36
grp-a001-02-000000053481812,m,684925,8,0,0,8,8
grp-a001-02-000000053481812,m,684926,152,1,707,838,72
grp-a001-02-000000053481812,m,684927,37,0,0,220,30
grp-a001-02-000000053481812,m,805760,1,0,0,7,1
grp-a001-02-000000053481812,m,8753,600,24,22798,1848,108
grp-a001-02-000000053481812,r,00,16,0,0,69,9
grp-a001-02-000000053481812,r,01,61,2,1997,276,28
grp-a001-02-000000053481812,r,02,445,9,8916,2104,110
grp-a001-02-000000053481812,r,03,90,2,1743,363,41
grp-a001-02-000000053481812,r,04,72,2,1601,324,37
grp-a001-02-000000053481812,r,05,11,0,0,44,10
grp-a001-02-000000053481812,r,06,76,1,954,336,43
grp-a001-02-000000053481812,r,07,37,0,0,203,23
grp-a001-02-000000053481812,r,08,92,2,2460,477,49
grp-a001-02-000000053481812,r,09,389,8,7224,1972,102
grp-a001-02-000000053481812,r,10,41,0,0,194,25
grp-a001-02-000000053481812,r,11,94,1,588,493,53
grp-a001-02-000000053481812,r,12,32,2,2088,127,16
grp-a001-02-000000053481812,r,13,83,0,0,346,49
grp-a001-02-000000053481812,r,14,9,0,0,30,7
grp-a001-02-000000053481812,r,15,99,3,2964,481,46
grp-a001-02-000000053481812,r,16,49,1,979,283,31
grp-a001-02-000000053481812,r,17,24,0,0,107,19
grp-a001-02-000000053481812,r,18,73,4,3608,340,27
grp-a001-02-000000053481812,r,99,84,0,0,580,41
grp-a001-02-000000053481831,h,00,85,0,0,379,28
grp-a001-02-000000053481831,h,01,58,0,0,338,28
grp-a001-02-000000053481831,h,02,10,0,0,64,6
grp-a001-02-000000053481831,h,03,12,0,0,179,11
grp-a001-02-000000053481831,h,04,6,0,0,95,5
grp-a001-02-000000053481831,h,05,5,0,0,67,5
grp-a001-02-000000053481831,h,06,5,0,0,122,5
grp-a001-02-000000053481831,h,07,15,0,0,137,11
grp-a001-02-000000053481831,h,08,28,0,0,225,17
grp-a001-02-000000053481831,h,09,24,0,0,190,18
grp-a001-02-000000053481831,h,10,26,0,0,196,22
grp-a001-02-000000053481831,h,11,28,0,0,215,20
grp-a001-02-000000053481831,h,12,43,1,1240,305,22
grp-a001-02-000000053481831,h,13,36,0,0,230,26
grp-a001-02-000000053481831,h,14,42,1,807,292,28
grp-a001-02-000000053481831,h,15,45,1,1000,270,25
grp-a001-02-000000053481831,h,16,43,0,0,266,25
grp-a001-02-000000053481831,h,17,34,0,0,164,18
grp-a001-02-000000053481831,h,18,37,2,2186,217,19
grp-a001-02-000000053481831,h,19,35,0,0,240,23
grp-a001-02-000000053481831,h,20,34,0,0,170,18
grp-a001-02-000000053481831,h,21,43,0,0,193,23
grp-a001-02-000000053481831,h,22,50,0,0,280,27
grp-a001-02-000000053481831,h,23,78,0,0,522,33
grp-a001-02-000000053481831,m,11068,170,0,0,2618,55
grp-a001-02-000000053481831,m,27758,236,1,807,465,21
grp-a001-02-000000053481831,m,33421,120,0,0,897,57
grp-a001-02-000000053481831,m,335738,20,0,0,109,11
grp-a001-02-000000053481831,m,341893,82,1,1250,394,17
grp-a001-02-000000053481831,m,341898,25,0,0,33,10
grp-a001-02-000000053481831,m,370822,4,0,0,7,4
grp-a001-02-000000053481831,m,556927,1,0,0,1,1
grp-a001-02-000000053481831,m,684924,14,0,0,14,10
grp-a001-02-000000053481831,m,684925,2,0,0,2,2
grp-a001-02-000000053481831,m,684926,51,1,1240,280,28
grp-a001-02-000000053481831,m,684927,14,1,936,139,12
grp-a001-02-000000053481831,m,8753,83,1,1000,397,53
grp-a001-02-000000053481831,r,00,8,0,0,39,3
grp-a001-02-000000053481831,r,01,6,0,0,33,6
grp-a001-02-000000053481831,r,02,160,4,4297,968,59
grp-a001-02-000000053481831,r,03,47,0,0,259,22
grp-a001-02-000000053481831,r,04,31,0,0,175,18
grp-a001-02-000000053481831,r,05,10,0,0,84,7
grp-a001-02-000000053481831,r,06,25,0,0,113,19
grp-a001-02-000000053481831,r,07,10,0,0,34,6
grp-a001-02-000000053481831,r,08,33,0,0,129,16
grp-a001-02-000000053481831,r,09,147,1,936,964,60
grp-a001-02-000000053481831,r,10,11,0,0,88,7
grp-a001-02-000000053481831,r,11,24,0,0,168,19
grp-a001-02-000000053481831,r,12,11,0,0,57,10
grp-a001-02-000000053481831,r,13,14,0,0,56,12
grp-a001-02-000000053481831,r,14,6,0,0,32,5
grp-a001-02-000000053481831,r,15,25,0,0,163,19
grp-a001-02-000000053481831,r,16,14,0,0,136,12
grp-a001-02-000000053481831,r,17,8,0,0,29,7
grp-a001-02-000000053481831,r,18,9,0,0,74,8
grp-a001-02-000000053481831,r,99,223,0,0,1755,45
grp-a001-02-000000053481892,h,00,62,0,0,392,36
grp-a001-02-000000053481892,h,01,61,1,1155,456,34
grp-a001-02-000000053481892,h,02,21,0,0,213,13
grp-a001-02-000000053481892,h,03,16,0,0,212,13
grp-a001-02-000000053481892,h,04,8,0,0,109,7
grp-a001-02-000000053481892,h,05,7,0,0,149,7
grp-a001-02-000000053481892,h,06,13,0,0,186,8
grp-a001-02-000000053481892,h,07,31,0,0,352,24
grp-a001-02-000000053481892,h,08,32,0,0,248,20
grp-a001-02-000000053481892,h,09,34,0,0,257,25
grp-a001-02-000000053481892,h,10,36,0,0,222,26
grp-a001-02-000000053481892,h,11,71,0,0,494,37
grp-a001-02-000000053481892,h,12,38,0,0,252,29
grp-a001-02-000000053481892,h,13,35,0,0,215,23
grp-a001-02-000000053481892,h,14,43,0,0,265,29
grp-a001-02-000000053481892,h,15,37,0,0,220,27
grp-a001-02-000000053481892,h,16,36,1,1370,201,27
grp-a001-02-000000053481892,h,17,42,0,0,299,28
grp-a001-02-000000053481892,h,18,39,0,0,340,24
grp-a001-02-000000053481892,h,19,43,0,0,288,33
grp-a001-02-000000053481892,h,20,36,0,0,305,22
grp-a001-02-000000053481892,h,21,54,0,0,310,32
grp-a001-02-000000053481892,h,22,61,0,0,347,30
grp-a001-02-000000053481892,h,23,43,1,1450,278,25
grp-a001-02-000000053481892,m,11068,183,0,0,2464,58
grp-a001-02-000000053481892,m,27758,45,0,0,88,21
grp-a001-02-000000053481892,m,33421,214,0,0,1946,75
grp-a001-02-000000053481892,m,341893,146,2,2820,855,18
grp-a001-02-000000053481892,m,341898,47,0,0,95,21
grp-a001-02-000000053481892,m,370822,11,0,0,26,7
grp-a001-02-000000053481892,m,556927,1,0,0,1,1
grp-a001-02-000000053481892,m,684924,8,0,0,8,8
grp-a001-02-000000053481892,m,684925,2,0,0,2,2
grp-a001-02-000000053481892,m,684926,54,0,0,219,24
grp-a001-02-000000053481892,m,684927,40,0,0,195,21
grp-a001-02-000000053481892,m,8753,148,1,1155,711,71
grp-a001-02-000000053481892,r,00,1,0,0,4,1
grp-a001-02-000000053481892,r,01,20,0,0,120,10
grp-a001-02-000000053481892,r,02,234,0,0,1483,80
grp-a001-02-000000053481892,r,03,33,0,0,187,23
grp-a001-02-000000053481892,r,04,35,1,1450,193,24
grp-a001-02-000000053481892,r,05,12,0,0,68,10
grp-a001-02-000000053481892,r,06,27,0,0,175,20
grp-a001-02-000000053481892,r,07,23,0,0,172,12
grp-a001-02-000000053481892,r,08,31,1,1155,202,24
grp-a001-02-000000053481892,r,09,188,1,1370,1224,71
grp-a001-02-000000053481892,r,10,12,0,0,94,10
grp-a001-02-000000053481892,r,11,40,0,0,284,23
grp-a001-02-000000053481892,r,12,11,0,0,62,10
grp-a001-02-000000053481892,r,13,22,0,0,140,15
grp-a001-02-000000053481892,r,14,8,0,0,72,7
grp-a001-02-000000053481892,r,15,33,0,0,236,25
grp-a001-02-000000053481892,r,16,17,0,0,117,15
grp-a001-02-000000053481892,r,17,15,0,0,102,9
grp-a001-02-000000053481892,r,18,12,0,0,122,8
grp-a001-02-000000053481892,r,99,125,0,0,1553,50
grp-a001-02-000000053481974,h,00,33,0,0,288,22
grp-a001-02-000000053481974,h,01,31,0,0,198,20
grp-a001-02-000000053481974,h,02,5,0,0,73,5
grp-a001-02-000000053481974,h,03,11,0,0,181,11
grp-a001-02-000000053481974,h,04,6,0,0,87,6
grp-a001-02-000000053481974,h,05,10,0,0,138,9
grp-a001-02-000000053481974,h,06,9,0,0,162,7
grp-a001-02-000000053481974,h,07,9,0,0,174,9
grp-a001-02-000000053481974,h,08,9,0,0,138,9
grp-a001-02-000000053481974,h,09,12,0,0,140,9
grp-a001-02-000000053481974,h,10,14,0,0,131,11
grp-a001-02-000000053481974,h,11,20,0,0,217,14
grp-a001-02-000000053481974,h,12,16,0,0,236,13
grp-a001-02-000000053481974,h,13,17,0,0,208,15
grp-a001-02-000000053481974,h,14,10,0,0,134,9
grp-a001-02-000000053481974,h,15,20,0,0,155,16
grp-a001-02-000000053481974,h,16,18,2,1813,175,14
grp-a001-02-000000053481974,h,17,22,0,0,213,15
grp-a001-02-000000053481974,h,18,8,0,0,87,7
grp-a001-02-000000053481974,h,19,18,0,0,198,13
grp-a001-02-000000053481974,h,20,24,0,0,237,17
grp-a001-02-000000053481974,h,21,29,0,0,222,19
grp-a001-02-000000053481974,h,22,20,0,0,179,12
grp-a001-02-000000053481974,h,23,15,0,0,86,13
grp-a001-02-000000053481974,m,11068,143,0,0,2329,45
grp-a001-02-000000053481974,m,27758,22,1,908,43,10
grp-a001-02-000000053481974,m,33421,93,1,905,854,36
grp-a001-02-000000053481974,m,341893,38,0,0,223,11
grp-a001-02-000000053481974,m,341898,9,0,0,22,5
grp-a001-02-000000053481974,m,684924,1,0,0,1,1
grp-a001-02-000000053481974,m,684925,12,0,0,12,8
grp-a001-02-000000053481974,m,684926,20,0,0,154,16
grp-a001-02-000000053481974,m,684927,13,0,0,183,10
grp-a001-02-000000053481974,m,8753,35,0,0,236,25
grp-a001-02-000000053481974,r,00,5,0,0,83,3
grp-a001-02-000000053481974,r,01,6,0,0,69,5
grp-a001-02-000000053481974,r,02,58,1,908,453,38
grp-a001-02-000000053481974,r,03,15,0,0,177,10
grp-a001-02-000000053481974,r,04,9,0,0,110,6
grp-a001-02-000000053481974,r,05,2,0,0,20,2
grp-a001-02-000000053481974,r,06,15,0,0,94,12
grp-a001-02-000000053481974,r,07,15,0,0,133,10
grp-a001-02-000000053481974,r,08,9,0,0,75,7
grp-a001-02-000000053481974,r,09,83,0,0,802,46
grp-a001-02-000000053481974,r,10,6,0,0,61,6
grp-a001-02-000000053481974,r,11,15,0,0,159,11
grp-a001-02-000000053481974,r,12,5,0,0,22,2
grp-a001-02-000000053481974,r,13,12,0,0,150,8
grp-a001-02-000000053481974,r,14,3,0,0,60,2
grp-a001-02-000000053481974,r,15,16,0,0,155,14
grp-a001-02-000000053481974,r,16,4,0,0,18,4
grp-a001-02-000000053481974,r,17,9,0,0,134,6
grp-a001-02-000000053481974,r,18,6,0,0,60,6
grp-a001-02-000000053481974,r,99,93,1,905,1222,40
grp-a001-02-000000053482043,h,00,88,0,0,450,36
grp-a001-02-000000053482043,h,01,68,1,1330,355,35
grp-a001-02-000000053482043,h,02,15,0,0,112,12
grp-a001-02-000000053482043,h,03,14,0,0,142,11
grp-a001-02-000000053482043,h,04,15,0,0,184,10
grp-a001-02-000000053482043,h,05,10,0,0,158,7
grp-a001-02-000000053482043,h,06,10,0,0,147,9
grp-a001-02-000000053482043,h,07,26,0,0,209,20
grp-a001-02-000000053482043,h,08,53,1,1280,352,29
grp-a001-02-000000053482043,h,09,39,0,0,237,24
grp-a001-02-000000053482043,h,10,46,0,0,307,29
grp-a001-02-000000053482043,h,11,76,0,0,477,44
grp-a001-02-000000053482043,h,12,54,0,0,360,31
grp-a001-02-000000053482043,h,13,45,0,0,235,29
grp-a001-02-000000053482043,h,14,58,0,0,322,29
grp-a001-02-000000053482043,h,15,52,0,0,241,28
grp-a001-02-000000053482043,h,16,43,0,0,274,26
grp-a001-02-000000053482043,h,17,58,0,0,394,33
grp-a001-02-000000053482043,h,18,47,0,0,347,29
grp-a001-02-000000053482043,h,19,55,0,0,441,38
grp-a001-02-000000053482043,h,20,58,0,0,394,32
grp-a001-02-000000053482043,h,21,80,0,0,524,45
grp-a001-02-000000053482043,h,22,76,1,1450,513,36
grp-a001-02-000000053482043,h,23,83,0,0,540,40
grp-a001-02-000000053482043,m,11068,166,0,0,2325,60
grp-a001-02-000000053482043,m,27758,35,0,0,67,18
grp-a001-02-000000053482043,m,33421,252,0,0,2198,81
grp-a001-02-000000053482043,m,341893,245,3,4060,1402,37
grp-a001-02-000000053482043,m,341898,139,0,0,189,27
grp-a001-02-000000053482043,m,370822,23,0,0,42,16
grp-a001-02-000000053482043,m,684924,16,0,0,16,11
grp-a001-02-000000053482043,m,684925,10,0,0,10,7
grp-a001-02-000000053482043,m,684926,100,0,0,429,40
grp-a001-02-000000053482043,m,684927,39,0,0,315,26
grp-a001-02-000000053482043,m,8753,144,0,0,722,73
grp-a001-02-000000053482043,r,00,6,0,0,70,6
grp-a001-02-000000053482043,r,01,26,0,0,132,14
grp-a001-02-000000053482043,r,02,291,2,2610,1658,83
grp-a001-02-000000053482043,r,03,61,1,1450,434,29
grp-a001-02-000000053482043,r,04,48,0,0,221,27
grp-a001-02-000000053482043,r,05,27,0,0,154,14
grp-a001-02-000000053482043,r,06,35,0,0,110,20
grp-a001-02-000000053482043,r,07,18,0,0,124,13
grp-a001-02-000000053482043,r,08,55,0,0,287,32
grp-a001-02-000000053482043,r,09,257,0,0,1526,87
grp-a001-02-000000053482043,r,10,21,0,0,140,16
grp-a001-02-000000053482043,r,11,47,0,0,345,28
grp-a001-02-000000053482043,r,12,18,0,0,132,11
grp-a001-02-000000053482043,r,13,39,0,0,247,23
grp-a001-02-000000053482043,r,14,8,0,0,28,8
grp-a001-02-000000053482043,r,15,33,0,0,179,21
grp-a001-02-000000053482043,r,16,36,0,0,248,24
grp-a001-02-000000053482043,r,17,9,0,0,86,8
grp-a001-02-000000053482043,r,18,11,0,0,81,10
grp-a001-02-000000053482043,r,99,123,0,0,1513,55
grp-a001-02-000000053482102,h,00,134,0,0,800,52
grp-a001-02-000000053482102,h,01,119,0,0,822,41
grp-a001-02-000000053482102,h,02,59,0,0,460,25
grp-a001-02-000000053482102,h,03,53,0,0,362,18
grp-a001-02-000000053482102,h,04,61,0,0,510,20
grp-a001-02-000000053482102,h,05,60,0,0,351,21
grp-a001-02-000000053482102,h,06,60,1,1110,369,21
grp-a001-02-000000053482102,h,07,68,0,0,572,29
grp-a001-02-000000053482102,h,08,82,0,0,437,37
grp-a001-02-000000053482102,h,09,96,0,0,723,41
grp-a001-02-000000053482102,h,10,85,0,0,585,40
grp-a001-02-000000053482102,h,11,92,0,0,586,48
grp-a001-02-000000053482102,h,12,84,0,0,645,42
grp-a001-02-000000053482102,h,13,97,0,0,652,42
grp-a001-02-000000053482102,h,14,88,0,0,633,40
grp-a001-02-000000053482102,h,15,80,0,0,473,28
grp-a001-02-000000053482102,h,16,74,0,0,529,36
grp-a001-02-000000053482102,h,17,73,1,1073,529,36
grp-a001-02-000000053482102,h,18,82,0,0,635,37
grp-a001-02-000000053482102,h,19,71,0,0,565,36
grp-a001-02-000000053482102,h,20,72,0,0,588,40
grp-a001-02-000000053482102,h,21,64,0,0,450,34
grp-a001-02-000000053482102,h,22,101,0,0,936,57
grp-a001-02-000000053482102,h,23,107,0,0,668,41
grp-a001-02-000000053482102,m,11068,651,0,0,7106,79
grp-a001-02-000000053482102,m,27758,344,0,0,621,9
grp-a001-02-000000053482102,m,33421,316,1,1073,2765,97
grp-a001-02-000000053482102,m,341893,288,0,0,1846,50
grp-a001-02-000000053482102,m,341898,65,0,0,130,27
grp-a001-02-000000053482102,m,370822,18,0,0,47,10
grp-a001-02-000000053482102,m,424040,1,0,0,1,1
grp-a001-02-000000053482102,m,684924,13,0,0,13,10
grp-a001-02-000000053482102,m,684925,2,0,0,2,1
grp-a001-02-000000053482102,m,684926,92,0,0,421,31
grp-a001-02-000000053482102,m,684927,20,0,0,128,15
grp-a001-02-000000053482102,m,8753,152,1,1110,800,72
grp-a001-02-000000053482102,r,00,3,0,0,18,3
grp-a001-02-000000053482102,r,01,67,0,0,396,23
grp-a001-02-000000053482102,r,02,457,1,1110,2993,93
grp-a001-02-000000053482102,r,03,69,0,0,534,42
grp-a001-02-000000053482102,r,04,44,0,0,225,26
grp-a001-02-000000053482102,r,05,31,0,0,234,16
grp-a001-02-000000053482102,r,06,58,0,0,498,34
grp-a001-02-000000053482102,r,07,27,0,0,159,13
grp-a001-02-000000053482102,r,08,67,0,0,459,36
grp-a001-02-000000053482102,r,09,348,0,0,2286,83
grp-a001-02-000000053482102,r,10,18,0,0,92,15
grp-a001-02-000000053482102,r,11,176,0,0,1138,48
grp-a001-02-000000053482102,r,12,21,0,0,96,15
grp-a001-02-000000053482102,r,13,49,1,1073,392,35
grp-a001-02-000000053482102,r,14,15,0,0,139,12
grp-a001-02-000000053482102,r,15,72,0,0,496,34
grp-a001-02-000000053482102,r,16,28,0,0,268,20
grp-a001-02-000000053482102,r,17,12,0,0,85,10
grp-a001-02-000000053482102,r,18,31,0,0,321,17
grp-a001-02-000000053482102,r,99,369,0,0,3051,67
grp-a001-02-000000053482158,h,00,104,0,0,645,40
grp-a001-02-000000053482158,h,01,76,0,0,494,32
grp-a001-02-000000053482158,h,02,43,0,0,402,19
grp-a001-02-000000053482158,h,03,41,0,0,394,21
grp-a001-02-000000053482158,h,04,34,0,0,316,18
grp-a001-02-000000053482158,h,05,24,0,0,226,17
grp-a001-02-000000053482158,h,06,29,0,0,259,15
grp-a001-02-000000053482158,h,07,36,0,0,409,23
grp-a001-02-000000053482158,h,08,66,0,0,459,31
grp-a001-02-000000053482158,h,09,55,0,0,393,38
grp-a001-02-000000053482158,h,10,65,0,0,413,33
grp-a001-02-000000053482158,h,11,73,0,0,462,37
grp-a001-02-000000053482158,h,12,55,0,0,407,29
grp-a001-02-000000053482158,h,13,64,1,741,376,32
grp-a001-02-000000053482158,h,14,46,1,1450,313,22
grp-a001-02-000000053482158,h,15,45,0,0,374,27
grp-a001-02-000000053482158,h,16,36,0,0,244,20
grp-a001-02-000000053482158,h,17,45,0,0,281,26
grp-a001-02-000000053482158,h,18,42,0,0,429,22
grp-a001-02-000000053482158,h,19,38,0,0,280,27
grp-a001-02-000000053482158,h,20,54,0,0,359,33
grp-a001-02-000000053482158,h,21,48,0,0,362,22
grp-a001-02-000000053482158,h,22,83,0,0,554,41
grp-a001-02-000000053482158,h,23,73,1,1380,484,34
grp-a001-02-000000053482158,m,11068,477,0,0,5055,61
grp-a001-02-000000053482158,m,27758,51,0,0,113,18
grp-a001-02-000000053482158,m,33421,294,1,741,2146,89
grp-a001-02-000000053482158,m,341893,164,0,0,923,15
grp-a001-02-000000053482158,m,341898,60,1,1380,104,11
grp-a001-02-000000053482158,m,370822,14,0,0,44,8
grp-a001-02-000000053482158,m,424040,1,0,0,2,1
grp-a001-02-000000053482158,m,684924,12,0,0,12,7
grp-a001-02-000000053482158,m,684925,3,0,0,3,3
grp-a001-02-000000053482158,m,684926,56,1,1450,269,21
grp-a001-02-000000053482158,m,684927,16,0,0,64,11
grp-a001-02-000000053482158,m,8753,127,0,0,600,58
grp-a001-02-000000053482158,r,00,7,0,0,45,5
grp-a001-02-000000053482158,r,01,57,0,0,302,20
grp-a001-02-000000053482158,r,02,334,1,741,2155,76
grp-a001-02-000000053482158,r,03,45,0,0,276,26
grp-a001-02-000000053482158,r,04,35,0,0,182,18
grp-a001-02-000000053482158,r,05,23,0,0,104,12
grp-a001-02-000000053482158,r,06,36,0,0,218,18
grp-a001-02-000000053482158,r,07,18,0,0,147,11
grp-a001-02-000000053482158,r,08,52,0,0,307,27
grp-a001-02-000000053482158,r,09,218,0,0,1482,63
grp-a001-02-000000053482158,r,10,10,0,0,55,8
grp-a001-02-000000053482158,r,11,121,1,1380,697,39
grp-a001-02-000000053482158,r,12,17,0,0,66,10
grp-a001-02-000000053482158,r,13,35,0,0,255,26
grp-a001-02-000000053482158,r,14,6,0,0,83,6
grp-a001-02-000000053482158,r,15,50,0,0,359,31
grp-a001-02-000000053482158,r,16,18,0,0,119,13
grp-a001-02-000000053482158,r,17,5,0,0,51,4
grp-a001-02-000000053482158,r,18,12,0,0,95,11
grp-a001-02-000000053482158,r,99,176,1,1450,2337,64
grp-a001-02-000000053482203,h,00,53,1,780,353,37
grp-a001-02-000000053482203,h,01,53,0,0,372,31
grp-a001-02-000000053482203,h,02,30,0,0,327,19
grp-a001-02-000000053482203,h,03,16,0,0,221,12
grp-a001-02-000000053482203,h,04,9,0,0,154,9
grp-a001-02-000000053482203,h,05,16,0,0,185,12
grp-a001-02-000000053482203,h,06,10,0,0,111,7
grp-a001-02-000000053482203,h,07,14,0,0,242,13
grp-a001-02-000000053482203,h,08,34,0,0,263,19
grp-a001-02-000000053482203,h,09,41,0,0,376,22
grp-a001-02-000000053482203,h,10,43,1,902,366,29
grp-a001-02-000000053482203,h,11,40,0,0,394,29
grp-a001-02-000000053482203,h,12,38,0,0,381,29
grp-a001-02-000000053482203,h,13,36,0,0,398,25
grp-a001-02-000000053482203,h,14,46,1,902,364,30
grp-a001-02-000000053482203,h,15,47,0,0,353,30
grp-a001-02-000000053482203,h,16,71,1,858,567,32
grp-a001-02-000000053482203,h,17,38,0,0,328,27
grp-a001-02-000000053482203,h,18,42,0,0,373,22
grp-a001-02-000000053482203,h,19,32,0,0,298,21
grp-a001-02-000000053482203,h,20,47,2,1491,313,31
grp-a001-02-000000053482203,h,21,60,0,0,538,34
grp-a001-02-000000053482203,h,22,46,1,1100,386,32
grp-a001-02-000000053482203,h,23,64,1,1170,631,36
grp-a001-02-000000053482203,m,11068,174,0,0,2567,45
grp-a001-02-000000053482203,m,27758,28,2,1760,64,16
grp-a001-02-000000053482203,m,33421,170,0,0,1372,73
grp-a001-02-000000053482203,m,341893,105,2,1971,677,22
grp-a001-02-000000053482203,m,341898,32,0,0,67,12
grp-a001-02-000000053482203,m,370822,2,0,0,5,2
grp-a001-02-000000053482203,m,684925,9,0,0,9,6
grp-a001-02-000000053482203,m,684926,228,3,2692,2046,92
grp-a001-02-000000053482203,m,684927,70,0,0,806,47
grp-a001-02-000000053482203,m,8753,108,1,780,681,50
grp-a001-02-000000053482203,r,00,3,0,0,12,3
grp-a001-02-000000053482203,r,01,25,0,0,187,14
grp-a001-02-000000053482203,r,02,201,2,1958,1613,80
grp-a001-02-000000053482203,r,03,32,0,0,235,18
grp-a001-02-000000053482203,r,04,41,0,0,319,30
grp-a001-02-000000053482203,r,05,5,0,0,40,4
grp-a001-02-000000053482203,r,06,23,1,801,172,15
grp-a001-02-000000053482203,r,07,27,0,0,191,19
grp-a001-02-000000053482203,r,08,48,0,0,470,26
grp-a001-02-000000053482203,r,09,195,0,0,1659,79
grp-a001-02-000000053482203,r,10,17,0,0,169,14
grp-a001-02-000000053482203,r,11,43,2,1592,409,28
grp-a001-02-000000053482203,r,12,21,0,0,173,12
grp-a001-02-000000053482203,r,13,34,0,0,287,22
grp-a001-02-000000053482203,r,14,4,0,0,47,3
grp-a001-02-000000053482203,r,15,41,1,1170,342,21
grp-a001-02-000000053482203,r,16,17,2,1682,123,13
grp-a001-02-000000053482203,r,17,4,0,0,81,4
grp-a001-02-000000053482203,r,18,11,0,0,114,9
grp-a001-02-000000053482203,r,99,134,0,0,1651,50
grp-a001-02-000000054204201,h,00,605,9,2902,5817,87
grp-a001-02-000000054204201,h,01,392,4,1304,3578,84
grp-a001-02-000000054204201,h,02,252,2,835,1963,72
grp-a001-02-000000054204201,h,03,133,2,690,1269,59
grp-a001-02-000000054204201,h,04,69,2,696,751,42
grp-a001-02-000000054204201,h,05,86,2,572,771,51
grp-a001-02-000000054204201,h,06,170,2,490,1668,70
grp-a001-02-000000054204201,h,07,207,4,1483,1922,75
grp-a001-02-000000054204201,h,08,291,14,5028,2843,86
grp-a001-02-000000054204201,h,09,303,10,3106,3053,79
grp-a001-02-000000054204201,h,10,310,4,1172,3150,80
grp-a001-02-000000054204201,h,11,547,5,1939,3983,83
grp-a001-02-000000054204201,h,12,354,9,2705,3603,84
grp-a001-02-000000054204201,h,13,354,9,3047,3591,84
grp-a001-02-000000054204201,h,14,348,8,2378,3712,83
grp-a001-02-000000054204201,h,15,393,12,3353,3940,83
grp-a001-02-000000054204201,h,16,351,3,723,3940,82
grp-a001-02-000000054204201,h,17,328,12,4223,3371,84
grp-a001-02-000000054204201,h,18,314,8,2837,3353,83
grp-a001-02-000000054204201,h,19,313,4,1318,3222,79
grp-a001-02-000000054204201,h,20,410,9,3086,4468,84
grp-a001-02-000000054204201,h,21,480,9,3267,4994,83
grp-a001-02-000000054204201,h,22,670,14,5016,6820,85
grp-a001-02-000000054204201,h,23,648,12,4689,6960,87
grp-a001-02-000000054204201,m,11068,248,2,761,1607,76
grp-a001-02-000000054204201,m,122876,85,1,170,444,40
grp-a001-02-000000054204201,m,27758,74,7,1385,108,43
grp-a001-02-000000054204201,m,33421,548,4,1409,4821,90
grp-a001-02-000000054204201,m,335738,2,0,0,18,2
grp-a001-02-000000054204201,m,341893,4314,85,30385,39246,86
grp-a001-02-000000054204201,m,341898,180,4,1311,691,62
grp-a001-02-000000054204201,m,370822,77,5,1807,380,46
grp-a001-02-000000054204201,m,424040,120,3,878,684,54
grp-a001-02-000000054204201,m,556927,1,0,0,1,1
grp-a001-02-000000054204201,m,684924,184,2,273,184,74
grp-a001-02-000000054204201,m,684925,31,1,157,31,25
grp-a001-02-000000054204201,m,684926,1326,25,9657,20806,89
grp-a001-02-000000054204201,m,684927,578,6,2233,11208,91
grp-a001-02-000000054204201,m,8753,560,24,6433,2513,89
grp-a001-02-000000054204201,r,00,88,0,0,777,49
grp-a001-02-000000054204201,r,01,184,2,545,1966,74
grp-a001-02-000000054204201,r,02,2194,46,16593,22241,91
grp-a001-02-000000054204201,r,03,388,8,2728,3766,85
grp-a001-02-000000054204201,r,04,326,6,1489,2945,85
grp-a001-02-000000054204201,r,05,186,8,2224,1562,69
grp-a001-02-000000054204201,r,06,300,7,2131,2782,82
grp-a001-02-000000054204201,r,07,256,1,385,2632,84
grp-a001-02-000000054204201,r,08,360,8,2731,3444,85
grp-a001-02-000000054204201,r,09,2085,50,16887,21200,91
grp-a001-02-000000054204201,r,10,118,1,385,1143,59
grp-a001-02-000000054204201,r,11,425,10,2958,3890,86
grp-a001-02-000000054204201,r,12,216,4,1551,2198,78
grp-a001-02-000000054204201,r,13,189,3,811,1785,72
grp-a001-02-000000054204201,r,14,63,0,0,448,34
grp-a001-02-000000054204201,r,15,306,2,745,3013,84
grp-a001-02-000000054204201,r,16,207,3,1056,1938,73
grp-a001-02-000000054204201,r,17,92,1,374,964,46
grp-a001-02-000000054204201,r,99,345,9,3266,4048,84
grp-a001-02-000000054282282,h,00,675,2,1353,8475,140
grp-a001-02-000000054282282,h,01,481,1,616,5156,135
grp-a001-02-000000054282282,h,02,298,0,0,4123,110
grp-a001-02-000000054282282,h,03,179,0,0,1976,86
grp-a001-02-000000054282282,h,04,151,0,0,1180,78
grp-a001-02-000000054282282,h,05,198,0,0,1791,85
grp-a001-02-000000054282282,h,06,275,1,616,2447,110
grp-a001-02-000000054282282,h,07,347,0,0,2802,121
grp-a001-02-000000054282282,h,08,442,1,538,4103,126
grp-a001-02-000000054282282,h,09,435,1,594,3988,131
grp-a001-02-000000054282282,h,10,463,2,792,4080,133
grp-a001-02-000000054282282,h,11,422,3,1299,3722,129
grp-a001-02-000000054282282,h,12,377,1,573,3445,126
grp-a001-02-000000054282282,h,13,462,2,854,3756,139
grp-a001-02-000000054282282,h,14,440,2,631,4156,134
grp-a001-02-000000054282282,h,15,453,1,571,3946,129
grp-a001-02-000000054282282,h,16,536,2,1410,4618,139
grp-a001-02-000000054282282,h,17,495,6,3882,4644,134
grp-a001-02-000000054282282,h,18,422,2,1180,3979,126
grp-a001-02-000000054282282,h,19,468,2,1216,4067,126
grp-a001-02-000000054282282,h,20,530,1,603,4661,132
grp-a001-02-000000054282282,h,21,643,1,616,5927,138
grp-a001-02-000000054282282,h,22,734,0,0,6638,144
grp-a001-02-000000054282282,h,23,737,2,1028,6172,139
grp-a001-02-000000054282282,m,11068,651,1,616,4298,128
grp-a001-02-000000054282282,m,122876,19,0,0,97,13
grp-a001-02-000000054282282,m,27758,183,0,0,281,99
grp-a001-02-000000054282282,m,33421,1583,3,962,15277,151
grp-a001-02-000000054282282,m,335738,18,0,0,130,14
grp-a001-02-000000054282282,m,341893,3845,12,7455,37389,152
grp-a001-02-000000054282282,m,341898,179,2,1179,744,78
grp-a001-02-000000054282282,m,370822,129,1,610,536,72
grp-a001-02-000000054282282,m,424040,23,0,0,231,14
grp-a001-02-000000054282282,m,556927,5,0,0,5,5
grp-a001-02-000000054282282,m,684924,329,0,0,329,95
grp-a001-02-000000054282282,m,684925,86,0,0,86,61
grp-a001-02-000000054282282,m,684926,1167,2,1232,18123,153
grp-a001-02-000000054282282,m,684927,880,4,2547,17803,151
grp-a001-02-000000054282282,m,805759,2,0,0,43,2
grp-a001-02-000000054282282,m,805760,2,0,0,2,2
grp-a001-02-000000054282282,m,8753,1562,8,3771,4478,148
grp-a001-02-000000054282282,r,00,103,1,616,808,62
grp-a001-02-000000054282282,r,01,301,1,616,2600,105
grp-a001-02-000000054282282,r,02,2518,7,4310,22552,154
grp-a001-02-000000054282282,r,03,502,4,1805,4819,135
grp-a001-02-000000054282282,r,04,360,0,0,3220,122
grp-a001-02-000000054282282,r,05,175,2,1028,1599,75
grp-a001-02-000000054282282,r,06,364,0,0,3128,126
grp-a001-02-000000054282282,r,07,260,0,0,2299,101
grp-a001-02-000000054282282,r,08,540,3,1949,4707,135
grp-a001-02-000000054282282,r,09,2793,10,5233,31198,153
grp-a001-02-000000054282282,r,10,184,1,564,1539,99
grp-a001-02-000000054282282,r,11,511,0,0,4318,135
grp-a001-02-000000054282282,r,12,183,0,0,1427,74
grp-a001-02-000000054282282,r,13,241,1,594,1938,106
grp-a001-02-000000054282282,r,14,85,1,604,597,53
grp-a001-02-000000054282282,r,15,377,1,573,3140,128
grp-a001-02-000000054282282,r,16,253,0,0,2365,105
grp-a001-02-000000054282282,r,17,84,0,0,751,53
grp-a001-02-000000054282282,r,18,149,0,0,1267,39
grp-a001-02-000000054282282,r,99,680,1,480,5580,140
grp-a001-02-000000054530371,h,00,1395,13,20504,6465,120
grp-a001-02-000000054530371,h,01,853,11,19743,3848,115
grp-a001-02-000000054530371,h,02,683,2,3613,3174,100
grp-a001-02-000000054530371,h,03,540,4,7599,2487,89
grp-a001-02-000000054530371,h,04,417,0,0,1920,95
grp-a001-02-000000054530371,h,05,625,1,2014,3022,98
grp-a001-02-000000054530371,h,06,921,5,9762,4637,106
grp-a001-02-000000054530371,h,07,1209,11,19342,6149,129
grp-a001-02-000000054530371,h,08,1324,16,28843,6825,124
grp-a001-02-000000054530371,h,09,1589,22,42086,8129,127
grp-a001-02-000000054530371,h,10,1640,9,15099,7708,129
grp-a001-02-000000054530371,h,11,1661,15,26550,8810,130
grp-a001-02-000000054530371,h,12,1990,18,32916,9809,125
grp-a001-02-000000054530371,h,13,1651,23,43905,8473,119
grp-a001-02-000000054530371,h,14,1773,31,54848,9169,124
grp-a001-02-000000054530371,h,15,1728,14,26090,8399,116
grp-a001-02-000000054530371,h,16,1744,18,32395,8420,128
grp-a001-02-000000054530371,h,17,1642,16,29952,7800,126
grp-a001-02-000000054530371,h,18,1629,20,37229,8044,125
grp-a001-02-000000054530371,h,19,1564,14,24333,8272,125
grp-a001-02-000000054530371,h,20,1834,23,41640,9522,127
grp-a001-02-000000054530371,h,21,1926,22,39684,9616,131
grp-a001-02-000000054530371,h,22,1733,22,36196,8783,126
grp-a001-02-000000054530371,h,23,1778,18,30649,7979,128
grp-a001-02-000000054530371,m,11068,2048,9,16326,12234,106
grp-a001-02-000000054530371,m,27758,1722,31,56318,3018,87
grp-a001-02-000000054530371,m,33421,12289,29,51479,67588,142
grp-a001-02-000000054530371,m,341893,1802,8,13911,9959,140
grp-a001-02-000000054530371,m,341898,605,2,3568,1126,95
grp-a001-02-000000054530371,m,370822,153,2,3268,433,65
grp-a001-02-000000054530371,m,556927,4,0,0,4,4
grp-a001-02-000000054530371,m,684924,649,2,3665,649,56
grp-a001-02-000000054530371,m,684925,296,0,0,296,39
grp-a001-02-000000054530371,m,684926,6241,109,192738,35819,139
grp-a001-02-000000054530371,m,684927,1075,14,25079,7139,115
grp-a001-02-000000054530371,m,787480,2,0,0,10,1
grp-a001-02-000000054530371,m,787481,1,0,0,1,1
grp-a001-02-000000054530371,m,805759,11,0,0,125,11
grp-a001-02-000000054530371,m,805760,19,0,0,101,12
grp-a001-02-000000054530371,m,8753,6932,142,258640,28958,137
grp-a001-02-000000054530371,r,00,350,2,3949,3157,67
grp-a001-02-000000054530371,r,01,741,16,30114,3998,108
grp-a001-02-000000054530371,r,02,7050,81,145404,35426,143
grp-a001-02-000000054530371,r,03,1447,25,45516,7155,128
grp-a001-02-000000054530371,r,04,1248,9,16293,6054,123
grp-a001-02-000000054530371,r,05,247,1,1703,1417,72
grp-a001-02-000000054530371,r,06,1054,10,18798,5121,127
grp-a001-02-000000054530371,r,07,763,7,13195,3746,111
grp-a001-02-000000054530371,r,08,1337,11,19185,6551,130
grp-a001-02-000000054530371,r,09,10147,74,129333,48892,142
grp-a001-02-000000054530371,r,10,506,3,5881,2475,95
grp-a001-02-000000054530371,r,11,1513,21,37508,7110,128
grp-a001-02-000000054530371,r,12,252,4,5938,1448,73
grp-a001-02-000000054530371,r,13,832,8,12272,4180,115
grp-a001-02-000000054530371,r,14,185,0,0,834,64
grp-a001-02-000000054530371,r,15,1152,21,38650,5753,124
grp-a001-02-000000054530371,r,16,748,8,14857,3787,105
grp-a001-02-000000054530371,r,17,205,4,7460,1022,63
grp-a001-02-000000054530371,r,18,834,6,10447,3690,38
grp-a001-02-000000054530371,r,99,3238,37,68489,15644,127
grp-a001-02-000000054536931,h,00,475,16,23811,2395,103
grp-a001-02-000000054536931,h,01,285,5,5912,1523,95
grp-a001-02-000000054536931,h,02,181,2,2806,966,73
grp-a001-02-000000054536931,h,03,91,0,0,514,53
grp-a001-02-000000054536931,h,04,80,0,0,475,44
grp-a001-02-000000054536931,h,05,119,1,1378,689,60
grp-a001-02-000000054536931,h,06,215,5,5988,1208,79
grp-a001-02-000000054536931,h,07,369,10,14560,2042,105
grp-a001-02-000000054536931,h,08,549,8,11639,2698,116
grp-a001-02-000000054536931,h,09,601,8,12641,3069,120
grp-a001-02-000000054536931,h,10,639,14,19529,3428,125
grp-a001-02-000000054536931,h,11,615,8,11987,3503,128
grp-a001-02-000000054536931,h,12,535,13,17129,2800,121
grp-a001-02-000000054536931,h,13,566,13,16105,3145,125
grp-a001-02-000000054536931,h,14,689,11,16844,3921,126
grp-a001-02-000000054536931,h,15,632,5,7776,3279,122
grp-a001-02-000000054536931,h,16,656,14,19157,3542,129
grp-a001-02-000000054536931,h,17,599,11,14985,3599,125
grp-a001-02-000000054536931,h,18,595,8,9949,3669,126
grp-a001-02-000000054536931,h,19,518,9,12698,2871,119
grp-a001-02-000000054536931,h,20,597,13,16914,3472,126
grp-a001-02-000000054536931,h,21,650,18,25601,3846,128
grp-a001-02-000000054536931,h,22,638,13,19239,3731,121
grp-a001-02-000000054536931,h,23,708,8,11887,4179,124
grp-a001-02-000000054536931,m,11068,509,3,4182,3534,105
grp-a001-02-000000054536931,m,122876,114,0,0,404,27
grp-a001-02-000000054536931,m,27758,673,27,39300,1293,65
grp-a001-02-000000054536931,m,33421,2051,17,25232,16158,142
grp-a001-02-000000054536931,m,341893,1570,11,13045,11154,153
grp-a001-02-000000054536931,m,341898,158,0,0,378,69
grp-a001-02-000000054536931,m,370822,99,0,0,317,56
grp-a001-02-000000054536931,m,424040,279,1,443,629,47
grp-a001-02-000000054536931,m,556927,1,0,0,1,1
grp-a001-02-000000054536931,m,684924,248,3,5613,248,39
grp-a001-02-000000054536931,m,684925,117,0,0,117,24
grp-a001-02-000000054536931,m,684926,1844,22,26048,14071,149
grp-a001-02-000000054536931,m,684927,309,3,3689,2246,107
grp-a001-02-000000054536931,m,805759,4,0,0,47,3
grp-a001-02-000000054536931,m,805760,2,0,0,11,1
grp-a001-02-000000054536931,m,8753,3624,126,180983,13956,143
grp-a001-02-000000054536931,r,00,83,1,1311,351,45
grp-a001-02-000000054536931,r,01,324,5,6597,1741,105
grp-a001-02-000000054536931,r,02,2905,50,67668,15926,153
grp-a001-02-000000054536931,r,03,675,12,16823,3556,122
grp-a001-02-000000054536931,r,04,392,9,12809,2363,117
grp-a001-02-000000054536931,r,05,131,2,2796,858,60
grp-a001-02-000000054536931,r,06,412,5,6835,2107,111
grp-a001-02-000000054536931,r,07,255,2,2544,1292,95
grp-a001-02-000000054536931,r,08,559,7,11085,3036,125
grp-a001-02-000000054536931,r,09,2703,62,88271,15667,151
grp-a001-02-000000054536931,r,10,163,2,2269,873,71
grp-a001-02-000000054536931,r,11,639,6,7849,3649,134
grp-a001-02-000000054536931,r,12,170,5,6482,1002,61
grp-a001-02-000000054536931,r,13,296,5,7435,1684,102
grp-a001-02-000000054536931,r,14,77,1,2156,452,40
grp-a001-02-000000054536931,r,15,430,10,14753,2137,108
grp-a001-02-000000054536931,r,16,312,9,13051,1825,99
grp-a001-02-000000054536931,r,17,87,0,0,464,48
grp-a001-02-000000054536931,r,18,241,6,8793,1390,42
grp-a001-02-000000054536931,r,99,748,14,19008,4191,125
grp-a001-02-000000054537415,h,00,436,6,9028,2107,82
grp-a001-02-000000054537415,h,01,355,3,4640,1426,76
grp-a001-02-000000054537415,h,02,340,2,3278,1405,71
grp-a001-02-000000054537415,h,03,295,1,1578,1112,53
grp-a001-02-000000054537415,h,04,264,1,1506,763,50
grp-a001-02-000000054537415,h,05,276,2,2795,1065,62
grp-a001-02-000000054537415,h,06,329,2,3202,1346,63
grp-a001-02-000000054537415,h,07,450,5,6925,1771,80
grp-a001-02-000000054537415,h,08,421,6,9261,2059,91
grp-a001-02-000000054537415,h,09,471,5,7662,2582,87
grp-a001-02-000000054537415,h,10,566,5,6944,2837,90
grp-a001-02-000000054537415,h,11,500,4,6256,2203,90
grp-a001-02-000000054537415,h,12,474,11,16923,2455,89
grp-a001-02-000000054537415,h,13,566,11,16805,2649,94
grp-a001-02-000000054537415,h,14,561,6,8959,2683,95
grp-a001-02-000000054537415,h,15,569,8,12593,2507,97
grp-a001-02-000000054537415,h,16,624,8,12393,2698,93
grp-a001-02-000000054537415,h,17,552,8,11217,2610,91
grp-a001-02-000000054537415,h,18,459,7,10659,1949,94
grp-a001-02-000000054537415,h,19,539,5,7739,2368,91
grp-a001-02-000000054537415,h,20,526,8,10849,2668,96
grp-a001-02-000000054537415,h,21,609,5,7418,2880,95
grp-a001-02-000000054537415,h,22,585,7,10525,2710,89
grp-a001-02-000000054537415,h,23,531,4,5010,2392,91
grp-a001-02-000000054537415,m,11068,462,3,4310,2981,70
grp-a001-02-000000054537415,m,27758,318,17,24683,546,77
grp-a001-02-000000054537415,m,33421,5545,4,6478,20288,112
grp-a001-02-000000054537415,m,341893,750,3,3109,5339,130
grp-a001-02-000000054537415,m,341898,177,1,1514,331,72
grp-a001-02-000000054537415,m,370822,46,1,1316,124,31
grp-a001-02-000000054537415,m,556927,1,0,0,1,1
grp-a001-02-000000054537415,m,684924,482,9,13981,482,57
grp-a001-02-000000054537415,m,684925,62,1,1549,62,29
grp-a001-02-000000054537415,m,684926,1405,13,19421,10306,109
grp-a001-02-000000054537415,m,684927,293,1,1568,2487,87
grp-a001-02-000000054537415,m,787480,1,0,0,35,1
grp-a001-02-000000054537415,m,805759,1,0,0,2,1
grp-a001-02-000000054537415,m,805760,10,1,1581,45,9
grp-a001-02-000000054537415,m,8753,1745,76,114655,8216,101
grp-a001-02-000000054537415,r,00,37,0,0,189,21
grp-a001-02-000000054537415,r,01,163,3,4820,927,63
grp-a001-02-000000054537415,r,02,1587,26,38992,9121,120
grp-a001-02-000000054537415,r,03,311,5,7479,1798,83
grp-a001-02-000000054537415,r,04,272,11,15805,1435,83
grp-a001-02-000000054537415,r,05,40,2,2988,236,25
grp-a001-02-000000054537415,r,06,355,5,7813,1717,79
grp-a001-02-000000054537415,r,07,154,2,2766,848,60
grp-a001-02-000000054537415,r,08,321,7,10742,1611,89
grp-a001-02-000000054537415,r,09,6104,27,39662,22734,121
grp-a001-02-000000054537415,r,10,122,4,6436,541,52
grp-a001-02-000000054537415,r,11,288,8,11682,1594,85
grp-a001-02-000000054537415,r,12,58,0,0,334,31
grp-a001-02-000000054537415,r,13,171,7,10762,895,63
grp-a001-02-000000054537415,r,14,26,1,875,158,23
grp-a001-02-000000054537415,r,15,216,6,8606,1062,78
grp-a001-02-000000054537415,r,16,207,3,4553,1120,70
grp-a001-02-000000054537415,r,17,51,3,4819,265,29
grp-a001-02-000000054537415,r,18,184,3,4759,1128,45
grp-a001-02-000000054537415,r,99,631,7,10606,3532,96
grp-a001-02-000000054537529,h,00,2861,55,98012,8769,130
grp-a001-02-000000054537529,h,01,1853,18,32286,5143,138
grp-a001-02-000000054537529,h,02,1741,18,33510,4444,137
grp-a001-02-000000054537529,h,03,1123,13,21955,3223,130
grp-a001-02-000000054537529,h,04,920,6,10783,2696,127
grp-a001-02-000000054537529,h,05,1112,16,29533,3080,130
grp-a001-02-000000054537529,h,06,1675,26,45111,5188,136
grp-a001-02-000000054537529,h,07,2317,42,75316,7753,139
grp-a001-02-000000054537529,h,08,3160,71,129357,9728,137
grp-a001-02-000000054537529,h,09,3741,66,115903,11716,137
grp-a001-02-000000054537529,h,10,3916,98,176781,12387,139
grp-a001-02-000000054537529,h,11,4489,84,148794,13588,140
grp-a001-02-000000054537529,h,12,4264,98,175463,15493,140
grp-a001-02-000000054537529,h,13,3884,81,142712,12313,139
grp-a001-02-000000054537529,h,14,4212,92,161796,13782,141
grp-a001-02-000000054537529,h,15,4029,70,121838,13176,140
grp-a001-02-000000054537529,h,16,4122,96,167342,13339,137
grp-a001-02-000000054537529,h,17,3969,92,161724,12607,136
grp-a001-02-000000054537529,h,18,3851,71,130403,12108,134
grp-a001-02-000000054537529,h,19,3796,74,131615,12233,135
grp-a001-02-000000054537529,h,20,4012,92,166222,14164,135
grp-a001-02-000000054537529,h,21,3976,108,190371,13184,134
grp-a001-02-000000054537529,h,22,3942,83,151811,12730,133
grp-a001-02-000000054537529,h,23,3481,66,119332,10560,131
grp-a001-02-000000054537529,m,11068,4311,73,129159,14238,143
grp-a001-02-000000054537529,m,27758,7682,213,372943,13024,144
grp-a001-02-000000054537529,m,33421,19195,100,176416,74026,148
grp-a001-02-000000054537529,m,341893,3303,38,68386,12364,137
grp-a001-02-000000054537529,m,341898,1504,5,8612,2352,129
grp-a001-02-000000054537529,m,370822,354,3,4423,647,111
grp-a001-02-000000054537529,m,556927,54,0,0,57,39
grp-a001-02-000000054537529,m,684924,2528,12,21695,2528,111
grp-a001-02-000000054537529,m,684925,1188,5,7998,1188,104
grp-a001-02-000000054537529,m,684926,9685,185,316292,43854,149
grp-a001-02-000000054537529,m,684927,1709,29,48621,7425,146
grp-a001-02-000000054537529,m,787480,1,0,0,15,1
grp-a001-02-000000054537529,m,805759,21,0,0,123,17
grp-a001-02-000000054537529,m,805760,38,0,0,156,26
grp-a001-02-000000054537529,m,8753,24873,873,1583425,71407,145
grp-a001-02-000000054537529,r,-1,1,0,0,10,1
grp-a001-02-000000054537529,r,00,429,8,15812,1313,112
grp-a001-02-000000054537529,r,01,2000,58,104549,6688,142
grp-a001-02-000000054537529,r,02,16770,391,693647,54643,148
grp-a001-02-000000054537529,r,03,3532,96,171001,11095,146
grp-a001-02-000000054537529,r,04,2932,75,135829,10313,144
grp-a001-02-000000054537529,r,05,683,11,19986,2434,95
grp-a001-02-000000054537529,r,06,2487,46,78038,8025,145
grp-a001-02-000000054537529,r,07,1566,33,58549,5314,142
grp-a001-02-000000054537529,r,08,3110,75,133088,10268,144
grp-a001-02-000000054537529,r,09,23017,289,513545,67702,147
grp-a001-02-000000054537529,r,10,1295,25,43495,4235,139
grp-a001-02-000000054537529,r,11,3650,59,106054,11611,145
grp-a001-02-000000054537529,r,12,876,23,39846,3126,94
grp-a001-02-000000054537529,r,13,1831,62,113358,6149,143
grp-a001-02-000000054537529,r,14,424,9,14886,1264,106
grp-a001-02-000000054537529,r,15,2822,96,169988,9083,146
grp-a001-02-000000054537529,r,16,1804,50,91046,5740,143
grp-a001-02-000000054537529,r,17,445,7,12970,1475,114
grp-a001-02-000000054537529,r,18,1503,36,66500,4557,47
grp-a001-02-000000054537529,r,99,5269,87,155783,18359,145
grp-a001-02-000000054537533,h,00,1463,18,30179,4947,134
grp-a001-02-000000054537533,h,01,1215,5,8842,4073,140
grp-a001-02-000000054537533,h,02,953,7,12649,3273,138
grp-a001-02-000000054537533,h,03,569,2,3164,1832,121
grp-a001-02-000000054537533,h,04,422,2,3443,1132,113
grp-a001-02-000000054537533,h,05,592,4,6671,1886,131
grp-a001-02-000000054537533,h,06,739,5,8859,2451,134
grp-a001-02-000000054537533,h,07,996,13,20520,3192,140
grp-a001-02-000000054537533,h,08,1418,19,33225,4756,141
grp-a001-02-000000054537533,h,09,1475,15,26264,5210,140
grp-a001-02-000000054537533,h,10,1698,26,40694,5502,145
grp-a001-02-000000054537533,h,11,2022,22,39150,7658,145
grp-a001-02-000000054537533,h,12,1643,11,17716,6319,145
grp-a001-02-000000054537533,h,13,1676,23,40031,6191,142
grp-a001-02-000000054537533,h,14,1862,29,51594,7168,147
grp-a001-02-000000054537533,h,15,1780,17,29886,6329,145
grp-a001-02-000000054537533,h,16,1714,19,34029,6088,142
grp-a001-02-000000054537533,h,17,1679,21,34454,5573,141
grp-a001-02-000000054537533,h,18,1565,26,45899,5677,141
grp-a001-02-000000054537533,h,19,1732,14,25253,6235,140
grp-a001-02-000000054537533,h,20,1769,20,34971,6135,139
grp-a001-02-000000054537533,h,21,1806,15,27360,6193,139
grp-a001-02-000000054537533,h,22,1802,27,48596,6276,136
grp-a001-02-000000054537533,h,23,1624,12,22361,5426,136
grp-a001-02-000000054537533,m,11068,3025,18,29160,15584,139
grp-a001-02-000000054537533,m,122876,12,0,0,13,4
grp-a001-02-000000054537533,m,27758,2825,75,129073,4725,144
grp-a001-02-000000054537533,m,33421,10758,38,67075,40291,149
grp-a001-02-000000054537533,m,341893,1305,1,1298,5476,144
grp-a001-02-000000054537533,m,341898,597,0,0,864,130
grp-a001-02-000000054537533,m,370822,213,1,1792,308,101
grp-a001-02-000000054537533,m,556927,18,0,0,18,11
grp-a001-02-000000054537533,m,684924,650,2,3273,650,97
grp-a001-02-000000054537533,m,684925,423,0,0,423,98
grp-a001-02-000000054537533,m,684926,3026,39,65361,15089,149
grp-a001-02-000000054537533,m,684927,886,6,10164,6603,134
grp-a001-02-000000054537533,m,787480,1,0,0,9,1
grp-a001-02-000000054537533,m,805759,26,0,0,246,20
grp-a001-02-000000054537533,m,805760,24,0,0,105,15
grp-a001-02-000000054537533,m,8753,10425,192,338614,29118,149
grp-a001-02-000000054537533,r,00,164,1,1953,638,80
grp-a001-02-000000054537533,r,01,909,16,27245,3354,138
grp-a001-02-000000054537533,r,02,7064,85,147570,26514,149
grp-a001-02-000000054537533,r,03,1620,26,45084,5765,147
grp-a001-02-000000054537533,r,04,1220,25,42677,4579,142
grp-a001-02-000000054537533,r,05,408,3,5670,1681,86
grp-a001-02-000000054537533,r,06,1176,16,28532,4363,140
grp-a001-02-000000054537533,r,07,767,12,19772,2975,134
grp-a001-02-000000054537533,r,08,1345,18,32021,4979,145
grp-a001-02-000000054537533,r,09,11252,75,131700,33272,150
grp-a001-02-000000054537533,r,10,546,7,11405,2129,124
grp-a001-02-000000054537533,r,11,1651,16,28145,5888,142
grp-a001-02-000000054537533,r,12,386,6,9438,1655,86
grp-a001-02-000000054537533,r,13,724,7,12843,2856,134
grp-a001-02-000000054537533,r,14,183,4,6692,593,79
grp-a001-02-000000054537533,r,15,1186,14,24168,4485,141
grp-a001-02-000000054537533,r,16,754,19,33168,3049,138
grp-a001-02-000000054537533,r,17,198,2,3277,740,82
grp-a001-02-000000054537533,r,18,564,5,8715,1818,48
grp-a001-02-000000054537533,r,99,2097,15,25735,8189,142
grp-a001-02-000000054537767,h,00,1823,28,46255,5458,139
grp-a001-02-000000054537767,h,01,1188,9,15542,3644,144
grp-a001-02-000000054537767,h,02,865,8,14330,2762,145
grp-a001-02-000000054537767,h,03,529,9,15136,1545,117
grp-a001-02-000000054537767,h,04,423,1,1624,1414,112
grp-a001-02-000000054537767,h,05,418,1,1648,1406,118
grp-a001-02-000000054537767,h,06,626,6,9233,2238,131
grp-a001-02-000000054537767,h,07,1020,12,19200,3763,143
grp-a001-02-000000054537767,h,08,1585,21,33511,5287,147
grp-a001-02-000000054537767,h,09,1881,34,57458,5824,148
grp-a001-02-000000054537767,h,10,2088,32,52733,6506,149
grp-a001-02-000000054537767,h,11,2748,34,53040,8745,149
grp-a001-02-000000054537767,h,12,2009,23,39673,6350,147
grp-a001-02-000000054537767,h,13,2209,29,47440,6954,147
grp-a001-02-000000054537767,h,14,2215,33,54230,6837,149
grp-a001-02-000000054537767,h,15,2296,24,39113,7303,149
grp-a001-02-000000054537767,h,16,2450,32,50896,7284,147
grp-a001-02-000000054537767,h,17,2293,32,55110,7005,147
grp-a001-02-000000054537767,h,18,1998,32,53612,6715,145
grp-a001-02-000000054537767,h,19,1943,28,45350,6765,144
grp-a001-02-000000054537767,h,20,2085,31,53232,6928,144
grp-a001-02-000000054537767,h,21,2392,29,47871,7771,144
grp-a001-02-000000054537767,h,22,2322,43,74141,7860,141
grp-a001-02-000000054537767,h,23,2419,28,48335,8615,141
grp-a001-02-000000054537767,m,11068,2258,19,34649,8650,151
grp-a001-02-000000054537767,m,122876,100,1,1725,259,27
grp-a001-02-000000054537767,m,27758,5365,92,152540,8442,153
grp-a001-02-000000054537767,m,33421,9108,42,70614,41103,153
grp-a001-02-000000054537767,m,341893,1507,8,12786,6612,153
grp-a001-02-000000054537767,m,341898,806,4,6126,1221,142
grp-a001-02-000000054537767,m,370822,190,2,3083,366,90
grp-a001-02-000000054537767,m,424040,264,5,6284,1033,59
grp-a001-02-000000054537767,m,556927,15,0,0,15,10
grp-a001-02-000000054537767,m,684924,1850,2,2542,1850,131
grp-a001-02-000000054537767,m,684925,1192,8,13833,1192,121
grp-a001-02-000000054537767,m,684926,3198,66,107945,16440,153
grp-a001-02-000000054537767,m,684927,795,6,11385,4999,141
grp-a001-02-000000054537767,m,805759,20,0,0,89,13
grp-a001-02-000000054537767,m,805760,35,0,0,109,17
grp-a001-02-000000054537767,m,8753,15122,304,505201,42599,153
grp-a001-02-000000054537767,r,00,381,0,0,997,104
grp-a001-02-000000054537767,r,01,1068,23,38101,3707,146
grp-a001-02-000000054537767,r,02,9373,129,213102,30808,153
grp-a001-02-000000054537767,r,03,1888,24,39191,5843,151
grp-a001-02-000000054537767,r,04,1672,34,55737,5463,152
grp-a001-02-000000054537767,r,05,759,12,21724,2385,97
grp-a001-02-000000054537767,r,06,1458,14,23761,4725,151
grp-a001-02-000000054537767,r,07,971,16,24461,3083,143
grp-a001-02-000000054537767,r,08,1705,21,35800,5971,151
grp-a001-02-000000054537767,r,09,11874,127,215045,36545,153
grp-a001-02-000000054537767,r,10,682,12,18969,2168,132
grp-a001-02-000000054537767,r,11,2160,22,37541,6919,152
grp-a001-02-000000054537767,r,12,713,16,27952,2354,98
grp-a001-02-000000054537767,r,13,947,9,15377,3164,137
grp-a001-02-000000054537767,r,14,294,3,5023,949,96
grp-a001-02-000000054537767,r,15,1607,31,51025,5220,152
grp-a001-02-000000054537767,r,16,981,21,34693,3216,144
grp-a001-02-000000054537767,r,17,377,7,11359,1268,114
grp-a001-02-000000054537767,r,18,378,7,11121,1288,48
grp-a001-02-000000054537767,r,99,2537,31,48731,8906,152
grp-a001-02-000000054538147,h,00,863,11,18618,3836,129
grp-a001-02-000000054538147,h,01,706,8,13698,2443,130
grp-a001-02-000000054538147,h,02,554,5,8432,2117,125
grp-a001-02-000000054538147,h,03,459,7,10974,1934,119
grp-a001-02-000000054538147,h,04,359,4,6823,1229,113
grp-a001-02-000000054538147,h,05,435,1,1771,1919,111
grp-a001-02-000000054538147,h,06,567,8,13503,2453,130
grp-a001-02-000000054538147,h,07,914,19,29756,3778,139
grp-a001-02-000000054538147,h,08,1157,24,39537,4866,144
grp-a001-02-000000054538147,h,09,1137,17,28965,4605,139
grp-a001-02-000000054538147,h,10,1323,16,27274,5674,144
grp-a001-02-000000054538147,h,11,1368,23,37437,6500,149
grp-a001-02-000000054538147,h,12,1301,28,45761,5718,144
grp-a001-02-000000054538147,h,13,1275,29,49426,5157,141
grp-a001-02-000000054538147,h,14,1280,24,39624,5368,140
grp-a001-02-000000054538147,h,15,1388,26,43704,6006,144
grp-a001-02-000000054538147,h,16,1249,21,35756,5368,143
grp-a001-02-000000054538147,h,17,1166,12,20378,5245,141
grp-a001-02-000000054538147,h,18,1181,19,32118,5272,138
grp-a001-02-000000054538147,h,19,1231,19,28735,5122,137
grp-a001-02-000000054538147,h,20,1318,22,35272,5880,143
grp-a001-02-000000054538147,h,21,1346,27,44786,5795,136
grp-a001-02-000000054538147,h,22,1340,15,25111,5993,141
grp-a001-02-000000054538147,h,23,1625,21,34452,6785,137
grp-a001-02-000000054538147,m,11068,1425,19,31378,6706,144
grp-a001-02-000000054538147,m,27758,1846,66,111516,3513,139
grp-a001-02-000000054538147,m,33421,8783,23,38795,45677,152
grp-a001-02-000000054538147,m,341893,1768,14,22861,8124,152
grp-a001-02-000000054538147,m,341898,748,6,9779,1229,136
grp-a001-02-000000054538147,m,370822,197,0,0,469,93
grp-a001-02-000000054538147,m,556927,15,0,0,15,9
grp-a001-02-000000054538147,m,684924,394,1,1697,394,72
grp-a001-02-000000054538147,m,684925,182,1,1759,182,74
grp-a001-02-000000054538147,m,684926,2714,56,87786,12140,151
grp-a001-02-000000054538147,m,684927,452,4,6653,2351,129
grp-a001-02-000000054538147,m,787480,1,0,0,18,1
grp-a001-02-000000054538147,m,787481,7,0,0,8,2
grp-a001-02-000000054538147,m,805759,6,0,0,51,6
grp-a001-02-000000054538147,m,805760,7,0,0,22,7
grp-a001-02-000000054538147,m,8753,6997,216,359687,28164,151
grp-a001-02-000000054538147,r,-1,3,0,0,19,2
grp-a001-02-000000054538147,r,00,113,1,1788,390,61
grp-a001-02-000000054538147,r,01,627,13,21532,3000,135
grp-a001-02-000000054538147,r,02,5109,98,162943,22906,151
grp-a001-02-000000054538147,r,03,1204,22,37095,5232,145
grp-a001-02-000000054538147,r,04,875,23,38225,4412,140
grp-a001-02-000000054538147,r,05,295,5,8702,1255,81
grp-a001-02-000000054538147,r,06,841,19,31420,3835,139
grp-a001-02-000000054538147,r,07,491,19,31798,2203,130
grp-a001-02-000000054538147,r,08,946,14,23541,4188,143
grp-a001-02-000000054538147,r,09,8747,79,129527,33699,152
grp-a001-02-000000054538147,r,10,379,4,6724,1755,112
grp-a001-02-000000054538147,r,11,1149,17,28100,5055,141
grp-a001-02-000000054538147,r,12,326,10,17677,1411,85
grp-a001-02-000000054538147,r,13,573,13,21529,2761,129
grp-a001-02-000000054538147,r,14,134,1,1833,709,71
grp-a001-02-000000054538147,r,15,916,17,28969,3922,142
grp-a001-02-000000054538147,r,16,622,9,15251,2853,140
grp-a001-02-000000054538147,r,17,126,3,4955,520,64
grp-a001-02-000000054538147,r,18,444,7,11306,2314,47
grp-a001-02-000000054538147,r,99,1622,32,48996,6624,145
grp-a001-02-000000054607977,h,00,143,1,490,1261,56
grp-a001-02-000000054607977,h,01,88,0,0,1013,40
grp-a001-02-000000054607977,h,02,60,0,0,478,37
grp-a001-02-000000054607977,h,03,33,0,0,283,24
grp-a001-02-000000054607977,h,04,22,0,0,192,14
grp-a001-02-000000054607977,h,05,25,0,0,224,17
grp-a001-02-000000054607977,h,06,15,0,0,124,13
grp-a001-02-000000054607977,h,07,39,0,0,411,23
grp-a001-02-000000054607977,h,08,63,0,0,584,34
grp-a001-02-000000054607977,h,09,63,0,0,481,37
grp-a001-02-000000054607977,h,10,68,0,0,518,41
grp-a001-02-000000054607977,h,11,86,1,450,932,43
grp-a001-02-000000054607977,h,12,86,0,0,548,42
grp-a001-02-000000054607977,h,13,76,1,500,602,42
grp-a001-02-000000054607977,h,14,84,0,0,749,44
grp-a001-02-000000054607977,h,15,70,0,0,593,36
grp-a001-02-000000054607977,h,16,71,0,0,597,38
grp-a001-02-000000054607977,h,17,93,0,0,810,47
grp-a001-02-000000054607977,h,18,72,1,385,543,43
grp-a001-02-000000054607977,h,19,96,0,0,814,48
grp-a001-02-000000054607977,h,20,107,1,322,780,38
grp-a001-02-000000054607977,h,21,154,1,385,1558,57
grp-a001-02-000000054607977,h,22,166,1,490,1350,63
grp-a001-02-000000054607977,h,23,178,0,0,1782,56
grp-a001-02-000000054607977,m,11068,8,0,0,171,3
grp-a001-02-000000054607977,m,27758,1,0,0,2,1
grp-a001-02-000000054607977,m,33421,175,0,0,1886,45
grp-a001-02-000000054607977,m,341893,1324,5,2210,11184,136
grp-a001-02-000000054607977,m,341898,96,1,490,272,19
grp-a001-02-000000054607977,m,370822,14,0,0,84,9
grp-a001-02-000000054607977,m,684924,6,0,0,6,5
grp-a001-02-000000054607977,m,684926,201,0,0,1987,53
grp-a001-02-000000054607977,m,684927,51,0,0,1145,27
grp-a001-02-000000054607977,m,8753,82,1,322,490,42
grp-a001-02-000000054607977,r,00,26,0,0,239,18
grp-a001-02-000000054607977,r,01,51,0,0,683,33
grp-a001-02-000000054607977,r,02,472,4,1825,4061,104
grp-a001-02-000000054607977,r,03,98,0,0,765,52
grp-a001-02-000000054607977,r,04,83,1,322,631,44
grp-a001-02-000000054607977,r,05,41,0,0,324,18
grp-a001-02-000000054607977,r,06,80,0,0,647,50
grp-a001-02-000000054607977,r,07,55,0,0,447,28
grp-a001-02-000000054607977,r,08,100,0,0,782,44
grp-a001-02-000000054607977,r,09,452,2,875,4606,113
grp-a001-02-000000054607977,r,10,37,0,0,342,25
grp-a001-02-000000054607977,r,11,100,0,0,775,46
grp-a001-02-000000054607977,r,12,39,0,0,311,23
grp-a001-02-000000054607977,r,13,48,0,0,383,30
grp-a001-02-000000054607977,r,14,15,0,0,207,9
grp-a001-02-000000054607977,r,15,91,0,0,682,42
grp-a001-02-000000054607977,r,16,52,0,0,455,27
grp-a001-02-000000054607977,r,17,19,0,0,130,11
grp-a001-02-000000054607977,r,18,3,0,0,28,3
grp-a001-02-000000054607977,r,99,96,0,0,729,42
grp-a001-02-000000054608016,h,00,184,2,574,1643,65
grp-a001-02-000000054608016,h,01,127,0,0,1002,53
grp-a001-02-000000054608016,h,02,59,0,0,435,40
grp-a001-02-000000054608016,h,03,43,1,385,292,20
grp-a001-02-000000054608016,h,04,14,0,0,83,11
grp-a001-02-000000054608016,h,05,31,0,0,252,19
grp-a001-02-000000054608016,h,06,26,0,0,200,15
grp-a001-02-000000054608016,h,07,55,0,0,457,32
grp-a001-02-000000054608016,h,08,74,0,0,570,42
grp-a001-02-000000054608016,h,09,75,1,480,683,38
grp-a001-02-000000054608016,h,10,89,0,0,709,41
grp-a001-02-000000054608016,h,11,115,0,0,1119,45
grp-a001-02-000000054608016,h,12,100,2,670,749,51
grp-a001-02-000000054608016,h,13,132,0,0,1102,64
grp-a001-02-000000054608016,h,14,137,3,898,1179,63
grp-a001-02-000000054608016,h,15,127,0,0,1155,56
grp-a001-02-000000054608016,h,16,114,0,0,918,56
grp-a001-02-000000054608016,h,17,113,1,349,769,50
grp-a001-02-000000054608016,h,18,114,0,0,883,55
grp-a001-02-000000054608016,h,19,114,3,1180,862,54
grp-a001-02-000000054608016,h,20,162,0,0,1306,59
grp-a001-02-000000054608016,h,21,223,1,385,1860,69
grp-a001-02-000000054608016,h,22,240,1,385,2012,73
grp-a001-02-000000054608016,h,23,227,1,319,2170,78
grp-a001-02-000000054608016,m,11068,45,0,0,361,27
grp-a001-02-000000054608016,m,27758,7,0,0,14,5
grp-a001-02-000000054608016,m,33421,260,1,297,1994,60
grp-a001-02-000000054608016,m,341893,1772,4,1399,15505,142
grp-a001-02-000000054608016,m,341898,125,0,0,487,50
grp-a001-02-000000054608016,m,370822,10,0,0,39,9
grp-a001-02-000000054608016,m,556927,2,0,0,2,1
grp-a001-02-000000054608016,m,684924,8,0,0,8,7
grp-a001-02-000000054608016,m,684925,5,0,0,5,3
grp-a001-02-000000054608016,m,684926,256,4,1469,2164,86
grp-a001-02-000000054608016,m,684927,61,0,0,1171,35
grp-a001-02-000000054608016,m,8753,144,7,2460,660,72
grp-a001-02-000000054608016,r,00,36,0,0,326,26
grp-a001-02-000000054608016,r,01,58,0,0,802,36
grp-a001-02-000000054608016,r,02,616,7,2451,4960,120
grp-a001-02-000000054608016,r,03,146,1,382,1109,60
grp-a001-02-000000054608016,r,04,116,2,670,1242,60
grp-a001-02-000000054608016,r,05,50,0,0,400,24
grp-a001-02-000000054608016,r,06,127,1,319,1001,53
grp-a001-02-000000054608016,r,07,66,2,589,498,38
grp-a001-02-000000054608016,r,08,136,0,0,1100,62
grp-a001-02-000000054608016,r,09,704,1,385,5837,132
grp-a001-02-000000054608016,r,10,43,0,0,297,21
grp-a001-02-000000054608016,r,11,130,1,480,1103,54
grp-a001-02-000000054608016,r,12,60,0,0,412,28
grp-a001-02-000000054608016,r,13,71,0,0,532,41
grp-a001-02-000000054608016,r,14,15,0,0,114,10
grp-a001-02-000000054608016,r,15,91,0,0,732,49
grp-a001-02-000000054608016,r,16,62,0,0,542,40
grp-a001-02-000000054608016,r,17,24,0,0,188,17
grp-a001-02-000000054608016,r,18,26,0,0,280,15
grp-a001-02-000000054608016,r,99,118,1,349,935,55
grp-a001-02-000000054617822,h,00,156,2,2903,810,12
grp-a001-02-000000054617822,h,01,98,0,0,535,10
grp-a001-02-000000054617822,h,02,59,0,0,497,12
grp-a001-02-000000054617822,h,03,39,0,0,328,10
grp-a001-02-000000054617822,h,04,44,0,0,435,11
grp-a001-02-000000054617822,h,05,35,0,0,337,10
grp-a001-02-000000054617822,h,06,45,0,0,342,10
grp-a001-02-000000054617822,h,07,78,0,0,498,11
grp-a001-02-000000054617822,h,08,108,1,1565,700,13
grp-a001-02-000000054617822,h,09,129,0,0,803,13
grp-a001-02-000000054617822,h,10,153,1,1683,978,12
grp-a001-02-000000054617822,h,11,125,0,0,713,12
grp-a001-02-000000054617822,h,12,186,3,3810,1026,10
grp-a001-02-000000054617822,h,13,153,1,1649,762,12
grp-a001-02-000000054617822,h,14,128,1,1597,682,11
grp-a001-02-000000054617822,h,15,151,1,1559,835,11
grp-a001-02-000000054617822,h,16,149,1,1652,942,12
grp-a001-02-000000054617822,h,17,163,0,0,990,12
grp-a001-02-000000054617822,h,18,120,2,3122,950,12
grp-a001-02-000000054617822,h,19,137,1,1621,718,12
grp-a001-02-000000054617822,h,20,161,0,0,866,12
grp-a001-02-000000054617822,h,21,228,0,0,1121,12
grp-a001-02-000000054617822,h,22,248,3,4732,1515,12
grp-a001-02-000000054617822,h,23,341,0,0,1793,12
grp-a001-02-000000054617822,m,11068,120,0,0,717,11
grp-a001-02-000000054617822,m,27758,97,2,2968,143,6
grp-a001-02-000000054617822,m,33421,1103,1,1548,6831,14
grp-a001-02-000000054617822,m,335738,3,0,0,17,2
grp-a001-02-000000054617822,m,341893,179,1,1652,910,13
grp-a001-02-000000054617822,m,341898,19,0,0,27,8
grp-a001-02-000000054617822,m,370822,6,0,0,23,5
grp-a001-02-000000054617822,m,556927,1,0,0,1,1
grp-a001-02-000000054617822,m,612593,107,0,0,1084,9
grp-a001-02-000000054617822,m,612594,7,0,0,24,3
grp-a001-02-000000054617822,m,684924,58,0,0,58,7
grp-a001-02-000000054617822,m,684925,43,0,0,43,8
grp-a001-02-000000054617822,m,684926,608,4,5725,4413,14
grp-a001-02-000000054617822,m,684927,558,2,2982,3508,14
grp-a001-02-000000054617822,m,805759,3,0,0,49,3
grp-a001-02-000000054617822,m,8753,322,7,11018,1328,13
grp-a001-02-000000054617822,r,00,50,0,0,204,8
grp-a001-02-000000054617822,r,01,63,1,1559,318,12
grp-a001-02-000000054617822,r,02,651,2,3248,3977,14
grp-a001-02-000000054617822,r,03,142,1,1649,744,14
grp-a001-02-000000054617822,r,04,114,0,0,764,12
grp-a001-02-000000054617822,r,06,87,1,1574,534,13
grp-a001-02-000000054617822,r,07,68,0,0,344,10
grp-a001-02-000000054617822,r,08,112,0,0,654,13
grp-a001-02-000000054617822,r,09,863,5,7719,5170,14
grp-a001-02-000000054617822,r,10,34,0,0,231,9
grp-a001-02-000000054617822,r,11,135,1,1597,726,12
grp-a001-02-000000054617822,r,13,50,2,2982,300,14
grp-a001-02-000000054617822,r,14,13,0,0,98,8
grp-a001-02-000000054617822,r,15,128,0,0,877,12
grp-a001-02-000000054617822,r,16,80,0,0,486,11
grp-a001-02-000000054617822,r,17,6,0,0,39,4
grp-a001-02-000000054617822,r,18,109,1,1652,631,13
grp-a001-02-000000054617822,r,99,529,3,3913,3079,14
grp-a001-02-000000054617868,h,00,8,0,0,249,7
grp-a001-02-000000054617868,h,01,2,0,0,41,2
grp-a001-02-000000054617868,h,02,1,0,0,24,1
grp-a001-02-000000054617868,h,03,3,0,0,86,3
grp-a001-02-000000054617868,h,04,3,0,0,91,2
grp-a001-02-000000054617868,h,05,1,0,0,22,1
grp-a001-02-000000054617868,h,06,4,0,0,98,4
grp-a001-02-000000054617868,h,07,5,0,0,182,4
grp-a001-02-000000054617868,h,08,3,0,0,41,2
grp-a001-02-000000054617868,h,10,3,0,0,110,3
grp-a001-02-000000054617868,h,11,4,0,0,63,3
grp-a001-02-000000054617868,h,12,6,0,0,114,4
grp-a001-02-000000054617868,h,13,5,0,0,115,5
grp-a001-02-000000054617868,h,14,3,0,0,39,2
grp-a001-02-000000054617868,h,15,9,0,0,151,4
grp-a001-02-000000054617868,h,16,4,0,0,91,4
grp-a001-02-000000054617868,h,17,4,0,0,100,4
grp-a001-02-000000054617868,h,18,3,0,0,59,3
grp-a001-02-000000054617868,h,19,1,0,0,6,1
grp-a001-02-000000054617868,h,20,5,0,0,155,4
grp-a001-02-000000054617868,h,21,3,0,0,63,3
grp-a001-02-000000054617868,h,22,7,0,0,176,5
grp-a001-02-000000054617868,h,23,6,0,0,188,4
grp-a001-02-000000054617868,m,33421,11,0,0,167,6
grp-a001-02-000000054617868,m,341893,14,0,0,131,10
grp-a001-02-000000054617868,m,684926,11,0,0,102,6
grp-a001-02-000000054617868,m,684927,55,0,0,1856,11
grp-a001-02-000000054617868,m,8753,2,0,0,8,2
grp-a001-02-000000054617868,r,00,1,0,0,2,1
grp-a001-02-000000054617868,r,01,1,0,0,2,1
grp-a001-02-000000054617868,r,02,10,0,0,199,9
grp-a001-02-000000054617868,r,03,1,0,0,10,1
grp-a001-02-000000054617868,r,04,3,0,0,83,3
grp-a001-02-000000054617868,r,05,2,0,0,23,2
grp-a001-02-000000054617868,r,06,3,0,0,35,2
grp-a001-02-000000054617868,r,08,1,0,0,6,1
grp-a001-02-000000054617868,r,09,18,0,0,400,11
grp-a001-02-000000054617868,r,11,5,0,0,133,5
grp-a001-02-000000054617868,r,13,2,0,0,30,2
grp-a001-02-000000054617868,r,14,1,0,0,44,1
grp-a001-02-000000054617868,r,15,5,0,0,119,4
grp-a001-02-000000054617868,r,18,2,0,0,69,2
grp-a001-02-000000054617868,r,99,38,0,0,1109,10
grp-a001-02-000000055045417,h,00,420,6,8949,2165,80
grp-a001-02-000000055045417,h,01,280,5,7369,1462,72
grp-a001-02-000000055045417,h,02,212,0,0,1182,59
grp-a001-02-000000055045417,h,03,129,0,0,774,48
grp-a001-02-000000055045417,h,04,88,1,1572,466,42
grp-a001-02-000000055045417,h,05,119,1,1628,671,52
grp-a001-02-000000055045417,h,06,200,2,3013,1122,70
grp-a001-02-000000055045417,h,07,324,1,1541,1701,81
grp-a001-02-000000055045417,h,08,368,4,6233,2011,78
grp-a001-02-000000055045417,h,09,412,6,9709,2042,81
grp-a001-02-000000055045417,h,10,509,10,14871,2637,91
grp-a001-02-000000055045417,h,11,397,6,9281,2089,87
grp-a001-02-000000055045417,h,12,465,7,10451,2513,86
grp-a001-02-000000055045417,h,13,487,10,14347,2501,95
grp-a001-02-000000055045417,h,14,527,7,10997,2818,92
grp-a001-02-000000055045417,h,15,508,7,11018,2947,96
grp-a001-02-000000055045417,h,16,526,9,12255,2756,94
grp-a001-02-000000055045417,h,17,465,4,5875,2200,86
grp-a001-02-000000055045417,h,18,421,3,4645,2429,85
grp-a001-02-000000055045417,h,19,482,14,19247,2802,94
grp-a001-02-000000055045417,h,20,562,7,9223,3001,90
grp-a001-02-000000055045417,h,21,504,9,14123,2602,95
grp-a001-02-000000055045417,h,22,518,14,21065,2751,92
grp-a001-02-000000055045417,h,23,500,6,9241,2414,88
grp-a001-02-000000055045417,m,11068,613,6,9573,3715,84
grp-a001-02-000000055045417,m,27758,346,11,17185,592,78
grp-a001-02-000000055045417,m,33421,2019,12,18689,13576,110
grp-a001-02-000000055045417,m,341893,1058,0,0,7259,123
grp-a001-02-000000055045417,m,341898,414,3,4659,664,80
grp-a001-02-000000055045417,m,370822,106,0,0,252,59
grp-a001-02-000000055045417,m,684924,248,1,1367,248,75
grp-a001-02-000000055045417,m,684925,129,3,4583,129,58
grp-a001-02-000000055045417,m,684926,2256,37,51853,12716,128
grp-a001-02-000000055045417,m,684927,396,4,5384,2696,88
grp-a001-02-000000055045417,m,787480,1,0,0,24,1
grp-a001-02-000000055045417,m,805759,2,0,0,33,2
grp-a001-02-000000055045417,m,805760,9,0,0,35,4
grp-a001-02-000000055045417,m,8753,1826,62,93360,8117,101
grp-a001-02-000000055045417,r,00,50,1,1611,207,31
grp-a001-02-000000055045417,r,01,222,3,4659,1025,71
grp-a001-02-000000055045417,r,02,2287,42,63400,12067,118
grp-a001-02-000000055045417,r,03,404,9,13576,2125,88
grp-a001-02-000000055045417,r,04,410,5,8001,2068,90
grp-a001-02-000000055045417,r,05,46,1,1605,281,26
grp-a001-02-000000055045417,r,06,263,1,1541,1536,83
grp-a001-02-000000055045417,r,07,221,2,3163,1410,73
grp-a001-02-000000055045417,r,08,495,4,6175,2533,87
grp-a001-02-000000055045417,r,09,2226,22,33586,12134,121
grp-a001-02-000000055045417,r,10,164,4,4937,740,66
grp-a001-02-000000055045417,r,11,442,8,11832,2444,90
grp-a001-02-000000055045417,r,12,74,3,1677,515,35
grp-a001-02-000000055045417,r,13,236,3,3322,1195,76
grp-a001-02-000000055045417,r,14,60,0,0,347,31
grp-a001-02-000000055045417,r,15,333,10,15408,1805,83
grp-a001-02-000000055045417,r,16,275,3,4677,1533,72
grp-a001-02-000000055045417,r,17,62,1,1602,388,35
grp-a001-02-000000055045417,r,18,278,2,2997,1343,48
grp-a001-02-000000055045417,r,99,875,15,22884,4360,99
grp-a001-02-000000055074537,h,00,1687,13,16748,9228,157
grp-a001-02-000000055074537,h,01,860,9,12061,4683,154
grp-a001-02-000000055074537,h,02,395,2,1905,2299,122
grp-a001-02-000000055074537,h,03,292,2,2625,1563,104
grp-a001-02-000000055074537,h,04,293,2,2902,1954,101
grp-a001-02-000000055074537,h,05,378,0,0,2390,117
grp-a001-02-000000055074537,h,06,464,1,1529,3008,122
grp-a001-02-000000055074537,h,07,687,4,5285,4580,140
grp-a001-02-000000055074537,h,08,1272,6,8291,7318,158
grp-a001-02-000000055074537,h,09,1152,8,9731,7063,155
grp-a001-02-000000055074537,h,10,1325,7,9478,8013,156
grp-a001-02-000000055074537,h,11,1425,2,2500,8364,163
grp-a001-02-000000055074537,h,12,1182,10,12630,7016,157
grp-a001-02-000000055074537,h,13,1227,9,12382,7561,157
grp-a001-02-000000055074537,h,14,1217,4,4891,7502,161
grp-a001-02-000000055074537,h,15,1355,5,6474,8236,158
grp-a001-02-000000055074537,h,16,1532,11,14983,9149,160
grp-a001-02-000000055074537,h,17,1203,9,12199,7538,156
grp-a001-02-000000055074537,h,18,1163,6,8204,6982,155
grp-a001-02-000000055074537,h,19,1400,5,6408,8475,160
grp-a001-02-000000055074537,h,20,1741,12,14357,10949,158
grp-a001-02-000000055074537,h,21,2396,20,27255,16017,162
grp-a001-02-000000055074537,h,22,3059,8,10694,19644,161
grp-a001-02-000000055074537,h,23,3371,8,11501,22128,160
grp-a001-02-000000055074537,m,11068,1913,2,2406,10216,140
grp-a001-02-000000055074537,m,27758,575,7,8450,1067,124
grp-a001-02-000000055074537,m,33421,17762,26,36079,119096,167
grp-a001-02-000000055074537,m,335738,14,0,0,57,10
grp-a001-02-000000055074537,m,341893,2297,20,24343,11598,167
grp-a001-02-000000055074537,m,341898,1440,6,7683,2656,149
grp-a001-02-000000055074537,m,370822,222,2,2590,552,99
grp-a001-02-000000055074537,m,556927,3,0,0,3,2
grp-a001-02-000000055074537,m,684924,169,1,1508,169,52
grp-a001-02-000000055074537,m,684925,282,1,1469,282,72
grp-a001-02-000000055074537,m,684926,2750,15,18770,20411,167
grp-a001-02-000000055074537,m,684927,969,7,9439,10541,147
grp-a001-02-000000055074537,m,805759,2,0,0,33,2
grp-a001-02-000000055074537,m,8753,2678,76,102296,14979,162
grp-a001-02-000000055074537,r,-1,2,0,0,6,2
grp-a001-02-000000055074537,r,00,150,0,0,943,75
grp-a001-02-000000055074537,r,01,833,3,3447,4663,141
grp-a001-02-000000055074537,r,02,7831,50,67275,48160,167
grp-a001-02-000000055074537,r,03,1329,9,11097,8374,160
grp-a001-02-000000055074537,r,04,1069,8,11173,6556,157
grp-a001-02-000000055074537,r,05,717,4,4982,4600,112
grp-a001-02-000000055074537,r,06,1261,5,5608,8189,161
grp-a001-02-000000055074537,r,07,788,5,6623,4918,148
grp-a001-02-000000055074537,r,08,1582,5,7236,9417,163
grp-a001-02-000000055074537,r,09,6788,31,40423,41382,167
grp-a001-02-000000055074537,r,10,567,0,0,3627,140
grp-a001-02-000000055074537,r,11,1871,8,10544,11033,163
grp-a001-02-000000055074537,r,12,523,3,3691,2959,104
grp-a001-02-000000055074537,r,13,765,4,5570,4805,153
grp-a001-02-000000055074537,r,14,167,0,0,1081,82
grp-a001-02-000000055074537,r,15,1005,10,12575,6380,151
grp-a001-02-000000055074537,r,16,728,5,6266,4560,146
grp-a001-02-000000055074537,r,17,277,4,5663,1757,108
grp-a001-02-000000055074537,r,18,326,2,2944,2541,46
grp-a001-02-000000055074537,r,99,2497,7,9916,15709,163
grp-a001-02-000000055074671,h,00,1279,16,15011,8055,137
grp-a001-02-000000055074671,h,01,732,12,11869,4633,123
grp-a001-02-000000055074671,h,02,308,1,890,2135,102
grp-a001-02-000000055074671,h,03,217,3,3501,1456,78
grp-a001-02-000000055074671,h,04,186,2,2020,1259,77
grp-a001-02-000000055074671,h,05,287,1,1168,1858,98
grp-a001-02-000000055074671,h,06,353,1,992,2412,98
grp-a001-02-000000055074671,h,07,482,4,3905,3566,112
grp-a001-02-000000055074671,h,08,924,9,9217,6205,121
grp-a001-02-000000055074671,h,09,865,10,8942,5910,126
grp-a001-02-000000055074671,h,10,961,7,6872,6605,131
grp-a001-02-000000055074671,h,11,1026,10,9204,7168,136
grp-a001-02-000000055074671,h,12,895,9,8410,5994,125
grp-a001-02-000000055074671,h,13,996,10,10571,7260,129
grp-a001-02-000000055074671,h,14,1028,6,5985,7313,137
grp-a001-02-000000055074671,h,15,1037,8,7674,7128,130
grp-a001-02-000000055074671,h,16,1179,7,6073,8240,142
grp-a001-02-000000055074671,h,17,973,16,14156,6627,130
grp-a001-02-000000055074671,h,18,973,5,5053,6692,128
grp-a001-02-000000055074671,h,19,1013,16,15672,7291,132
grp-a001-02-000000055074671,h,20,1351,8,7514,9690,131
grp-a001-02-000000055074671,h,21,1933,17,17122,14204,140
grp-a001-02-000000055074671,h,22,2182,17,16762,16026,145
grp-a001-02-000000055074671,h,23,2738,17,16355,20189,140
grp-a001-02-000000055074671,m,11068,1657,8,7622,11429,134
grp-a001-02-000000055074671,m,27758,835,29,23462,1516,107
grp-a001-02-000000055074671,m,33421,11939,19,19212,94297,153
grp-a001-02-000000055074671,m,335738,136,0,0,934,26
grp-a001-02-000000055074671,m,341893,1489,16,15976,9930,153
grp-a001-02-000000055074671,m,341898,351,0,0,1129,99
grp-a001-02-000000055074671,m,370822,159,4,3934,536,87
grp-a001-02-000000055074671,m,556927,2,0,0,2,2
grp-a001-02-000000055074671,m,684924,202,1,1045,202,53
grp-a001-02-000000055074671,m,684925,342,1,718,342,74
grp-a001-02-000000055074671,m,684926,2288,21,21210,18911,150
grp-a001-02-000000055074671,m,684927,1054,10,10157,9340,140
grp-a001-02-000000055074671,m,805759,14,0,0,247,5
grp-a001-02-000000055074671,m,805760,1,0,0,3,1
grp-a001-02-000000055074671,m,8753,3449,103,101602,19098,147
grp-a001-02-000000055074671,r,-1,1,0,0,9,1
grp-a001-02-000000055074671,r,00,134,0,0,908,58
grp-a001-02-000000055074671,r,01,544,5,4093,3688,119
grp-a001-02-000000055074671,r,02,5734,52,52669,40422,154
grp-a001-02-000000055074671,r,03,1119,18,17189,7891,131
grp-a001-02-000000055074671,r,04,848,10,9649,5843,121
grp-a001-02-000000055074671,r,05,395,5,4580,3537,83
grp-a001-02-000000055074671,r,06,938,10,9414,6600,129
grp-a001-02-000000055074671,r,07,656,8,7944,4731,121
grp-a001-02-000000055074671,r,08,1168,10,9823,8022,134
grp-a001-02-000000055074671,r,09,5219,42,40928,36970,153
grp-a001-02-000000055074671,r,10,517,2,1928,3612,110
grp-a001-02-000000055074671,r,11,1331,8,7220,9685,142
grp-a001-02-000000055074671,r,12,300,6,5539,2114,82
grp-a001-02-000000055074671,r,13,637,8,8232,4223,122
grp-a001-02-000000055074671,r,14,106,1,907,789,54
grp-a001-02-000000055074671,r,15,744,5,3468,5499,129
grp-a001-02-000000055074671,r,16,500,3,2532,3627,114
grp-a001-02-000000055074671,r,17,188,1,991,1397,67
grp-a001-02-000000055074671,r,18,575,7,7277,3863,46
grp-a001-02-000000055074671,r,99,2264,11,10555,14486,141
grp-a001-02-000000055087285,h,00,630,1,835,4449,119
grp-a001-02-000000055087285,h,01,371,2,2050,2755,102
grp-a001-02-000000055087285,h,02,169,1,873,1144,69
grp-a001-02-000000055087285,h,03,79,1,821,465,44
grp-a001-02-000000055087285,h,04,92,3,2427,599,44
grp-a001-02-000000055087285,h,05,163,0,0,1121,63
grp-a001-02-000000055087285,h,06,267,0,0,1959,74
grp-a001-02-000000055087285,h,07,302,5,5009,2233,79
grp-a001-02-000000055087285,h,08,488,2,1896,3360,98
grp-a001-02-000000055087285,h,09,424,1,600,3260,94
grp-a001-02-000000055087285,h,10,572,3,2983,4277,101
grp-a001-02-000000055087285,h,11,594,8,8284,4400,113
grp-a001-02-000000055087285,h,12,553,3,3123,3983,117
grp-a001-02-000000055087285,h,13,561,0,0,4078,98
grp-a001-02-000000055087285,h,14,589,7,7146,4333,109
grp-a001-02-000000055087285,h,15,630,7,5364,4559,106
grp-a001-02-000000055087285,h,16,660,5,5410,4970,110
grp-a001-02-000000055087285,h,17,629,3,3056,4606,109
grp-a001-02-000000055087285,h,18,547,6,6483,3939,100
grp-a001-02-000000055087285,h,19,599,3,2756,4626,100
grp-a001-02-000000055087285,h,20,826,4,4882,6288,118
grp-a001-02-000000055087285,h,21,1211,6,6687,9670,133
grp-a001-02-000000055087285,h,22,1258,12,11155,10088,130
grp-a001-02-000000055087285,h,23,1813,9,9200,14379,130
grp-a001-02-000000055087285,m,11068,694,0,0,2989,99
grp-a001-02-000000055087285,m,122876,47,0,0,213,14
grp-a001-02-000000055087285,m,27758,149,5,3580,280,46
grp-a001-02-000000055087285,m,33421,7276,5,5199,58928,165
grp-a001-02-000000055087285,m,341893,930,5,4369,7287,155
grp-a001-02-000000055087285,m,341898,201,1,1214,716,57
grp-a001-02-000000055087285,m,370822,21,0,0,89,18
grp-a001-02-000000055087285,m,424040,23,0,0,43,14
grp-a001-02-000000055087285,m,684924,81,1,55,81,27
grp-a001-02-000000055087285,m,684925,32,0,0,32,13
grp-a001-02-000000055087285,m,684926,2270,15,14328,19191,141
grp-a001-02-000000055087285,m,684927,386,4,2438,4328,103
grp-a001-02-000000055087285,m,8753,1917,56,59857,11364,133
grp-a001-02-000000055087285,r,00,72,0,0,589,35
grp-a001-02-000000055087285,r,01,319,2,2530,2400,93
grp-a001-02-000000055087285,r,02,3470,21,22993,26569,158
grp-a001-02-000000055087285,r,03,693,7,5909,5472,119
grp-a001-02-000000055087285,r,04,465,3,3338,3426,99
grp-a001-02-000000055087285,r,05,152,2,1699,1450,42
grp-a001-02-000000055087285,r,06,505,3,2947,3937,96
grp-a001-02-000000055087285,r,07,411,1,1210,3077,85
grp-a001-02-000000055087285,r,08,694,5,4834,5284,116
grp-a001-02-000000055087285,r,09,3185,19,17190,23919,158
grp-a001-02-000000055087285,r,10,281,1,588,2100,78
grp-a001-02-000000055087285,r,11,867,6,5584,6184,123
grp-a001-02-000000055087285,r,12,135,0,0,1142,45
grp-a001-02-000000055087285,r,13,364,3,2250,2800,99
grp-a001-02-000000055087285,r,14,51,0,0,387,28
grp-a001-02-000000055087285,r,15,456,2,2044,3518,101
grp-a001-02-000000055087285,r,16,351,3,2976,2593,86
grp-a001-02-000000055087285,r,17,102,1,1200,816,39
grp-a001-02-000000055087285,r,18,418,6,6585,2918,45
grp-a001-02-000000055087285,r,99,1036,7,7163,6960,114
grp-a001-02-000000055116659,h,00,936,9,2156,13497,129
grp-a001-02-000000055116659,h,01,618,2,438,12803,122
grp-a001-02-000000055116659,h,02,462,3,727,9537,97
grp-a001-02-000000055116659,h,03,215,0,0,3270,64
grp-a001-02-000000055116659,h,04,221,0,0,3083,52
grp-a001-02-000000055116659,h,05,257,2,614,3760,62
grp-a001-02-000000055116659,h,06,318,4,1315,4199,92
grp-a001-02-000000055116659,h,07,428,3,1071,5135,105
grp-a001-02-000000055116659,h,08,525,4,659,5073,113
grp-a001-02-000000055116659,h,09,543,5,962,6153,117
grp-a001-02-000000055116659,h,10,610,4,630,7749,115
grp-a001-02-000000055116659,h,11,949,6,874,11042,136
grp-a001-02-000000055116659,h,12,682,5,954,8075,119
grp-a001-02-000000055116659,h,13,662,5,1350,7022,128
grp-a001-02-000000055116659,h,14,624,3,576,7088,124
grp-a001-02-000000055116659,h,15,686,9,1753,7614,132
grp-a001-02-000000055116659,h,16,713,6,1281,8691,130
grp-a001-02-000000055116659,h,17,726,5,1028,7297,119
grp-a001-02-000000055116659,h,18,797,5,1040,8181,122
grp-a001-02-000000055116659,h,19,674,11,2829,6468,123
grp-a001-02-000000055116659,h,20,746,8,1546,7080,135
grp-a001-02-000000055116659,h,21,879,6,1076,8766,138
grp-a001-02-000000055116659,h,22,939,8,1524,11057,133
grp-a001-02-000000055116659,h,23,1055,11,2496,13420,125
grp-a001-02-000000055116659,m,11068,1259,3,695,9543,113
grp-a001-02-000000055116659,m,122876,74,0,0,222,21
grp-a001-02-000000055116659,m,27758,289,2,568,492,88
grp-a001-02-000000055116659,m,33421,3034,7,1564,26059,148
grp-a001-02-000000055116659,m,335738,39,0,0,316,14
grp-a001-02-000000055116659,m,341893,2373,36,8215,22186,152
grp-a001-02-000000055116659,m,341898,45,0,0,358,27
grp-a001-02-000000055116659,m,370822,13,0,0,73,11
grp-a001-02-000000055116659,m,424040,192,2,320,624,32
grp-a001-02-000000055116659,m,684924,350,3,627,350,116
grp-a001-02-000000055116659,m,684925,139,0,0,139,71
grp-a001-02-000000055116659,m,684926,2597,37,6947,40263,152
grp-a001-02-000000055116659,m,684927,2514,3,752,76159,144
grp-a001-02-000000055116659,m,805759,16,0,0,272,5
grp-a001-02-000000055116659,m,805760,2,0,0,9,2
grp-a001-02-000000055116659,m,8753,2329,31,7211,8995,152
grp-a001-02-000000055116659,r,00,124,0,0,1813,50
grp-a001-02-000000055116659,r,01,360,4,711,3556,97
grp-a001-02-000000055116659,r,02,3271,28,6977,35510,153
grp-a001-02-000000055116659,r,03,677,5,1022,6052,127
grp-a001-02-000000055116659,r,04,522,7,1686,5227,123
grp-a001-02-000000055116659,r,05,169,4,764,2949,55
grp-a001-02-000000055116659,r,06,564,4,1161,6804,119
grp-a001-02-000000055116659,r,07,415,2,344,5126,110
grp-a001-02-000000055116659,r,08,620,6,1326,6888,122
grp-a001-02-000000055116659,r,09,3585,25,5099,38772,153
grp-a001-02-000000055116659,r,10,298,3,492,2889,87
grp-a001-02-000000055116659,r,11,718,10,2064,7713,132
grp-a001-02-000000055116659,r,12,147,4,530,1514,58
grp-a001-02-000000055116659,r,13,374,7,1822,4564,105
grp-a001-02-000000055116659,r,14,110,1,186,1138,50
grp-a001-02-000000055116659,r,15,475,2,245,5349,117
grp-a001-02-000000055116659,r,16,335,5,1289,3503,97
grp-a001-02-000000055116659,r,17,188,1,231,2230,59
grp-a001-02-000000055116659,r,18,354,2,286,3583,44
grp-a001-02-000000055116659,r,99,1959,4,664,40880,140
grp-a001-02-000000055116668,h,00,903,7,2528,11057,122
grp-a001-02-000000055116668,h,01,734,3,1225,16526,99
grp-a001-02-000000055116668,h,02,423,4,1520,7559,82
grp-a001-02-000000055116668,h,03,246,0,0,1653,57
grp-a001-02-000000055116668,h,04,246,0,0,1819,59
grp-a001-02-000000055116668,h,05,255,1,341,1806,60
grp-a001-02-000000055116668,h,06,353,2,744,2400,77
grp-a001-02-000000055116668,h,07,336,2,724,2500,79
grp-a001-02-000000055116668,h,08,416,5,1726,2835,103
grp-a001-02-000000055116668,h,09,554,6,2262,4477,104
grp-a001-02-000000055116668,h,10,571,4,1320,4015,121
grp-a001-02-000000055116668,h,11,599,5,1657,4609,118
grp-a001-02-000000055116668,h,12,636,5,1839,4273,118
grp-a001-02-000000055116668,h,13,515,2,440,3732,116
grp-a001-02-000000055116668,h,14,532,4,1229,3873,115
grp-a001-02-000000055116668,h,15,566,7,1991,4509,118
grp-a001-02-000000055116668,h,16,636,4,1533,4405,121
grp-a001-02-000000055116668,h,17,592,3,949,4438,105
grp-a001-02-000000055116668,h,18,540,6,2970,4083,111
grp-a001-02-000000055116668,h,19,625,5,1788,5169,119
grp-a001-02-000000055116668,h,20,627,3,1113,4397,122
grp-a001-02-000000055116668,h,21,717,1,400,4866,121
grp-a001-02-000000055116668,h,22,857,5,1906,7211,121
grp-a001-02-000000055116668,h,23,862,7,2689,8842,129
grp-a001-02-000000055116668,m,11068,186,0,0,1860,62
grp-a001-02-000000055116668,m,27758,362,4,1540,599,111
grp-a001-02-000000055116668,m,33421,5328,13,4799,42566,146
grp-a001-02-000000055116668,m,335738,194,0,0,1588,48
grp-a001-02-000000055116668,m,341893,1287,8,3243,10537,152
grp-a001-02-000000055116668,m,341898,23,0,0,192,14
grp-a001-02-000000055116668,m,370822,30,0,0,115,8
grp-a001-02-000000055116668,m,424040,12,0,0,58,5
grp-a001-02-000000055116668,m,684924,392,3,670,392,114
grp-a001-02-000000055116668,m,684925,124,0,0,124,72
grp-a001-02-000000055116668,m,684926,1693,26,8742,17541,149
grp-a001-02-000000055116668,m,684927,1123,3,1137,36502,127
grp-a001-02-000000055116668,m,805759,3,0,0,36,3
grp-a001-02-000000055116668,m,8753,2584,34,12763,8944,151
grp-a001-02-000000055116668,r,00,51,0,0,331,27
grp-a001-02-000000055116668,r,01,204,7,3245,2144,82
grp-a001-02-000000055116668,r,02,2410,13,4752,19338,153
grp-a001-02-000000055116668,r,03,516,4,1583,4037,109
grp-a001-02-000000055116668,r,04,378,2,415,2971,91
grp-a001-02-000000055116668,r,05,148,2,960,1114,44
grp-a001-02-000000055116668,r,06,325,4,1338,2242,95
grp-a001-02-000000055116668,r,07,208,6,1970,1742,70
grp-a001-02-000000055116668,r,08,472,3,1007,3619,108
grp-a001-02-000000055116668,r,09,5409,27,9572,41125,154
grp-a001-02-000000055116668,r,10,177,1,366,1169,67
grp-a001-02-000000055116668,r,11,701,3,824,6626,117
grp-a001-02-000000055116668,r,12,133,0,0,1202,56
grp-a001-02-000000055116668,r,13,231,4,847,2182,80
grp-a001-02-000000055116668,r,14,78,0,0,680,29
grp-a001-02-000000055116668,r,15,404,4,1579,2563,98
grp-a001-02-000000055116668,r,16,223,2,885,1358,73
grp-a001-02-000000055116668,r,17,66,1,385,335,34
grp-a001-02-000000055116668,r,18,229,2,741,1517,33
grp-a001-02-000000055116668,r,99,978,6,2425,24759,120
grp-a001-02-000000055116672,h,00,648,0,0,4625,104
grp-a001-02-000000055116672,h,01,568,4,1156,3729,87
grp-a001-02-000000055116672,h,02,709,0,0,3901,80
grp-a001-02-000000055116672,h,03,869,0,0,3545,64
grp-a001-02-000000055116672,h,04,1008,0,0,3916,73
grp-a001-02-000000055116672,h,05,1073,1,308,4653,75
grp-a001-02-000000055116672,h,06,914,3,885,3826,86
grp-a001-02-000000055116672,h,07,903,1,308,4331,98
grp-a001-02-000000055116672,h,08,858,4,752,5230,113
grp-a001-02-000000055116672,h,09,786,1,379,4331,111
grp-a001-02-000000055116672,h,10,652,3,847,4680,119
grp-a001-02-000000055116672,h,11,746,5,1386,4781,108
grp-a001-02-000000055116672,h,12,693,2,708,5118,110
grp-a001-02-000000055116672,h,13,549,3,478,3468,102
grp-a001-02-000000055116672,h,14,711,2,668,4659,116
grp-a001-02-000000055116672,h,15,787,4,1055,4206,107
grp-a001-02-000000055116672,h,16,652,4,788,4563,109
grp-a001-02-000000055116672,h,17,683,1,55,4762,105
grp-a001-02-000000055116672,h,18,701,4,992,5440,113
grp-a001-02-000000055116672,h,19,626,6,1871,4362,102
grp-a001-02-000000055116672,h,20,750,4,1108,4454,113
grp-a001-02-000000055116672,h,21,855,10,2919,5511,116
grp-a001-02-000000055116672,h,22,1059,3,225,6950,118
grp-a001-02-000000055116672,h,23,1018,2,555,7389,117
grp-a001-02-000000055116672,m,11068,226,2,445,2480,50
grp-a001-02-000000055116672,m,27758,147,0,0,256,72
grp-a001-02-000000055116672,m,33421,7370,4,979,50925,146
grp-a001-02-000000055116672,m,335738,113,0,0,861,20
grp-a001-02-000000055116672,m,341893,1207,26,6896,12426,154
grp-a001-02-000000055116672,m,341898,17,0,0,123,11
grp-a001-02-000000055116672,m,370822,17,0,0,56,6
grp-a001-02-000000055116672,m,424040,10,0,0,47,8
grp-a001-02-000000055116672,m,684924,1864,2,430,1864,130
grp-a001-02-000000055116672,m,684925,73,0,0,73,55
grp-a001-02-000000055116672,m,684926,1528,13,3265,16958,147
grp-a001-02-000000055116672,m,684927,575,3,526,12773,104
grp-a001-02-000000055116672,m,805759,12,0,0,100,5
grp-a001-02-000000055116672,m,8753,5659,17,4902,13488,151
grp-a001-02-000000055116672,r,00,112,0,0,729,34
grp-a001-02-000000055116672,r,01,193,2,616,1545,71
grp-a001-02-000000055116672,r,02,7220,14,3701,35627,149
grp-a001-02-000000055116672,r,03,406,4,978,3299,111
grp-a001-02-000000055116672,r,04,397,3,671,3229,90
grp-a001-02-000000055116672,r,05,110,0,0,770,49
grp-a001-02-000000055116672,r,06,311,2,516,2576,96
grp-a001-02-000000055116672,r,07,199,1,308,2013,64
grp-a001-02-000000055116672,r,08,420,4,1115,2918,98
grp-a001-02-000000055116672,r,09,2629,14,3766,20601,151
grp-a001-02-000000055116672,r,10,143,3,872,1025,62
grp-a001-02-000000055116672,r,11,2608,8,2052,11972,120
grp-a001-02-000000055116672,r,12,131,3,922,1041,46
grp-a001-02-000000055116672,r,13,211,2,430,1831,77
grp-a001-02-000000055116672,r,14,69,0,0,572,28
grp-a001-02-000000055116672,r,15,2500,2,105,11025,118
grp-a001-02-000000055116672,r,16,190,0,0,1327,67
grp-a001-02-000000055116672,r,17,67,1,308,442,30
grp-a001-02-000000055116672,r,18,245,1,293,2262,41
grp-a001-02-000000055116672,r,99,657,3,790,7626,122
grp-a001-02-000000055116677,h,00,956,11,1438,8464,140
grp-a001-02-000000055116677,h,01,615,6,1186,5791,131
grp-a001-02-000000055116677,h,02,663,5,540,5087,139
grp-a001-02-000000055116677,h,03,281,0,0,1364,84
grp-a001-02-000000055116677,h,04,398,0,0,1768,100
grp-a001-02-000000055116677,h,05,172,4,822,1416,73
grp-a001-02-000000055116677,h,06,310,3,165,2650,106
grp-a001-02-000000055116677,h,07,457,3,517,3519,123
grp-a001-02-000000055116677,h,08,548,6,854,5028,131
grp-a001-02-000000055116677,h,09,640,11,2047,5483,129
grp-a001-02-000000055116677,h,10,748,6,1423,6800,141
grp-a001-02-000000055116677,h,11,786,9,1086,6154,139
grp-a001-02-000000055116677,h,12,693,9,1251,5580,135
grp-a001-02-000000055116677,h,13,722,5,470,6169,139
grp-a001-02-000000055116677,h,14,754,10,1353,5739,143
grp-a001-02-000000055116677,h,15,810,6,851,6767,145
grp-a001-02-000000055116677,h,16,864,2,172,8014,142
grp-a001-02-000000055116677,h,17,866,6,1237,7083,143
grp-a001-02-000000055116677,h,18,796,9,1354,6090,142
grp-a001-02-000000055116677,h,19,1031,13,2359,5946,142
grp-a001-02-000000055116677,h,20,866,13,3300,7266,139
grp-a001-02-000000055116677,h,21,939,8,1192,7669,149
grp-a001-02-000000055116677,h,22,1080,13,2226,9183,142
grp-a001-02-000000055116677,h,23,1119,12,1895,9832,145
grp-a001-02-000000055116677,m,11068,632,4,746,3745,131
grp-a001-02-000000055116677,m,122876,714,3,528,5512,93
grp-a001-02-000000055116677,m,27758,395,16,2922,685,106
grp-a001-02-000000055116677,m,33421,2243,8,1093,17503,151
grp-a001-02-000000055116677,m,335738,165,1,229,823,64
grp-a001-02-000000055116677,m,341893,2051,30,6604,19492,150
grp-a001-02-000000055116677,m,341898,32,1,300,185,22
grp-a001-02-000000055116677,m,370822,24,0,0,109,18
grp-a001-02-000000055116677,m,424040,555,3,476,4316,78
grp-a001-02-000000055116677,m,684924,868,3,214,868,117
grp-a001-02-000000055116677,m,684925,229,1,122,229,85
grp-a001-02-000000055116677,m,684926,4590,25,4011,46055,154
grp-a001-02-000000055116677,m,684927,1653,8,1294,28738,150
grp-a001-02-000000055116677,m,684931,1,0,0,2,1
grp-a001-02-000000055116677,m,787481,1,0,0,1,1
grp-a001-02-000000055116677,m,805759,14,0,0,149,9
grp-a001-02-000000055116677,m,8753,2947,67,9199,10450,154
grp-a001-02-000000055116677,r,00,189,1,73,1117,87
grp-a001-02-000000055116677,r,01,393,8,1436,3385,124
grp-a001-02-000000055116677,r,02,4303,37,5387,33632,154
grp-a001-02-000000055116677,r,03,736,6,1227,5695,144
grp-a001-02-000000055116677,r,04,563,5,1077,4768,137
grp-a001-02-000000055116677,r,05,231,5,876,1707,85
grp-a001-02-000000055116677,r,06,511,5,925,4479,136
grp-a001-02-000000055116677,r,07,371,3,723,3476,122
grp-a001-02-000000055116677,r,08,764,11,1500,6527,147
grp-a001-02-000000055116677,r,09,4570,53,8620,35821,154
grp-a001-02-000000055116677,r,10,294,1,300,2306,113
grp-a001-02-000000055116677,r,11,742,2,225,5906,147
grp-a001-02-000000055116677,r,12,219,5,1192,1501,76
grp-a001-02-000000055116677,r,13,359,3,456,2997,117
grp-a001-02-000000055116677,r,14,130,1,55,1059,63
grp-a001-02-000000055116677,r,15,680,5,518,4902,131
grp-a001-02-000000055116677,r,16,450,6,557,3351,134
grp-a001-02-000000055116677,r,17,136,2,237,952,72
grp-a001-02-000000055116677,r,18,208,1,372,2214,46
grp-a001-02-000000055116677,r,99,1265,10,1982,13067,150
grp-a001-02-000000055116682,h,00,1057,13,2959,8251,140
grp-a001-02-000000055116682,h,01,691,7,1144,5631,129
grp-a001-02-000000055116682,h,02,1869,3,1123,7221,136
grp-a001-02-000000055116682,h,03,436,3,477,1994,102
grp-a001-02-000000055116682,h,04,382,2,215,1998,108
grp-a001-02-000000055116682,h,05,218,0,0,1591,84
grp-a001-02-000000055116682,h,06,354,1,226,2551,101
grp-a001-02-000000055116682,h,07,540,6,997,3362,123
grp-a001-02-000000055116682,h,08,612,3,647,3800,124
grp-a001-02-000000055116682,h,09,651,3,510,4200,132
grp-a001-02-000000055116682,h,10,817,6,949,5121,140
grp-a001-02-000000055116682,h,11,1420,16,3665,7968,145
grp-a001-02-000000055116682,h,12,820,7,1539,5755,144
grp-a001-02-000000055116682,h,13,853,7,1282,5055,149
grp-a001-02-000000055116682,h,14,774,6,1027,4418,143
grp-a001-02-000000055116682,h,15,967,9,1101,6381,144
grp-a001-02-000000055116682,h,16,804,7,1176,5760,141
grp-a001-02-000000055116682,h,17,807,6,1067,5217,142
grp-a001-02-000000055116682,h,18,720,12,2126,4813,135
grp-a001-02-000000055116682,h,19,743,7,1125,4783,136
grp-a001-02-000000055116682,h,20,868,10,1975,5552,143
grp-a001-02-000000055116682,h,21,952,5,742,6435,140
grp-a001-02-000000055116682,h,22,1034,13,2608,7123,146
grp-a001-02-000000055116682,h,23,1152,18,4099,7933,144
grp-a001-02-000000055116682,m,11068,1318,3,576,7979,144
grp-a001-02-000000055116682,m,122876,587,1,130,2897,78
grp-a001-02-000000055116682,m,27758,899,13,2339,1528,133
grp-a001-02-000000055116682,m,33421,4069,10,1969,29522,154
grp-a001-02-000000055116682,m,335738,97,1,367,591,40
grp-a001-02-000000055116682,m,341893,2635,27,5248,19621,153
grp-a001-02-000000055116682,m,341898,57,0,0,339,38
grp-a001-02-000000055116682,m,370822,27,1,250,139,14
grp-a001-02-000000055116682,m,424040,1339,23,2732,8451,82
grp-a001-02-000000055116682,m,684924,711,1,265,711,144
grp-a001-02-000000055116682,m,684925,420,1,55,420,91
grp-a001-02-000000055116682,m,684926,2440,26,5002,25297,153
grp-a001-02-000000055116682,m,684927,618,3,638,10244,136
grp-a001-02-000000055116682,m,787481,7,0,0,11,6
grp-a001-02-000000055116682,m,805759,3,0,0,15,3
grp-a001-02-000000055116682,m,805760,1,0,0,5,1
grp-a001-02-000000055116682,m,8753,4313,60,13208,15143,154
grp-a001-02-000000055116682,r,00,222,0,0,1029,99
grp-a001-02-000000055116682,r,01,527,5,1246,3432,129
grp-a001-02-000000055116682,r,02,4727,55,9889,28326,154
grp-a001-02-000000055116682,r,03,906,6,1494,5448,140
grp-a001-02-000000055116682,r,04,774,9,1952,4627,145
grp-a001-02-000000055116682,r,05,325,3,324,2179,92
grp-a001-02-000000055116682,r,06,686,4,1000,4511,143
grp-a001-02-000000055116682,r,07,460,2,208,3142,125
grp-a001-02-000000055116682,r,08,912,7,1425,5898,146
grp-a001-02-000000055116682,r,09,4822,35,6414,31243,154
grp-a001-02-000000055116682,r,10,415,3,769,2191,120
grp-a001-02-000000055116682,r,11,1076,5,1048,7091,148
grp-a001-02-000000055116682,r,12,317,1,231,1830,86
grp-a001-02-000000055116682,r,13,518,4,695,3252,133
grp-a001-02-000000055116682,r,14,171,2,281,826,78
grp-a001-02-000000055116682,r,15,688,8,1603,3937,144
grp-a001-02-000000055116682,r,16,526,4,917,2782,128
grp-a001-02-000000055116682,r,17,162,1,231,854,70
grp-a001-02-000000055116682,r,18,234,1,219,1607,43
grp-a001-02-000000055116682,r,99,1073,15,2833,8708,148
grp-a001-02-000000055116686,h,00,720,5,1145,4491,120
grp-a001-02-000000055116686,h,01,458,4,1242,4122,109
grp-a001-02-000000055116686,h,02,353,1,320,2588,99
grp-a001-02-000000055116686,h,03,206,2,600,1047,71
grp-a001-02-000000055116686,h,04,126,1,140,689,49
grp-a001-02-000000055116686,h,05,171,1,187,1290,67
grp-a001-02-000000055116686,h,06,189,0,0,1545,73
grp-a001-02-000000055116686,h,07,282,1,320,1575,90
grp-a001-02-000000055116686,h,08,406,3,376,2731,111
grp-a001-02-000000055116686,h,09,448,2,243,2897,117
grp-a001-02-000000055116686,h,10,553,6,1554,3476,126
grp-a001-02-000000055116686,h,11,710,7,1712,3728,130
grp-a001-02-000000055116686,h,12,510,1,55,3364,123
grp-a001-02-000000055116686,h,13,558,1,320,3093,124
grp-a001-02-000000055116686,h,14,572,5,1285,4049,124
grp-a001-02-000000055116686,h,15,589,5,1100,4075,127
grp-a001-02-000000055116686,h,16,559,8,1185,3917,125
grp-a001-02-000000055116686,h,17,611,7,1781,4161,131
grp-a001-02-000000055116686,h,18,521,1,171,3719,120
grp-a001-02-000000055116686,h,19,522,4,688,3254,115
grp-a001-02-000000055116686,h,20,553,3,666,3463,122
grp-a001-02-000000055116686,h,21,738,6,1756,4616,130
grp-a001-02-000000055116686,h,22,778,7,1746,4920,128
grp-a001-02-000000055116686,h,23,698,5,799,4675,123
grp-a001-02-000000055116686,m,11068,412,2,800,3205,101
grp-a001-02-000000055116686,m,122876,798,8,1657,4071,120
grp-a001-02-000000055116686,m,27758,411,2,561,679,119
grp-a001-02-000000055116686,m,33421,2319,2,254,16676,151
grp-a001-02-000000055116686,m,335738,62,0,0,203,33
grp-a001-02-000000055116686,m,341893,956,13,4012,8951,136
grp-a001-02-000000055116686,m,341898,69,0,0,257,26
grp-a001-02-000000055116686,m,370822,11,0,0,47,7
grp-a001-02-000000055116686,m,424040,1496,26,4831,5922,139
grp-a001-02-000000055116686,m,684924,391,0,0,391,119
grp-a001-02-000000055116686,m,684925,127,0,0,127,73
grp-a001-02-000000055116686,m,684926,1225,13,2721,17319,149
grp-a001-02-000000055116686,m,684927,462,2,271,10328,121
grp-a001-02-000000055116686,m,787479,4,0,0,134,1
grp-a001-02-000000055116686,m,787481,1,0,0,2,1
grp-a001-02-000000055116686,m,805759,3,0,0,18,2
grp-a001-02-000000055116686,m,8753,3084,18,4284,9155,153
grp-a001-02-000000055116686,r,00,114,0,0,738,59
grp-a001-02-000000055116686,r,01,287,2,468,1517,93
grp-a001-02-000000055116686,r,02,2998,23,5263,19570,154
grp-a001-02-000000055116686,r,03,555,2,315,3661,122
grp-a001-02-000000055116686,r,04,417,3,704,2194,109
grp-a001-02-000000055116686,r,05,182,1,400,949,67
grp-a001-02-000000055116686,r,06,398,6,1156,3288,118
grp-a001-02-000000055116686,r,07,284,2,226,1774,96
grp-a001-02-000000055116686,r,08,547,3,944,3076,123
grp-a001-02-000000055116686,r,09,3020,18,3784,18696,154
grp-a001-02-000000055116686,r,10,193,2,540,1225,76
grp-a001-02-000000055116686,r,11,710,6,1350,4653,129
grp-a001-02-000000055116686,r,12,170,1,400,945,64
grp-a001-02-000000055116686,r,13,278,5,1161,1637,101
grp-a001-02-000000055116686,r,14,85,0,0,489,49
grp-a001-02-000000055116686,r,15,505,4,1265,2947,126
grp-a001-02-000000055116686,r,16,302,4,677,1975,101
grp-a001-02-000000055116686,r,17,107,0,0,774,49
grp-a001-02-000000055116686,r,18,79,0,0,633,34
grp-a001-02-000000055116686,r,99,600,4,738,6744,129
grp-a001-02-000000055386434,h,00,12,0,0,157,7
grp-a001-02-000000055386434,h,01,9,0,0,118,8
grp-a001-02-000000055386434,h,02,18,0,0,87,8
grp-a001-02-000000055386434,h,03,3,0,0,27,3
grp-a001-02-000000055386434,h,04,3,0,0,16,2
grp-a001-02-000000055386434,h,05,7,0,0,16,3
grp-a001-02-000000055386434,h,06,6,0,0,32,4
grp-a001-02-000000055386434,h,07,21,1,113,101,12
grp-a001-02-000000055386434,h,08,28,0,0,63,7
grp-a001-02-000000055386434,h,09,23,0,0,105,10
grp-a001-02-000000055386434,h,10,37,0,0,184,15
grp-a001-02-000000055386434,h,11,163,0,0,243,51
grp-a001-02-000000055386434,h,12,35,0,0,114,16
grp-a001-02-000000055386434,h,13,22,0,0,76,12
grp-a001-02-000000055386434,h,14,27,0,0,173,14
grp-a001-02-000000055386434,h,15,27,0,0,155,20
grp-a001-02-000000055386434,h,16,12,0,0,64,7
grp-a001-02-000000055386434,h,17,20,1,154,52,11
grp-a001-02-000000055386434,h,18,27,1,110,78,16
grp-a001-02-000000055386434,h,19,17,0,0,68,7
grp-a001-02-000000055386434,h,20,29,1,152,264,15
grp-a001-02-000000055386434,h,21,14,0,0,125,10
grp-a001-02-000000055386434,h,22,27,0,0,208,15
grp-a001-02-000000055386434,h,23,17,0,0,213,14
grp-a001-02-000000055386434,m,11068,75,1,154,129,53
grp-a001-02-000000055386434,m,122876,37,0,0,323,28
grp-a001-02-000000055386434,m,27758,16,0,0,18,14
grp-a001-02-000000055386434,m,33421,147,0,0,428,77
grp-a001-02-000000055386434,m,335738,1,0,0,9,1
grp-a001-02-000000055386434,m,341893,39,2,265,492,26
grp-a001-02-000000055386434,m,424040,24,1,110,316,15
grp-a001-02-000000055386434,m,684924,92,0,0,92,67
grp-a001-02-000000055386434,m,684925,17,0,0,17,15
grp-a001-02-000000055386434,m,684926,38,0,0,532,25
grp-a001-02-000000055386434,m,684927,9,0,0,207,9
grp-a001-02-000000055386434,m,805759,1,0,0,8,1
grp-a001-02-000000055386434,m,8753,108,0,0,168,72
grp-a001-02-000000055386434,r,01,10,0,0,55,7
grp-a001-02-000000055386434,r,02,141,1,113,508,72
grp-a001-02-000000055386434,r,03,28,0,0,133,22
grp-a001-02-000000055386434,r,04,22,0,0,141,16
grp-a001-02-000000055386434,r,05,14,0,0,25,10
grp-a001-02-000000055386434,r,06,23,1,110,82,18
grp-a001-02-000000055386434,r,07,17,0,0,71,12
grp-a001-02-000000055386434,r,08,34,0,0,115,23
grp-a001-02-000000055386434,r,09,149,0,0,725,69
grp-a001-02-000000055386434,r,10,12,0,0,37,9
grp-a001-02-000000055386434,r,11,33,0,0,259,24
grp-a001-02-000000055386434,r,12,14,1,152,72,11
grp-a001-02-000000055386434,r,13,24,0,0,82,17
grp-a001-02-000000055386434,r,14,7,0,0,27,4
grp-a001-02-000000055386434,r,15,25,1,154,163,20
grp-a001-02-000000055386434,r,16,17,0,0,102,14
grp-a001-02-000000055386434,r,17,3,0,0,3,2
grp-a001-02-000000055386434,r,18,9,0,0,13,6
grp-a001-02-000000055386434,r,99,22,0,0,126,16
grp-a001-02-000000056537604,h,00,820,4,6633,3768,125
grp-a001-02-000000056537604,h,01,662,4,6729,2957,130
grp-a001-02-000000056537604,h,02,504,5,8630,2563,118
grp-a001-02-000000056537604,h,03,402,3,5929,2146,99
grp-a001-02-000000056537604,h,04,349,2,3056,1536,101
grp-a001-02-000000056537604,h,05,363,1,1760,1898,98
grp-a001-02-000000056537604,h,06,567,6,10142,2797,118
grp-a001-02-000000056537604,h,07,704,4,6828,3515,126
grp-a001-02-000000056537604,h,08,901,10,16743,4557,128
grp-a001-02-000000056537604,h,09,883,7,12088,4060,129
grp-a001-02-000000056537604,h,10,1019,11,18234,4651,132
grp-a001-02-000000056537604,h,11,945,12,20454,4414,138
grp-a001-02-000000056537604,h,12,911,11,19522,4244,130
grp-a001-02-000000056537604,h,13,951,13,22021,4496,128
grp-a001-02-000000056537604,h,14,1055,14,22805,4630,128
grp-a001-02-000000056537604,h,15,975,15,26187,4736,130
grp-a001-02-000000056537604,h,16,1023,15,26882,4895,129
grp-a001-02-000000056537604,h,17,996,10,16008,4693,125
grp-a001-02-000000056537604,h,18,914,7,11940,4430,123
grp-a001-02-000000056537604,h,19,963,12,20374,4522,123
grp-a001-02-000000056537604,h,20,1025,9,14927,4849,134
grp-a001-02-000000056537604,h,21,1049,17,28657,4953,137
grp-a001-02-000000056537604,h,22,1034,16,28361,5148,129
grp-a001-02-000000056537604,h,23,967,12,18111,4530,132
grp-a001-02-000000056537604,m,11068,1146,5,7958,6862,127
grp-a001-02-000000056537604,m,27758,1304,32,50198,1959,108
grp-a001-02-000000056537604,m,33421,7727,23,39648,37531,152
grp-a001-02-000000056537604,m,341893,1224,7,10604,6159,149
grp-a001-02-000000056537604,m,341898,458,2,2156,839,111
grp-a001-02-000000056537604,m,370822,113,1,1271,274,72
grp-a001-02-000000056537604,m,556927,6,0,0,6,5
grp-a001-02-000000056537604,m,684924,295,0,0,295,79
grp-a001-02-000000056537604,m,684925,271,1,1723,271,62
grp-a001-02-000000056537604,m,684926,3023,35,59137,19690,143
grp-a001-02-000000056537604,m,684927,682,8,13380,5320,121
grp-a001-02-000000056537604,m,787479,2,0,0,3,2
grp-a001-02-000000056537604,m,787480,1,0,0,19,1
grp-a001-02-000000056537604,m,805759,10,0,0,161,9
grp-a001-02-000000056537604,m,805760,6,0,0,26,4
grp-a001-02-000000056537604,m,8753,3714,106,186946,15573,142
grp-a001-02-000000056537604,r,-1,3,0,0,15,2
grp-a001-02-000000056537604,r,00,72,0,0,323,44
grp-a001-02-000000056537604,r,01,444,7,11881,2507,105
grp-a001-02-000000056537604,r,02,3622,53,87461,17748,151
grp-a001-02-000000056537604,r,03,762,12,20784,3618,129
grp-a001-02-000000056537604,r,04,601,16,27886,3270,116
grp-a001-02-000000056537604,r,05,146,1,1859,796,59
grp-a001-02-000000056537604,r,06,687,10,17124,3167,121
grp-a001-02-000000056537604,r,07,342,4,7211,1742,99
grp-a001-02-000000056537604,r,08,782,8,13038,3921,123
grp-a001-02-000000056537604,r,09,8127,48,82407,35521,153
grp-a001-02-000000056537604,r,10,235,5,8313,1311,92
grp-a001-02-000000056537604,r,11,721,6,9874,3810,123
grp-a001-02-000000056537604,r,12,184,4,6704,901,58
grp-a001-02-000000056537604,r,13,407,11,17699,1998,109
grp-a001-02-000000056537604,r,14,113,1,957,532,55
grp-a001-02-000000056537604,r,15,569,8,14455,2722,113
grp-a001-02-000000056537604,r,16,389,7,11883,1857,102
grp-a001-02-000000056537604,r,17,105,4,6536,515,53
grp-a001-02-000000056537604,r,18,402,2,3223,2046,47
grp-a001-02-000000056537604,r,99,1269,13,23726,6668,132
grp-a001-02-000000058445051,h,00,1,0,0,1,1
grp-a001-02-000000058445051,h,01,7,0,0,51,4
grp-a001-02-000000058445051,h,02,4,0,0,15,2
grp-a001-02-000000058445051,h,03,2,0,0,22,2
grp-a001-02-000000058445051,h,06,2,0,0,2,1
grp-a001-02-000000058445051,h,07,3,0,0,4,1
grp-a001-02-000000058445051,h,08,7,0,0,66,6
grp-a001-02-000000058445051,h,09,6,0,0,48,4
grp-a001-02-000000058445051,h,10,10,0,0,63,5
grp-a001-02-000000058445051,h,11,9,1,500,46,6
grp-a001-02-000000058445051,h,12,6,0,0,57,6
grp-a001-02-000000058445051,h,13,6,0,0,19,5
grp-a001-02-000000058445051,h,14,6,1,500,50,5
grp-a001-02-000000058445051,h,15,8,0,0,55,3
grp-a001-02-000000058445051,h,16,1,0,0,1,1
grp-a001-02-000000058445051,h,17,4,0,0,15,2
grp-a001-02-000000058445051,h,18,2,0,0,2,1
grp-a001-02-000000058445051,h,19,8,0,0,24,3
grp-a001-02-000000058445051,h,20,2,1,990,7,2
grp-a001-02-000000058445051,h,21,3,0,0,14,1
grp-a001-02-000000058445051,h,22,3,0,0,4,1
grp-a001-02-000000058445051,h,23,7,0,0,23,3
grp-a001-02-000000058445051,m,27758,7,1,990,8,4
grp-a001-02-000000058445051,m,33421,9,0,0,31,6
grp-a001-02-000000058445051,m,341893,42,2,1000,333,9
grp-a001-02-000000058445051,m,341898,6,0,0,27,4
grp-a001-02-000000058445051,m,370822,3,0,0,7,3
grp-a001-02-000000058445051,m,556927,1,0,0,1,1
grp-a001-02-000000058445051,m,684924,5,0,0,5,4
grp-a001-02-000000058445051,m,684926,13,0,0,108,7
grp-a001-02-000000058445051,m,684927,4,0,0,25,3
grp-a001-02-000000058445051,m,8753,17,0,0,44,7
grp-a001-02-000000058445051,r,01,2,0,0,17,2
grp-a001-02-000000058445051,r,02,25,0,0,122,9
grp-a001-02-000000058445051,r,03,3,0,0,27,2
grp-a001-02-000000058445051,r,04,2,1,990,3,1
grp-a001-02-000000058445051,r,05,5,0,0,19,3
grp-a001-02-000000058445051,r,06,3,0,0,11,2
grp-a001-02-000000058445051,r,07,3,0,0,23,2
grp-a001-02-000000058445051,r,08,6,2,1000,15,3
grp-a001-02-000000058445051,r,09,27,0,0,175,8
grp-a001-02-000000058445051,r,10,2,0,0,15,2
grp-a001-02-000000058445051,r,11,11,0,0,50,6
grp-a001-02-000000058445051,r,12,1,0,0,12,1
grp-a001-02-000000058445051,r,13,2,0,0,8,2
grp-a001-02-000000058445051,r,15,4,0,0,31,4
grp-a001-02-000000058445051,r,16,2,0,0,14,2
grp-a001-02-000000058445051,r,17,2,0,0,14,1
grp-a001-02-000000058445051,r,99,7,0,0,33,4
grp-a001-02-000000058709325,h,00,321,2,2395,1357,87
grp-a001-02-000000058709325,h,01,201,0,0,784,66
grp-a001-02-000000058709325,h,02,120,1,961,453,47
grp-a001-02-000000058709325,h,03,98,1,1765,440,47
grp-a001-02-000000058709325,h,04,39,0,0,227,23
grp-a001-02-000000058709325,h,05,50,1,1240,266,23
grp-a001-02-000000058709325,h,06,89,2,1907,386,36
grp-a001-02-000000058709325,h,07,99,1,1251,573,45
grp-a001-02-000000058709325,h,08,181,2,2327,989,53
grp-a001-02-000000058709325,h,09,168,3,2948,764,63
grp-a001-02-000000058709325,h,10,202,3,2319,796,76
grp-a001-02-000000058709325,h,11,222,2,1753,979,78
grp-a001-02-000000058709325,h,12,279,5,6792,1247,71
grp-a001-02-000000058709325,h,13,275,0,0,1179,80
grp-a001-02-000000058709325,h,14,208,2,2800,829,71
grp-a001-02-000000058709325,h,15,259,3,3905,1044,77
grp-a001-02-000000058709325,h,16,248,0,0,942,85
grp-a001-02-000000058709325,h,17,280,3,4993,1205,80
grp-a001-02-000000058709325,h,18,238,5,4983,1107,80
grp-a001-02-000000058709325,h,19,273,8,11449,1111,85
grp-a001-02-000000058709325,h,20,315,4,5241,1331,93
grp-a001-02-000000058709325,h,21,322,3,4324,1463,86
grp-a001-02-000000058709325,h,22,379,4,4915,1644,90
grp-a001-02-000000058709325,h,23,331,2,1390,1282,89
grp-a001-02-000000058709325,m,11068,99,2,1588,423,49
grp-a001-02-000000058709325,m,122876,29,0,0,31,22
grp-a001-02-000000058709325,m,27758,135,6,5448,218,68
grp-a001-02-000000058709325,m,33421,1047,5,6523,6275,123
grp-a001-02-000000058709325,m,341893,318,0,0,1378,54
grp-a001-02-000000058709325,m,341898,198,0,0,281,29
grp-a001-02-000000058709325,m,370822,18,0,0,37,12
grp-a001-02-000000058709325,m,424040,128,3,2288,203,55
grp-a001-02-000000058709325,m,556927,2,0,0,2,2
grp-a001-02-000000058709325,m,684924,289,0,0,289,84
grp-a001-02-000000058709325,m,684925,53,0,0,53,40
grp-a001-02-000000058709325,m,684926,804,4,5150,5629,119
grp-a001-02-000000058709325,m,684927,133,0,0,1520,45
grp-a001-02-000000058709325,m,805759,1,0,0,12,1
grp-a001-02-000000058709325,m,805760,7,0,0,40,4
grp-a001-02-000000058709325,m,8753,1936,37,48661,6007,135
grp-a001-02-000000058709325,r,00,45,0,0,340,23
grp-a001-02-000000058709325,r,01,141,2,2220,526,55
grp-a001-02-000000058709325,r,02,1210,13,14929,4884,127
grp-a001-02-000000058709325,r,03,243,5,6785,944,78
grp-a001-02-000000058709325,r,04,150,2,3080,594,68
grp-a001-02-000000058709325,r,05,92,1,1956,383,38
grp-a001-02-000000058709325,r,06,213,3,3580,783,68
grp-a001-02-000000058709325,r,07,139,1,1241,506,61
grp-a001-02-000000058709325,r,08,264,2,1862,1038,82
grp-a001-02-000000058709325,r,09,1387,15,18026,6309,130
grp-a001-02-000000058709325,r,10,78,0,0,325,43
grp-a001-02-000000058709325,r,11,239,3,4951,1144,74
grp-a001-02-000000058709325,r,12,86,1,961,370,32
grp-a001-02-000000058709325,r,13,134,4,3919,683,55
grp-a001-02-000000058709325,r,14,36,1,1145,208,24
grp-a001-02-000000058709325,r,15,210,1,1150,718,76
grp-a001-02-000000058709325,r,16,124,1,1294,476,57
grp-a001-02-000000058709325,r,17,29,0,0,154,21
grp-a001-02-000000058709325,r,18,66,0,0,352,21
grp-a001-02-000000058709325,r,99,311,2,2559,1661,89
grp-a001-02-000000058709513,h,00,855,2,3584,3377,126
grp-a001-02-000000058709513,h,01,774,2,3541,2874,127
grp-a001-02-000000058709513,h,02,525,1,1738,2563,118
grp-a001-02-000000058709513,h,03,328,0,0,1192,106
grp-a001-02-000000058709513,h,04,298,1,1793,855,102
grp-a001-02-000000058709513,h,05,332,0,0,1345,101
grp-a001-02-000000058709513,h,06,403,1,1790,1611,112
grp-a001-02-000000058709513,h,07,488,4,7535,1681,119
grp-a001-02-000000058709513,h,08,683,4,7993,3075,130
grp-a001-02-000000058709513,h,09,713,5,7209,2875,127
grp-a001-02-000000058709513,h,10,827,4,7228,4292,137
grp-a001-02-000000058709513,h,11,1226,5,8159,6014,136
grp-a001-02-000000058709513,h,12,820,3,4612,4335,136
grp-a001-02-000000058709513,h,13,846,7,12354,4110,127
grp-a001-02-000000058709513,h,14,879,6,12083,3801,134
grp-a001-02-000000058709513,h,15,960,8,15560,4492,135
grp-a001-02-000000058709513,h,16,978,9,16371,4278,134
grp-a001-02-000000058709513,h,17,929,4,6543,4539,133
grp-a001-02-000000058709513,h,18,869,4,7419,3923,125
grp-a001-02-000000058709513,h,19,982,2,4005,4490,129
grp-a001-02-000000058709513,h,20,991,1,1020,4303,129
grp-a001-02-000000058709513,h,21,1018,10,17393,4436,130
grp-a001-02-000000058709513,h,22,976,4,7986,4021,129
grp-a001-02-000000058709513,h,23,1027,2,3396,4186,126
grp-a001-02-000000058709513,m,11068,2945,3,5153,16814,125
grp-a001-02-000000058709513,m,27758,816,13,23763,1530,129
grp-a001-02-000000058709513,m,33421,7511,5,8336,30995,150
grp-a001-02-000000058709513,m,341893,1242,2,3731,6440,128
grp-a001-02-000000058709513,m,341898,521,0,0,790,103
grp-a001-02-000000058709513,m,370822,145,2,2241,243,65
grp-a001-02-000000058709513,m,556927,7,0,0,7,6
grp-a001-02-000000058709513,m,684924,304,1,1839,304,93
grp-a001-02-000000058709513,m,684925,135,0,0,135,70
grp-a001-02-000000058709513,m,684926,1432,5,8259,9429,144
grp-a001-02-000000058709513,m,684927,696,3,5610,6566,127
grp-a001-02-000000058709513,m,787480,1,0,0,33,1
grp-a001-02-000000058709513,m,805759,14,0,0,168,11
grp-a001-02-000000058709513,m,805760,17,0,0,90,11
grp-a001-02-000000058709513,m,8753,2941,55,100380,9124,148
grp-a001-02-000000058709513,r,00,70,0,0,672,41
grp-a001-02-000000058709513,r,01,426,3,5676,2180,115
grp-a001-02-000000058709513,r,02,3150,28,49083,16296,151
grp-a001-02-000000058709513,r,03,576,2,2317,2775,122
grp-a001-02-000000058709513,r,04,645,6,10967,3612,125
grp-a001-02-000000058709513,r,05,245,2,3269,1192,69
grp-a001-02-000000058709513,r,06,651,7,13861,2930,120
grp-a001-02-000000058709513,r,07,386,1,1639,1902,103
grp-a001-02-000000058709513,r,08,569,6,11675,3138,131
grp-a001-02-000000058709513,r,09,8427,14,24718,30074,153
grp-a001-02-000000058709513,r,10,221,3,5815,1089,83
grp-a001-02-000000058709513,r,11,600,2,3391,2981,123
grp-a001-02-000000058709513,r,12,195,1,1405,1137,63
grp-a001-02-000000058709513,r,13,310,2,4126,1505,108
grp-a001-02-000000058709513,r,14,106,1,1598,527,55
grp-a001-02-000000058709513,r,15,634,3,5305,3183,123
grp-a001-02-000000058709513,r,16,327,3,5411,1614,102
grp-a001-02-000000058709513,r,17,87,1,1617,444,49
grp-a001-02-000000058709513,r,18,205,0,0,943,44
grp-a001-02-000000058709513,r,99,897,4,7439,4474,128
grp-a001-02-000000058709674,h,00,649,1,1993,2654,124
grp-a001-02-000000058709674,h,01,522,2,3916,1873,126
grp-a001-02-000000058709674,h,02,484,0,0,2084,120
grp-a001-02-000000058709674,h,03,324,0,0,1077,108
grp-a001-02-000000058709674,h,04,286,1,1811,679,98
grp-a001-02-000000058709674,h,05,335,0,0,1144,106
grp-a001-02-000000058709674,h,06,380,4,7836,1339,109
grp-a001-02-000000058709674,h,07,450,2,3959,1459,116
grp-a001-02-000000058709674,h,08,648,4,7965,2629,131
grp-a001-02-000000058709674,h,09,727,1,2050,2829,129
grp-a001-02-000000058709674,h,10,790,5,9167,3548,137
grp-a001-02-000000058709674,h,11,1025,4,7824,4975,142
grp-a001-02-000000058709674,h,12,808,5,9517,3567,137
grp-a001-02-000000058709674,h,13,861,4,7991,3808,131
grp-a001-02-000000058709674,h,14,865,3,5954,3686,134
grp-a001-02-000000058709674,h,15,874,7,13236,3762,133
grp-a001-02-000000058709674,h,16,864,7,13491,3503,137
grp-a001-02-000000058709674,h,17,798,6,11363,3565,131
grp-a001-02-000000058709674,h,18,780,5,9689,3309,129
grp-a001-02-000000058709674,h,19,776,3,5215,3222,129
grp-a001-02-000000058709674,h,20,826,6,11822,3375,134
grp-a001-02-000000058709674,h,21,780,5,9727,2942,128
grp-a001-02-000000058709674,h,22,840,7,12507,3040,130
grp-a001-02-000000058709674,h,23,732,7,14067,2917,127
grp-a001-02-000000058709674,m,11068,1141,4,7792,8096,128
grp-a001-02-000000058709674,m,27758,686,9,17664,1338,110
grp-a001-02-000000058709674,m,33421,6071,5,9720,20352,148
grp-a001-02-000000058709674,m,341893,1504,4,7675,7113,129
grp-a001-02-000000058709674,m,341898,713,1,2040,1065,116
grp-a001-02-000000058709674,m,370822,143,0,0,300,68
grp-a001-02-000000058709674,m,556927,21,0,0,21,14
grp-a001-02-000000058709674,m,684924,415,1,2067,415,88
grp-a001-02-000000058709674,m,684925,149,0,0,149,63
grp-a001-02-000000058709674,m,684926,1809,9,17703,10748,143
grp-a001-02-000000058709674,m,684927,718,3,5612,6200,135
grp-a001-02-000000058709674,m,787480,1,0,0,20,1
grp-a001-02-000000058709674,m,805759,20,0,0,271,16
grp-a001-02-000000058709674,m,805760,20,0,0,87,13
grp-a001-02-000000058709674,m,8753,3013,53,100827,10811,151
grp-a001-02-000000058709674,r,-1,1,0,0,6,1
grp-a001-02-000000058709674,r,00,77,1,2062,587,51
grp-a001-02-000000058709674,r,01,390,5,9971,1765,113
grp-a001-02-000000058709674,r,02,2838,25,48381,13557,152
grp-a001-02-000000058709674,r,03,615,3,5814,2843,133
grp-a001-02-000000058709674,r,04,499,2,4004,2594,126
grp-a001-02-000000058709674,r,05,156,2,3386,725,68
grp-a001-02-000000058709674,r,06,471,2,3466,2181,122
grp-a001-02-000000058709674,r,07,321,3,5865,1522,99
grp-a001-02-000000058709674,r,08,544,4,7616,2648,128
grp-a001-02-000000058709674,r,09,7275,14,27098,22803,152
grp-a001-02-000000058709674,r,10,198,1,1994,996,92
grp-a001-02-000000058709674,r,11,480,1,1852,2306,124
grp-a001-02-000000058709674,r,12,208,3,5816,990,65
grp-a001-02-000000058709674,r,13,278,3,5868,1396,103
grp-a001-02-000000058709674,r,14,87,0,0,394,54
grp-a001-02-000000058709674,r,15,480,6,11903,2435,117
grp-a001-02-000000058709674,r,16,267,6,11279,1259,100
grp-a001-02-000000058709674,r,17,87,0,0,459,46
grp-a001-02-000000058709674,r,18,208,3,5640,966,45
grp-a001-02-000000058709674,r,99,944,5,9085,4554,133
grp-a001-02-000000059252905,h,00,659,5,7093,3152,123
grp-a001-02-000000059252905,h,01,411,2,3332,1929,106
grp-a001-02-000000059252905,h,02,333,1,1648,1521,88
grp-a001-02-000000059252905,h,03,216,0,0,793,77
grp-a001-02-000000059252905,h,04,184,0,0,649,72
grp-a001-02-000000059252905,h,05,248,1,1530,1029,85
grp-a001-02-000000059252905,h,06,347,0,0,1629,98
grp-a001-02-000000059252905,h,07,509,1,1707,2618,111
grp-a001-02-000000059252905,h,08,661,10,16681,3221,120
grp-a001-02-000000059252905,h,09,719,3,4623,3490,123
grp-a001-02-000000059252905,h,10,799,8,12994,4590,130
grp-a001-02-000000059252905,h,11,790,8,10700,4609,129
grp-a001-02-000000059252905,h,12,687,4,6745,4428,129
grp-a001-02-000000059252905,h,13,855,4,6896,4467,133
grp-a001-02-000000059252905,h,14,795,8,12494,3940,128
grp-a001-02-000000059252905,h,15,759,3,5093,4306,129
grp-a001-02-000000059252905,h,16,784,5,7639,4208,129
grp-a001-02-000000059252905,h,17,851,8,12832,4609,125
grp-a001-02-000000059252905,h,18,803,7,10957,4555,128
grp-a001-02-000000059252905,h,19,785,4,6728,4586,130
grp-a001-02-000000059252905,h,20,810,6,10299,4118,128
grp-a001-02-000000059252905,h,21,970,9,14859,5276,126
grp-a001-02-000000059252905,h,22,890,7,11115,4567,122
grp-a001-02-000000059252905,h,23,886,4,6884,4454,125
grp-a001-02-000000059252905,m,11068,929,2,2375,6026,125
grp-a001-02-000000059252905,m,122876,14,0,0,25,9
grp-a001-02-000000059252905,m,27758,1186,26,42620,2350,103
grp-a001-02-000000059252905,m,33421,5062,9,13948,29089,141
grp-a001-02-000000059252905,m,341893,1612,7,10697,9056,136
grp-a001-02-000000059252905,m,341898,429,1,1749,690,94
grp-a001-02-000000059252905,m,370822,167,0,0,334,81
grp-a001-02-000000059252905,m,424040,52,0,0,74,35
grp-a001-02-000000059252905,m,556927,5,0,0,5,5
grp-a001-02-000000059252905,m,684924,122,0,0,122,58
grp-a001-02-000000059252905,m,684925,118,1,1700,118,32
grp-a001-02-000000059252905,m,684926,1856,3,5246,13757,139
grp-a001-02-000000059252905,m,684927,454,2,3453,3782,115
grp-a001-02-000000059252905,m,805759,6,0,0,32,6
grp-a001-02-000000059252905,m,805760,17,0,0,58,13
grp-a001-02-000000059252905,m,8753,3722,57,91061,17226,140
grp-a001-02-000000059252905,r,00,88,2,3385,371,49
grp-a001-02-000000059252905,r,01,381,4,6391,2045,107
grp-a001-02-000000059252905,r,02,3293,31,49416,18904,140
grp-a001-02-000000059252905,r,03,626,5,7657,3574,120
grp-a001-02-000000059252905,r,04,545,8,12450,3142,122
grp-a001-02-000000059252905,r,05,242,3,4364,1297,77
grp-a001-02-000000059252905,r,06,517,3,4683,2801,119
grp-a001-02-000000059252905,r,07,329,5,8242,1848,110
grp-a001-02-000000059252905,r,08,645,6,9725,3617,127
grp-a001-02-000000059252905,r,09,5315,15,24427,23417,141
grp-a001-02-000000059252905,r,10,197,2,3432,1187,89
grp-a001-02-000000059252905,r,11,816,3,5192,4621,136
grp-a001-02-000000059252905,r,12,321,3,5006,1721,81
grp-a001-02-000000059252905,r,13,367,1,1701,1984,110
grp-a001-02-000000059252905,r,14,90,0,0,525,48
grp-a001-02-000000059252905,r,15,486,4,6899,3005,116
grp-a001-02-000000059252905,r,16,353,5,6716,2129,107
grp-a001-02-000000059252905,r,17,105,2,3521,549,54
grp-a001-02-000000059252905,r,18,105,0,0,800,36
grp-a001-02-000000059252905,r,99,930,6,9642,5207,129
grp-a001-02-000000059808374,h,00,21,0,0,130,8
grp-a001-02-000000059808374,h,01,6,0,0,42,4
grp-a001-02-000000059808374,h,02,7,0,0,40,6
grp-a001-02-000000059808374,h,04,8,0,0,36,6
grp-a001-02-000000059808374,h,05,1,0,0,14,1
grp-a001-02-000000059808374,h,06,18,1,1170,107,6
grp-a001-02-000000059808374,h,07,11,0,0,99,3
grp-a001-02-000000059808374,h,08,15,0,0,130,7
grp-a001-02-000000059808374,h,09,14,0,0,119,6
grp-a001-02-000000059808374,h,10,12,1,1170,59,5
grp-a001-02-000000059808374,h,11,15,0,0,106,8
grp-a001-02-000000059808374,h,12,9,0,0,71,4
grp-a001-02-000000059808374,h,13,9,0,0,65,5
grp-a001-02-000000059808374,h,14,13,0,0,45,5
grp-a001-02-000000059808374,h,15,19,0,0,91,4
grp-a001-02-000000059808374,h,16,7,0,0,35,4
grp-a001-02-000000059808374,h,17,9,1,690,48,5
grp-a001-02-000000059808374,h,18,18,0,0,144,7
grp-a001-02-000000059808374,h,19,10,0,0,61,6
grp-a001-02-000000059808374,h,20,16,0,0,78,8
grp-a001-02-000000059808374,h,21,7,0,0,32,5
grp-a001-02-000000059808374,h,22,20,0,0,125,8
grp-a001-02-000000059808374,h,23,12,0,0,94,5
grp-a001-02-000000059808374,m,11068,4,1,1170,70,3
grp-a001-02-000000059808374,m,33421,37,1,1170,322,8
grp-a001-02-000000059808374,m,341893,109,0,0,807,11
grp-a001-02-000000059808374,m,341898,24,0,0,81,9
grp-a001-02-000000059808374,m,370822,7,0,0,25,5
grp-a001-02-000000059808374,m,684924,4,0,0,4,2
grp-a001-02-000000059808374,m,684926,30,0,0,173,9
grp-a001-02-000000059808374,m,684927,10,1,690,116,8
grp-a001-02-000000059808374,m,8753,52,0,0,173,11
grp-a001-02-000000059808374,r,01,8,0,0,29,4
grp-a001-02-000000059808374,r,02,63,0,0,422,10
grp-a001-02-000000059808374,r,03,10,0,0,46,6
grp-a001-02-000000059808374,r,04,15,0,0,54,7
grp-a001-02-000000059808374,r,05,3,0,0,25,3
grp-a001-02-000000059808374,r,06,3,0,0,29,3
grp-a001-02-000000059808374,r,07,10,0,0,108,7
grp-a001-02-000000059808374,r,08,21,0,0,127,9
grp-a001-02-000000059808374,r,09,56,2,1860,412,9
grp-a001-02-000000059808374,r,10,5,0,0,21,4
grp-a001-02-000000059808374,r,11,16,0,0,102,8
grp-a001-02-000000059808374,r,12,6,0,0,41,6
grp-a001-02-000000059808374,r,13,13,1,1170,72,5
grp-a001-02-000000059808374,r,14,2,0,0,9,1
grp-a001-02-000000059808374,r,15,8,0,0,56,4
grp-a001-02-000000059808374,r,16,11,0,0,88,8
grp-a001-02-000000059808374,r,17,2,0,0,4,2
grp-a001-02-000000059808374,r,99,25,0,0,126,7
grp-a001-02-000000059808403,h,00,418,2,2680,2601,91
grp-a001-02-000000059808403,h,01,317,1,1351,1737,64
grp-a001-02-000000059808403,h,02,374,0,0,2125,56
grp-a001-02-000000059808403,h,03,285,0,0,1710,35
grp-a001-02-000000059808403,h,04,271,0,0,1648,37
grp-a001-02-000000059808403,h,05,290,0,0,1707,47
grp-a001-02-000000059808403,h,06,470,3,3877,2880,62
grp-a001-02-000000059808403,h,07,317,1,1324,2117,65
grp-a001-02-000000059808403,h,08,290,0,0,2374,75
grp-a001-02-000000059808403,h,09,188,3,3818,1401,75
grp-a001-02-000000059808403,h,10,228,1,1259,2123,80
grp-a001-02-000000059808403,h,11,214,2,2659,1986,84
grp-a001-02-000000059808403,h,12,202,2,2089,1573,79
grp-a001-02-000000059808403,h,13,260,1,1270,1793,94
grp-a001-02-000000059808403,h,14,246,1,1375,1769,89
grp-a001-02-000000059808403,h,15,289,5,6481,2572,94
grp-a001-02-000000059808403,h,16,282,4,5109,2469,89
grp-a001-02-000000059808403,h,17,250,2,2054,2406,87
grp-a001-02-000000059808403,h,18,251,5,6214,1892,90
grp-a001-02-000000059808403,h,19,259,2,2264,1758,88
grp-a001-02-000000059808403,h,20,294,3,3375,2029,93
grp-a001-02-000000059808403,h,21,364,3,4374,2535,97
grp-a001-02-000000059808403,h,22,319,5,6475,2309,104
grp-a001-02-000000059808403,h,23,298,2,2312,2302,95
grp-a001-02-000000059808403,m,11068,126,0,0,1295,34
grp-a001-02-000000059808403,m,27758,45,1,1335,73,8
grp-a001-02-000000059808403,m,33421,2792,4,5860,20426,99
grp-a001-02-000000059808403,m,341893,1787,6,6766,15006,152
grp-a001-02-000000059808403,m,341898,285,5,6190,705,90
grp-a001-02-000000059808403,m,370822,14,0,0,57,14
grp-a001-02-000000059808403,m,556927,2,0,0,2,2
grp-a001-02-000000059808403,m,684924,95,0,0,95,21
grp-a001-02-000000059808403,m,684925,4,0,0,4,3
grp-a001-02-000000059808403,m,684926,878,10,12310,7800,127
grp-a001-02-000000059808403,m,684927,36,0,0,430,25
grp-a001-02-000000059808403,m,8753,912,22,27899,3923,91
grp-a001-02-000000059808403,r,00,19,1,1362,185,16
grp-a001-02-000000059808403,r,01,175,2,2333,1293,73
grp-a001-02-000000059808403,r,02,1374,14,18217,10115,139
grp-a001-02-000000059808403,r,03,306,2,2530,2233,104
grp-a001-02-000000059808403,r,04,233,2,2699,2132,92
grp-a001-02-000000059808403,r,05,45,1,1114,318,24
grp-a001-02-000000059808403,r,06,210,0,0,1480,82
grp-a001-02-000000059808403,r,07,140,0,0,1015,58
grp-a001-02-000000059808403,r,08,298,5,6001,2118,99
grp-a001-02-000000059808403,r,09,1387,7,8365,9789,136
grp-a001-02-000000059808403,r,10,119,0,0,835,57
grp-a001-02-000000059808403,r,11,327,3,3755,2190,87
grp-a001-02-000000059808403,r,12,63,0,0,482,37
grp-a001-02-000000059808403,r,13,162,0,0,1223,76
grp-a001-02-000000059808403,r,14,61,1,769,463,34
grp-a001-02-000000059808403,r,15,217,3,4456,1763,86
grp-a001-02-000000059808403,r,16,145,2,3275,1120,67
grp-a001-02-000000059808403,r,17,40,0,0,272,25
grp-a001-02-000000059808403,r,18,168,1,1362,1263,40
grp-a001-02-000000059808403,r,99,1487,4,4122,9527,103
grp-a001-02-000000059809116,h,00,250,0,0,1087,41
grp-a001-02-000000059809116,h,01,276,1,1485,1188,26
grp-a001-02-000000059809116,h,02,280,1,1483,1152,20
grp-a001-02-000000059809116,h,03,267,0,0,1462,11
grp-a001-02-000000059809116,h,04,318,0,0,1545,17
grp-a001-02-000000059809116,h,05,265,0,0,1366,19
grp-a001-02-000000059809116,h,06,375,0,0,1861,21
grp-a001-02-000000059809116,h,07,169,1,1469,891,32
grp-a001-02-000000059809116,h,08,151,1,1402,886,40
grp-a001-02-000000059809116,h,09,89,0,0,574,28
grp-a001-02-000000059809116,h,10,109,0,0,1024,38
grp-a001-02-000000059809116,h,11,101,3,4491,756,32
grp-a001-02-000000059809116,h,12,85,0,0,483,31
grp-a001-02-000000059809116,h,13,100,0,0,532,42
grp-a001-02-000000059809116,h,14,130,1,2005,841,29
grp-a001-02-000000059809116,h,15,116,1,1445,1108,35
grp-a001-02-000000059809116,h,16,92,0,0,589,34
grp-a001-02-000000059809116,h,17,56,1,1310,416,26
grp-a001-02-000000059809116,h,18,111,1,1953,643,29
grp-a001-02-000000059809116,h,19,71,0,0,479,29
grp-a001-02-000000059809116,h,20,91,1,1300,492,36
grp-a001-02-000000059809116,h,21,105,4,6749,646,37
grp-a001-02-000000059809116,h,22,72,0,0,416,33
grp-a001-02-000000059809116,h,23,81,2,2787,492,39
grp-a001-02-000000059809116,m,11068,111,0,0,555,16
grp-a001-02-000000059809116,m,27758,7,0,0,12,3
grp-a001-02-000000059809116,m,33421,2543,1,1310,14392,53
grp-a001-02-000000059809116,m,341893,263,2,2777,1479,65
grp-a001-02-000000059809116,m,341898,51,0,0,119,22
grp-a001-02-000000059809116,m,370822,4,0,0,10,2
grp-a001-02-000000059809116,m,684924,31,0,0,31,11
grp-a001-02-000000059809116,m,684926,283,4,6261,2359,61
grp-a001-02-000000059809116,m,684927,8,0,0,127,5
grp-a001-02-000000059809116,m,805760,1,0,0,8,1
grp-a001-02-000000059809116,m,8753,458,11,17531,1837,62
grp-a001-02-000000059809116,r,00,9,0,0,171,7
grp-a001-02-000000059809116,r,01,65,1,1196,308,28
grp-a001-02-000000059809116,r,02,609,3,4637,3689,79
grp-a001-02-000000059809116,r,03,104,3,4382,513,32
grp-a001-02-000000059809116,r,04,77,0,0,659,33
grp-a001-02-000000059809116,r,05,19,0,0,148,12
grp-a001-02-000000059809116,r,06,88,1,1485,570,33
grp-a001-02-000000059809116,r,07,44,0,0,272,24
grp-a001-02-000000059809116,r,08,108,1,2015,626,35
grp-a001-02-000000059809116,r,09,644,4,5554,3665,69
grp-a001-02-000000059809116,r,10,50,0,0,329,21
grp-a001-02-000000059809116,r,11,160,0,0,907,39
grp-a001-02-000000059809116,r,12,21,0,0,110,18
grp-a001-02-000000059809116,r,13,66,0,0,354,31
grp-a001-02-000000059809116,r,14,40,0,0,333,16
grp-a001-02-000000059809116,r,15,88,1,1979,453,35
grp-a001-02-000000059809116,r,16,59,0,0,310,27
grp-a001-02-000000059809116,r,17,20,1,1402,247,17
grp-a001-02-000000059809116,r,18,86,1,1945,478,19
grp-a001-02-000000059809116,r,99,1403,2,3284,6787,45
grp-a001-02-000000059810135,h,00,338,3,4192,2007,87
grp-a001-02-000000059810135,h,01,195,0,0,1116,68
grp-a001-02-000000059810135,h,02,115,0,0,710,43
grp-a001-02-000000059810135,h,03,85,0,0,468,34
grp-a001-02-000000059810135,h,04,91,0,0,524,35
grp-a001-02-000000059810135,h,05,104,1,1359,675,33
grp-a001-02-000000059810135,h,06,158,2,2856,1027,52
grp-a001-02-000000059810135,h,07,225,4,5349,1245,81
grp-a001-02-000000059810135,h,08,253,8,11143,1410,86
grp-a001-02-000000059810135,h,09,267,2,2771,1500,92
grp-a001-02-000000059810135,h,10,303,8,11015,1755,90
grp-a001-02-000000059810135,h,11,288,3,4281,1924,94
grp-a001-02-000000059810135,h,12,283,1,1456,1526,87
grp-a001-02-000000059810135,h,13,251,4,5745,1511,89
grp-a001-02-000000059810135,h,14,325,6,8514,1971,93
grp-a001-02-000000059810135,h,15,269,7,10002,1681,89
grp-a001-02-000000059810135,h,16,301,4,5810,1789,92
grp-a001-02-000000059810135,h,17,302,5,7009,1726,94
grp-a001-02-000000059810135,h,18,319,4,5515,1870,86
grp-a001-02-000000059810135,h,19,275,3,4189,1606,87
grp-a001-02-000000059810135,h,20,296,5,7012,1708,91
grp-a001-02-000000059810135,h,21,334,10,13676,2052,105
grp-a001-02-000000059810135,h,22,380,8,10265,2290,100
grp-a001-02-000000059810135,h,23,316,7,9542,1944,95
grp-a001-02-000000059810135,m,11068,139,0,0,1507,52
grp-a001-02-000000059810135,m,27758,57,2,2036,130,22
grp-a001-02-000000059810135,m,33421,1497,9,12838,9766,121
grp-a001-02-000000059810135,m,341893,1339,7,9470,9908,136
grp-a001-02-000000059810135,m,341898,236,2,2575,471,69
grp-a001-02-000000059810135,m,370822,25,0,0,75,19
grp-a001-02-000000059810135,m,556927,3,0,0,3,2
grp-a001-02-000000059810135,m,684924,169,1,1456,169,33
grp-a001-02-000000059810135,m,684925,5,0,0,5,4
grp-a001-02-000000059810135,m,684926,1015,12,15957,7425,128
grp-a001-02-000000059810135,m,684927,66,0,0,800,39
grp-a001-02-000000059810135,m,805759,1,0,0,18,1
grp-a001-02-000000059810135,m,805760,3,0,0,21,2
grp-a001-02-000000059810135,m,8753,1518,62,87369,5737,109
grp-a001-02-000000059810135,r,00,33,0,0,323,26
grp-a001-02-000000059810135,r,01,177,9,12791,1040,70
grp-a001-02-000000059810135,r,02,1353,20,28003,8061,129
grp-a001-02-000000059810135,r,03,361,10,13732,1917,96
grp-a001-02-000000059810135,r,04,218,4,5696,1288,79
grp-a001-02-000000059810135,r,05,40,2,2674,204,26
grp-a001-02-000000059810135,r,06,211,4,5423,1227,81
grp-a001-02-000000059810135,r,07,141,4,5595,905,66
grp-a001-02-000000059810135,r,08,263,2,2721,1475,88
grp-a001-02-000000059810135,r,09,1347,19,26279,8079,132
grp-a001-02-000000059810135,r,10,99,1,1333,627,50
grp-a001-02-000000059810135,r,11,299,0,0,1949,97
grp-a001-02-000000059810135,r,12,73,2,2643,491,33
grp-a001-02-000000059810135,r,13,137,3,4368,757,66
grp-a001-02-000000059810135,r,14,58,0,0,268,33
grp-a001-02-000000059810135,r,15,219,6,7948,1350,81
grp-a001-02-000000059810135,r,16,131,1,1442,801,64
grp-a001-02-000000059810135,r,17,37,0,0,244,22
grp-a001-02-000000059810135,r,18,135,2,2514,755,46
grp-a001-02-000000059810135,r,99,741,6,8539,4274,111
grp-a001-02-000000059810410,h,00,568,2,2685,2831,110
grp-a001-02-000000059810410,h,01,437,1,1375,2143,104
grp-a001-02-000000059810410,h,02,405,2,2445,1975,99
grp-a001-02-000000059810410,h,03,379,0,0,1688,85
grp-a001-02-000000059810410,h,04,321,0,0,1497,84
grp-a001-02-000000059810410,h,05,401,1,1328,1902,90
grp-a001-02-000000059810410,h,06,430,1,1285,2170,101
grp-a001-02-000000059810410,h,07,488,7,9486,2504,109
grp-a001-02-000000059810410,h,08,475,2,2268,2624,110
grp-a001-02-000000059810410,h,09,476,6,7071,2627,110
grp-a001-02-000000059810410,h,10,464,2,1813,2622,111
grp-a001-02-000000059810410,h,11,516,9,11128,2964,115
grp-a001-02-000000059810410,h,12,505,6,7837,2956,119
grp-a001-02-000000059810410,h,13,467,8,10332,2724,114
grp-a001-02-000000059810410,h,14,537,11,14135,3401,121
grp-a001-02-000000059810410,h,15,505,10,12782,3089,116
grp-a001-02-000000059810410,h,16,506,6,7644,3132,115
grp-a001-02-000000059810410,h,17,508,5,6578,3022,121
grp-a001-02-000000059810410,h,18,501,2,2306,3308,119
grp-a001-02-000000059810410,h,19,508,9,11508,3064,111
grp-a001-02-000000059810410,h,20,571,12,15682,3285,118
grp-a001-02-000000059810410,h,21,585,6,7997,3766,119
grp-a001-02-000000059810410,h,22,613,7,8339,3850,123
grp-a001-02-000000059810410,h,23,565,3,3955,3216,115
grp-a001-02-000000059810410,m,11068,149,1,934,1659,60
grp-a001-02-000000059810410,m,27758,50,7,6135,145,36
grp-a001-02-000000059810410,m,33421,7719,7,9093,38890,123
grp-a001-02-000000059810410,m,341893,1051,5,5960,8223,131
grp-a001-02-000000059810410,m,341898,144,0,0,361,70
grp-a001-02-000000059810410,m,370822,18,0,0,78,14
grp-a001-02-000000059810410,m,684924,39,0,0,39,15
grp-a001-02-000000059810410,m,684926,916,12,14965,8247,122
grp-a001-02-000000059810410,m,684927,84,1,1240,1150,50
grp-a001-02-000000059810410,m,805759,2,0,0,15,2
grp-a001-02-000000059810410,m,805760,3,0,0,14,2
grp-a001-02-000000059810410,m,8753,1556,85,111652,7539,114
grp-a001-02-000000059810410,r,00,23,0,0,279,18
grp-a001-02-000000059810410,r,01,107,2,2737,770,57
grp-a001-02-000000059810410,r,02,1192,35,44930,8092,122
grp-a001-02-000000059810410,r,03,249,6,7909,1774,88
grp-a001-02-000000059810410,r,04,189,4,5287,1336,81
grp-a001-02-000000059810410,r,05,55,0,0,372,27
grp-a001-02-000000059810410,r,06,142,2,2334,962,68
grp-a001-02-000000059810410,r,07,120,3,3779,744,54
grp-a001-02-000000059810410,r,08,207,8,10669,1302,77
grp-a001-02-000000059810410,r,09,8045,22,26926,40966,133
grp-a001-02-000000059810410,r,10,80,1,1329,469,44
grp-a001-02-000000059810410,r,11,172,2,2671,1430,83
grp-a001-02-000000059810410,r,12,72,3,3909,428,39
grp-a001-02-000000059810410,r,13,138,5,6015,1081,73
grp-a001-02-000000059810410,r,14,30,1,1260,179,18
grp-a001-02-000000059810410,r,15,171,8,10411,1248,77
grp-a001-02-000000059810410,r,16,144,2,2160,938,68
grp-a001-02-000000059810410,r,17,44,0,0,318,30
grp-a001-02-000000059810410,r,18,144,4,4734,960,42
grp-a001-02-000000059810410,r,99,407,10,12919,2712,101
grp-a001-02-000000059811691,h,00,346,2,2711,2312,106
grp-a001-02-000000059811691,h,01,192,2,2482,1318,77
grp-a001-02-000000059811691,h,02,150,0,0,988,57
grp-a001-02-000000059811691,h,03,114,2,2812,730,39
grp-a001-02-000000059811691,h,04,172,2,2427,1137,57
grp-a001-02-000000059811691,h,05,158,0,0,947,51
grp-a001-02-000000059811691,h,06,262,3,4124,1582,78
grp-a001-02-000000059811691,h,07,255,2,2013,1715,90
grp-a001-02-000000059811691,h,08,334,2,2706,2208,107
grp-a001-02-000000059811691,h,09,303,2,2390,1990,100
grp-a001-02-000000059811691,h,10,315,4,5119,2134,110
grp-a001-02-000000059811691,h,11,260,2,2585,1854,101
grp-a001-02-000000059811691,h,12,271,0,0,1979,100
grp-a001-02-000000059811691,h,13,306,1,1340,2141,108
grp-a001-02-000000059811691,h,14,337,3,3790,2436,106
grp-a001-02-000000059811691,h,15,309,5,5993,2049,109
grp-a001-02-000000059811691,h,16,354,3,4040,2433,109
grp-a001-02-000000059811691,h,17,278,4,5378,1966,104
grp-a001-02-000000059811691,h,18,322,0,0,2171,102
grp-a001-02-000000059811691,h,19,297,6,7994,1941,104
grp-a001-02-000000059811691,h,20,376,2,2773,2416,114
grp-a001-02-000000059811691,h,21,441,6,7726,2830,126
grp-a001-02-000000059811691,h,22,430,6,7893,2817,116
grp-a001-02-000000059811691,h,23,379,5,5778,2662,113
grp-a001-02-000000059811691,m,11068,212,1,968,1746,53
grp-a001-02-000000059811691,m,27758,48,0,0,80,16
grp-a001-02-000000059811691,m,33421,2269,8,10490,15837,153
grp-a001-02-000000059811691,m,341893,1500,2,2083,11399,152
grp-a001-02-000000059811691,m,341898,179,3,3313,448,73
grp-a001-02-000000059811691,m,370822,19,0,0,71,15
grp-a001-02-000000059811691,m,556927,2,0,0,2,2
grp-a001-02-000000059811691,m,684924,95,0,0,95,41
grp-a001-02-000000059811691,m,684925,14,1,819,14,8
grp-a001-02-000000059811691,m,684926,1232,13,16621,9619,146
grp-a001-02-000000059811691,m,684927,103,0,0,1246,48
grp-a001-02-000000059811691,m,787479,2,0,0,6,1
grp-a001-02-000000059811691,m,8753,1286,36,47780,6193,135
grp-a001-02-000000059811691,r,00,30,0,0,338,20
grp-a001-02-000000059811691,r,01,154,1,1405,1158,81
grp-a001-02-000000059811691,r,02,1539,11,14592,10753,152
grp-a001-02-000000059811691,r,03,335,7,9424,2190,113
grp-a001-02-000000059811691,r,04,232,5,6434,1354,94
grp-a001-02-000000059811691,r,05,80,0,0,558,43
grp-a001-02-000000059811691,r,06,310,6,6906,2036,103
grp-a001-02-000000059811691,r,07,173,1,1414,1133,74
grp-a001-02-000000059811691,r,08,303,1,1417,2034,112
grp-a001-02-000000059811691,r,09,1545,17,20496,10313,151
grp-a001-02-000000059811691,r,10,124,0,0,834,70
grp-a001-02-000000059811691,r,11,298,1,1363,1993,100
grp-a001-02-000000059811691,r,12,83,1,1379,577,45
grp-a001-02-000000059811691,r,13,175,2,2746,1160,81
grp-a001-02-000000059811691,r,14,35,0,0,274,26
grp-a001-02-000000059811691,r,15,231,2,2568,1622,99
grp-a001-02-000000059811691,r,16,181,6,7878,1294,84
grp-a001-02-000000059811691,r,17,31,1,1385,172,23
grp-a001-02-000000059811691,r,18,157,0,0,996,41
grp-a001-02-000000059811691,r,99,945,2,2667,5967,126
grp-a001-02-000000059812037,h,00,767,8,12164,3141,134
grp-a001-02-000000059812037,h,01,599,6,9840,2200,114
grp-a001-02-000000059812037,h,02,519,1,1679,1759,108
grp-a001-02-000000059812037,h,03,406,0,0,1308,86
grp-a001-02-000000059812037,h,04,381,0,0,1199,83
grp-a001-02-000000059812037,h,05,396,0,0,1179,82
grp-a001-02-000000059812037,h,06,509,7,10913,1861,103
grp-a001-02-000000059812037,h,07,621,8,11894,2280,119
grp-a001-02-000000059812037,h,08,711,11,18399,2675,120
grp-a001-02-000000059812037,h,09,777,11,15783,3187,131
grp-a001-02-000000059812037,h,10,808,16,24584,3487,133
grp-a001-02-000000059812037,h,11,969,7,11179,4621,143
grp-a001-02-000000059812037,h,12,789,4,6169,3156,137
grp-a001-02-000000059812037,h,13,848,9,15392,3259,136
grp-a001-02-000000059812037,h,14,876,12,19000,3297,136
grp-a001-02-000000059812037,h,15,904,11,19063,4193,129
grp-a001-02-000000059812037,h,16,876,13,21582,3636,135
grp-a001-02-000000059812037,h,17,808,12,19683,3990,138
grp-a001-02-000000059812037,h,18,825,7,11923,3291,134
grp-a001-02-000000059812037,h,19,836,5,7870,3484,136
grp-a001-02-000000059812037,h,20,913,9,14786,3529,131
grp-a001-02-000000059812037,h,21,975,17,27447,3510,137
grp-a001-02-000000059812037,h,22,918,11,17146,3398,138
grp-a001-02-000000059812037,h,23,1040,11,16933,4533,135
grp-a001-02-000000059812037,m,11068,283,5,5797,1338,99
grp-a001-02-000000059812037,m,27758,154,10,10932,279,75
grp-a001-02-000000059812037,m,33421,8501,15,24627,31834,151
grp-a001-02-000000059812037,m,341893,1340,7,11005,6944,147
grp-a001-02-000000059812037,m,341898,433,1,1732,639,106
grp-a001-02-000000059812037,m,370822,32,0,0,74,19
grp-a001-02-000000059812037,m,424040,1,0,0,1,1
grp-a001-02-000000059812037,m,556927,3,0,0,3,2
grp-a001-02-000000059812037,m,684924,341,1,1918,341,90
grp-a001-02-000000059812037,m,684925,67,0,0,67,47
grp-a001-02-000000059812037,m,684926,1873,11,17474,12005,147
grp-a001-02-000000059812037,m,684927,179,3,4162,1591,86
grp-a001-02-000000059812037,m,805759,2,0,0,2,1
grp-a001-02-000000059812037,m,805760,6,0,0,25,6
grp-a001-02-000000059812037,m,8753,4856,143,235782,17030,147
grp-a001-02-000000059812037,r,-1,1,0,0,6,1
grp-a001-02-000000059812037,r,00,70,0,0,313,49
grp-a001-02-000000059812037,r,01,381,11,18061,1721,107
grp-a001-02-000000059812037,r,02,2856,56,89341,13057,154
grp-a001-02-000000059812037,r,03,686,11,17552,3122,127
grp-a001-02-000000059812037,r,04,432,9,14019,2480,118
grp-a001-02-000000059812037,r,05,125,4,6169,599,61
grp-a001-02-000000059812037,r,06,422,10,17200,2141,112
grp-a001-02-000000059812037,r,07,287,5,7978,1266,102
grp-a001-02-000000059812037,r,08,509,8,13042,2316,120
grp-a001-02-000000059812037,r,09,9058,35,54798,28437,152
grp-a001-02-000000059812037,r,10,183,1,1709,922,84
grp-a001-02-000000059812037,r,11,627,12,18399,2939,124
grp-a001-02-000000059812037,r,12,187,0,0,907,69
grp-a001-02-000000059812037,r,13,295,7,11438,1402,97
grp-a001-02-000000059812037,r,14,67,2,3075,439,46
grp-a001-02-000000059812037,r,15,472,5,8670,2625,117
grp-a001-02-000000059812037,r,16,301,1,1741,1556,104
grp-a001-02-000000059812037,r,17,82,0,0,482,47
grp-a001-02-000000059812037,r,18,220,5,7736,1148,41
grp-a001-02-000000059812037,r,99,810,14,22501,4295,132
grp-a001-02-000000059812606,h,00,871,11,13679,2994,131
grp-a001-02-000000059812606,h,01,645,6,7251,2142,129
grp-a001-02-000000059812606,h,02,609,5,6344,1848,118
grp-a001-02-000000059812606,h,03,480,2,2470,1545,108
grp-a001-02-000000059812606,h,04,415,4,5462,1213,106
grp-a001-02-000000059812606,h,05,527,1,1280,1716,117
grp-a001-02-000000059812606,h,06,603,5,6726,2100,119
grp-a001-02-000000059812606,h,07,696,6,8264,2560,129
grp-a001-02-000000059812606,h,08,1001,22,29176,3751,134
grp-a001-02-000000059812606,h,09,855,17,20741,3264,137
grp-a001-02-000000059812606,h,10,931,15,19329,3774,136
grp-a001-02-000000059812606,h,11,930,19,23582,3715,139
grp-a001-02-000000059812606,h,12,952,17,22513,3725,140
grp-a001-02-000000059812606,h,13,973,14,17090,3930,142
grp-a001-02-000000059812606,h,14,1002,17,22508,3856,147
grp-a001-02-000000059812606,h,15,971,15,19394,3980,144
grp-a001-02-000000059812606,h,16,993,27,35258,4170,140
grp-a001-02-000000059812606,h,17,1028,20,25130,4136,141
grp-a001-02-000000059812606,h,18,957,17,22178,3744,137
grp-a001-02-000000059812606,h,19,1015,13,16877,3942,140
grp-a001-02-000000059812606,h,20,1136,23,29515,4571,144
grp-a001-02-000000059812606,h,21,1040,22,29161,4445,140
grp-a001-02-000000059812606,h,22,1188,15,19280,4747,144
grp-a001-02-000000059812606,h,23,1032,19,24124,3804,140
grp-a001-02-000000059812606,m,11068,319,4,3380,1671,107
grp-a001-02-000000059812606,m,122876,5,0,0,13,1
grp-a001-02-000000059812606,m,27758,247,13,10786,525,94
grp-a001-02-000000059812606,m,33421,10076,27,35288,34153,153
grp-a001-02-000000059812606,m,341893,1317,9,11341,7904,152
grp-a001-02-000000059812606,m,341898,295,0,0,504,99
grp-a001-02-000000059812606,m,370822,45,0,0,158,31
grp-a001-02-000000059812606,m,556927,2,0,0,2,1
grp-a001-02-000000059812606,m,684924,492,1,1439,492,44
grp-a001-02-000000059812606,m,684925,47,1,890,47,22
grp-a001-02-000000059812606,m,684926,2443,40,49017,14776,152
grp-a001-02-000000059812606,m,684927,279,4,3087,2075,104
grp-a001-02-000000059812606,m,805760,8,1,1000,32,7
grp-a001-02-000000059812606,m,8753,5275,232,311104,17320,150
grp-a001-02-000000059812606,r,00,74,2,2455,434,44
grp-a001-02-000000059812606,r,01,367,12,15106,1740,103
grp-a001-02-000000059812606,r,02,3068,66,85958,14141,153
grp-a001-02-000000059812606,r,03,794,17,21187,3514,134
grp-a001-02-000000059812606,r,04,570,17,21410,2918,131
grp-a001-02-000000059812606,r,05,182,6,8051,885,63
grp-a001-02-000000059812606,r,06,470,10,12871,2266,119
grp-a001-02-000000059812606,r,07,247,9,12207,1101,89
grp-a001-02-000000059812606,r,08,608,13,16498,2811,129
grp-a001-02-000000059812606,r,09,10361,61,79407,31521,154
grp-a001-02-000000059812606,r,10,247,8,9997,1233,92
grp-a001-02-000000059812606,r,11,891,24,30828,3449,125
grp-a001-02-000000059812606,r,12,215,8,9250,1120,70
grp-a001-02-000000059812606,r,13,421,11,13168,1798,116
grp-a001-02-000000059812606,r,14,74,0,0,298,37
grp-a001-02-000000059812606,r,15,416,12,16272,1933,118
grp-a001-02-000000059812606,r,16,310,12,16122,1445,99
grp-a001-02-000000059812606,r,17,142,4,5053,670,53
grp-a001-02-000000059812606,r,18,292,8,10200,1272,47
grp-a001-02-000000059812606,r,99,1101,32,41292,5123,145
grp-a001-02-000000059817936,h,00,417,0,0,2590,107
grp-a001-02-000000059817936,h,01,361,0,0,2077,102
grp-a001-02-000000059817936,h,02,336,0,0,1786,95
grp-a001-02-000000059817936,h,03,377,1,1100,1948,91
grp-a001-02-000000059817936,h,04,315,0,0,1631,86
grp-a001-02-000000059817936,h,05,359,0,0,1838,90
grp-a001-02-000000059817936,h,06,384,2,1865,2208,100
grp-a001-02-000000059817936,h,07,373,0,0,2275,106
grp-a001-02-000000059817936,h,08,397,0,0,2483,106
grp-a001-02-000000059817936,h,09,342,2,2057,2185,109
grp-a001-02-000000059817936,h,10,347,0,0,2206,110
grp-a001-02-000000059817936,h,11,370,1,1037,2470,119
grp-a001-02-000000059817936,h,12,375,3,3223,2540,117
grp-a001-02-000000059817936,h,13,356,1,1000,2254,115
grp-a001-02-000000059817936,h,14,332,0,0,2173,111
grp-a001-02-000000059817936,h,15,354,0,0,2627,115
grp-a001-02-000000059817936,h,16,396,4,4046,2626,112
grp-a001-02-000000059817936,h,17,352,0,0,2322,107
grp-a001-02-000000059817936,h,18,403,2,2200,2958,108
grp-a001-02-000000059817936,h,19,456,2,2200,3019,113
grp-a001-02-000000059817936,h,20,446,0,0,2941,122
grp-a001-02-000000059817936,h,21,440,0,0,2752,117
grp-a001-02-000000059817936,h,22,482,3,3246,3190,117
grp-a001-02-000000059817936,h,23,456,2,2020,2703,109
grp-a001-02-000000059817936,m,11068,111,0,0,1635,55
grp-a001-02-000000059817936,m,27758,10,0,0,25,10
grp-a001-02-000000059817936,m,33421,7323,6,6102,40391,134
grp-a001-02-000000059817936,m,341893,497,2,1935,4537,127
grp-a001-02-000000059817936,m,341898,14,0,0,42,12
grp-a001-02-000000059817936,m,370822,7,0,0,19,7
grp-a001-02-000000059817936,m,556927,1,0,0,1,1
grp-a001-02-000000059817936,m,684924,7,0,0,7,5
grp-a001-02-000000059817936,m,684926,675,5,5123,6467,129
grp-a001-02-000000059817936,m,684927,111,0,0,1399,61
grp-a001-02-000000059817936,m,805759,2,0,0,22,2
grp-a001-02-000000059817936,m,805760,1,0,0,4,1
grp-a001-02-000000059817936,m,8753,467,10,10834,3253,107
grp-a001-02-000000059817936,r,00,6,0,0,45,5
grp-a001-02-000000059817936,r,01,68,1,1000,600,44
grp-a001-02-000000059817936,r,02,660,6,6186,6275,137
grp-a001-02-000000059817936,r,03,140,2,2133,1076,72
grp-a001-02-000000059817936,r,04,104,2,2200,913,62
grp-a001-02-000000059817936,r,05,41,0,0,342,26
grp-a001-02-000000059817936,r,06,87,2,1855,717,54
grp-a001-02-000000059817936,r,07,56,0,0,459,36
grp-a001-02-000000059817936,r,08,121,0,0,1111,66
grp-a001-02-000000059817936,r,09,7187,2,2157,39957,144
grp-a001-02-000000059817936,r,10,32,0,0,308,27
grp-a001-02-000000059817936,r,11,120,2,2072,1127,58
grp-a001-02-000000059817936,r,12,36,0,0,327,24
grp-a001-02-000000059817936,r,13,61,1,1100,484,46
grp-a001-02-000000059817936,r,14,14,1,1003,132,10
grp-a001-02-000000059817936,r,15,80,1,1000,634,49
grp-a001-02-000000059817936,r,16,55,1,1088,509,38
grp-a001-02-000000059817936,r,17,22,0,0,199,16
grp-a001-02-000000059817936,r,18,72,1,1100,548,26
grp-a001-02-000000059817936,r,99,264,1,1100,2039,96
grp-a001-02-000000059819574,h,00,20,1,1340,122,8
grp-a001-02-000000059819574,h,01,13,0,0,68,8
grp-a001-02-000000059819574,h,02,6,0,0,28,5
grp-a001-02-000000059819574,h,03,4,0,0,32,3
grp-a001-02-000000059819574,h,04,4,0,0,10,3
grp-a001-02-000000059819574,h,05,3,0,0,11,3
grp-a001-02-000000059819574,h,06,4,0,0,11,4
grp-a001-02-000000059819574,h,07,9,0,0,74,5
grp-a001-02-000000059819574,h,08,17,0,0,143,7
grp-a001-02-000000059819574,h,09,16,0,0,133,7
grp-a001-02-000000059819574,h,10,11,0,0,125,5
grp-a001-02-000000059819574,h,11,18,0,0,114,11
grp-a001-02-000000059819574,h,12,10,0,0,87,5
grp-a001-02-000000059819574,h,13,15,0,0,142,8
grp-a001-02-000000059819574,h,14,10,0,0,135,5
grp-a001-02-000000059819574,h,15,19,0,0,117,6
grp-a001-02-000000059819574,h,16,15,0,0,62,6
grp-a001-02-000000059819574,h,17,13,0,0,145,7
grp-a001-02-000000059819574,h,18,16,0,0,116,5
grp-a001-02-000000059819574,h,19,11,0,0,117,8
grp-a001-02-000000059819574,h,20,32,0,0,185,7
grp-a001-02-000000059819574,h,21,31,0,0,248,9
grp-a001-02-000000059819574,h,22,26,1,1110,185,8
grp-a001-02-000000059819574,h,23,40,1,1000,265,9
grp-a001-02-000000059819574,m,11068,12,0,0,93,6
grp-a001-02-000000059819574,m,27758,3,0,0,8,3
grp-a001-02-000000059819574,m,33421,37,0,0,363,11
grp-a001-02-000000059819574,m,341893,160,2,2110,976,12
grp-a001-02-000000059819574,m,341898,30,0,0,96,8
grp-a001-02-000000059819574,m,370822,6,0,0,23,5
grp-a001-02-000000059819574,m,556927,2,0,0,2,2
grp-a001-02-000000059819574,m,684924,3,0,0,3,2
grp-a001-02-000000059819574,m,684925,1,0,0,1,1
grp-a001-02-000000059819574,m,684926,68,1,1340,580,9
grp-a001-02-000000059819574,m,684927,28,0,0,428,8
grp-a001-02-000000059819574,m,8753,13,0,0,102,8
grp-a001-02-000000059819574,r,00,2,0,0,6,2
grp-a001-02-000000059819574,r,01,7,0,0,69,7
grp-a001-02-000000059819574,r,02,83,0,0,569,12
grp-a001-02-000000059819574,r,03,18,0,0,134,9
grp-a001-02-000000059819574,r,04,9,0,0,84,7
grp-a001-02-000000059819574,r,05,7,0,0,50,6
grp-a001-02-000000059819574,r,06,14,0,0,83,8
grp-a001-02-000000059819574,r,07,14,0,0,140,5
grp-a001-02-000000059819574,r,08,29,0,0,153,9
grp-a001-02-000000059819574,r,09,72,0,0,540,10
grp-a001-02-000000059819574,r,10,2,0,0,5,1
grp-a001-02-000000059819574,r,11,19,0,0,177,7
grp-a001-02-000000059819574,r,12,9,0,0,59,6
grp-a001-02-000000059819574,r,13,17,0,0,146,7
grp-a001-02-000000059819574,r,14,2,0,0,3,2
grp-a001-02-000000059819574,r,15,22,0,0,135,9
grp-a001-02-000000059819574,r,16,14,2,2110,102,6
grp-a001-02-000000059819574,r,17,4,0,0,16,3
grp-a001-02-000000059819574,r,99,19,1,1340,204,9
grp-a001-02-000000059819577,h,00,49,1,480,383,11
grp-a001-02-000000059819577,h,01,30,0,0,217,9
grp-a001-02-000000059819577,h,02,24,1,1130,158,9
grp-a001-02-000000059819577,h,03,10,0,0,52,5
grp-a001-02-000000059819577,h,04,19,0,0,130,7
grp-a001-02-000000059819577,h,05,26,0,0,192,9
grp-a001-02-000000059819577,h,06,30,0,0,213,10
grp-a001-02-000000059819577,h,07,53,0,0,522,10
grp-a001-02-000000059819577,h,08,56,0,0,614,11
grp-a001-02-000000059819577,h,09,43,0,0,416,10
grp-a001-02-000000059819577,h,10,45,1,980,331,10
grp-a001-02-000000059819577,h,11,48,0,0,385,10
grp-a001-02-000000059819577,h,12,47,0,0,446,11
grp-a001-02-000000059819577,h,13,24,0,0,255,10
grp-a001-02-000000059819577,h,14,19,0,0,135,8
grp-a001-02-000000059819577,h,15,42,0,0,386,10
grp-a001-02-000000059819577,h,16,24,0,0,234,7
grp-a001-02-000000059819577,h,17,57,1,1160,525,10
grp-a001-02-000000059819577,h,18,35,0,0,318,8
grp-a001-02-000000059819577,h,19,49,0,0,524,9
grp-a001-02-000000059819577,h,20,70,0,0,799,10
grp-a001-02-000000059819577,h,21,92,0,0,877,11
grp-a001-02-000000059819577,h,22,152,0,0,1323,11
grp-a001-02-000000059819577,h,23,201,0,0,1752,11
grp-a001-02-000000059819577,m,11068,8,0,0,125,6
grp-a001-02-000000059819577,m,27758,18,0,0,36,2
grp-a001-02-000000059819577,m,33421,856,3,3270,8684,12
grp-a001-02-000000059819577,m,341893,161,0,0,1150,12
grp-a001-02-000000059819577,m,341898,35,0,0,96,11
grp-a001-02-000000059819577,m,370822,10,0,0,46,6
grp-a001-02-000000059819577,m,684924,1,0,0,1,1
grp-a001-02-000000059819577,m,684926,35,0,0,298,8
grp-a001-02-000000059819577,m,684927,13,0,0,151,6
grp-a001-02-000000059819577,m,8753,108,1,480,600,11
grp-a001-02-000000059819577,r,00,6,0,0,59,3
grp-a001-02-000000059819577,r,01,30,0,0,335,10
grp-a001-02-000000059819577,r,02,291,1,1160,2697,12
grp-a001-02-000000059819577,r,03,79,0,0,798,11
grp-a001-02-000000059819577,r,04,32,0,0,260,9
grp-a001-02-000000059819577,r,05,23,0,0,185,9
grp-a001-02-000000059819577,r,06,47,0,0,433,9
grp-a001-02-000000059819577,r,07,33,0,0,389,9
grp-a001-02-000000059819577,r,08,62,0,0,692,11
grp-a001-02-000000059819577,r,09,352,0,0,2850,12
grp-a001-02-000000059819577,r,10,30,1,980,268,8
grp-a001-02-000000059819577,r,11,72,1,480,650,11
grp-a001-02-000000059819577,r,12,25,0,0,204,10
grp-a001-02-000000059819577,r,13,25,1,1130,342,10
grp-a001-02-000000059819577,r,14,8,0,0,57,3
grp-a001-02-000000059819577,r,15,31,0,0,285,9
grp-a001-02-000000059819577,r,16,36,0,0,272,10
grp-a001-02-000000059819577,r,17,10,0,0,53,7
grp-a001-02-000000059819577,r,99,53,0,0,358,11
grp-a001-02-000000059819724,h,00,957,1,1206,6275,131
grp-a001-02-000000059819724,h,01,627,4,5905,3587,118
grp-a001-02-000000059819724,h,02,533,1,1723,3653,82
grp-a001-02-000000059819724,h,03,361,0,0,2272,69
grp-a001-02-000000059819724,h,04,398,0,0,2465,84
grp-a001-02-000000059819724,h,05,488,1,1749,3163,91
grp-a001-02-000000059819724,h,06,671,1,1749,4370,115
grp-a001-02-000000059819724,h,07,850,2,3038,5647,131
grp-a001-02-000000059819724,h,08,825,3,4025,5809,135
grp-a001-02-000000059819724,h,09,808,3,3487,5634,138
grp-a001-02-000000059819724,h,10,831,3,4923,5975,134
grp-a001-02-000000059819724,h,11,634,1,1609,4663,138
grp-a001-02-000000059819724,h,12,763,2,1933,5355,116
grp-a001-02-000000059819724,h,13,527,1,1402,3984,126
grp-a001-02-000000059819724,h,14,622,6,7729,4520,131
grp-a001-02-000000059819724,h,15,560,3,4360,4086,126
grp-a001-02-000000059819724,h,16,690,1,1206,4901,133
grp-a001-02-000000059819724,h,17,709,3,4370,4996,138
grp-a001-02-000000059819724,h,18,630,5,7040,4384,130
grp-a001-02-000000059819724,h,19,704,2,2559,4911,132
grp-a001-02-000000059819724,h,20,952,5,7262,6727,140
grp-a001-02-000000059819724,h,21,1057,4,6574,7533,145
grp-a001-02-000000059819724,h,22,1209,10,13524,8970,144
grp-a001-02-000000059819724,h,23,1959,10,14093,13847,145
grp-a001-02-000000059819724,m,11068,289,0,0,2518,49
grp-a001-02-000000059819724,m,27758,236,4,4522,429,30
grp-a001-02-000000059819724,m,33421,10586,12,16139,77007,154
grp-a001-02-000000059819724,m,341893,1544,3,4467,11838,151
grp-a001-02-000000059819724,m,341898,261,0,0,595,77
grp-a001-02-000000059819724,m,370822,23,0,0,83,19
grp-a001-02-000000059819724,m,556927,2,0,0,2,1
grp-a001-02-000000059819724,m,684924,197,0,0,197,36
grp-a001-02-000000059819724,m,684925,23,0,0,23,6
grp-a001-02-000000059819724,m,684926,2028,11,11972,17382,151
grp-a001-02-000000059819724,m,684927,178,2,2174,1730,79
grp-a001-02-000000059819724,m,8753,2998,40,62192,15923,141
grp-a001-02-000000059819724,r,00,97,0,0,721,52
grp-a001-02-000000059819724,r,01,386,2,2468,2868,115
grp-a001-02-000000059819724,r,02,4130,14,19791,28522,153
grp-a001-02-000000059819724,r,03,829,5,6785,5981,140
grp-a001-02-000000059819724,r,04,687,2,2297,5068,134
grp-a001-02-000000059819724,r,05,198,0,0,1491,69
grp-a001-02-000000059819724,r,06,675,1,1609,4956,136
grp-a001-02-000000059819724,r,07,409,1,1494,2881,121
grp-a001-02-000000059819724,r,08,793,2,3288,5486,140
grp-a001-02-000000059819724,r,09,4018,14,18728,29307,154
grp-a001-02-000000059819724,r,10,366,2,2574,2537,106
grp-a001-02-000000059819724,r,11,975,5,6394,6630,143
grp-a001-02-000000059819724,r,12,178,0,0,1522,67
grp-a001-02-000000059819724,r,13,520,1,1177,3645,128
grp-a001-02-000000059819724,r,14,124,2,3314,886,59
grp-a001-02-000000059819724,r,15,657,8,12379,4411,130
grp-a001-02-000000059819724,r,16,390,1,1190,2810,119
grp-a001-02-000000059819724,r,17,81,1,1749,491,49
grp-a001-02-000000059819724,r,18,435,3,5041,2765,47
grp-a001-02-000000059819724,r,99,2417,8,11188,14749,142
grp-a001-02-000000059819800,h,00,226,0,0,1771,93
grp-a001-02-000000059819800,h,01,126,3,3947,880,61
grp-a001-02-000000059819800,h,02,101,1,897,759,51
grp-a001-02-000000059819800,h,03,70,0,0,558,36
grp-a001-02-000000059819800,h,04,31,0,0,165,19
grp-a001-02-000000059819800,h,05,58,1,1321,420,29
grp-a001-02-000000059819800,h,06,107,0,0,753,50
grp-a001-02-000000059819800,h,07,129,1,1332,1007,76
grp-a001-02-000000059819800,h,08,178,0,0,1425,84
grp-a001-02-000000059819800,h,09,169,1,1364,1348,84
grp-a001-02-000000059819800,h,10,260,1,671,2244,103
grp-a001-02-000000059819800,h,11,257,2,2530,2155,100
grp-a001-02-000000059819800,h,12,305,2,1697,2321,96
grp-a001-02-000000059819800,h,13,224,0,0,1933,91
grp-a001-02-000000059819800,h,14,267,4,4865,2217,101
grp-a001-02-000000059819800,h,15,300,0,0,2665,112
grp-a001-02-000000059819800,h,16,275,1,1226,2304,108
grp-a001-02-000000059819800,h,17,246,2,1972,2180,106
grp-a001-02-000000059819800,h,18,218,1,1347,1655,99
grp-a001-02-000000059819800,h,19,265,6,7210,2168,104
grp-a001-02-000000059819800,h,20,305,2,1525,2156,101
grp-a001-02-000000059819800,h,21,292,4,3789,2369,112
grp-a001-02-000000059819800,h,22,281,2,2132,2407,110
grp-a001-02-000000059819800,h,23,233,2,2242,1803,106
grp-a001-02-000000059819800,m,11068,116,0,0,1645,55
grp-a001-02-000000059819800,m,27758,13,1,961,28,10
grp-a001-02-000000059819800,m,33421,930,4,5057,7409,125
grp-a001-02-000000059819800,m,341893,1193,5,5845,10683,148
grp-a001-02-000000059819800,m,341898,150,0,0,378,73
grp-a001-02-000000059819800,m,370822,20,0,0,66,20
grp-a001-02-000000059819800,m,684924,78,0,0,78,29
grp-a001-02-000000059819800,m,684925,12,0,0,12,10
grp-a001-02-000000059819800,m,684926,1600,10,10328,13292,149
grp-a001-02-000000059819800,m,684927,191,2,1007,1954,94
grp-a001-02-000000059819800,m,8753,620,14,16869,4118,127
grp-a001-02-000000059819800,r,00,18,1,1364,164,17
grp-a001-02-000000059819800,r,01,101,0,0,743,61
grp-a001-02-000000059819800,r,02,1149,7,6804,9447,140
grp-a001-02-000000059819800,r,03,223,5,5989,1749,92
grp-a001-02-000000059819800,r,04,204,0,0,1865,94
grp-a001-02-000000059819800,r,05,54,1,1343,401,39
grp-a001-02-000000059819800,r,06,142,0,0,1254,76
grp-a001-02-000000059819800,r,07,132,1,1332,925,73
grp-a001-02-000000059819800,r,08,205,0,0,1666,91
grp-a001-02-000000059819800,r,09,1226,12,14682,10018,148
grp-a001-02-000000059819800,r,10,88,1,602,604,53
grp-a001-02-000000059819800,r,11,216,1,961,1770,97
grp-a001-02-000000059819800,r,12,85,1,696,708,47
grp-a001-02-000000059819800,r,13,134,0,0,1041,69
grp-a001-02-000000059819800,r,14,27,0,0,243,19
grp-a001-02-000000059819800,r,15,189,2,2401,1585,90
grp-a001-02-000000059819800,r,16,123,2,2226,1012,72
grp-a001-02-000000059819800,r,17,45,1,931,342,28
grp-a001-02-000000059819800,r,18,88,0,0,724,29
grp-a001-02-000000059819800,r,99,474,1,736,3402,115
grp-a001-02-000000059820721,h,00,569,6,10004,3147,53
grp-a001-02-000000059820721,h,01,418,3,5218,2446,55
grp-a001-02-000000059820721,h,02,362,0,0,2225,48
grp-a001-02-000000059820721,h,03,216,3,4893,1493,35
grp-a001-02-000000059820721,h,04,234,0,0,1362,31
grp-a001-02-000000059820721,h,05,338,0,0,1934,45
grp-a001-02-000000059820721,h,06,331,0,0,2057,49
grp-a001-02-000000059820721,h,07,537,3,4925,3120,47
grp-a001-02-000000059820721,h,08,555,5,8106,2844,51
grp-a001-02-000000059820721,h,09,431,2,3351,2554,48
grp-a001-02-000000059820721,h,10,445,3,4399,3076,55
grp-a001-02-000000059820721,h,11,403,5,8437,3090,53
grp-a001-02-000000059820721,h,12,550,4,6804,3637,49
grp-a001-02-000000059820721,h,13,324,7,11064,1629,51
grp-a001-02-000000059820721,h,14,389,6,9998,2093,49
grp-a001-02-000000059820721,h,15,354,7,11652,2423,51
grp-a001-02-000000059820721,h,16,401,2,3493,2521,54
grp-a001-02-000000059820721,h,17,389,5,7533,2613,54
grp-a001-02-000000059820721,h,18,435,8,12160,2341,53
grp-a001-02-000000059820721,h,19,474,8,12067,2734,52
grp-a001-02-000000059820721,h,20,546,8,13170,2807,53
grp-a001-02-000000059820721,h,21,556,6,10219,2931,56
grp-a001-02-000000059820721,h,22,525,4,6821,2928,54
grp-a001-02-000000059820721,h,23,466,6,10110,2750,50
grp-a001-02-000000059820721,m,11068,169,2,2333,905,36
grp-a001-02-000000059820721,m,27758,88,2,2268,176,23
grp-a001-02-000000059820721,m,33421,4904,9,15139,36383,64
grp-a001-02-000000059820721,m,341893,631,1,1072,3807,79
grp-a001-02-000000059820721,m,341898,136,0,0,295,39
grp-a001-02-000000059820721,m,370822,1,0,0,5,1
grp-a001-02-000000059820721,m,684924,271,0,0,271,17
grp-a001-02-000000059820721,m,684925,25,0,0,25,10
grp-a001-02-000000059820721,m,684926,1634,42,68628,9078,61
grp-a001-02-000000059820721,m,684927,52,0,0,512,24
grp-a001-02-000000059820721,m,805760,1,0,0,4,1
grp-a001-02-000000059820721,m,8753,2336,45,74984,9294,57
grp-a001-02-000000059820721,r,00,39,1,1651,206,20
grp-a001-02-000000059820721,r,01,214,3,4539,1232,50
grp-a001-02-000000059820721,r,02,2181,25,40972,13423,68
grp-a001-02-000000059820721,r,03,437,5,8386,2585,54
grp-a001-02-000000059820721,r,04,328,4,6538,2416,53
grp-a001-02-000000059820721,r,05,40,1,1719,232,8
grp-a001-02-000000059820721,r,06,281,2,3349,1852,53
grp-a001-02-000000059820721,r,07,186,1,1575,960,49
grp-a001-02-000000059820721,r,08,418,10,15553,2334,55
grp-a001-02-000000059820721,r,09,2072,24,38372,12028,69
grp-a001-02-000000059820721,r,10,189,1,1744,1161,46
grp-a001-02-000000059820721,r,11,496,1,1571,2646,53
grp-a001-02-000000059820721,r,12,25,0,0,77,6
grp-a001-02-000000059820721,r,13,261,2,3331,1347,48
grp-a001-02-000000059820721,r,14,95,0,0,605,35
grp-a001-02-000000059820721,r,15,398,3,4966,2313,54
grp-a001-02-000000059820721,r,16,198,2,3353,1088,50
grp-a001-02-000000059820721,r,17,59,1,1749,356,26
grp-a001-02-000000059820721,r,18,331,7,11787,1912,47
grp-a001-02-000000059820721,r,99,2000,8,13269,11982,60
grp-a001-02-000000059820722,h,00,336,0,0,1293,13
grp-a001-02-000000059820722,h,01,387,1,370,1592,18
grp-a001-02-000000059820722,h,02,436,0,0,1677,11
grp-a001-02-000000059820722,h,03,376,0,0,1553,10
grp-a001-02-000000059820722,h,04,412,0,0,1623,12
grp-a001-02-000000059820722,h,05,354,0,0,1521,13
grp-a001-02-000000059820722,h,06,575,1,1226,2244,13
grp-a001-02-000000059820722,h,07,248,2,2377,1068,14
grp-a001-02-000000059820722,h,08,121,0,0,628,17
grp-a001-02-000000059820722,h,09,128,1,740,519,18
grp-a001-02-000000059820722,h,10,119,1,1925,868,15
grp-a001-02-000000059820722,h,11,126,1,1832,684,17
grp-a001-02-000000059820722,h,12,151,2,3138,665,19
grp-a001-02-000000059820722,h,13,100,1,823,428,16
grp-a001-02-000000059820722,h,14,105,3,3783,456,16
grp-a001-02-000000059820722,h,15,162,0,0,966,15
grp-a001-02-000000059820722,h,16,108,0,0,512,19
grp-a001-02-000000059820722,h,17,109,1,540,704,20
grp-a001-02-000000059820722,h,18,104,0,0,463,19
grp-a001-02-000000059820722,h,19,103,0,0,516,13
grp-a001-02-000000059820722,h,20,122,1,822,475,14
grp-a001-02-000000059820722,h,21,140,1,790,653,22
grp-a001-02-000000059820722,h,22,128,2,2845,706,18
grp-a001-02-000000059820722,h,23,349,1,1824,1646,15
grp-a001-02-000000059820722,m,11068,84,0,0,414,11
grp-a001-02-000000059820722,m,27758,17,0,0,32,5
grp-a001-02-000000059820722,m,33421,3644,1,1925,15671,33
grp-a001-02-000000059820722,m,341893,164,1,822,975,40
grp-a001-02-000000059820722,m,341898,28,1,790,58,7
grp-a001-02-000000059820722,m,684924,81,0,0,81,3
grp-a001-02-000000059820722,m,684925,1,0,0,1,1
grp-a001-02-000000059820722,m,684926,356,3,2564,2945,41
grp-a001-02-000000059820722,m,684927,32,2,2093,299,19
grp-a001-02-000000059820722,m,805760,3,0,0,4,3
grp-a001-02-000000059820722,m,8753,889,11,14841,2980,26
grp-a001-02-000000059820722,r,00,14,0,0,82,9
grp-a001-02-000000059820722,r,01,76,1,1665,362,11
grp-a001-02-000000059820722,r,02,867,7,6728,3936,42
grp-a001-02-000000059820722,r,03,166,1,1226,786,17
grp-a001-02-000000059820722,r,04,95,0,0,535,12
grp-a001-02-000000059820722,r,05,4,0,0,32,3
grp-a001-02-000000059820722,r,06,124,1,1492,683,14
grp-a001-02-000000059820722,r,07,79,0,0,354,13
grp-a001-02-000000059820722,r,08,152,1,823,754,18
grp-a001-02-000000059820722,r,09,1392,3,5237,6310,37
grp-a001-02-000000059820722,r,10,77,0,0,393,12
grp-a001-02-000000059820722,r,11,192,1,740,785,16
grp-a001-02-000000059820722,r,12,2,0,0,20,2
grp-a001-02-000000059820722,r,13,86,0,0,462,15
grp-a001-02-000000059820722,r,14,43,1,1727,209,6
grp-a001-02-000000059820722,r,15,94,0,0,365,17
grp-a001-02-000000059820722,r,16,74,1,1925,321,12
grp-a001-02-000000059820722,r,17,24,0,0,142,7
grp-a001-02-000000059820722,r,18,109,1,822,445,12
grp-a001-02-000000059820722,r,99,1629,1,650,6484,25
grp-a001-02-000000059820848,h,00,428,8,12162,2740,88
grp-a001-02-000000059820848,h,01,292,6,9004,1688,83
grp-a001-02-000000059820848,h,02,200,1,1650,1294,60
grp-a001-02-000000059820848,h,03,157,2,2419,1048,51
grp-a001-02-000000059820848,h,04,133,0,0,827,48
grp-a001-02-000000059820848,h,05,135,2,2691,979,48
grp-a001-02-000000059820848,h,06,199,1,1642,1340,68
grp-a001-02-000000059820848,h,07,238,3,3577,1420,75
grp-a001-02-000000059820848,h,08,380,4,6272,2166,92
grp-a001-02-000000059820848,h,09,453,2,3168,2789,95
grp-a001-02-000000059820848,h,10,465,4,6424,2855,97
grp-a001-02-000000059820848,h,11,492,2,3225,2853,99
grp-a001-02-000000059820848,h,12,590,3,4173,3404,105
grp-a001-02-000000059820848,h,13,548,5,6559,2993,96
grp-a001-02-000000059820848,h,14,553,7,10852,3040,99
grp-a001-02-000000059820848,h,15,556,3,4272,3153,102
grp-a001-02-000000059820848,h,16,573,3,4928,3376,105
grp-a001-02-000000059820848,h,17,493,5,7929,2865,95
grp-a001-02-000000059820848,h,18,424,5,7550,2735,94
grp-a001-02-000000059820848,h,19,532,8,12283,3206,102
grp-a001-02-000000059820848,h,20,523,8,12448,2715,101
grp-a001-02-000000059820848,h,21,509,3,4752,2889,104
grp-a001-02-000000059820848,h,22,533,3,4908,2922,107
grp-a001-02-000000059820848,h,23,512,4,5828,2827,101
grp-a001-02-000000059820848,m,11068,551,0,0,4239,57
grp-a001-02-000000059820848,m,27758,284,3,4867,536,42
grp-a001-02-000000059820848,m,33421,3202,15,24127,19383,90
grp-a001-02-000000059820848,m,341893,1487,17,20534,8919,152
grp-a001-02-000000059820848,m,341898,348,2,3122,692,98
grp-a001-02-000000059820848,m,370822,126,0,0,296,68
grp-a001-02-000000059820848,m,556927,3,0,0,3,2
grp-a001-02-000000059820848,m,684924,246,1,1248,246,30
grp-a001-02-000000059820848,m,684925,93,0,0,93,24
grp-a001-02-000000059820848,m,684926,1766,21,32376,13077,116
grp-a001-02-000000059820848,m,684927,376,1,1060,3978,97
grp-a001-02-000000059820848,m,787480,1,0,0,25,1
grp-a001-02-000000059820848,m,805759,2,0,0,34,2
grp-a001-02-000000059820848,m,805760,5,0,0,18,4
grp-a001-02-000000059820848,m,8753,1428,32,51382,6585,83
grp-a001-02-000000059820848,r,00,61,0,0,374,33
grp-a001-02-000000059820848,r,01,216,1,1489,1129,75
grp-a001-02-000000059820848,r,02,2018,27,40628,12475,142
grp-a001-02-000000059820848,r,03,413,3,4665,2204,100
grp-a001-02-000000059820848,r,04,316,3,4782,2006,91
grp-a001-02-000000059820848,r,05,70,0,0,450,38
grp-a001-02-000000059820848,r,06,288,2,2710,1616,91
grp-a001-02-000000059820848,r,07,203,2,3210,1358,77
grp-a001-02-000000059820848,r,08,358,4,5953,2088,93
grp-a001-02-000000059820848,r,09,3161,17,27265,18122,132
grp-a001-02-000000059820848,r,10,143,1,816,772,65
grp-a001-02-000000059820848,r,11,414,10,14038,2466,92
grp-a001-02-000000059820848,r,12,79,0,0,489,43
grp-a001-02-000000059820848,r,13,195,1,1461,1189,77
grp-a001-02-000000059820848,r,14,56,1,1405,379,31
grp-a001-02-000000059820848,r,15,344,4,6361,2133,94
grp-a001-02-000000059820848,r,16,204,4,6261,1273,78
grp-a001-02-000000059820848,r,17,72,3,4885,457,45
grp-a001-02-000000059820848,r,18,265,0,0,1522,45
grp-a001-02-000000059820848,r,99,1042,9,12787,5622,105
grp-a001-02-000000059820884,h,00,330,3,4768,2020,49
grp-a001-02-000000059820884,h,01,212,1,1515,1130,33
grp-a001-02-000000059820884,h,02,178,0,0,1153,27
grp-a001-02-000000059820884,h,03,152,0,0,1003,30
grp-a001-02-000000059820884,h,04,144,2,4200,671,29
grp-a001-02-000000059820884,h,05,159,0,0,1100,29
grp-a001-02-000000059820884,h,06,177,2,4058,1159,37
grp-a001-02-000000059820884,h,07,208,1,2114,1086,44
grp-a001-02-000000059820884,h,08,238,1,2178,1608,45
grp-a001-02-000000059820884,h,09,335,2,3782,1946,47
grp-a001-02-000000059820884,h,10,355,0,0,2552,55
grp-a001-02-000000059820884,h,11,383,5,8633,2665,54
grp-a001-02-000000059820884,h,12,409,4,6877,3286,53
grp-a001-02-000000059820884,h,13,377,1,2004,2672,61
grp-a001-02-000000059820884,h,14,408,5,9713,2516,66
grp-a001-02-000000059820884,h,15,395,5,8845,2545,60
grp-a001-02-000000059820884,h,16,407,3,6308,2676,65
grp-a001-02-000000059820884,h,17,424,3,5467,2926,60
grp-a001-02-000000059820884,h,18,332,2,2948,2342,56
grp-a001-02-000000059820884,h,19,372,1,1007,2469,55
grp-a001-02-000000059820884,h,20,365,6,11860,2289,64
grp-a001-02-000000059820884,h,21,358,5,7734,2031,68
grp-a001-02-000000059820884,h,22,382,3,5934,1921,59
grp-a001-02-000000059820884,h,23,319,5,6250,1848,50
grp-a001-02-000000059820884,m,11068,503,5,7995,4399,40
grp-a001-02-000000059820884,m,27758,246,5,9381,487,28
grp-a001-02-000000059820884,m,33421,2636,3,6319,20453,53
grp-a001-02-000000059820884,m,341893,777,7,9704,5246,131
grp-a001-02-000000059820884,m,341898,145,0,0,278,47
grp-a001-02-000000059820884,m,370822,52,1,1165,135,33
grp-a001-02-000000059820884,m,556927,7,0,0,7,6
grp-a001-02-000000059820884,m,684924,374,2,4130,374,16
grp-a001-02-000000059820884,m,684925,59,0,0,59,13
grp-a001-02-000000059820884,m,684926,1049,14,23270,7924,87
grp-a001-02-000000059820884,m,684927,343,1,2174,3609,59
grp-a001-02-000000059820884,m,787480,1,0,0,21,1
grp-a001-02-000000059820884,m,805759,5,0,0,75,3
grp-a001-02-000000059820884,m,805760,2,0,0,5,1
grp-a001-02-000000059820884,m,8753,1220,22,42057,4542,45
grp-a001-02-000000059820884,r,00,46,0,0,622,17
grp-a001-02-000000059820884,r,01,170,1,2033,1074,49
grp-a001-02-000000059820884,r,02,1464,10,15742,10126,112
grp-a001-02-000000059820884,r,03,294,7,12997,1757,56
grp-a001-02-000000059820884,r,04,233,3,6055,1743,49
grp-a001-02-000000059820884,r,05,17,0,0,142,14
grp-a001-02-000000059820884,r,06,202,1,2178,1241,48
grp-a001-02-000000059820884,r,07,130,1,1125,765,43
grp-a001-02-000000059820884,r,08,268,3,4934,1506,56
grp-a001-02-000000059820884,r,09,2945,19,34905,17884,109
grp-a001-02-000000059820884,r,10,95,2,4138,757,38
grp-a001-02-000000059820884,r,11,251,1,2178,1673,52
grp-a001-02-000000059820884,r,12,16,1,1188,125,14
grp-a001-02-000000059820884,r,13,143,3,4733,985,48
grp-a001-02-000000059820884,r,14,48,0,0,275,19
grp-a001-02-000000059820884,r,15,224,3,5312,1569,58
grp-a001-02-000000059820884,r,16,183,3,5292,1311,42
grp-a001-02-000000059820884,r,17,37,0,0,257,22
grp-a001-02-000000059820884,r,18,212,1,2117,1241,31
grp-a001-02-000000059820884,r,99,441,1,1268,2561,68
grp-a001-02-000000059820913,h,00,748,6,10669,3509,125
grp-a001-02-000000059820913,h,01,579,5,8600,2259,127
grp-a001-02-000000059820913,h,02,532,3,5368,2208,116
grp-a001-02-000000059820913,h,03,428,0,0,1680,106
grp-a001-02-000000059820913,h,04,377,1,1275,1173,90
grp-a001-02-000000059820913,h,05,421,1,1346,1529,103
grp-a001-02-000000059820913,h,06,553,3,4870,2360,110
grp-a001-02-000000059820913,h,07,650,5,8360,2630,124
grp-a001-02-000000059820913,h,08,769,9,14160,3458,138
grp-a001-02-000000059820913,h,09,814,9,14600,3329,130
grp-a001-02-000000059820913,h,10,871,8,13403,3835,139
grp-a001-02-000000059820913,h,11,931,12,19125,4124,138
grp-a001-02-000000059820913,h,12,909,14,23539,4080,135
grp-a001-02-000000059820913,h,13,922,14,23354,3964,134
grp-a001-02-000000059820913,h,14,968,16,28033,4394,143
grp-a001-02-000000059820913,h,15,912,13,21728,3800,142
grp-a001-02-000000059820913,h,16,875,6,10136,3737,136
grp-a001-02-000000059820913,h,17,882,10,16480,3844,139
grp-a001-02-000000059820913,h,18,863,8,14043,3491,134
grp-a001-02-000000059820913,h,19,920,5,8685,3960,138
grp-a001-02-000000059820913,h,20,935,11,19411,4108,138
grp-a001-02-000000059820913,h,21,1065,22,35489,4525,133
grp-a001-02-000000059820913,h,22,1011,14,23991,4564,137
grp-a001-02-000000059820913,h,23,888,14,23683,3741,133
grp-a001-02-000000059820913,m,11068,977,11,17947,5927,128
grp-a001-02-000000059820913,m,27758,768,20,31496,1123,134
grp-a001-02-000000059820913,m,33421,8166,21,35684,30449,145
grp-a001-02-000000059820913,m,341893,1390,8,12576,6663,153
grp-a001-02-000000059820913,m,341898,583,3,4426,1023,132
grp-a001-02-000000059820913,m,370822,161,0,0,349,98
grp-a001-02-000000059820913,m,556927,12,0,0,12,11
grp-a001-02-000000059820913,m,684924,200,0,0,200,76
grp-a001-02-000000059820913,m,684925,129,1,1580,129,56
grp-a001-02-000000059820913,m,684926,2314,28,45535,15517,153
grp-a001-02-000000059820913,m,684927,565,9,15174,4410,132
grp-a001-02-000000059820913,m,787480,1,0,0,16,1
grp-a001-02-000000059820913,m,805759,4,0,0,40,3
grp-a001-02-000000059820913,m,805760,11,0,0,48,6
grp-a001-02-000000059820913,m,8753,3542,108,185930,14396,145
grp-a001-02-000000059820913,r,-1,2,0,0,24,1
grp-a001-02-000000059820913,r,00,71,3,5386,308,44
grp-a001-02-000000059820913,r,01,416,10,17618,2103,123
grp-a001-02-000000059820913,r,02,3001,35,57321,15190,150
grp-a001-02-000000059820913,r,03,631,10,16061,3341,142
grp-a001-02-000000059820913,r,04,513,10,16970,2564,130
grp-a001-02-000000059820913,r,05,154,7,11437,840,68
grp-a001-02-000000059820913,r,06,472,6,10780,2256,125
grp-a001-02-000000059820913,r,07,306,6,9644,1529,119
grp-a001-02-000000059820913,r,08,621,17,28169,3079,135
grp-a001-02-000000059820913,r,09,9012,41,68815,30853,153
grp-a001-02-000000059820913,r,10,257,8,14166,1268,101
grp-a001-02-000000059820913,r,11,614,7,11810,2885,134
grp-a001-02-000000059820913,r,12,139,1,1639,740,60
grp-a001-02-000000059820913,r,13,333,8,13695,1790,109
grp-a001-02-000000059820913,r,14,115,0,0,442,59
grp-a001-02-000000059820913,r,15,549,11,18564,2609,128
grp-a001-02-000000059820913,r,16,311,6,9579,1670,113
grp-a001-02-000000059820913,r,17,93,2,3558,484,55
grp-a001-02-000000059820913,r,18,286,7,12768,1550,45
grp-a001-02-000000059820913,r,99,927,14,22368,4777,140
grp-a001-02-000000059820923,h,00,447,1,975,3310,112
grp-a001-02-000000059820923,h,01,404,5,5642,2917,104
grp-a001-02-000000059820923,h,02,305,6,6799,2139,85
grp-a001-02-000000059820923,h,03,222,0,0,1611,81
grp-a001-02-000000059820923,h,04,242,1,1232,1781,76
grp-a001-02-000000059820923,h,05,234,1,1159,1687,87
grp-a001-02-000000059820923,h,06,350,2,1651,2501,96
grp-a001-02-000000059820923,h,07,471,12,12415,3308,110
grp-a001-02-000000059820923,h,08,491,5,5856,3675,109
grp-a001-02-000000059820923,h,09,607,8,9280,4770,115
grp-a001-02-000000059820923,h,10,625,6,6202,4589,112
grp-a001-02-000000059820923,h,11,592,11,12421,4305,109
grp-a001-02-000000059820923,h,12,720,10,11494,5464,117
grp-a001-02-000000059820923,h,13,622,4,3794,4793,116
grp-a001-02-000000059820923,h,14,680,14,14277,5067,117
grp-a001-02-000000059820923,h,15,630,14,14986,4650,118
grp-a001-02-000000059820923,h,16,623,10,9871,4658,119
grp-a001-02-000000059820923,h,17,664,12,13329,4748,118
grp-a001-02-000000059820923,h,18,614,6,6495,4512,118
grp-a001-02-000000059820923,h,19,573,9,9513,4332,115
grp-a001-02-000000059820923,h,20,715,22,24354,5158,119
grp-a001-02-000000059820923,h,21,780,16,16608,5630,114
grp-a001-02-000000059820923,h,22,728,13,12544,5251,115
grp-a001-02-000000059820923,h,23,637,18,19913,4621,116
grp-a001-02-000000059820923,m,11068,327,1,778,2396,88
grp-a001-02-000000059820923,m,27758,112,7,5725,284,49
grp-a001-02-000000059820923,m,33421,4662,9,8139,36618,128
grp-a001-02-000000059820923,m,341893,1417,19,18905,11872,121
grp-a001-02-000000059820923,m,341898,113,1,1232,349,45
grp-a001-02-000000059820923,m,370822,14,0,0,71,13
grp-a001-02-000000059820923,m,684924,123,1,1155,123,39
grp-a001-02-000000059820923,m,684925,24,0,0,24,10
grp-a001-02-000000059820923,m,684926,3125,42,46318,24929,131
grp-a001-02-000000059820923,m,684927,428,4,3181,4478,113
grp-a001-02-000000059820923,m,805760,11,1,1050,61,10
grp-a001-02-000000059820923,m,8753,2620,121,134327,14272,128
grp-a001-02-000000059820923,r,00,65,1,1162,399,36
grp-a001-02-000000059820923,r,01,285,3,3364,2023,95
grp-a001-02-000000059820923,r,02,2423,54,57661,18002,130
grp-a001-02-000000059820923,r,03,630,13,13376,4748,117
grp-a001-02-000000059820923,r,04,385,8,9298,2909,102
grp-a001-02-000000059820923,r,05,114,4,4762,936,54
grp-a001-02-000000059820923,r,06,354,5,5226,2503,104
grp-a001-02-000000059820923,r,07,224,5,4537,1540,84
grp-a001-02-000000059820923,r,08,452,6,5740,3536,113
grp-a001-02-000000059820923,r,09,4757,44,47770,35417,129
grp-a001-02-000000059820923,r,10,178,3,3558,1249,68
grp-a001-02-000000059820923,r,11,487,13,12711,3842,113
grp-a001-02-000000059820923,r,12,158,7,7382,1207,53
grp-a001-02-000000059820923,r,13,289,2,2025,2083,92
grp-a001-02-000000059820923,r,14,73,1,1172,661,41
grp-a001-02-000000059820923,r,15,439,9,10306,3091,108
grp-a001-02-000000059820923,r,16,273,4,4383,1932,91
grp-a001-02-000000059820923,r,17,70,0,0,502,47
grp-a001-02-000000059820923,r,18,219,5,5126,1477,42
grp-a001-02-000000059820923,r,99,1101,19,21251,7420,124
grp-a001-02-000000059820925,h,00,543,2,2639,2579,111
grp-a001-02-000000059820925,h,01,458,5,6262,2050,92
grp-a001-02-000000059820925,h,02,456,1,1292,1995,84
grp-a001-02-000000059820925,h,03,379,3,3859,1572,89
grp-a001-02-000000059820925,h,04,383,0,0,1704,83
grp-a001-02-000000059820925,h,05,354,0,0,1551,88
grp-a001-02-000000059820925,h,06,461,1,1275,2183,98
grp-a001-02-000000059820925,h,07,573,3,3698,3129,117
grp-a001-02-000000059820925,h,08,544,4,4882,2882,112
grp-a001-02-000000059820925,h,09,567,7,8679,3501,115
grp-a001-02-000000059820925,h,10,615,5,6169,4078,118
grp-a001-02-000000059820925,h,11,540,2,2629,3934,111
grp-a001-02-000000059820925,h,12,538,5,6189,3315,110
grp-a001-02-000000059820925,h,13,517,4,4822,3145,112
grp-a001-02-000000059820925,h,14,594,3,3699,3475,118
grp-a001-02-000000059820925,h,15,549,4,5257,3793,115
grp-a001-02-000000059820925,h,16,591,5,6294,3679,112
grp-a001-02-000000059820925,h,17,556,2,2081,3550,115
grp-a001-02-000000059820925,h,18,571,1,895,3157,117
grp-a001-02-000000059820925,h,19,585,8,11180,3350,112
grp-a001-02-000000059820925,h,20,657,3,3843,3480,117
grp-a001-02-000000059820925,h,21,683,6,7209,4130,120
grp-a001-02-000000059820925,h,22,761,1,1214,4532,119
grp-a001-02-000000059820925,h,23,826,6,7334,4029,119
grp-a001-02-000000059820925,m,11068,244,0,0,2606,74
grp-a001-02-000000059820925,m,27758,102,3,3363,183,30
grp-a001-02-000000059820925,m,33421,8369,5,6337,40383,131
grp-a001-02-000000059820925,m,341893,995,8,9587,8041,126
grp-a001-02-000000059820925,m,341898,168,1,1110,309,63
grp-a001-02-000000059820925,m,370822,13,0,0,46,12
grp-a001-02-000000059820925,m,556927,1,0,0,1,1
grp-a001-02-000000059820925,m,684924,89,0,0,89,33
grp-a001-02-000000059820925,m,684925,19,0,0,19,10
grp-a001-02-000000059820925,m,684926,1718,14,17120,14042,131
grp-a001-02-000000059820925,m,684927,166,1,854,1953,77
grp-a001-02-000000059820925,m,805759,1,0,0,7,1
grp-a001-02-000000059820925,m,805760,2,0,0,11,2
grp-a001-02-000000059820925,m,8753,1414,49,63030,7103,128
grp-a001-02-000000059820925,r,00,47,0,0,431,25
grp-a001-02-000000059820925,r,01,184,3,4067,1297,78
grp-a001-02-000000059820925,r,02,1642,24,29626,11656,131
grp-a001-02-000000059820925,r,03,387,6,7998,2533,106
grp-a001-02-000000059820925,r,04,301,0,0,2046,98
grp-a001-02-000000059820925,r,05,71,0,0,446,32
grp-a001-02-000000059820925,r,06,251,1,1245,1785,92
grp-a001-02-000000059820925,r,07,167,1,1710,1089,68
grp-a001-02-000000059820925,r,08,311,4,4925,2017,102
grp-a001-02-000000059820925,r,09,7757,18,22240,36614,133
grp-a001-02-000000059820925,r,10,116,0,0,848,58
grp-a001-02-000000059820925,r,11,347,2,2733,2478,102
grp-a001-02-000000059820925,r,12,97,1,1150,661,47
grp-a001-02-000000059820925,r,13,242,1,1261,1507,91
grp-a001-02-000000059820925,r,14,35,0,0,214,24
grp-a001-02-000000059820925,r,15,259,5,6181,1784,95
grp-a001-02-000000059820925,r,16,188,0,0,1371,81
grp-a001-02-000000059820925,r,17,62,2,2536,409,36
grp-a001-02-000000059820925,r,18,174,2,2520,1439,45
grp-a001-02-000000059820925,r,99,663,11,13209,4168,121
grp-a001-02-000000059820931,h,00,552,3,4480,2407,120
grp-a001-02-000000059820931,h,01,456,4,5941,1834,114
grp-a001-02-000000059820931,h,02,462,0,0,1542,96
grp-a001-02-000000059820931,h,03,434,3,4387,1313,86
grp-a001-02-000000059820931,h,04,354,0,0,1147,83
grp-a001-02-000000059820931,h,05,429,1,1350,1509,91
grp-a001-02-000000059820931,h,06,476,3,4324,1887,108
grp-a001-02-000000059820931,h,07,604,0,0,2400,119
grp-a001-02-000000059820931,h,08,611,4,5885,3097,124
grp-a001-02-000000059820931,h,09,583,3,4275,2788,127
grp-a001-02-000000059820931,h,10,646,3,4406,3150,134
grp-a001-02-000000059820931,h,11,675,3,4297,3619,133
grp-a001-02-000000059820931,h,12,594,3,4492,2835,126
grp-a001-02-000000059820931,h,13,550,1,1592,2805,136
grp-a001-02-000000059820931,h,14,650,7,10030,3184,136
grp-a001-02-000000059820931,h,15,600,3,4271,3115,135
grp-a001-02-000000059820931,h,16,686,8,11578,3398,127
grp-a001-02-000000059820931,h,17,554,4,6266,2797,131
grp-a001-02-000000059820931,h,18,547,1,1582,2593,125
grp-a001-02-000000059820931,h,19,603,2,2909,3297,128
grp-a001-02-000000059820931,h,20,597,5,7546,3112,132
grp-a001-02-000000059820931,h,21,714,5,7450,3626,134
grp-a001-02-000000059820931,h,22,716,1,1529,3784,132
grp-a001-02-000000059820931,h,23,725,4,5432,3871,127
grp-a001-02-000000059820931,m,11068,544,4,6217,3677,124
grp-a001-02-000000059820931,m,27758,214,2,2859,495,88
grp-a001-02-000000059820931,m,33421,8300,6,8601,31902,147
grp-a001-02-000000059820931,m,341893,852,3,4103,6190,145
grp-a001-02-000000059820931,m,341898,204,1,1589,471,80
grp-a001-02-000000059820931,m,370822,52,0,0,132,36
grp-a001-02-000000059820931,m,556927,12,0,0,13,7
grp-a001-02-000000059820931,m,684924,83,0,0,83,36
grp-a001-02-000000059820931,m,684925,50,0,0,50,25
grp-a001-02-000000059820931,m,684926,1420,22,32120,10161,150
grp-a001-02-000000059820931,m,684927,317,2,2690,3003,121
grp-a001-02-000000059820931,m,787480,1,0,0,47,1
grp-a001-02-000000059820931,m,805759,4,0,0,39,4
grp-a001-02-000000059820931,m,805760,4,0,0,25,3
grp-a001-02-000000059820931,m,8753,1761,31,45843,8822,144
grp-a001-02-000000059820931,r,00,34,0,0,168,25
grp-a001-02-000000059820931,r,01,171,1,1595,1149,97
grp-a001-02-000000059820931,r,02,1806,22,33171,12091,152
grp-a001-02-000000059820931,r,03,327,3,4520,2126,118
grp-a001-02-000000059820931,r,04,258,2,3003,1854,111
grp-a001-02-000000059820931,r,05,100,1,1622,548,50
grp-a001-02-000000059820931,r,06,381,7,9512,2153,116
grp-a001-02-000000059820931,r,07,160,2,3158,938,92
grp-a001-02-000000059820931,r,08,357,3,4468,2449,117
grp-a001-02-000000059820931,r,09,8227,9,12748,28478,152
grp-a001-02-000000059820931,r,10,129,1,1675,805,74
grp-a001-02-000000059820931,r,11,363,3,4437,2494,129
grp-a001-02-000000059820931,r,12,83,2,2795,572,48
grp-a001-02-000000059820931,r,13,200,1,1450,1363,92
grp-a001-02-000000059820931,r,14,48,1,1595,328,32
grp-a001-02-000000059820931,r,15,239,2,2824,1682,105
grp-a001-02-000000059820931,r,16,183,2,2833,1304,93
grp-a001-02-000000059820931,r,17,51,0,0,315,36
grp-a001-02-000000059820931,r,18,167,2,3054,1042,44
grp-a001-02-000000059820931,r,99,534,7,9562,3251,132
grp-a001-02-000000059820953,h,00,521,6,8698,2440,112
grp-a001-02-000000059820953,h,01,348,2,2913,1421,106
grp-a001-02-000000059820953,h,02,275,1,1415,1123,96
grp-a001-02-000000059820953,h,03,280,0,0,1045,92
grp-a001-02-000000059820953,h,04,233,1,1440,800,89
grp-a001-02-000000059820953,h,05,286,0,0,1065,91
grp-a001-02-000000059820953,h,06,393,2,2655,1598,110
grp-a001-02-000000059820953,h,07,523,4,5523,2561,120
grp-a001-02-000000059820953,h,08,587,5,6775,2571,120
grp-a001-02-000000059820953,h,09,590,6,8545,2888,120
grp-a001-02-000000059820953,h,10,560,9,11848,2918,122
grp-a001-02-000000059820953,h,11,585,6,7967,3056,127
grp-a001-02-000000059820953,h,12,613,6,8723,3684,125
grp-a001-02-000000059820953,h,13,642,12,17474,3359,120
grp-a001-02-000000059820953,h,14,620,6,8365,3092,128
grp-a001-02-000000059820953,h,15,712,5,7114,3689,129
grp-a001-02-000000059820953,h,16,698,6,8731,3706,122
grp-a001-02-000000059820953,h,17,625,9,12930,3586,130
grp-a001-02-000000059820953,h,18,665,8,11355,3948,117
grp-a001-02-000000059820953,h,19,628,10,14368,3242,122
grp-a001-02-000000059820953,h,20,736,9,12708,3713,127
grp-a001-02-000000059820953,h,21,677,12,16337,3554,120
grp-a001-02-000000059820953,h,22,750,8,11185,4085,121
grp-a001-02-000000059820953,h,23,662,10,14406,3241,120
grp-a001-02-000000059820953,m,11068,586,6,8701,3665,118
grp-a001-02-000000059820953,m,27758,509,19,27466,1120,91
grp-a001-02-000000059820953,m,33421,5224,6,7884,23569,137
grp-a001-02-000000059820953,m,341893,944,4,4822,5237,141
grp-a001-02-000000059820953,m,341898,239,1,1379,365,75
grp-a001-02-000000059820953,m,370822,46,1,1442,129,38
grp-a001-02-000000059820953,m,556927,8,0,0,8,5
grp-a001-02-000000059820953,m,684924,198,1,1420,198,39
grp-a001-02-000000059820953,m,684925,67,0,0,67,23
grp-a001-02-000000059820953,m,684926,2004,12,17108,15598,143
grp-a001-02-000000059820953,m,684927,445,0,0,4454,117
grp-a001-02-000000059820953,m,787480,1,0,0,42,1
grp-a001-02-000000059820953,m,805759,3,0,0,25,3
grp-a001-02-000000059820953,m,805760,5,0,0,28,5
grp-a001-02-000000059820953,m,8753,2930,93,131253,11880,132
grp-a001-02-000000059820953,r,00,27,0,0,163,14
grp-a001-02-000000059820953,r,01,262,8,11583,1298,89
grp-a001-02-000000059820953,r,02,2291,43,61278,13898,147
grp-a001-02-000000059820953,r,03,563,10,14431,2992,111
grp-a001-02-000000059820953,r,04,413,3,4231,2778,102
grp-a001-02-000000059820953,r,05,121,2,2180,706,49
grp-a001-02-000000059820953,r,06,364,4,5681,2172,100
grp-a001-02-000000059820953,r,07,289,5,7388,1457,91
grp-a001-02-000000059820953,r,08,452,8,11400,2569,102
grp-a001-02-000000059820953,r,09,5640,20,26844,22127,148
grp-a001-02-000000059820953,r,10,142,2,2969,826,63
grp-a001-02-000000059820953,r,11,589,2,2889,3034,112
grp-a001-02-000000059820953,r,12,99,1,1485,657,47
grp-a001-02-000000059820953,r,13,289,7,9574,1673,81
grp-a001-02-000000059820953,r,14,34,0,0,216,21
grp-a001-02-000000059820953,r,15,360,10,13854,2232,102
grp-a001-02-000000059820953,r,16,240,5,7103,1370,81
grp-a001-02-000000059820953,r,17,71,1,1369,379,41
grp-a001-02-000000059820953,r,18,263,3,4389,1482,48
grp-a001-02-000000059820953,r,99,700,9,12827,4356,119
grp-a001-02-000000059820960,h,00,167,1,1720,1310,60
grp-a001-02-000000059820960,h,01,105,0,0,595,35
grp-a001-02-000000059820960,h,02,89,0,0,771,31
grp-a001-02-000000059820960,h,03,71,0,0,566,23
grp-a001-02-000000059820960,h,04,51,0,0,332,20
grp-a001-02-000000059820960,h,05,79,0,0,772,29
grp-a001-02-000000059820960,h,06,164,0,0,1217,37
grp-a001-02-000000059820960,h,07,169,0,0,1010,60
grp-a001-02-000000059820960,h,08,168,0,0,1519,57
grp-a001-02-000000059820960,h,09,172,0,0,1221,56
grp-a001-02-000000059820960,h,10,203,1,1524,1812,57
grp-a001-02-000000059820960,h,11,154,2,3335,1592,55
grp-a001-02-000000059820960,h,12,181,0,0,1606,61
grp-a001-02-000000059820960,h,13,162,1,1312,978,49
grp-a001-02-000000059820960,h,14,199,0,0,1380,61
grp-a001-02-000000059820960,h,15,193,0,0,1643,68
grp-a001-02-000000059820960,h,16,204,0,0,1518,49
grp-a001-02-000000059820960,h,17,180,1,1284,1553,66
grp-a001-02-000000059820960,h,18,269,3,3697,1827,66
grp-a001-02-000000059820960,h,19,194,0,0,1398,58
grp-a001-02-000000059820960,h,20,184,2,2866,1194,59
grp-a001-02-000000059820960,h,21,180,2,3050,1064,55
grp-a001-02-000000059820960,h,22,233,1,1283,1367,60
grp-a001-02-000000059820960,h,23,243,1,1746,1541,67
grp-a001-02-000000059820960,m,11068,292,1,1715,2268,59
grp-a001-02-000000059820960,m,27758,68,3,4091,141,33
grp-a001-02-000000059820960,m,33421,1688,1,1746,13401,99
grp-a001-02-000000059820960,m,341893,481,0,0,3697,110
grp-a001-02-000000059820960,m,341898,61,0,0,130,35
grp-a001-02-000000059820960,m,370822,27,0,0,75,21
grp-a001-02-000000059820960,m,556927,1,0,0,1,1
grp-a001-02-000000059820960,m,684924,78,0,0,78,19
grp-a001-02-000000059820960,m,684925,15,0,0,15,11
grp-a001-02-000000059820960,m,684926,471,1,1717,3968,104
grp-a001-02-000000059820960,m,684927,166,0,0,2016,61
grp-a001-02-000000059820960,m,787480,1,0,0,46,1
grp-a001-02-000000059820960,m,805759,3,0,0,19,3
grp-a001-02-000000059820960,m,805760,2,0,0,9,2
grp-a001-02-000000059820960,m,8753,660,9,12548,3922,83
grp-a001-02-000000059820960,r,00,26,0,0,280,16
grp-a001-02-000000059820960,r,01,96,1,1284,691,49
grp-a001-02-000000059820960,r,02,895,4,6303,6879,108
grp-a001-02-000000059820960,r,03,182,0,0,1476,68
grp-a001-02-000000059820960,r,04,140,0,0,1222,56
grp-a001-02-000000059820960,r,05,21,0,0,113,16
grp-a001-02-000000059820960,r,06,172,2,2595,1180,50
grp-a001-02-000000059820960,r,07,82,1,1268,618,38
grp-a001-02-000000059820960,r,08,157,1,1717,1135,55
grp-a001-02-000000059820960,r,09,1244,4,6356,8796,105
grp-a001-02-000000059820960,r,10,78,0,0,532,28
grp-a001-02-000000059820960,r,11,180,0,0,1333,67
grp-a001-02-000000059820960,r,12,20,0,0,271,13
grp-a001-02-000000059820960,r,13,82,0,0,637,42
grp-a001-02-000000059820960,r,14,11,0,0,173,9
grp-a001-02-000000059820960,r,15,130,2,2294,926,53
grp-a001-02-000000059820960,r,16,80,0,0,874,44
grp-a001-02-000000059820960,r,17,24,0,0,115,15
grp-a001-02-000000059820960,r,18,107,0,0,843,38
grp-a001-02-000000059820960,r,99,287,0,0,1692,63
grp-a001-02-000000059820987,h,00,708,5,10895,2736,54
grp-a001-02-000000059820987,h,01,513,3,2716,2029,48
grp-a001-02-000000059820987,h,02,322,1,1091,1665,42
grp-a001-02-000000059820987,h,03,335,0,0,1647,26
grp-a001-02-000000059820987,h,04,312,1,2798,1611,31
grp-a001-02-000000059820987,h,05,325,0,0,1558,32
grp-a001-02-000000059820987,h,06,445,3,5323,2202,44
grp-a001-02-000000059820987,h,07,518,4,8206,2175,47
grp-a001-02-000000059820987,h,08,574,4,4930,2156,57
grp-a001-02-000000059820987,h,09,862,9,22116,2840,63
grp-a001-02-000000059820987,h,10,975,5,12129,3131,58
grp-a001-02-000000059820987,h,11,860,11,22829,3000,64
grp-a001-02-000000059820987,h,12,989,4,8914,4023,59
grp-a001-02-000000059820987,h,13,861,11,19718,3485,67
grp-a001-02-000000059820987,h,14,1319,6,12199,5917,69
grp-a001-02-000000059820987,h,15,968,6,11949,3533,70
grp-a001-02-000000059820987,h,16,1105,3,7854,3998,61
grp-a001-02-000000059820987,h,17,1091,7,13817,3980,67
grp-a001-02-000000059820987,h,18,1179,6,12165,4667,68
grp-a001-02-000000059820987,h,19,928,7,14293,3838,56
grp-a001-02-000000059820987,h,20,1026,10,19312,4206,70
grp-a001-02-000000059820987,h,21,807,4,9158,2818,60
grp-a001-02-000000059820987,h,22,771,4,7404,3188,66
grp-a001-02-000000059820987,h,23,611,3,7276,2880,57
grp-a001-02-000000059820987,m,11068,1592,8,13603,11450,61
grp-a001-02-000000059820987,m,27758,1049,14,31757,1940,55
grp-a001-02-000000059820987,m,33421,5901,16,34127,28004,85
grp-a001-02-000000059820987,m,341893,704,0,0,2610,92
grp-a001-02-000000059820987,m,341898,330,2,2452,475,63
grp-a001-02-000000059820987,m,370822,111,0,0,167,33
grp-a001-02-000000059820987,m,556927,6,0,0,6,5
grp-a001-02-000000059820987,m,684924,1535,4,10271,1535,36
grp-a001-02-000000059820987,m,684925,746,5,12874,746,29
grp-a001-02-000000059820987,m,684926,2203,17,43563,10958,101
grp-a001-02-000000059820987,m,684927,665,5,11055,4194,77
grp-a001-02-000000059820987,m,787480,2,0,0,6,1
grp-a001-02-000000059820987,m,805759,15,0,0,80,10
grp-a001-02-000000059820987,m,805760,15,0,0,47,8
grp-a001-02-000000059820987,m,8753,3530,46,77390,11065,82
grp-a001-02-000000059820987,r,-1,1,0,0,10,1
grp-a001-02-000000059820987,r,00,112,0,0,850,25
grp-a001-02-000000059820987,r,01,469,2,3407,1885,51
grp-a001-02-000000059820987,r,02,4610,26,50698,19180,94
grp-a001-02-000000059820987,r,03,800,5,10661,2842,65
grp-a001-02-000000059820987,r,04,917,5,10033,3746,60
grp-a001-02-000000059820987,r,05,11,1,1134,53,10
grp-a001-02-000000059820987,r,06,649,11,23087,2364,59
grp-a001-02-000000059820987,r,07,447,4,6662,1654,52
grp-a001-02-000000059820987,r,08,801,3,8090,2879,56
grp-a001-02-000000059820987,r,09,4152,32,66420,16776,101
grp-a001-02-000000059820987,r,10,270,2,5459,863,39
grp-a001-02-000000059820987,r,11,861,4,7972,3187,66
grp-a001-02-000000059820987,r,12,29,1,1210,202,20
grp-a001-02-000000059820987,r,13,464,6,9394,1732,54
grp-a001-02-000000059820987,r,14,153,0,0,598,29
grp-a001-02-000000059820987,r,15,638,4,9336,2293,55
grp-a001-02-000000059820987,r,16,397,2,4902,1569,49
grp-a001-02-000000059820987,r,17,100,2,3793,479,30
grp-a001-02-000000059820987,r,18,720,3,5386,2548,42
grp-a001-02-000000059820987,r,99,1803,4,9448,7573,68
grp-a001-02-000000059820998,h,00,514,4,3903,1636,111
grp-a001-02-000000059820998,h,01,437,4,4223,1246,102
grp-a001-02-000000059820998,h,02,407,3,3427,1148,97
grp-a001-02-000000059820998,h,03,350,1,1093,1018,90
grp-a001-02-000000059820998,h,04,370,0,0,1052,90
grp-a001-02-000000059820998,h,05,398,0,0,1136,87
grp-a001-02-000000059820998,h,06,448,2,2463,1376,95
grp-a001-02-000000059820998,h,07,464,5,5567,1645,108
grp-a001-02-000000059820998,h,08,537,5,5745,1910,116
grp-a001-02-000000059820998,h,09,587,6,7405,2528,117
grp-a001-02-000000059820998,h,10,599,5,4960,2174,130
grp-a001-02-000000059820998,h,11,547,2,2077,2713,126
grp-a001-02-000000059820998,h,12,545,4,5189,2404,121
grp-a001-02-000000059820998,h,13,593,6,7290,2237,117
grp-a001-02-000000059820998,h,14,607,3,3655,2327,123
grp-a001-02-000000059820998,h,15,563,3,3427,2348,126
grp-a001-02-000000059820998,h,16,556,4,5167,2259,121
grp-a001-02-000000059820998,h,17,527,5,5816,2752,120
grp-a001-02-000000059820998,h,18,540,2,1910,2485,118
grp-a001-02-000000059820998,h,19,608,6,6708,2621,109
grp-a001-02-000000059820998,h,20,603,4,4517,2632,117
grp-a001-02-000000059820998,h,21,611,2,1858,2339,126
grp-a001-02-000000059820998,h,22,615,7,7461,2382,115
grp-a001-02-000000059820998,h,23,568,4,4771,2069,117
grp-a001-02-000000059820998,m,11068,369,4,4952,1449,112
grp-a001-02-000000059820998,m,27758,531,18,20997,970,120
grp-a001-02-000000059820998,m,33421,7980,8,9494,25815,149
grp-a001-02-000000059820998,m,341893,580,0,0,4582,126
grp-a001-02-000000059820998,m,341898,80,0,0,187,49
grp-a001-02-000000059820998,m,370822,42,0,0,125,29
grp-a001-02-000000059820998,m,556927,5,0,0,5,3
grp-a001-02-000000059820998,m,684924,71,0,0,71,36
grp-a001-02-000000059820998,m,684925,105,2,2368,105,58
grp-a001-02-000000059820998,m,684926,844,8,9321,5873,145
grp-a001-02-000000059820998,m,684927,269,3,3362,2680,101
grp-a001-02-000000059820998,m,805760,2,0,0,12,2
grp-a001-02-000000059820998,m,8753,1716,44,48138,6563,146
grp-a001-02-000000059820998,r,00,24,0,0,88,20
grp-a001-02-000000059820998,r,01,161,0,0,1063,75
grp-a001-02-000000059820998,r,02,1517,20,22496,8370,146
grp-a001-02-000000059820998,r,03,278,8,10354,1676,94
grp-a001-02-000000059820998,r,04,203,7,8132,1205,80
grp-a001-02-000000059820998,r,05,57,0,0,341,32
grp-a001-02-000000059820998,r,06,223,7,7596,1063,89
grp-a001-02-000000059820998,r,07,178,3,3396,865,71
grp-a001-02-000000059820998,r,08,302,5,5788,1874,100
grp-a001-02-000000059820998,r,09,8069,23,25018,23150,150
grp-a001-02-000000059820998,r,10,101,3,3893,529,49
grp-a001-02-000000059820998,r,11,359,3,3464,1894,95
grp-a001-02-000000059820998,r,12,77,1,979,466,40
grp-a001-02-000000059820998,r,13,132,2,2126,684,64
grp-a001-02-000000059820998,r,14,22,0,0,169,15
grp-a001-02-000000059820998,r,15,232,2,2542,1043,82
grp-a001-02-000000059820998,r,16,169,0,0,963,76
grp-a001-02-000000059820998,r,17,46,1,1234,243,32
grp-a001-02-000000059820998,r,18,131,0,0,664,37
grp-a001-02-000000059820998,r,99,313,2,1614,2087,94
grp-a001-02-000000059821015,h,00,392,3,3070,1235,91
grp-a001-02-000000059821015,h,01,345,0,0,1008,92
grp-a001-02-000000059821015,h,02,367,0,0,1028,82
grp-a001-02-000000059821015,h,03,386,0,0,988,78
grp-a001-02-000000059821015,h,04,322,0,0,853,65
grp-a001-02-000000059821015,h,05,293,0,0,811,63
grp-a001-02-000000059821015,h,06,311,1,1320,831,68
grp-a001-02-000000059821015,h,07,340,0,0,971,67
grp-a001-02-000000059821015,h,08,337,3,3710,993,91
grp-a001-02-000000059821015,h,09,368,5,6040,1148,90
grp-a001-02-000000059821015,h,10,396,3,3592,1418,93
grp-a001-02-000000059821015,h,11,404,1,1373,1450,105
grp-a001-02-000000059821015,h,12,395,5,6285,1324,105
grp-a001-02-000000059821015,h,13,414,2,2400,1474,100
grp-a001-02-000000059821015,h,14,403,3,3064,1278,102
grp-a001-02-000000059821015,h,15,406,0,0,1459,95
grp-a001-02-000000059821015,h,16,390,6,7638,1321,94
grp-a001-02-000000059821015,h,17,370,4,4505,1183,99
grp-a001-02-000000059821015,h,18,398,6,7139,1456,98
grp-a001-02-000000059821015,h,19,425,2,2072,1378,94
grp-a001-02-000000059821015,h,20,414,1,855,1554,98
grp-a001-02-000000059821015,h,21,396,3,3979,1371,92
grp-a001-02-000000059821015,h,22,404,1,1111,1478,95
grp-a001-02-000000059821015,h,23,395,4,4666,1421,87
grp-a001-02-000000059821015,m,11068,195,9,9996,1120,62
grp-a001-02-000000059821015,m,27758,191,4,4599,287,73
grp-a001-02-000000059821015,m,33421,6950,6,6935,17096,132
grp-a001-02-000000059821015,m,341893,463,1,1518,3668,114
grp-a001-02-000000059821015,m,341898,76,0,0,197,50
grp-a001-02-000000059821015,m,370822,22,0,0,78,20
grp-a001-02-000000059821015,m,556927,1,0,0,1,1
grp-a001-02-000000059821015,m,684924,45,0,0,45,27
grp-a001-02-000000059821015,m,684925,35,0,0,35,18
grp-a001-02-000000059821015,m,684926,414,5,5882,3294,105
grp-a001-02-000000059821015,m,684927,75,0,0,986,47
grp-a001-02-000000059821015,m,805760,4,0,0,9,4
grp-a001-02-000000059821015,m,8753,600,28,33889,2615,110
grp-a001-02-000000059821015,r,00,11,0,0,84,11
grp-a001-02-000000059821015,r,01,68,3,3497,396,41
grp-a001-02-000000059821015,r,02,593,14,16153,3584,128
grp-a001-02-000000059821015,r,03,137,3,3532,809,69
grp-a001-02-000000059821015,r,04,106,4,4807,678,58
grp-a001-02-000000059821015,r,05,20,2,2214,169,17
grp-a001-02-000000059821015,r,06,88,2,1924,421,47
grp-a001-02-000000059821015,r,07,79,1,1530,425,42
grp-a001-02-000000059821015,r,08,122,1,1250,727,62
grp-a001-02-000000059821015,r,09,7214,11,13759,18177,143
grp-a001-02-000000059821015,r,10,41,0,0,288,27
grp-a001-02-000000059821015,r,11,109,2,2453,755,60
grp-a001-02-000000059821015,r,12,26,1,855,151,15
grp-a001-02-000000059821015,r,13,63,0,0,343,39
grp-a001-02-000000059821015,r,14,14,0,0,117,11
grp-a001-02-000000059821015,r,15,108,2,2536,654,54
grp-a001-02-000000059821015,r,16,45,1,1307,394,34
grp-a001-02-000000059821015,r,17,16,0,0,82,14
grp-a001-02-000000059821015,r,18,74,2,2536,374,27
grp-a001-02-000000059821015,r,99,137,4,4466,803,73
grp-a001-02-000000059821023,h,00,750,4,6018,2870,126
grp-a001-02-000000059821023,h,01,604,1,1807,1921,125
grp-a001-02-000000059821023,h,02,559,2,3410,1501,110
grp-a001-02-000000059821023,h,03,397,0,0,1043,93
grp-a001-02-000000059821023,h,04,382,0,0,664,96
grp-a001-02-000000059821023,h,05,419,1,1898,1333,96
grp-a001-02-000000059821023,h,06,464,0,0,1551,105
grp-a001-02-000000059821023,h,07,684,3,5622,2055,125
grp-a001-02-000000059821023,h,08,756,1,1533,3045,131
grp-a001-02-000000059821023,h,09,813,2,3990,3091,133
grp-a001-02-000000059821023,h,10,906,5,6668,4251,142
grp-a001-02-000000059821023,h,11,996,4,6955,4832,139
grp-a001-02-000000059821023,h,12,944,1,1656,4479,138
grp-a001-02-000000059821023,h,13,1060,10,17305,4267,135
grp-a001-02-000000059821023,h,14,1065,8,13465,4352,141
grp-a001-02-000000059821023,h,15,1050,3,4752,4431,140
grp-a001-02-000000059821023,h,16,1053,7,13055,4475,137
grp-a001-02-000000059821023,h,17,993,5,8668,4401,133
grp-a001-02-000000059821023,h,18,914,8,14886,3760,134
grp-a001-02-000000059821023,h,19,991,7,11155,4223,134
grp-a001-02-000000059821023,h,20,929,8,13923,3708,136
grp-a001-02-000000059821023,h,21,1047,14,24599,3839,132
grp-a001-02-000000059821023,h,22,990,10,18372,3757,133
grp-a001-02-000000059821023,h,23,914,3,5654,3289,133
grp-a001-02-000000059821023,m,11068,1030,2,3556,6342,120
grp-a001-02-000000059821023,m,27758,796,10,16546,1535,122
grp-a001-02-000000059821023,m,33421,9150,5,9138,29589,150
grp-a001-02-000000059821023,m,341893,751,2,3902,4083,123
grp-a001-02-000000059821023,m,341898,334,0,0,519,96
grp-a001-02-000000059821023,m,370822,88,0,0,151,52
grp-a001-02-000000059821023,m,556927,6,0,0,6,4
grp-a001-02-000000059821023,m,684924,414,2,3354,414,79
grp-a001-02-000000059821023,m,684925,142,0,0,142,70
grp-a001-02-000000059821023,m,684926,1757,15,24494,11813,153
grp-a001-02-000000059821023,m,684927,624,2,3161,6432,137
grp-a001-02-000000059821023,m,787480,1,0,0,31,1
grp-a001-02-000000059821023,m,805759,18,0,0,106,14
grp-a001-02-000000059821023,m,805760,19,1,2054,71,14
grp-a001-02-000000059821023,m,8753,4550,68,119186,15904,153
grp-a001-02-000000059821023,r,00,87,0,0,561,47
grp-a001-02-000000059821023,r,01,388,2,2434,1940,117
grp-a001-02-000000059821023,r,02,3021,31,55864,16401,153
grp-a001-02-000000059821023,r,03,667,2,3807,3042,138
grp-a001-02-000000059821023,r,04,452,3,4442,2500,128
grp-a001-02-000000059821023,r,05,160,0,0,889,69
grp-a001-02-000000059821023,r,06,543,4,6625,2564,123
grp-a001-02-000000059821023,r,07,338,3,5639,1770,94
grp-a001-02-000000059821023,r,08,603,4,5808,3217,134
grp-a001-02-000000059821023,r,09,9990,20,34845,26739,153
grp-a001-02-000000059821023,r,10,189,2,2774,990,81
grp-a001-02-000000059821023,r,11,635,7,12543,3465,130
grp-a001-02-000000059821023,r,12,160,2,3226,904,63
grp-a001-02-000000059821023,r,13,305,5,8102,1484,110
grp-a001-02-000000059821023,r,14,71,0,0,503,43
grp-a001-02-000000059821023,r,15,498,6,11157,2595,122
grp-a001-02-000000059821023,r,16,295,7,12894,1712,115
grp-a001-02-000000059821023,r,17,108,0,0,549,59
grp-a001-02-000000059821023,r,18,295,2,3884,1346,45
grp-a001-02-000000059821023,r,99,875,7,11347,3967,145
grp-a001-02-000000059821034,h,00,500,1,2017,2135,118
grp-a001-02-000000059821034,h,01,407,2,2330,1512,112
grp-a001-02-000000059821034,h,02,402,1,2189,1951,101
grp-a001-02-000000059821034,h,03,243,1,1965,960,76
grp-a001-02-000000059821034,h,04,210,0,0,629,56
grp-a001-02-000000059821034,h,05,212,0,0,890,77
grp-a001-02-000000059821034,h,06,270,1,1771,1202,86
grp-a001-02-000000059821034,h,07,387,1,1873,1279,92
grp-a001-02-000000059821034,h,08,496,1,2041,2105,110
grp-a001-02-000000059821034,h,09,582,1,998,2534,123
grp-a001-02-000000059821034,h,10,638,2,3841,3251,128
grp-a001-02-000000059821034,h,11,813,3,4416,4273,135
grp-a001-02-000000059821034,h,12,582,2,1135,3153,124
grp-a001-02-000000059821034,h,13,664,6,11741,3401,126
grp-a001-02-000000059821034,h,14,577,2,4150,2894,128
grp-a001-02-000000059821034,h,15,676,2,4090,3666,128
grp-a001-02-000000059821034,h,16,650,2,3976,3190,119
grp-a001-02-000000059821034,h,17,607,1,1281,3107,120
grp-a001-02-000000059821034,h,18,579,4,6978,2748,125
grp-a001-02-000000059821034,h,19,667,5,9466,3269,130
grp-a001-02-000000059821034,h,20,658,3,5784,3185,127
grp-a001-02-000000059821034,h,21,687,2,3539,2841,123
grp-a001-02-000000059821034,h,22,693,3,4899,3005,121
grp-a001-02-000000059821034,h,23,611,3,4346,2649,125
grp-a001-02-000000059821034,m,11068,878,1,1880,5890,128
grp-a001-02-000000059821034,m,27758,554,10,17216,1019,127
grp-a001-02-000000059821034,m,33421,3336,3,4811,17434,151
grp-a001-02-000000059821034,m,341893,2258,5,9141,12422,130
grp-a001-02-000000059821034,m,341898,657,1,1388,1020,123
grp-a001-02-000000059821034,m,370822,260,0,0,561,77
grp-a001-02-000000059821034,m,556927,39,0,0,41,19
grp-a001-02-000000059821034,m,684924,317,0,0,317,86
grp-a001-02-000000059821034,m,684925,123,0,0,123,61
grp-a001-02-000000059821034,m,684926,1534,8,13672,8330,148
grp-a001-02-000000059821034,m,684927,579,2,2732,5001,139
grp-a001-02-000000059821034,m,787480,1,0,0,36,1
grp-a001-02-000000059821034,m,805759,8,0,0,102,8
grp-a001-02-000000059821034,m,805760,9,0,0,44,9
grp-a001-02-000000059821034,m,8753,2258,19,33986,7489,150
grp-a001-02-000000059821034,r,00,71,1,1880,424,43
grp-a001-02-000000059821034,r,01,312,4,8055,1669,106
grp-a001-02-000000059821034,r,02,2701,13,22326,13495,151
grp-a001-02-000000059821034,r,03,585,0,0,2742,132
grp-a001-02-000000059821034,r,04,447,1,2079,2610,116
grp-a001-02-000000059821034,r,05,166,1,1388,803,70
grp-a001-02-000000059821034,r,06,495,1,1905,2038,116
grp-a001-02-000000059821034,r,07,297,1,1142,1237,103
grp-a001-02-000000059821034,r,08,532,2,4255,2891,125
grp-a001-02-000000059821034,r,09,4136,9,14464,16902,153
grp-a001-02-000000059821034,r,10,176,0,0,950,82
grp-a001-02-000000059821034,r,11,529,0,0,2374,131
grp-a001-02-000000059821034,r,12,142,1,1281,631,61
grp-a001-02-000000059821034,r,13,235,3,5741,1238,103
grp-a001-02-000000059821034,r,14,65,0,0,335,49
grp-a001-02-000000059821034,r,15,506,3,5562,2431,130
grp-a001-02-000000059821034,r,16,252,2,1826,1367,94
grp-a001-02-000000059821034,r,17,91,0,0,396,58
grp-a001-02-000000059821034,r,18,222,3,6004,1287,42
grp-a001-02-000000059821034,r,99,851,4,6918,4009,135
grp-a001-02-000000059821054,h,00,1059,7,12652,4255,130
grp-a001-02-000000059821054,h,01,788,5,7542,2734,134
grp-a001-02-000000059821054,h,02,666,2,3865,2372,125
grp-a001-02-000000059821054,h,03,543,0,0,1733,117
grp-a001-02-000000059821054,h,04,476,2,3460,1253,106
grp-a001-02-000000059821054,h,05,520,2,3191,1860,110
grp-a001-02-000000059821054,h,06,571,2,2708,2091,117
grp-a001-02-000000059821054,h,07,742,0,0,2649,131
grp-a001-02-000000059821054,h,08,913,2,3682,3999,137
grp-a001-02-000000059821054,h,09,938,3,4983,3913,139
grp-a001-02-000000059821054,h,10,1098,4,7258,4880,143
grp-a001-02-000000059821054,h,11,1200,8,14637,6125,145
grp-a001-02-000000059821054,h,12,1051,5,8794,5760,139
grp-a001-02-000000059821054,h,13,1109,5,9184,4640,143
grp-a001-02-000000059821054,h,14,1204,7,11873,5168,141
grp-a001-02-000000059821054,h,15,1179,4,5241,5005,143
grp-a001-02-000000059821054,h,16,1196,4,7705,4916,143
grp-a001-02-000000059821054,h,17,1116,3,4010,5367,141
grp-a001-02-000000059821054,h,18,1126,4,7332,5049,139
grp-a001-02-000000059821054,h,19,1136,6,10773,5083,138
grp-a001-02-000000059821054,h,20,1212,6,10255,4611,142
grp-a001-02-000000059821054,h,21,1183,9,13881,4520,135
grp-a001-02-000000059821054,h,22,1227,1,1579,4707,140
grp-a001-02-000000059821054,h,23,1150,4,7195,4351,136
grp-a001-02-000000059821054,m,11068,962,2,3850,6647,131
grp-a001-02-000000059821054,m,27758,933,20,34941,1805,139
grp-a001-02-000000059821054,m,33421,10864,7,10765,42132,150
grp-a001-02-000000059821054,m,341893,1878,4,6030,10382,132
grp-a001-02-000000059821054,m,341898,641,2,3499,995,119
grp-a001-02-000000059821054,m,370822,265,2,3573,504,77
grp-a001-02-000000059821054,m,556927,24,0,0,24,15
grp-a001-02-000000059821054,m,684924,298,0,0,298,79
grp-a001-02-000000059821054,m,684925,195,1,1396,195,62
grp-a001-02-000000059821054,m,684926,2291,3,5493,12130,152
grp-a001-02-000000059821054,m,684927,813,2,3915,7469,134
grp-a001-02-000000059821054,m,787480,1,0,0,29,1
grp-a001-02-000000059821054,m,805759,10,0,0,133,9
grp-a001-02-000000059821054,m,805760,20,0,0,83,15
grp-a001-02-000000059821054,m,8753,4208,52,88338,14215,152
grp-a001-02-000000059821054,r,00,67,1,1917,463,39
grp-a001-02-000000059821054,r,01,473,3,4505,2219,124
grp-a001-02-000000059821054,r,02,3664,27,47401,19591,153
grp-a001-02-000000059821054,r,03,821,2,3352,3776,144
grp-a001-02-000000059821054,r,04,576,5,6761,3703,133
grp-a001-02-000000059821054,r,05,175,1,1576,734,81
grp-a001-02-000000059821054,r,06,599,2,3345,3157,128
grp-a001-02-000000059821054,r,07,373,2,3805,1702,107
grp-a001-02-000000059821054,r,08,732,5,8094,3844,129
grp-a001-02-000000059821054,r,09,12127,17,29753,38062,153
grp-a001-02-000000059821054,r,10,210,1,1571,973,85
grp-a001-02-000000059821054,r,11,667,7,11237,3968,137
grp-a001-02-000000059821054,r,12,180,4,6782,945,70
grp-a001-02-000000059821054,r,13,410,3,4907,2067,113
grp-a001-02-000000059821054,r,14,103,0,0,478,59
grp-a001-02-000000059821054,r,15,525,4,7353,2924,131
grp-a001-02-000000059821054,r,16,330,3,5539,1752,112
grp-a001-02-000000059821054,r,17,116,0,0,675,58
grp-a001-02-000000059821054,r,18,319,0,0,1802,47
grp-a001-02-000000059821054,r,99,936,8,13902,4206,143
grp-a001-02-000000059821088,h,00,959,16,17414,3750,133
grp-a001-02-000000059821088,h,01,671,4,4307,2662,123
grp-a001-02-000000059821088,h,02,472,4,4158,1921,127
grp-a001-02-000000059821088,h,03,350,5,5237,1434,110
grp-a001-02-000000059821088,h,04,315,2,2041,1356,102
grp-a001-02-000000059821088,h,05,363,6,6998,1583,109
grp-a001-02-000000059821088,h,06,549,4,4026,2313,123
grp-a001-02-000000059821088,h,07,774,9,9107,3317,134
grp-a001-02-000000059821088,h,08,1119,23,25787,4235,136
grp-a001-02-000000059821088,h,09,1017,19,20249,4104,136
grp-a001-02-000000059821088,h,10,1174,24,26944,4819,145
grp-a001-02-000000059821088,h,11,1121,26,28572,4485,143
grp-a001-02-000000059821088,h,12,1066,19,21587,4445,140
grp-a001-02-000000059821088,h,13,1248,29,32435,5194,142
grp-a001-02-000000059821088,h,14,1311,26,29860,5297,146
grp-a001-02-000000059821088,h,15,1301,25,25803,5113,145
grp-a001-02-000000059821088,h,16,1223,26,27630,4979,144
grp-a001-02-000000059821088,h,17,1223,21,21320,5081,143
grp-a001-02-000000059821088,h,18,1206,18,19000,5232,141
grp-a001-02-000000059821088,h,19,1178,27,28589,4807,144
grp-a001-02-000000059821088,h,20,1258,26,29029,5251,144
grp-a001-02-000000059821088,h,21,1468,39,42652,6064,142
grp-a001-02-000000059821088,h,22,1364,17,17306,5749,138
grp-a001-02-000000059821088,h,23,1357,22,24230,5979,136
grp-a001-02-000000059821088,m,11068,942,16,17696,3855,132
grp-a001-02-000000059821088,m,122876,3,0,0,3,1
grp-a001-02-000000059821088,m,27758,1371,43,47575,2436,140
grp-a001-02-000000059821088,m,33421,7189,32,35218,39318,150
grp-a001-02-000000059821088,m,341893,1189,5,4691,6887,152
grp-a001-02-000000059821088,m,341898,274,1,1230,560,93
grp-a001-02-000000059821088,m,370822,105,1,1746,282,56
grp-a001-02-000000059821088,m,556927,6,0,0,6,6
grp-a001-02-000000059821088,m,684924,672,2,876,672,134
grp-a001-02-000000059821088,m,684925,411,7,6546,411,111
grp-a001-02-000000059821088,m,684926,2407,55,58831,13094,152
grp-a001-02-000000059821088,m,684927,481,6,5665,3039,127
grp-a001-02-000000059821088,m,805759,15,0,0,62,10
grp-a001-02-000000059821088,m,805760,23,0,0,52,15
grp-a001-02-000000059821088,m,8753,8999,269,294207,28493,149
grp-a001-02-000000059821088,r,-1,1,0,0,2,1
grp-a001-02-000000059821088,r,00,112,3,3193,394,52
grp-a001-02-000000059821088,r,01,641,20,21984,2469,138
grp-a001-02-000000059821088,r,02,5087,111,121729,20317,153
grp-a001-02-000000059821088,r,03,1171,31,32188,4529,145
grp-a001-02-000000059821088,r,04,727,24,25808,2817,139
grp-a001-02-000000059821088,r,05,266,6,6390,1184,85
grp-a001-02-000000059821088,r,06,862,16,17361,3134,143
grp-a001-02-000000059821088,r,07,480,11,12676,1887,122
grp-a001-02-000000059821088,r,08,1016,16,17474,3829,141
grp-a001-02-000000059821088,r,09,7967,71,75879,36088,151
grp-a001-02-000000059821088,r,10,399,10,9702,1449,112
grp-a001-02-000000059821088,r,11,1163,13,14685,4485,143
grp-a001-02-000000059821088,r,12,305,9,10034,1250,85
grp-a001-02-000000059821088,r,13,578,13,12501,2159,134
grp-a001-02-000000059821088,r,14,102,3,3108,464,63
grp-a001-02-000000059821088,r,15,762,23,25914,2797,141
grp-a001-02-000000059821088,r,16,602,14,15526,2408,136
grp-a001-02-000000059821088,r,17,225,8,9317,779,85
grp-a001-02-000000059821088,r,18,452,13,14047,1745,47
grp-a001-02-000000059821088,r,99,1169,22,24765,4984,146
grp-a001-02-000000059821217,h,00,562,3,4721,3009,123
grp-a001-02-000000059821217,h,01,380,2,3240,1688,116
grp-a001-02-000000059821217,h,02,250,2,3229,1255,102
grp-a001-02-000000059821217,h,03,150,1,601,874,74
grp-a001-02-000000059821217,h,04,181,1,1310,859,75
grp-a001-02-000000059821217,h,05,233,2,2914,1267,100
grp-a001-02-000000059821217,h,06,438,1,1073,1973,113
grp-a001-02-000000059821217,h,07,559,2,3152,2517,123
grp-a001-02-000000059821217,h,08,762,10,14424,3445,131
grp-a001-02-000000059821217,h,09,706,11,16084,3360,137
grp-a001-02-000000059821217,h,10,813,5,7799,4436,143
grp-a001-02-000000059821217,h,11,806,6,8894,5451,140
grp-a001-02-000000059821217,h,12,674,10,14631,4745,141
grp-a001-02-000000059821217,h,13,775,11,15217,4102,136
grp-a001-02-000000059821217,h,14,786,9,13480,3949,142
grp-a001-02-000000059821217,h,15,747,12,17577,3781,138
grp-a001-02-000000059821217,h,16,798,7,9636,4414,136
grp-a001-02-000000059821217,h,17,781,3,4578,4552,138
grp-a001-02-000000059821217,h,18,765,3,4865,4294,135
grp-a001-02-000000059821217,h,19,772,6,7989,4369,132
grp-a001-02-000000059821217,h,20,870,9,12760,4443,138
grp-a001-02-000000059821217,h,21,828,9,11700,4182,136
grp-a001-02-000000059821217,h,22,824,8,9638,4136,139
grp-a001-02-000000059821217,h,23,879,3,4218,4392,135
grp-a001-02-000000059821217,m,11068,690,3,4465,4030,131
grp-a001-02-000000059821217,m,122876,121,1,1153,386,37
grp-a001-02-000000059821217,m,27758,1244,27,40072,2396,129
grp-a001-02-000000059821217,m,33421,3483,11,16291,28962,153
grp-a001-02-000000059821217,m,341893,1035,4,5246,6852,151
grp-a001-02-000000059821217,m,341898,179,0,0,427,84
grp-a001-02-000000059821217,m,370822,72,0,0,186,41
grp-a001-02-000000059821217,m,424040,64,2,1364,178,22
grp-a001-02-000000059821217,m,556927,5,0,0,5,2
grp-a001-02-000000059821217,m,684924,459,1,1535,459,85
grp-a001-02-000000059821217,m,684925,165,0,0,165,63
grp-a001-02-000000059821217,m,684926,1900,21,28194,13979,152
grp-a001-02-000000059821217,m,684927,393,1,1629,3694,120
grp-a001-02-000000059821217,m,787480,1,0,0,5,1
grp-a001-02-000000059821217,m,805759,10,0,0,36,7
grp-a001-02-000000059821217,m,805760,7,0,0,27,7
grp-a001-02-000000059821217,m,8753,5511,65,93781,19706,145
grp-a001-02-000000059821217,r,00,104,0,0,552,50
grp-a001-02-000000059821217,r,01,354,8,11171,1955,120
grp-a001-02-000000059821217,r,02,3698,25,35252,20280,153
grp-a001-02-000000059821217,r,03,760,16,23203,3980,142
grp-a001-02-000000059821217,r,04,524,6,8907,3484,133
grp-a001-02-000000059821217,r,05,203,1,1336,1312,81
grp-a001-02-000000059821217,r,06,600,6,9266,2921,131
grp-a001-02-000000059821217,r,07,327,3,3675,1643,99
grp-a001-02-000000059821217,r,08,789,12,16689,3873,143
grp-a001-02-000000059821217,r,09,3680,25,36420,19226,152
grp-a001-02-000000059821217,r,10,279,1,1597,1233,91
grp-a001-02-000000059821217,r,11,766,6,8750,4123,140
grp-a001-02-000000059821217,r,12,177,2,2684,1077,75
grp-a001-02-000000059821217,r,13,374,2,2799,1865,121
grp-a001-02-000000059821217,r,14,94,1,1449,635,50
grp-a001-02-000000059821217,r,15,636,7,9832,3323,131
grp-a001-02-000000059821217,r,16,416,1,1373,2428,129
grp-a001-02-000000059821217,r,17,107,1,1246,491,57
grp-a001-02-000000059821217,r,18,337,3,4630,1924,46
grp-a001-02-000000059821217,r,99,1114,10,13451,5168,144
grp-a001-02-000000059821232,h,00,235,1,1639,1219,53
grp-a001-02-000000059821232,h,01,214,2,1329,866,61
grp-a001-02-000000059821232,h,02,115,0,0,653,50
grp-a001-02-000000059821232,h,03,99,0,0,620,44
grp-a001-02-000000059821232,h,04,97,0,0,433,44
grp-a001-02-000000059821232,h,05,111,0,0,674,42
grp-a001-02-000000059821232,h,06,151,1,1529,886,54
grp-a001-02-000000059821232,h,07,175,1,1501,822,60
grp-a001-02-000000059821232,h,08,214,0,0,1209,65
grp-a001-02-000000059821232,h,09,226,1,1303,1100,65
grp-a001-02-000000059821232,h,10,233,0,0,1593,61
grp-a001-02-000000059821232,h,11,244,3,4830,2093,64
grp-a001-02-000000059821232,h,12,235,3,4835,2002,61
grp-a001-02-000000059821232,h,13,256,0,0,1471,70
grp-a001-02-000000059821232,h,14,245,1,1567,1392,70
grp-a001-02-000000059821232,h,15,260,2,3173,1747,67
grp-a001-02-000000059821232,h,16,218,1,1497,1414,63
grp-a001-02-000000059821232,h,17,228,2,3089,2057,65
grp-a001-02-000000059821232,h,18,228,2,3256,1705,65
grp-a001-02-000000059821232,h,19,201,1,382,1359,61
grp-a001-02-000000059821232,h,20,232,1,1568,1224,61
grp-a001-02-000000059821232,h,21,261,3,3814,1280,65
grp-a001-02-000000059821232,h,22,242,4,5234,1279,60
grp-a001-02-000000059821232,h,23,254,0,0,1362,57
grp-a001-02-000000059821232,m,11068,435,4,5192,2318,48
grp-a001-02-000000059821232,m,122876,3,0,0,18,2
grp-a001-02-000000059821232,m,27758,326,4,6407,558,50
grp-a001-02-000000059821232,m,33421,1899,2,3114,14658,85
grp-a001-02-000000059821232,m,341893,365,0,0,2531,53
grp-a001-02-000000059821232,m,341898,112,1,1555,193,30
grp-a001-02-000000059821232,m,370822,37,0,0,90,12
grp-a001-02-000000059821232,m,424040,6,0,0,6,4
grp-a001-02-000000059821232,m,684924,120,1,1497,120,39
grp-a001-02-000000059821232,m,684925,42,0,0,42,20
grp-a001-02-000000059821232,m,684926,553,5,5207,4473,91
grp-a001-02-000000059821232,m,684927,120,0,0,1587,49
grp-a001-02-000000059821232,m,805759,3,0,0,52,2
grp-a001-02-000000059821232,m,805760,4,0,0,17,4
grp-a001-02-000000059821232,m,8753,949,12,17574,3797,87
grp-a001-02-000000059821232,r,00,38,1,1606,201,24
grp-a001-02-000000059821232,r,01,94,0,0,535,44
grp-a001-02-000000059821232,r,02,899,11,15540,6525,103
grp-a001-02-000000059821232,r,03,200,3,3530,1285,64
grp-a001-02-000000059821232,r,04,111,1,1631,970,50
grp-a001-02-000000059821232,r,05,43,0,0,247,22
grp-a001-02-000000059821232,r,06,149,1,1480,946,58
grp-a001-02-000000059821232,r,07,73,0,0,293,36
grp-a001-02-000000059821232,r,08,155,0,0,799,55
grp-a001-02-000000059821232,r,09,2092,7,10092,11520,100
grp-a001-02-000000059821232,r,10,57,1,1497,292,33
grp-a001-02-000000059821232,r,11,201,0,0,1244,67
grp-a001-02-000000059821232,r,12,40,0,0,181,17
grp-a001-02-000000059821232,r,13,75,2,1986,467,38
grp-a001-02-000000059821232,r,14,19,1,1617,123,15
grp-a001-02-000000059821232,r,15,132,0,0,1316,52
grp-a001-02-000000059821232,r,16,94,0,0,728,43
grp-a001-02-000000059821232,r,17,23,0,0,194,16
grp-a001-02-000000059821232,r,18,79,0,0,508,27
grp-a001-02-000000059821232,r,99,400,1,1567,2086,73
grp-a001-02-000000059821852,h,00,438,4,6257,2473,118
grp-a001-02-000000059821852,h,01,272,2,3102,1729,99
grp-a001-02-000000059821852,h,02,172,4,3716,897,68
grp-a001-02-000000059821852,h,03,149,1,1452,1098,53
grp-a001-02-000000059821852,h,04,109,0,0,475,51
grp-a001-02-000000059821852,h,05,142,3,4571,761,66
grp-a001-02-000000059821852,h,06,219,3,4803,1219,87
grp-a001-02-000000059821852,h,07,289,5,7066,1647,103
grp-a001-02-000000059821852,h,08,416,4,6354,2438,119
grp-a001-02-000000059821852,h,09,491,7,10877,2483,127
grp-a001-02-000000059821852,h,10,548,13,18562,3342,129
grp-a001-02-000000059821852,h,11,603,6,6551,4083,139
grp-a001-02-000000059821852,h,12,598,7,8245,3713,132
grp-a001-02-000000059821852,h,13,598,6,5545,2987,136
grp-a001-02-000000059821852,h,14,658,12,14383,3135,136
grp-a001-02-000000059821852,h,15,640,7,8967,3345,142
grp-a001-02-000000059821852,h,16,669,12,12394,3771,142
grp-a001-02-000000059821852,h,17,669,10,12007,4166,139
grp-a001-02-000000059821852,h,18,587,14,13628,3216,137
grp-a001-02-000000059821852,h,19,674,8,6995,3993,130
grp-a001-02-000000059821852,h,20,611,6,4657,2896,130
grp-a001-02-000000059821852,h,21,618,6,7303,3200,138
grp-a001-02-000000059821852,h,22,652,10,11312,3302,129
grp-a001-02-000000059821852,h,23,531,7,10246,2669,120
grp-a001-02-000000059821852,m,11068,591,4,6448,4231,97
grp-a001-02-000000059821852,m,122876,644,6,4997,1065,73
grp-a001-02-000000059821852,m,27758,513,17,25620,1038,99
grp-a001-02-000000059821852,m,33421,1564,5,7754,15902,135
grp-a001-02-000000059821852,m,341893,1464,5,7349,9408,149
grp-a001-02-000000059821852,m,341898,314,1,1620,833,99
grp-a001-02-000000059821852,m,370822,158,1,1608,434,80
grp-a001-02-000000059821852,m,424040,1403,40,17105,2730,75
grp-a001-02-000000059821852,m,556927,2,0,0,2,2
grp-a001-02-000000059821852,m,684924,241,2,3150,241,66
grp-a001-02-000000059821852,m,684925,73,0,0,73,35
grp-a001-02-000000059821852,m,684926,1624,5,6888,12320,146
grp-a001-02-000000059821852,m,684927,461,4,6411,4566,127
grp-a001-02-000000059821852,m,787480,1,0,0,6,1
grp-a001-02-000000059821852,m,805759,3,0,0,56,2
grp-a001-02-000000059821852,m,805760,13,0,0,54,12
grp-a001-02-000000059821852,m,8753,2284,67,100043,10079,142
grp-a001-02-000000059821852,r,00,95,2,1956,463,57
grp-a001-02-000000059821852,r,01,351,7,10431,1863,118
grp-a001-02-000000059821852,r,02,2726,44,50875,14689,152
grp-a001-02-000000059821852,r,03,554,7,8465,2829,134
grp-a001-02-000000059821852,r,04,470,7,9396,2810,130
grp-a001-02-000000059821852,r,05,198,1,264,1012,73
grp-a001-02-000000059821852,r,06,476,6,7167,2611,129
grp-a001-02-000000059821852,r,07,255,2,2013,1360,96
grp-a001-02-000000059821852,r,08,549,5,7091,2939,133
grp-a001-02-000000059821852,r,09,2380,24,26968,14187,152
grp-a001-02-000000059821852,r,10,180,1,246,1027,89
grp-a001-02-000000059821852,r,11,578,9,12036,3398,137
grp-a001-02-000000059821852,r,12,148,3,4318,922,71
grp-a001-02-000000059821852,r,13,340,3,4667,1864,118
grp-a001-02-000000059821852,r,14,93,4,5770,449,54
grp-a001-02-000000059821852,r,15,424,12,15175,2407,128
grp-a001-02-000000059821852,r,16,344,8,11244,1801,118
grp-a001-02-000000059821852,r,17,116,0,0,552,52
grp-a001-02-000000059821852,r,18,169,2,2528,1002,39
grp-a001-02-000000059821852,r,99,907,10,8383,4853,141
grp-a001-02-000000059821874,h,00,328,2,3058,2027,109
grp-a001-02-000000059821874,h,01,199,3,4034,1213,94
grp-a001-02-000000059821874,h,02,139,0,0,741,66
grp-a001-02-000000059821874,h,03,86,0,0,616,52
grp-a001-02-000000059821874,h,04,93,0,0,515,52
grp-a001-02-000000059821874,h,05,175,1,1458,1039,75
grp-a001-02-000000059821874,h,06,322,0,0,1703,90
grp-a001-02-000000059821874,h,07,365,0,0,1944,107
grp-a001-02-000000059821874,h,08,528,3,4053,2820,126
grp-a001-02-000000059821874,h,09,406,3,4419,2638,117
grp-a001-02-000000059821874,h,10,449,3,3802,3597,112
grp-a001-02-000000059821874,h,11,528,3,4442,4964,129
grp-a001-02-000000059821874,h,12,450,3,4223,4294,121
grp-a001-02-000000059821874,h,13,429,1,1451,3045,129
grp-a001-02-000000059821874,h,14,429,4,5058,2633,125
grp-a001-02-000000059821874,h,15,461,0,0,3918,129
grp-a001-02-000000059821874,h,16,452,1,1242,3396,125
grp-a001-02-000000059821874,h,17,519,2,2292,4292,135
grp-a001-02-000000059821874,h,18,434,4,5952,3278,127
grp-a001-02-000000059821874,h,19,484,4,6167,3608,120
grp-a001-02-000000059821874,h,20,470,4,5593,2822,127
grp-a001-02-000000059821874,h,21,507,0,0,3198,130
grp-a001-02-000000059821874,h,22,449,3,3369,2870,117
grp-a001-02-000000059821874,h,23,406,0,0,2351,123
grp-a001-02-000000059821874,m,11068,422,1,1628,3314,104
grp-a001-02-000000059821874,m,122876,227,1,1155,877,52
grp-a001-02-000000059821874,m,27758,197,3,4063,433,68
grp-a001-02-000000059821874,m,33421,1956,6,8705,22219,146
grp-a001-02-000000059821874,m,341893,1207,2,2960,8536,146
grp-a001-02-000000059821874,m,341898,259,1,1599,605,99
grp-a001-02-000000059821874,m,370822,126,0,0,320,74
grp-a001-02-000000059821874,m,424040,537,6,6609,1639,66
grp-a001-02-000000059821874,m,556927,1,0,0,1,1
grp-a001-02-000000059821874,m,684924,232,0,0,232,44
grp-a001-02-000000059821874,m,684925,67,1,1242,67,15
grp-a001-02-000000059821874,m,684926,1361,3,4750,11814,147
grp-a001-02-000000059821874,m,684927,435,1,1458,4948,117
grp-a001-02-000000059821874,m,787478,2,0,0,4,1
grp-a001-02-000000059821874,m,787480,1,0,0,7,1
grp-a001-02-000000059821874,m,805759,1,0,0,2,1
grp-a001-02-000000059821874,m,805760,8,0,0,41,7
grp-a001-02-000000059821874,m,8753,2069,19,26444,8463,143
grp-a001-02-000000059821874,r,00,61,0,0,331,45
grp-a001-02-000000059821874,r,01,222,1,1220,1695,95
grp-a001-02-000000059821874,r,02,2116,16,22968,15685,152
grp-a001-02-000000059821874,r,03,423,4,4694,2737,122
grp-a001-02-000000059821874,r,04,332,1,1364,2586,118
grp-a001-02-000000059821874,r,05,102,1,1454,673,60
grp-a001-02-000000059821874,r,06,366,1,1639,2501,109
grp-a001-02-000000059821874,r,07,215,0,0,1265,83
grp-a001-02-000000059821874,r,08,453,2,2786,2880,120
grp-a001-02-000000059821874,r,09,2212,7,9871,14627,153
grp-a001-02-000000059821874,r,10,163,1,1243,1107,75
grp-a001-02-000000059821874,r,11,457,1,1484,3610,129
grp-a001-02-000000059821874,r,12,81,2,1560,660,53
grp-a001-02-000000059821874,r,13,222,0,0,1468,98
grp-a001-02-000000059821874,r,14,72,0,0,569,41
grp-a001-02-000000059821874,r,15,423,2,3000,3131,120
grp-a001-02-000000059821874,r,16,193,2,2500,1530,91
grp-a001-02-000000059821874,r,17,74,0,0,443,41
grp-a001-02-000000059821874,r,18,172,1,1601,1353,41
grp-a001-02-000000059821874,r,99,749,2,3229,4671,137
grp-a001-02-000000059821962,h,00,1378,20,32954,5281,125
grp-a001-02-000000059821962,h,01,848,8,12597,3125,135
grp-a001-02-000000059821962,h,02,690,6,9382,2516,125
grp-a001-02-000000059821962,h,03,484,2,3074,1780,120
grp-a001-02-000000059821962,h,04,426,2,3376,1263,105
grp-a001-02-000000059821962,h,05,539,2,3565,2211,118
grp-a001-02-000000059821962,h,06,804,6,10247,3189,129
grp-a001-02-000000059821962,h,07,1187,9,15248,4399,135
grp-a001-02-000000059821962,h,08,1576,16,25898,6420,139
grp-a001-02-000000059821962,h,09,1479,25,43454,5383,138
grp-a001-02-000000059821962,h,10,1672,28,46840,6661,139
grp-a001-02-000000059821962,h,11,1945,30,50625,8287,142
grp-a001-02-000000059821962,h,12,1505,17,29356,6710,139
grp-a001-02-000000059821962,h,13,1693,18,30581,6746,140
grp-a001-02-000000059821962,h,14,1766,37,63858,6879,140
grp-a001-02-000000059821962,h,15,1932,43,72343,7743,139
grp-a001-02-000000059821962,h,16,1850,25,42339,7351,139
grp-a001-02-000000059821962,h,17,1749,18,31652,7048,134
grp-a001-02-000000059821962,h,18,1443,27,45206,5591,136
grp-a001-02-000000059821962,h,19,1677,24,41721,6953,136
grp-a001-02-000000059821962,h,20,1784,22,37316,7054,134
grp-a001-02-000000059821962,h,21,1931,26,42662,7686,134
grp-a001-02-000000059821962,h,22,1827,18,30511,7392,134
grp-a001-02-000000059821962,h,23,1792,21,35633,7103,132
grp-a001-02-000000059821962,m,11068,2018,19,31343,9705,142
grp-a001-02-000000059821962,m,27758,2634,84,144044,4637,134
grp-a001-02-000000059821962,m,33421,9071,25,41012,43995,145
grp-a001-02-000000059821962,m,341893,2417,8,13234,12443,147
grp-a001-02-000000059821962,m,341898,865,4,6770,1662,138
grp-a001-02-000000059821962,m,370822,200,3,5082,389,86
grp-a001-02-000000059821962,m,556927,9,0,0,9,8
grp-a001-02-000000059821962,m,684924,785,2,3282,785,102
grp-a001-02-000000059821962,m,684925,232,0,0,232,78
grp-a001-02-000000059821962,m,684926,3389,39,62192,19576,147
grp-a001-02-000000059821962,m,684927,932,20,32827,6203,136
grp-a001-02-000000059821962,m,787478,2,0,0,2,1
grp-a001-02-000000059821962,m,787480,1,0,0,3,1
grp-a001-02-000000059821962,m,805759,8,0,0,111,7
grp-a001-02-000000059821962,m,805760,12,1,1613,38,11
grp-a001-02-000000059821962,m,8753,11402,245,419039,34981,146
grp-a001-02-000000059821962,r,-1,2,0,0,22,1
grp-a001-02-000000059821962,r,00,275,3,5303,1048,94
grp-a001-02-000000059821962,r,01,818,15,26236,3588,136
grp-a001-02-000000059821962,r,02,7350,113,191766,30773,147
grp-a001-02-000000059821962,r,03,1378,27,46003,5687,140
grp-a001-02-000000059821962,r,04,1144,18,31056,4964,142
grp-a001-02-000000059821962,r,05,445,4,7163,1736,89
grp-a001-02-000000059821962,r,06,1333,12,20605,5390,131
grp-a001-02-000000059821962,r,07,674,6,9729,2628,132
grp-a001-02-000000059821962,r,08,1454,23,38830,5920,141
grp-a001-02-000000059821962,r,09,10530,82,135442,38040,147
grp-a001-02-000000059821962,r,10,536,9,15510,2310,128
grp-a001-02-000000059821962,r,11,1669,32,53773,6728,142
grp-a001-02-000000059821962,r,12,480,10,16829,1992,94
grp-a001-02-000000059821962,r,13,827,13,21607,3355,132
grp-a001-02-000000059821962,r,14,215,4,6407,884,93
grp-a001-02-000000059821962,r,15,1205,21,35298,5147,142
grp-a001-02-000000059821962,r,16,830,11,19127,3352,131
grp-a001-02-000000059821962,r,17,236,2,3414,976,87
grp-a001-02-000000059821962,r,18,491,6,10185,2067,42
grp-a001-02-000000059821962,r,99,2085,39,66155,8164,141
grp-a001-02-000000059822073,h,00,709,6,8238,3833,117
grp-a001-02-000000059822073,h,01,604,2,2501,3079,112
grp-a001-02-000000059822073,h,02,527,2,2603,2656,104
grp-a001-02-000000059822073,h,03,464,2,2107,2352,102
grp-a001-02-000000059822073,h,04,422,1,1165,2052,97
grp-a001-02-000000059822073,h,05,489,3,3437,2551,95
grp-a001-02-000000059822073,h,06,504,2,2970,2756,110
grp-a001-02-000000059822073,h,07,666,4,5035,3703,113
grp-a001-02-000000059822073,h,08,732,5,6407,4425,123
grp-a001-02-000000059822073,h,09,765,7,9070,4650,118
grp-a001-02-000000059822073,h,10,799,10,13373,4945,122
grp-a001-02-000000059822073,h,11,849,9,10159,5433,125
grp-a001-02-000000059822073,h,12,758,7,9629,4674,122
grp-a001-02-000000059822073,h,13,763,10,12287,4618,126
grp-a001-02-000000059822073,h,14,749,11,14299,4604,124
grp-a001-02-000000059822073,h,15,782,12,14875,4889,124
grp-a001-02-000000059822073,h,16,766,8,10685,4631,125
grp-a001-02-000000059822073,h,17,795,8,10670,4588,121
grp-a001-02-000000059822073,h,18,773,13,17857,4747,121
grp-a001-02-000000059822073,h,19,819,11,14388,4821,125
grp-a001-02-000000059822073,h,20,887,11,13917,5315,125
grp-a001-02-000000059822073,h,21,900,13,16824,5553,126
grp-a001-02-000000059822073,h,22,987,12,15973,6334,122
grp-a001-02-000000059822073,h,23,1278,13,16032,7843,126
grp-a001-02-000000059822073,m,11068,316,1,973,2518,89
grp-a001-02-000000059822073,m,27758,85,7,7358,247,40
grp-a001-02-000000059822073,m,33421,10300,14,18069,58007,131
grp-a001-02-000000059822073,m,341893,1258,11,12360,9747,128
grp-a001-02-000000059822073,m,341898,181,1,1341,394,63
grp-a001-02-000000059822073,m,370822,37,2,2325,128,26
grp-a001-02-000000059822073,m,424040,1,0,0,1,1
grp-a001-02-000000059822073,m,684924,146,0,0,146,42
grp-a001-02-000000059822073,m,684925,5,0,0,5,5
grp-a001-02-000000059822073,m,684926,1686,20,23773,11995,134
grp-a001-02-000000059822073,m,684927,197,3,2287,1857,79
grp-a001-02-000000059822073,m,805759,5,0,0,24,5
grp-a001-02-000000059822073,m,805760,7,0,0,23,6
grp-a001-02-000000059822073,m,8753,3563,123,166015,19960,131
grp-a001-02-000000059822073,r,-1,1,0,0,5,1
grp-a001-02-000000059822073,r,00,53,0,0,325,38
grp-a001-02-000000059822073,r,01,271,5,6676,1797,96
grp-a001-02-000000059822073,r,02,2455,29,37666,16000,131
grp-a001-02-000000059822073,r,03,585,10,11640,4150,122
grp-a001-02-000000059822073,r,04,399,9,10988,2848,111
grp-a001-02-000000059822073,r,05,140,3,4341,968,58
grp-a001-02-000000059822073,r,06,358,8,10857,2567,111
grp-a001-02-000000059822073,r,07,241,10,11914,1671,90
grp-a001-02-000000059822073,r,08,474,7,8957,2913,112
grp-a001-02-000000059822073,r,09,9693,46,61427,51296,134
grp-a001-02-000000059822073,r,10,174,3,3439,1231,70
grp-a001-02-000000059822073,r,11,579,7,9019,3790,122
grp-a001-02-000000059822073,r,12,138,4,4468,905,56
grp-a001-02-000000059822073,r,13,265,4,4799,1857,96
grp-a001-02-000000059822073,r,14,49,0,0,382,32
grp-a001-02-000000059822073,r,15,491,12,15810,3228,110
grp-a001-02-000000059822073,r,16,279,4,5645,1811,95
grp-a001-02-000000059822073,r,17,70,1,1413,439,32
grp-a001-02-000000059822073,r,18,240,2,2189,1689,47
grp-a001-02-000000059822073,r,99,832,18,23253,5180,126
grp-a001-02-000000059822154,h,00,622,4,5533,2747,103
grp-a001-02-000000059822154,h,01,494,1,1471,2093,99
grp-a001-02-000000059822154,h,02,424,1,1176,1580,88
grp-a001-02-000000059822154,h,03,398,1,1406,1483,81
grp-a001-02-000000059822154,h,04,330,0,0,1262,78
grp-a001-02-000000059822154,h,05,405,0,0,1645,83
grp-a001-02-000000059822154,h,06,444,3,4196,1895,100
grp-a001-02-000000059822154,h,07,567,7,9758,2356,107
grp-a001-02-000000059822154,h,08,529,9,12278,2646,113
grp-a001-02-000000059822154,h,09,561,3,3833,2667,111
grp-a001-02-000000059822154,h,10,552,5,6905,2763,112
grp-a001-02-000000059822154,h,11,623,10,14066,3161,112
grp-a001-02-000000059822154,h,12,583,7,9703,2879,118
grp-a001-02-000000059822154,h,13,544,2,2752,2630,109
grp-a001-02-000000059822154,h,14,628,9,12824,2997,114
grp-a001-02-000000059822154,h,15,588,11,15089,2883,120
grp-a001-02-000000059822154,h,16,611,5,6994,3136,114
grp-a001-02-000000059822154,h,17,619,7,9712,3121,116
grp-a001-02-000000059822154,h,18,609,7,9752,3065,116
grp-a001-02-000000059822154,h,19,627,7,8920,3178,110
grp-a001-02-000000059822154,h,20,658,9,12719,3391,113
grp-a001-02-000000059822154,h,21,774,9,12879,3954,122
grp-a001-02-000000059822154,h,22,824,8,11298,4449,115
grp-a001-02-000000059822154,h,23,888,5,7134,4641,117
grp-a001-02-000000059822154,m,11068,151,0,0,1243,60
grp-a001-02-000000059822154,m,27758,19,1,833,45,15
grp-a001-02-000000059822154,m,33421,8228,19,26654,33635,130
grp-a001-02-000000059822154,m,341893,1171,2,2372,8712,133
grp-a001-02-000000059822154,m,341898,153,0,0,311,64
grp-a001-02-000000059822154,m,370822,19,0,0,52,17
grp-a001-02-000000059822154,m,684924,95,0,0,95,30
grp-a001-02-000000059822154,m,684925,6,0,0,6,4
grp-a001-02-000000059822154,m,684926,1287,11,15129,9982,135
grp-a001-02-000000059822154,m,684927,122,2,2236,1447,72
grp-a001-02-000000059822154,m,805759,2,0,0,18,2
grp-a001-02-000000059822154,m,805760,2,0,0,7,2
grp-a001-02-000000059822154,m,8753,2647,95,133174,11069,128
grp-a001-02-000000059822154,r,00,35,1,1478,327,25
grp-a001-02-000000059822154,r,01,213,7,9421,1270,78
grp-a001-02-000000059822154,r,02,1913,33,45868,11939,130
grp-a001-02-000000059822154,r,03,377,5,7018,2442,98
grp-a001-02-000000059822154,r,04,289,5,6441,1799,95
grp-a001-02-000000059822154,r,05,95,1,1330,741,46
grp-a001-02-000000059822154,r,06,275,8,10978,1794,96
grp-a001-02-000000059822154,r,07,185,3,4274,1143,79
grp-a001-02-000000059822154,r,08,381,4,5686,2396,105
grp-a001-02-000000059822154,r,09,7868,26,36555,28918,134
grp-a001-02-000000059822154,r,10,129,3,3639,803,65
grp-a001-02-000000059822154,r,11,346,4,5611,2252,103
grp-a001-02-000000059822154,r,12,84,2,2959,641,38
grp-a001-02-000000059822154,r,13,266,4,5511,1576,85
grp-a001-02-000000059822154,r,14,47,0,0,288,33
grp-a001-02-000000059822154,r,15,319,6,8199,1981,93
grp-a001-02-000000059822154,r,16,189,6,8530,1167,74
grp-a001-02-000000059822154,r,17,59,0,0,371,36
grp-a001-02-000000059822154,r,18,235,4,5515,1255,41
grp-a001-02-000000059822154,r,99,597,8,11385,3519,115
grp-a001-02-000000059822246,h,00,397,0,0,2038,86
grp-a001-02-000000059822246,h,01,340,0,0,1719,81
grp-a001-02-000000059822246,h,02,346,0,0,1681,73
grp-a001-02-000000059822246,h,03,301,0,0,1443,66
grp-a001-02-000000059822246,h,04,303,0,0,1487,61
grp-a001-02-000000059822246,h,05,340,0,0,1800,72
grp-a001-02-000000059822246,h,06,411,0,0,2316,84
grp-a001-02-000000059822246,h,07,378,1,628,2053,82
grp-a001-02-000000059822246,h,08,347,1,1620,1946,84
grp-a001-02-000000059822246,h,09,376,0,0,2718,88
grp-a001-02-000000059822246,h,10,344,0,0,1909,83
grp-a001-02-000000059822246,h,11,385,0,0,2108,87
grp-a001-02-000000059822246,h,12,342,1,842,2365,107
grp-a001-02-000000059822246,h,13,285,1,1614,1701,95
grp-a001-02-000000059822246,h,14,355,2,2358,2047,94
grp-a001-02-000000059822246,h,15,320,0,0,1949,88
grp-a001-02-000000059822246,h,16,354,3,4714,1854,85
grp-a001-02-000000059822246,h,17,357,1,650,1877,86
grp-a001-02-000000059822246,h,18,405,0,0,2123,87
grp-a001-02-000000059822246,h,19,411,0,0,2279,96
grp-a001-02-000000059822246,h,20,411,0,0,2147,93
grp-a001-02-000000059822246,h,21,447,2,2857,2360,98
grp-a001-02-000000059822246,h,22,453,2,3276,2389,93
grp-a001-02-000000059822246,h,23,418,2,2453,2211,93
grp-a001-02-000000059822246,m,11068,105,0,0,1411,59
grp-a001-02-000000059822246,m,27758,14,0,0,27,4
grp-a001-02-000000059822246,m,33421,6995,0,0,36160,126
grp-a001-02-000000059822246,m,341893,238,1,650,2271,97
grp-a001-02-000000059822246,m,341898,12,0,0,60,11
grp-a001-02-000000059822246,m,370822,2,0,0,6,2
grp-a001-02-000000059822246,m,684924,177,0,0,177,28
grp-a001-02-000000059822246,m,684926,434,3,3084,4108,118
grp-a001-02-000000059822246,m,684927,94,0,0,1176,50
grp-a001-02-000000059822246,m,805759,1,0,0,10,1
grp-a001-02-000000059822246,m,805760,1,0,0,8,1
grp-a001-02-000000059822246,m,8753,753,12,17278,3106,90
grp-a001-02-000000059822246,r,00,11,0,0,59,5
grp-a001-02-000000059822246,r,01,57,0,0,402,31
grp-a001-02-000000059822246,r,02,872,2,2453,6002,122
grp-a001-02-000000059822246,r,03,103,0,0,759,44
grp-a001-02-000000059822246,r,04,60,0,0,416,31
grp-a001-02-000000059822246,r,05,14,0,0,109,13
grp-a001-02-000000059822246,r,06,73,1,1627,562,38
grp-a001-02-000000059822246,r,07,39,0,0,298,24
grp-a001-02-000000059822246,r,08,74,0,0,529,42
grp-a001-02-000000059822246,r,09,6571,3,2583,33423,130
grp-a001-02-000000059822246,r,10,29,0,0,223,16
grp-a001-02-000000059822246,r,11,251,1,842,1327,74
grp-a001-02-000000059822246,r,12,21,0,0,255,16
grp-a001-02-000000059822246,r,13,44,0,0,331,23
grp-a001-02-000000059822246,r,14,2,0,0,12,2
grp-a001-02-000000059822246,r,15,213,1,1620,1106,64
grp-a001-02-000000059822246,r,16,44,1,628,350,34
grp-a001-02-000000059822246,r,17,25,4,6369,156,13
grp-a001-02-000000059822246,r,18,68,2,3276,357,21
grp-a001-02-000000059822246,r,99,255,1,1614,1844,78
grp-a001-02-000000059822251,h,00,936,17,23525,3176,138
grp-a001-02-000000059822251,h,01,698,7,9891,1818,125
grp-a001-02-000000059822251,h,02,540,1,1383,1477,114
grp-a001-02-000000059822251,h,03,434,3,4384,1091,106
grp-a001-02-000000059822251,h,04,457,1,1501,1085,104
grp-a001-02-000000059822251,h,05,468,0,0,1389,105
grp-a001-02-000000059822251,h,06,597,5,7863,1930,120
grp-a001-02-000000059822251,h,07,725,10,15064,2212,135
grp-a001-02-000000059822251,h,08,886,9,12133,3104,138
grp-a001-02-000000059822251,h,09,911,5,7470,2993,140
grp-a001-02-000000059822251,h,10,900,10,12642,3711,140
grp-a001-02-000000059822251,h,11,977,8,11176,4169,147
grp-a001-02-000000059822251,h,12,877,9,13901,3033,139
grp-a001-02-000000059822251,h,13,989,9,12553,3152,137
grp-a001-02-000000059822251,h,14,953,8,11045,3148,141
grp-a001-02-000000059822251,h,15,967,13,18899,3573,144
grp-a001-02-000000059822251,h,16,892,13,17864,3365,141
grp-a001-02-000000059822251,h,17,940,13,18897,3767,141
grp-a001-02-000000059822251,h,18,919,10,14320,3156,141
grp-a001-02-000000059822251,h,19,1003,8,10015,3533,144
grp-a001-02-000000059822251,h,20,1094,13,18332,3632,144
grp-a001-02-000000059822251,h,21,1119,12,16416,3917,143
grp-a001-02-000000059822251,h,22,1089,8,10909,3481,140
grp-a001-02-000000059822251,h,23,1007,12,17765,3834,138
grp-a001-02-000000059822251,m,11068,445,2,1944,2388,126
grp-a001-02-000000059822251,m,27758,416,9,10163,813,128
grp-a001-02-000000059822251,m,33421,9494,16,22937,28072,153
grp-a001-02-000000059822251,m,341893,1275,7,9491,8152,151
grp-a001-02-000000059822251,m,341898,258,1,1366,516,103
grp-a001-02-000000059822251,m,370822,32,0,0,94,26
grp-a001-02-000000059822251,m,556927,1,0,0,1,1
grp-a001-02-000000059822251,m,684924,653,4,5238,653,118
grp-a001-02-000000059822251,m,684925,97,0,0,97,53
grp-a001-02-000000059822251,m,684926,1983,22,29999,11125,151
grp-a001-02-000000059822251,m,684927,258,2,1368,1806,97
grp-a001-02-000000059822251,m,805759,1,0,0,2,1
grp-a001-02-000000059822251,m,805760,3,0,0,10,3
grp-a001-02-000000059822251,m,8753,5462,141,205442,16017,153
grp-a001-02-000000059822251,r,-1,1,0,0,7,1
grp-a001-02-000000059822251,r,00,67,1,1612,383,45
grp-a001-02-000000059822251,r,01,364,7,9806,1570,111
grp-a001-02-000000059822251,r,02,3306,54,74108,14133,153
grp-a001-02-000000059822251,r,03,684,20,28166,2895,135
grp-a001-02-000000059822251,r,04,500,10,14556,2245,121
grp-a001-02-000000059822251,r,05,152,2,2978,678,66
grp-a001-02-000000059822251,r,06,569,10,14256,2432,130
grp-a001-02-000000059822251,r,07,365,6,9096,1711,108
grp-a001-02-000000059822251,r,08,669,6,8271,2803,134
grp-a001-02-000000059822251,r,09,9882,36,49569,23857,154
grp-a001-02-000000059822251,r,10,218,6,8489,919,85
grp-a001-02-000000059822251,r,11,694,15,21715,2980,139
grp-a001-02-000000059822251,r,12,214,5,7625,1007,71
grp-a001-02-000000059822251,r,13,356,2,2959,1550,109
grp-a001-02-000000059822251,r,14,57,0,0,251,34
grp-a001-02-000000059822251,r,15,562,7,10001,2745,130
grp-a001-02-000000059822251,r,16,349,6,8141,1689,108
grp-a001-02-000000059822251,r,17,122,0,0,571,63
grp-a001-02-000000059822251,r,18,324,5,7676,1238,47
grp-a001-02-000000059822251,r,99,923,6,8924,4082,137
grp-a001-02-000000059822273,h,00,546,2,2601,2578,86
grp-a001-02-000000059822273,h,01,583,1,888,2785,89
grp-a001-02-000000059822273,h,02,573,0,0,2522,74
grp-a001-02-000000059822273,h,03,543,0,0,2484,68
grp-a001-02-000000059822273,h,04,551,0,0,2450,64
grp-a001-02-000000059822273,h,05,559,0,0,2758,71
grp-a001-02-000000059822273,h,06,590,1,849,2988,75
grp-a001-02-000000059822273,h,07,560,0,0,2918,74
grp-a001-02-000000059822273,h,08,568,1,1453,2792,87
grp-a001-02-000000059822273,h,09,606,0,0,3611,88
grp-a001-02-000000059822273,h,10,556,1,1153,4532,97
grp-a001-02-000000059822273,h,11,576,1,1776,5079,96
grp-a001-02-000000059822273,h,12,542,2,2632,3291,94
grp-a001-02-000000059822273,h,13,564,0,0,3101,97
grp-a001-02-000000059822273,h,14,578,1,873,3072,99
grp-a001-02-000000059822273,h,15,575,0,0,3994,90
grp-a001-02-000000059822273,h,16,577,0,0,4022,87
grp-a001-02-000000059822273,h,17,485,0,0,3668,90
grp-a001-02-000000059822273,h,18,528,0,0,3052,87
grp-a001-02-000000059822273,h,19,591,0,0,3250,95
grp-a001-02-000000059822273,h,20,572,0,0,3122,97
grp-a001-02-000000059822273,h,21,582,1,866,2974,97
grp-a001-02-000000059822273,h,22,566,0,0,2992,94
grp-a001-02-000000059822273,h,23,661,1,1697,3227,97
grp-a001-02-000000059822273,m,11068,58,0,0,382,22
grp-a001-02-000000059822273,m,27758,24,1,1153,45,6
grp-a001-02-000000059822273,m,33421,12309,0,0,67497,130
grp-a001-02-000000059822273,m,341893,258,1,866,2252,82
grp-a001-02-000000059822273,m,341898,26,0,0,51,13
grp-a001-02-000000059822273,m,370822,1,0,0,4,1
grp-a001-02-000000059822273,m,684924,34,0,0,34,11
grp-a001-02-000000059822273,m,684926,408,2,2607,3881,102
grp-a001-02-000000059822273,m,684927,64,0,0,822,43
grp-a001-02-000000059822273,m,805759,2,0,0,15,1
grp-a001-02-000000059822273,m,805760,4,0,0,21,4
grp-a001-02-000000059822273,m,8753,444,8,10162,2258,77
grp-a001-02-000000059822273,r,00,12,0,0,76,7
grp-a001-02-000000059822273,r,01,62,0,0,741,32
grp-a001-02-000000059822273,r,02,584,3,3433,6390,119
grp-a001-02-000000059822273,r,03,91,0,0,997,40
grp-a001-02-000000059822273,r,04,82,0,0,1037,39
grp-a001-02-000000059822273,r,05,11,0,0,82,10
grp-a001-02-000000059822273,r,06,78,1,849,899,38
grp-a001-02-000000059822273,r,07,43,1,1776,345,22
grp-a001-02-000000059822273,r,08,82,0,0,706,43
grp-a001-02-000000059822273,r,09,12052,1,1753,59950,135
grp-a001-02-000000059822273,r,10,26,0,0,458,18
grp-a001-02-000000059822273,r,11,90,0,0,1136,40
grp-a001-02-000000059822273,r,12,14,1,873,160,13
grp-a001-02-000000059822273,r,13,44,0,0,470,23
grp-a001-02-000000059822273,r,14,5,0,0,46,4
grp-a001-02-000000059822273,r,15,70,2,2326,1026,41
grp-a001-02-000000059822273,r,16,43,1,1759,462,24
grp-a001-02-000000059822273,r,17,9,0,0,200,7
grp-a001-02-000000059822273,r,18,60,1,1153,669,25
grp-a001-02-000000059822273,r,99,174,1,866,1412,60
grp-a001-02-000000059822914,h,00,1045,4,7382,3567,133
grp-a001-02-000000059822914,h,01,831,2,3239,2591,134
grp-a001-02-000000059822914,h,02,876,2,3609,2949,124
grp-a001-02-000000059822914,h,03,497,0,0,1345,108
grp-a001-02-000000059822914,h,04,474,0,0,959,105
grp-a001-02-000000059822914,h,05,515,1,1713,1352,106
grp-a001-02-000000059822914,h,06,614,3,6214,1758,122
grp-a001-02-000000059822914,h,07,741,2,2807,1946,126
grp-a001-02-000000059822914,h,08,957,5,9058,3285,138
grp-a001-02-000000059822914,h,09,1061,7,12416,3549,138
grp-a001-02-000000059822914,h,10,1340,10,17067,4409,145
grp-a001-02-000000059822914,h,11,1741,14,26728,6466,146
grp-a001-02-000000059822914,h,12,1358,6,11160,4804,142
grp-a001-02-000000059822914,h,13,1376,9,16675,5135,147
grp-a001-02-000000059822914,h,14,1457,11,16718,5005,147
grp-a001-02-000000059822914,h,15,1486,8,15898,5122,141
grp-a001-02-000000059822914,h,16,1450,12,21908,4689,143
grp-a001-02-000000059822914,h,17,1279,5,10674,4669,139
grp-a001-02-000000059822914,h,18,1281,12,21802,4266,143
grp-a001-02-000000059822914,h,19,1326,11,18858,4440,138
grp-a001-02-000000059822914,h,20,1441,7,13088,4790,142
grp-a001-02-000000059822914,h,21,1350,7,12689,4308,139
grp-a001-02-000000059822914,h,22,1314,12,23247,4169,135
grp-a001-02-000000059822914,h,23,1172,5,10303,3598,139
grp-a001-02-000000059822914,m,11068,1745,3,5720,10527,141
grp-a001-02-000000059822914,m,122876,104,1,2177,120,15
grp-a001-02-000000059822914,m,27758,1505,27,46994,2697,142
grp-a001-02-000000059822914,m,33421,9518,12,21112,26167,149
grp-a001-02-000000059822914,m,341893,1260,2,2870,6304,142
grp-a001-02-000000059822914,m,341898,539,0,0,856,127
grp-a001-02-000000059822914,m,370822,190,0,0,386,79
grp-a001-02-000000059822914,m,424040,288,5,4666,312,14
grp-a001-02-000000059822914,m,556927,16,0,0,17,10
grp-a001-02-000000059822914,m,684924,1114,0,0,1114,119
grp-a001-02-000000059822914,m,684925,401,0,0,401,95
grp-a001-02-000000059822914,m,684926,2198,16,31931,13136,153
grp-a001-02-000000059822914,m,684927,889,5,9527,7609,140
grp-a001-02-000000059822914,m,787480,1,0,0,17,1
grp-a001-02-000000059822914,m,805759,29,0,0,333,22
grp-a001-02-000000059822914,m,805760,33,0,0,153,21
grp-a001-02-000000059822914,m,8753,7152,84,158256,19022,153
grp-a001-02-000000059822914,r,00,173,1,2189,804,77
grp-a001-02-000000059822914,r,01,662,4,7721,2515,133
grp-a001-02-000000059822914,r,02,4817,23,42689,18727,153
grp-a001-02-000000059822914,r,03,1140,16,29332,3977,146
grp-a001-02-000000059822914,r,04,766,8,14108,3522,143
grp-a001-02-000000059822914,r,05,343,7,12618,1060,85
grp-a001-02-000000059822914,r,06,684,3,5518,2585,135
grp-a001-02-000000059822914,r,07,535,9,17677,2183,125
grp-a001-02-000000059822914,r,08,869,8,15902,3566,148
grp-a001-02-000000059822914,r,09,11464,40,70959,27767,153
grp-a001-02-000000059822914,r,10,334,5,8915,1343,114
grp-a001-02-000000059822914,r,11,1003,4,8215,3274,142
grp-a001-02-000000059822914,r,12,304,4,6018,1161,86
grp-a001-02-000000059822914,r,13,453,2,3499,1813,127
grp-a001-02-000000059822914,r,14,162,0,0,634,77
grp-a001-02-000000059822914,r,15,745,6,10962,3018,138
grp-a001-02-000000059822914,r,16,449,1,1635,1943,130
grp-a001-02-000000059822914,r,17,161,2,3809,588,78
grp-a001-02-000000059822914,r,18,295,3,5460,1234,44
grp-a001-02-000000059822914,r,99,1623,9,16027,7457,145
grp-a001-02-000000059823013,h,00,459,4,5528,2716,107
grp-a001-02-000000059823013,h,01,243,3,4289,1248,79
grp-a001-02-000000059823013,h,02,210,2,2655,1187,76
grp-a001-02-000000059823013,h,03,117,1,1329,671,52
grp-a001-02-000000059823013,h,04,131,1,1503,693,54
grp-a001-02-000000059823013,h,05,174,1,1218,894,58
grp-a001-02-000000059823013,h,06,322,2,2846,1525,87
grp-a001-02-000000059823013,h,07,366,8,10447,1868,97
grp-a001-02-000000059823013,h,08,487,4,5549,2553,117
grp-a001-02-000000059823013,h,09,420,4,5614,2428,108
grp-a001-02-000000059823013,h,10,520,11,14785,3609,120
grp-a001-02-000000059823013,h,11,495,6,8496,3526,128
grp-a001-02-000000059823013,h,12,415,6,8222,2444,106
grp-a001-02-000000059823013,h,13,470,11,15186,2495,123
grp-a001-02-000000059823013,h,14,465,9,12860,2644,117
grp-a001-02-000000059823013,h,15,528,6,8622,3313,126
grp-a001-02-000000059823013,h,16,541,4,5194,3439,120
grp-a001-02-000000059823013,h,17,440,8,11827,2701,114
grp-a001-02-000000059823013,h,18,502,7,10231,2890,120
grp-a001-02-000000059823013,h,19,473,2,2935,2860,120
grp-a001-02-000000059823013,h,20,427,4,5699,2423,114
grp-a001-02-000000059823013,h,21,545,8,10969,2988,121
grp-a001-02-000000059823013,h,22,560,12,16459,3129,123
grp-a001-02-000000059823013,h,23,526,6,8574,2926,119
grp-a001-02-000000059823013,m,11068,285,2,2650,2696,95
grp-a001-02-000000059823013,m,27758,80,7,8087,164,37
grp-a001-02-000000059823013,m,33421,3411,12,16796,23188,148
grp-a001-02-000000059823013,m,341893,1157,7,9764,7640,151
grp-a001-02-000000059823013,m,341898,227,2,2842,434,87
grp-a001-02-000000059823013,m,370822,24,0,0,74,16
grp-a001-02-000000059823013,m,556927,2,0,0,2,2
grp-a001-02-000000059823013,m,684924,230,1,1419,230,52
grp-a001-02-000000059823013,m,684925,16,0,0,16,13
grp-a001-02-000000059823013,m,684926,1647,25,34585,11323,154
grp-a001-02-000000059823013,m,684927,163,1,1380,1666,77
grp-a001-02-000000059823013,m,805759,4,0,0,29,4
grp-a001-02-000000059823013,m,805760,5,0,0,30,5
grp-a001-02-000000059823013,m,8753,2585,73,103514,9678,145
grp-a001-02-000000059823013,r,00,46,0,0,321,30
grp-a001-02-000000059823013,r,01,231,5,7044,1148,88
grp-a001-02-000000059823013,r,02,2222,27,36500,13418,149
grp-a001-02-000000059823013,r,03,492,10,14350,2832,118
grp-a001-02-000000059823013,r,04,349,4,5672,2386,117
grp-a001-02-000000059823013,r,05,124,2,2648,691,58
grp-a001-02-000000059823013,r,06,409,7,9604,2526,116
grp-a001-02-000000059823013,r,07,208,2,3027,1291,86
grp-a001-02-000000059823013,r,08,374,3,3994,2132,115
grp-a001-02-000000059823013,r,09,2327,25,35157,13162,152
grp-a001-02-000000059823013,r,10,147,1,1431,837,63
grp-a001-02-000000059823013,r,11,454,9,13198,2690,124
grp-a001-02-000000059823013,r,12,138,2,2671,782,57
grp-a001-02-000000059823013,r,13,251,5,6922,1425,97
grp-a001-02-000000059823013,r,14,44,0,0,283,30
grp-a001-02-000000059823013,r,15,442,7,9710,2634,125
grp-a001-02-000000059823013,r,16,238,5,6717,1491,88
grp-a001-02-000000059823013,r,17,47,1,887,283,36
grp-a001-02-000000059823013,r,18,222,4,5775,1255,47
grp-a001-02-000000059823013,r,99,1071,11,15730,5583,134
grp-a001-02-000000059824059,h,00,1060,13,18209,3995,144
grp-a001-02-000000059824059,h,01,727,4,5362,2433,132
grp-a001-02-000000059824059,h,02,593,5,6566,1883,128
grp-a001-02-000000059824059,h,03,447,3,3668,1402,108
grp-a001-02-000000059824059,h,04,368,3,4266,1189,114
grp-a001-02-000000059824059,h,05,461,7,10344,1581,118
grp-a001-02-000000059824059,h,06,575,2,3013,2066,134
grp-a001-02-000000059824059,h,07,746,21,30192,2616,137
grp-a001-02-000000059824059,h,08,1122,26,36439,3988,145
grp-a001-02-000000059824059,h,09,1054,21,29176,3985,142
grp-a001-02-000000059824059,h,10,1178,20,26240,4332,142
grp-a001-02-000000059824059,h,11,1268,18,24499,4781,147
grp-a001-02-000000059824059,h,12,1161,20,28788,4442,149
grp-a001-02-000000059824059,h,13,1096,17,23254,3859,145
grp-a001-02-000000059824059,h,14,1166,27,37811,4370,145
grp-a001-02-000000059824059,h,15,1209,15,21565,4821,146
grp-a001-02-000000059824059,h,16,1167,20,25969,4521,145
grp-a001-02-000000059824059,h,17,1198,18,24777,4522,148
grp-a001-02-000000059824059,h,18,1134,22,31067,4262,144
grp-a001-02-000000059824059,h,19,1205,15,20476,4430,146
grp-a001-02-000000059824059,h,20,1263,21,31612,4752,145
grp-a001-02-000000059824059,h,21,1373,21,28363,5097,147
grp-a001-02-000000059824059,h,22,1426,22,31346,5428,146
grp-a001-02-000000059824059,h,23,1258,17,25646,4717,147
grp-a001-02-000000059824059,m,11068,603,6,6747,3119,131
grp-a001-02-000000059824059,m,122876,24,0,0,149,8
grp-a001-02-000000059824059,m,27758,471,15,16270,1074,117
grp-a001-02-000000059824059,m,33421,9036,35,51682,37436,154
grp-a001-02-000000059824059,m,341893,1001,6,7618,4952,149
grp-a001-02-000000059824059,m,341898,389,6,9419,615,101
grp-a001-02-000000059824059,m,370822,56,0,0,174,41
grp-a001-02-000000059824059,m,424040,43,0,0,132,17
grp-a001-02-000000059824059,m,556927,2,0,0,2,2
grp-a001-02-000000059824059,m,684924,506,1,1307,506,96
grp-a001-02-000000059824059,m,684925,88,2,2433,88,50
grp-a001-02-000000059824059,m,684926,2366,63,83399,11228,154
grp-a001-02-000000059824059,m,684927,258,6,5559,1717,106
grp-a001-02-000000059824059,m,805759,3,0,0,11,2
grp-a001-02-000000059824059,m,805760,12,0,0,32,8
grp-a001-02-000000059824059,m,8753,9397,238,344214,28237,154
grp-a001-02-000000059824059,r,00,128,2,3099,577,59
grp-a001-02-000000059824059,r,01,628,14,20298,2405,134
grp-a001-02-000000059824059,r,02,4898,80,111825,19166,154
grp-a001-02-000000059824059,r,03,1120,30,43786,4291,147
grp-a001-02-000000059824059,r,04,781,19,27808,3213,143
grp-a001-02-000000059824059,r,05,302,5,6973,1206,82
grp-a001-02-000000059824059,r,06,748,14,18679,2859,137
grp-a001-02-000000059824059,r,07,418,4,6370,1574,122
grp-a001-02-000000059824059,r,08,931,25,35752,3618,142
grp-a001-02-000000059824059,r,09,8154,63,85758,26286,154
grp-a001-02-000000059824059,r,10,353,18,24567,1445,113
grp-a001-02-000000059824059,r,11,1369,18,26386,5449,150
grp-a001-02-000000059824059,r,12,344,8,11708,1412,80
grp-a001-02-000000059824059,r,13,529,7,10613,1983,119
grp-a001-02-000000059824059,r,14,120,2,2737,514,58
grp-a001-02-000000059824059,r,15,898,16,22692,3744,139
grp-a001-02-000000059824059,r,16,492,12,15092,1830,127
grp-a001-02-000000059824059,r,17,135,2,2671,561,59
grp-a001-02-000000059824059,r,18,346,6,7657,1236,47
grp-a001-02-000000059824059,r,99,1561,33,44177,6103,147
grp-a001-02-000000059826423,h,00,17,0,0,182,17
grp-a001-02-000000059826423,h,01,26,0,0,236,14
grp-a001-02-000000059826423,h,02,11,1,660,84,9
grp-a001-02-000000059826423,h,03,5,0,0,52,5
grp-a001-02-000000059826423,h,04,7,0,0,41,4
grp-a001-02-000000059826423,h,05,7,0,0,53,7
grp-a001-02-000000059826423,h,06,13,0,0,124,8
grp-a001-02-000000059826423,h,07,16,0,0,184,12
grp-a001-02-000000059826423,h,08,19,0,0,237,17
grp-a001-02-000000059826423,h,09,20,0,0,219,16
grp-a001-02-000000059826423,h,10,17,1,736,311,11
grp-a001-02-000000059826423,h,11,26,0,0,863,16
grp-a001-02-000000059826423,h,12,26,0,0,620,14
grp-a001-02-000000059826423,h,13,16,0,0,198,13
grp-a001-02-000000059826423,h,14,14,0,0,170,13
grp-a001-02-000000059826423,h,15,23,0,0,396,13
grp-a001-02-000000059826423,h,16,27,0,0,579,22
grp-a001-02-000000059826423,h,17,47,1,711,1271,31
grp-a001-02-000000059826423,h,18,34,0,0,419,23
grp-a001-02-000000059826423,h,19,31,1,760,504,24
grp-a001-02-000000059826423,h,20,32,0,0,351,21
grp-a001-02-000000059826423,h,21,31,0,0,351,22
grp-a001-02-000000059826423,h,22,34,1,512,345,22
grp-a001-02-000000059826423,h,23,19,0,0,273,15
grp-a001-02-000000059826423,m,11068,21,0,0,288,13
grp-a001-02-000000059826423,m,27758,1,0,0,2,1
grp-a001-02-000000059826423,m,33421,124,0,0,3663,56
grp-a001-02-000000059826423,m,341893,190,1,711,1880,69
grp-a001-02-000000059826423,m,341898,11,0,0,70,6
grp-a001-02-000000059826423,m,370822,5,0,0,20,3
grp-a001-02-000000059826423,m,424040,5,0,0,139,5
grp-a001-02-000000059826423,m,684926,94,1,512,1308,50
grp-a001-02-000000059826423,m,684927,30,0,0,420,24
grp-a001-02-000000059826423,m,8753,37,3,2156,273,27
grp-a001-02-000000059826423,r,00,3,0,0,37,3
grp-a001-02-000000059826423,r,01,9,0,0,156,9
grp-a001-02-000000059826423,r,02,130,0,0,1854,71
grp-a001-02-000000059826423,r,03,24,0,0,300,20
grp-a001-02-000000059826423,r,04,19,0,0,477,17
grp-a001-02-000000059826423,r,05,9,0,0,103,9
grp-a001-02-000000059826423,r,06,9,0,0,272,7
grp-a001-02-000000059826423,r,07,19,0,0,232,15
grp-a001-02-000000059826423,r,08,30,1,711,540,20
grp-a001-02-000000059826423,r,09,111,1,760,1543,62
grp-a001-02-000000059826423,r,10,8,0,0,181,8
grp-a001-02-000000059826423,r,11,27,1,736,409,21
grp-a001-02-000000059826423,r,12,2,0,0,38,2
grp-a001-02-000000059826423,r,13,10,0,0,178,8
grp-a001-02-000000059826423,r,14,1,1,512,10,1
grp-a001-02-000000059826423,r,15,27,1,660,425,19
grp-a001-02-000000059826423,r,16,11,0,0,350,11
grp-a001-02-000000059826423,r,17,11,0,0,86,9
grp-a001-02-000000059826423,r,18,12,0,0,402,10
grp-a001-02-000000059826423,r,99,46,0,0,470,29
grp-a001-02-000000059826577,h,00,22,0,0,247,18
grp-a001-02-000000059826577,h,01,12,0,0,139,10
grp-a001-02-000000059826577,h,02,11,0,0,113,10
grp-a001-02-000000059826577,h,03,4,0,0,29,4
grp-a001-02-000000059826577,h,04,3,0,0,27,3
grp-a001-02-000000059826577,h,05,4,0,0,37,3
grp-a001-02-000000059826577,h,06,18,2,1496,173,15
grp-a001-02-000000059826577,h,07,15,0,0,114,12
grp-a001-02-000000059826577,h,08,16,0,0,163,12
grp-a001-02-000000059826577,h,09,11,0,0,100,9
grp-a001-02-000000059826577,h,10,22,0,0,222,18
grp-a001-02-000000059826577,h,11,13,0,0,146,12
grp-a001-02-000000059826577,h,12,29,0,0,256,22
grp-a001-02-000000059826577,h,13,26,0,0,244,16
grp-a001-02-000000059826577,h,14,23,0,0,191,15
grp-a001-02-000000059826577,h,15,18,0,0,144,16
grp-a001-02-000000059826577,h,16,27,1,642,288,21
grp-a001-02-000000059826577,h,17,20,0,0,194,17
grp-a001-02-000000059826577,h,18,21,0,0,213,20
grp-a001-02-000000059826577,h,19,25,1,650,226,20
grp-a001-02-000000059826577,h,20,25,0,0,258,20
grp-a001-02-000000059826577,h,21,26,0,0,259,23
grp-a001-02-000000059826577,h,22,33,0,0,312,28
grp-a001-02-000000059826577,h,23,32,0,0,333,23
grp-a001-02-000000059826577,m,11068,3,0,0,70,2
grp-a001-02-000000059826577,m,33421,7,0,0,47,7
grp-a001-02-000000059826577,m,341893,390,4,2788,3888,95
grp-a001-02-000000059826577,m,341898,6,0,0,41,6
grp-a001-02-000000059826577,m,370822,4,0,0,15,4
grp-a001-02-000000059826577,m,684926,39,0,0,267,26
grp-a001-02-000000059826577,m,684927,6,0,0,87,5
grp-a001-02-000000059826577,m,8753,1,0,0,13,1
grp-a001-02-000000059826577,r,00,2,0,0,13,2
grp-a001-02-000000059826577,r,01,9,0,0,97,8
grp-a001-02-000000059826577,r,02,101,1,650,1021,53
grp-a001-02-000000059826577,r,03,28,1,770,276,23
grp-a001-02-000000059826577,r,04,35,0,0,309,29
grp-a001-02-000000059826577,r,05,9,0,0,71,9
grp-a001-02-000000059826577,r,06,13,0,0,140,13
grp-a001-02-000000059826577,r,07,7,0,0,66,7
grp-a001-02-000000059826577,r,08,21,0,0,257,20
grp-a001-02-000000059826577,r,09,81,1,642,743,48
grp-a001-02-000000059826577,r,10,6,0,0,66,6
grp-a001-02-000000059826577,r,11,26,0,0,283,22
grp-a001-02-000000059826577,r,12,10,0,0,87,8
grp-a001-02-000000059826577,r,13,16,0,0,147,13
grp-a001-02-000000059826577,r,14,5,0,0,33,4
grp-a001-02-000000059826577,r,15,26,1,726,248,21
grp-a001-02-000000059826577,r,16,18,0,0,166,13
grp-a001-02-000000059826577,r,17,3,0,0,31,3
grp-a001-02-000000059826577,r,18,10,0,0,88,8
grp-a001-02-000000059826577,r,99,30,0,0,286,23
grp-a001-02-000000059826628,h,00,506,2,2211,2101,106
grp-a001-02-000000059826628,h,01,499,0,0,1954,117
grp-a001-02-000000059826628,h,02,467,0,0,1664,108
grp-a001-02-000000059826628,h,03,377,0,0,1358,92
grp-a001-02-000000059826628,h,04,372,0,0,1349,92
grp-a001-02-000000059826628,h,05,372,0,0,1448,88
grp-a001-02-000000059826628,h,06,398,1,858,1591,97
grp-a001-02-000000059826628,h,07,403,0,0,1697,96
grp-a001-02-000000059826628,h,08,406,3,2668,1952,112
grp-a001-02-000000059826628,h,09,461,3,2681,2430,113
grp-a001-02-000000059826628,h,10,444,1,260,2116,116
grp-a001-02-000000059826628,h,11,502,2,825,2372,111
grp-a001-02-000000059826628,h,12,463,3,2700,2306,115
grp-a001-02-000000059826628,h,13,418,1,900,2035,112
grp-a001-02-000000059826628,h,14,456,4,3035,2084,120
grp-a001-02-000000059826628,h,15,457,1,231,2174,111
grp-a001-02-000000059826628,h,16,425,3,2719,2086,109
grp-a001-02-000000059826628,h,17,413,1,745,2149,110
grp-a001-02-000000059826628,h,18,439,1,925,2192,107
grp-a001-02-000000059826628,h,19,483,1,1016,2488,115
grp-a001-02-000000059826628,h,20,464,0,0,2256,114
grp-a001-02-000000059826628,h,21,464,1,901,2329,109
grp-a001-02-000000059826628,h,22,506,0,0,2445,108
grp-a001-02-000000059826628,h,23,505,0,0,2163,108
grp-a001-02-000000059826628,m,11068,168,1,901,793,78
grp-a001-02-000000059826628,m,27758,169,2,1868,384,79
grp-a001-02-000000059826628,m,33421,8447,2,1089,33399,138
grp-a001-02-000000059826628,m,341893,437,1,787,4149,128
grp-a001-02-000000059826628,m,341898,17,0,0,35,16
grp-a001-02-000000059826628,m,370822,20,0,0,66,18
grp-a001-02-000000059826628,m,556927,3,0,0,3,2
grp-a001-02-000000059826628,m,684924,44,0,0,44,19
grp-a001-02-000000059826628,m,684925,16,0,0,16,12
grp-a001-02-000000059826628,m,684926,546,3,1048,4737,138
grp-a001-02-000000059826628,m,684927,133,0,0,1187,74
grp-a001-02-000000059826628,m,805759,10,0,0,100,8
grp-a001-02-000000059826628,m,8753,690,19,16982,3826,138
grp-a001-02-000000059826628,r,00,20,0,0,169,16
grp-a001-02-000000059826628,r,01,88,3,2799,529,49
grp-a001-02-000000059826628,r,02,748,5,3475,5292,143
grp-a001-02-000000059826628,r,03,156,1,770,1163,81
grp-a001-02-000000059826628,r,04,110,1,1265,813,67
grp-a001-02-000000059826628,r,05,43,0,0,307,26
grp-a001-02-000000059826628,r,06,116,2,1832,736,58
grp-a001-02-000000059826628,r,07,57,0,0,420,36
grp-a001-02-000000059826628,r,08,133,1,925,930,62
grp-a001-02-000000059826628,r,09,8403,4,2277,32627,149
grp-a001-02-000000059826628,r,10,38,0,0,242,25
grp-a001-02-000000059826628,r,11,216,2,1731,1389,92
grp-a001-02-000000059826628,r,12,44,0,0,421,28
grp-a001-02-000000059826628,r,13,115,2,2123,707,54
grp-a001-02-000000059826628,r,14,14,0,0,112,10
grp-a001-02-000000059826628,r,15,86,1,935,626,53
grp-a001-02-000000059826628,r,16,67,1,946,638,42
grp-a001-02-000000059826628,r,17,13,0,0,89,12
grp-a001-02-000000059826628,r,18,69,0,0,499,31
grp-a001-02-000000059826628,r,99,164,5,3597,1030,86
grp-a001-02-000000059827137,h,00,19,0,0,171,13
grp-a001-02-000000059827137,h,01,15,0,0,183,12
grp-a001-02-000000059827137,h,02,3,0,0,25,3
grp-a001-02-000000059827137,h,03,7,0,0,62,4
grp-a001-02-000000059827137,h,04,1,0,0,4,1
grp-a001-02-000000059827137,h,05,3,0,0,19,3
grp-a001-02-000000059827137,h,06,6,0,0,53,4
grp-a001-02-000000059827137,h,07,11,1,723,94,10
grp-a001-02-000000059827137,h,08,13,0,0,111,10
grp-a001-02-000000059827137,h,09,15,0,0,113,11
grp-a001-02-000000059827137,h,10,19,0,0,201,12
grp-a001-02-000000059827137,h,11,21,0,0,266,12
grp-a001-02-000000059827137,h,12,8,0,0,74,7
grp-a001-02-000000059827137,h,13,19,0,0,168,11
grp-a001-02-000000059827137,h,14,18,1,762,107,9
grp-a001-02-000000059827137,h,15,23,0,0,220,18
grp-a001-02-000000059827137,h,16,5,0,0,52,5
grp-a001-02-000000059827137,h,17,21,0,0,196,17
grp-a001-02-000000059827137,h,18,18,0,0,186,13
grp-a001-02-000000059827137,h,19,23,0,0,234,16
grp-a001-02-000000059827137,h,20,28,1,725,253,19
grp-a001-02-000000059827137,h,21,14,0,0,171,11
grp-a001-02-000000059827137,h,22,36,1,770,346,23
grp-a001-02-000000059827137,h,23,32,0,0,286,20
grp-a001-02-000000059827137,m,11068,13,0,0,78,10
grp-a001-02-000000059827137,m,33421,145,1,723,1165,48
grp-a001-02-000000059827137,m,341893,7,0,0,25,6
grp-a001-02-000000059827137,m,341898,1,0,0,1,1
grp-a001-02-000000059827137,m,684924,4,0,0,4,4
grp-a001-02-000000059827137,m,684926,126,0,0,1386,70
grp-a001-02-000000059827137,m,684927,21,0,0,280,19
grp-a001-02-000000059827137,m,8753,61,3,2257,656,49
grp-a001-02-000000059827137,r,01,10,0,0,75,7
grp-a001-02-000000059827137,r,02,74,2,1493,819,45
grp-a001-02-000000059827137,r,03,14,0,0,153,11
grp-a001-02-000000059827137,r,04,14,0,0,81,12
grp-a001-02-000000059827137,r,05,1,0,0,15,1
grp-a001-02-000000059827137,r,06,10,0,0,127,9
grp-a001-02-000000059827137,r,07,9,1,762,107,8
grp-a001-02-000000059827137,r,08,19,0,0,203,13
grp-a001-02-000000059827137,r,09,128,1,725,1031,49
grp-a001-02-000000059827137,r,10,9,0,0,86,5
grp-a001-02-000000059827137,r,11,18,0,0,213,13
grp-a001-02-000000059827137,r,12,7,0,0,37,6
grp-a001-02-000000059827137,r,13,9,0,0,72,8
grp-a001-02-000000059827137,r,15,19,0,0,208,15
grp-a001-02-000000059827137,r,16,11,0,0,70,8
grp-a001-02-000000059827137,r,17,1,0,0,2,1
grp-a001-02-000000059827137,r,18,2,0,0,31,2
grp-a001-02-000000059827137,r,99,23,0,0,265,18
grp-a001-02-000000059827296,h,00,18,0,0,172,9
grp-a001-02-000000059827296,h,01,30,0,0,286,22
grp-a001-02-000000059827296,h,02,13,0,0,119,8
grp-a001-02-000000059827296,h,03,11,0,0,101,9
grp-a001-02-000000059827296,h,04,17,0,0,136,8
grp-a001-02-000000059827296,h,05,15,0,0,169,10
grp-a001-02-000000059827296,h,06,23,0,0,222,12
grp-a001-02-000000059827296,h,07,12,0,0,79,9
grp-a001-02-000000059827296,h,08,24,0,0,240,18
grp-a001-02-000000059827296,h,09,23,0,0,210,18
grp-a001-02-000000059827296,h,10,28,0,0,251,16
grp-a001-02-000000059827296,h,11,17,0,0,148,15
grp-a001-02-000000059827296,h,12,35,0,0,624,25
grp-a001-02-000000059827296,h,13,30,1,208,395,23
grp-a001-02-000000059827296,h,14,35,1,970,354,25
grp-a001-02-000000059827296,h,15,18,0,0,211,17
grp-a001-02-000000059827296,h,16,22,0,0,199,18
grp-a001-02-000000059827296,h,17,38,0,0,445,22
grp-a001-02-000000059827296,h,18,31,1,745,296,24
grp-a001-02-000000059827296,h,19,28,0,0,216,22
grp-a001-02-000000059827296,h,20,35,0,0,328,25
grp-a001-02-000000059827296,h,21,24,0,0,256,19
grp-a001-02-000000059827296,h,22,28,0,0,180,25
grp-a001-02-000000059827296,h,23,26,1,733,268,18
grp-a001-02-000000059827296,m,11068,19,0,0,565,13
grp-a001-02-000000059827296,m,122876,49,0,0,328,26
grp-a001-02-000000059827296,m,27758,5,0,0,13,4
grp-a001-02-000000059827296,m,33421,149,0,0,1659,44
grp-a001-02-000000059827296,m,341893,205,1,733,2130,70
grp-a001-02-000000059827296,m,341898,13,0,0,74,11
grp-a001-02-000000059827296,m,370822,6,0,0,18,5
grp-a001-02-000000059827296,m,424040,53,1,208,170,31
grp-a001-02-000000059827296,m,684924,1,0,0,1,1
grp-a001-02-000000059827296,m,684926,46,0,0,534,29
grp-a001-02-000000059827296,m,684927,23,0,0,375,18
grp-a001-02-000000059827296,m,8753,12,2,1715,38,9
grp-a001-02-000000059827296,r,00,5,0,0,45,5
grp-a001-02-000000059827296,r,01,17,0,0,129,12
grp-a001-02-000000059827296,r,02,136,0,0,1816,67
grp-a001-02-000000059827296,r,03,26,0,0,186,20
grp-a001-02-000000059827296,r,04,25,0,0,247,15
grp-a001-02-000000059827296,r,05,7,0,0,83,5
grp-a001-02-000000059827296,r,06,14,0,0,114,12
grp-a001-02-000000059827296,r,07,21,0,0,197,15
grp-a001-02-000000059827296,r,08,30,0,0,278,23
grp-a001-02-000000059827296,r,09,178,0,0,1475,59
grp-a001-02-000000059827296,r,10,8,0,0,112,7
grp-a001-02-000000059827296,r,11,24,1,208,365,17
grp-a001-02-000000059827296,r,12,10,0,0,136,7
grp-a001-02-000000059827296,r,13,21,0,0,173,14
grp-a001-02-000000059827296,r,14,1,0,0,1,1
grp-a001-02-000000059827296,r,15,16,0,0,188,15
grp-a001-02-000000059827296,r,16,6,0,0,87,5
grp-a001-02-000000059827296,r,17,3,1,970,16,3
grp-a001-02-000000059827296,r,18,3,0,0,26,3
grp-a001-02-000000059827296,r,99,30,2,1478,231,22
grp-a001-02-000000059827297,h,00,16,0,0,187,11
grp-a001-02-000000059827297,h,01,13,0,0,123,8
grp-a001-02-000000059827297,h,02,9,0,0,71,5
grp-a001-02-000000059827297,h,03,30,0,0,154,12
grp-a001-02-000000059827297,h,04,23,0,0,156,16
grp-a001-02-000000059827297,h,05,18,0,0,203,15
grp-a001-02-000000059827297,h,06,13,0,0,129,10
grp-a001-02-000000059827297,h,07,13,0,0,104,9
grp-a001-02-000000059827297,h,08,10,0,0,123,7
grp-a001-02-000000059827297,h,09,19,1,597,201,12
grp-a001-02-000000059827297,h,10,23,0,0,253,20
grp-a001-02-000000059827297,h,11,12,0,0,157,11
grp-a001-02-000000059827297,h,12,12,0,0,172,9
grp-a001-02-000000059827297,h,13,12,0,0,178,11
grp-a001-02-000000059827297,h,14,11,0,0,123,8
grp-a001-02-000000059827297,h,15,17,0,0,198,13
grp-a001-02-000000059827297,h,16,10,0,0,134,8
grp-a001-02-000000059827297,h,17,12,0,0,139,8
grp-a001-02-000000059827297,h,18,8,0,0,65,6
grp-a001-02-000000059827297,h,19,11,0,0,74,8
grp-a001-02-000000059827297,h,20,16,0,0,150,10
grp-a001-02-000000059827297,h,21,17,2,1516,145,12
grp-a001-02-000000059827297,h,22,18,0,0,155,14
grp-a001-02-000000059827297,h,23,19,0,0,209,8
grp-a001-02-000000059827297,m,11068,29,0,0,558,18
grp-a001-02-000000059827297,m,33421,242,2,1516,1741,59
grp-a001-02-000000059827297,m,341893,8,0,0,69,7
grp-a001-02-000000059827297,m,684926,45,1,597,782,29
grp-a001-02-000000059827297,m,684927,28,0,0,385,20
grp-a001-02-000000059827297,m,8753,10,0,0,68,9
grp-a001-02-000000059827297,r,00,3,0,0,27,1
grp-a001-02-000000059827297,r,01,5,0,0,39,5
grp-a001-02-000000059827297,r,02,53,0,0,609,39
grp-a001-02-000000059827297,r,03,6,0,0,91,5
grp-a001-02-000000059827297,r,04,7,0,0,59,5
grp-a001-02-000000059827297,r,05,4,0,0,8,4
grp-a001-02-000000059827297,r,06,4,0,0,51,4
grp-a001-02-000000059827297,r,07,9,0,0,75,5
grp-a001-02-000000059827297,r,08,7,1,746,89,6
grp-a001-02-000000059827297,r,09,200,1,597,2000,48
grp-a001-02-000000059827297,r,10,7,0,0,66,6
grp-a001-02-000000059827297,r,11,5,0,0,79,5
grp-a001-02-000000059827297,r,12,3,0,0,29,3
grp-a001-02-000000059827297,r,13,3,0,0,46,3
grp-a001-02-000000059827297,r,15,9,1,770,90,8
grp-a001-02-000000059827297,r,16,8,0,0,59,7
grp-a001-02-000000059827297,r,17,1,0,0,3,1
grp-a001-02-000000059827297,r,18,2,0,0,10,2
grp-a001-02-000000059827297,r,99,26,0,0,173,9
grp-a001-02-000000059827298,h,00,26,1,770,249,19
grp-a001-02-000000059827298,h,01,18,0,0,139,12
grp-a001-02-000000059827298,h,02,6,0,0,77,4
grp-a001-02-000000059827298,h,03,19,0,0,166,8
grp-a001-02-000000059827298,h,04,17,0,0,160,11
grp-a001-02-000000059827298,h,05,13,0,0,112,8
grp-a001-02-000000059827298,h,06,33,0,0,443,17
grp-a001-02-000000059827298,h,07,15,0,0,122,12
grp-a001-02-000000059827298,h,08,21,0,0,167,14
grp-a001-02-000000059827298,h,09,24,0,0,168,16
grp-a001-02-000000059827298,h,10,19,0,0,156,16
grp-a001-02-000000059827298,h,11,33,0,0,423,29
grp-a001-02-000000059827298,h,12,24,0,0,203,20
grp-a001-02-000000059827298,h,13,18,0,0,183,15
grp-a001-02-000000059827298,h,14,23,0,0,295,19
grp-a001-02-000000059827298,h,15,36,0,0,526,26
grp-a001-02-000000059827298,h,16,29,0,0,284,21
grp-a001-02-000000059827298,h,17,29,0,0,309,20
grp-a001-02-000000059827298,h,18,44,0,0,564,27
grp-a001-02-000000059827298,h,19,40,0,0,517,27
grp-a001-02-000000059827298,h,20,31,0,0,312,19
grp-a001-02-000000059827298,h,21,38,0,0,431,22
grp-a001-02-000000059827298,h,22,30,0,0,307,22
grp-a001-02-000000059827298,h,23,38,0,0,316,23
grp-a001-02-000000059827298,m,11068,59,0,0,1312,39
grp-a001-02-000000059827298,m,27758,1,0,0,3,1
grp-a001-02-000000059827298,m,33421,392,1,770,3085,93
grp-a001-02-000000059827298,m,684924,1,0,0,1,1
grp-a001-02-000000059827298,m,684926,78,0,0,1047,51
grp-a001-02-000000059827298,m,684927,74,0,0,1063,54
grp-a001-02-000000059827298,m,8753,19,0,0,118,17
grp-a001-02-000000059827298,r,00,1,0,0,10,1
grp-a001-02-000000059827298,r,01,17,0,0,179,11
grp-a001-02-000000059827298,r,02,134,0,0,1727,66
grp-a001-02-000000059827298,r,03,16,0,0,154,11
grp-a001-02-000000059827298,r,04,15,0,0,103,12
grp-a001-02-000000059827298,r,05,9,0,0,63,6
grp-a001-02-000000059827298,r,06,7,0,0,120,7
grp-a001-02-000000059827298,r,07,14,0,0,201,12
grp-a001-02-000000059827298,r,08,18,0,0,154,14
grp-a001-02-000000059827298,r,09,279,0,0,2924,66
grp-a001-02-000000059827298,r,10,11,0,0,98,7
grp-a001-02-000000059827298,r,11,20,1,770,182,17
grp-a001-02-000000059827298,r,12,8,0,0,73,8
grp-a001-02-000000059827298,r,13,7,0,0,52,6
grp-a001-02-000000059827298,r,14,1,0,0,9,1
grp-a001-02-000000059827298,r,15,22,0,0,197,14
grp-a001-02-000000059827298,r,16,2,0,0,13,2
grp-a001-02-000000059827298,r,17,3,0,0,33,3
grp-a001-02-000000059827298,r,18,6,0,0,67,5
grp-a001-02-000000059827298,r,99,34,0,0,270,21
grp-a001-02-000000059828242,h,00,113,0,0,1185,63
grp-a001-02-000000059828242,h,01,79,2,1029,828,44
grp-a001-02-000000059828242,h,02,24,2,1515,354,20
grp-a001-02-000000059828242,h,03,18,0,0,245,12
grp-a001-02-000000059828242,h,04,24,0,0,319,12
grp-a001-02-000000059828242,h,05,27,1,960,348,23
grp-a001-02-000000059828242,h,06,61,1,770,614,41
grp-a001-02-000000059828242,h,07,92,0,0,944,54
grp-a001-02-000000059828242,h,08,124,0,0,1176,66
grp-a001-02-000000059828242,h,09,99,1,528,1337,65
grp-a001-02-000000059828242,h,10,119,1,398,2141,55
grp-a001-02-000000059828242,h,11,118,0,0,1553,59
grp-a001-02-000000059828242,h,12,130,1,770,1992,70
grp-a001-02-000000059828242,h,13,112,0,0,1594,66
grp-a001-02-000000059828242,h,14,114,0,0,1557,58
grp-a001-02-000000059828242,h,15,113,0,0,1599,63
grp-a001-02-000000059828242,h,16,140,2,1344,1757,69
grp-a001-02-000000059828242,h,17,125,0,0,1543,66
grp-a001-02-000000059828242,h,18,111,1,750,988,61
grp-a001-02-000000059828242,h,19,136,1,700,1233,66
grp-a001-02-000000059828242,h,20,175,0,0,1588,76
grp-a001-02-000000059828242,h,21,195,0,0,1923,92
grp-a001-02-000000059828242,h,22,232,0,0,2200,87
grp-a001-02-000000059828242,h,23,257,1,307,2868,95
grp-a001-02-000000059828242,m,11068,150,0,0,4937,34
grp-a001-02-000000059828242,m,27758,2,0,0,3,2
grp-a001-02-000000059828242,m,33421,1379,1,960,14797,138
grp-a001-02-000000059828242,m,341893,727,9,6062,6830,139
grp-a001-02-000000059828242,m,341898,10,0,0,84,10
grp-a001-02-000000059828242,m,370822,11,0,0,42,10
grp-a001-02-000000059828242,m,684924,29,0,0,29,5
grp-a001-02-000000059828242,m,684925,4,0,0,4,4
grp-a001-02-000000059828242,m,684926,143,3,1742,2292,81
grp-a001-02-000000059828242,m,684927,37,0,0,819,30
grp-a001-02-000000059828242,m,8753,246,1,307,2049,67
grp-a001-02-000000059828242,r,00,107,0,0,3516,18
grp-a001-02-000000059828242,r,01,65,0,0,661,48
grp-a001-02-000000059828242,r,02,690,4,3042,7044,134
grp-a001-02-000000059828242,r,03,114,0,0,1222,74
grp-a001-02-000000059828242,r,04,122,0,0,1270,68
grp-a001-02-000000059828242,r,05,45,1,960,405,31
grp-a001-02-000000059828242,r,06,101,0,0,1125,56
grp-a001-02-000000059828242,r,07,73,0,0,860,46
grp-a001-02-000000059828242,r,08,145,0,0,1570,76
grp-a001-02-000000059828242,r,09,565,2,926,7036,136
grp-a001-02-000000059828242,r,10,45,0,0,467,29
grp-a001-02-000000059828242,r,11,184,1,574,1773,89
grp-a001-02-000000059828242,r,12,36,0,0,257,26
grp-a001-02-000000059828242,r,13,80,2,1007,934,54
grp-a001-02-000000059828242,r,14,20,0,0,166,12
grp-a001-02-000000059828242,r,15,131,1,770,1204,58
grp-a001-02-000000059828242,r,16,70,1,770,800,50
grp-a001-02-000000059828242,r,17,10,0,0,79,8
grp-a001-02-000000059828242,r,18,31,1,750,380,15
grp-a001-02-000000059828242,r,99,104,1,272,1117,60
grp-a001-02-000000059828246,h,00,52,0,0,441,27
grp-a001-02-000000059828246,h,01,19,0,0,194,13
grp-a001-02-000000059828246,h,02,13,0,0,172,7
grp-a001-02-000000059828246,h,03,9,0,0,92,7
grp-a001-02-000000059828246,h,04,12,0,0,149,8
grp-a001-02-000000059828246,h,05,7,0,0,68,7
grp-a001-02-000000059828246,h,06,16,0,0,176,9
grp-a001-02-000000059828246,h,07,22,0,0,215,15
grp-a001-02-000000059828246,h,08,25,0,0,189,15
grp-a001-02-000000059828246,h,09,22,0,0,232,12
grp-a001-02-000000059828246,h,10,15,0,0,239,13
grp-a001-02-000000059828246,h,11,20,0,0,263,15
grp-a001-02-000000059828246,h,12,44,0,0,716,25
grp-a001-02-000000059828246,h,13,11,0,0,111,11
grp-a001-02-000000059828246,h,14,20,0,0,337,13
grp-a001-02-000000059828246,h,15,19,0,0,261,15
grp-a001-02-000000059828246,h,16,20,0,0,231,12
grp-a001-02-000000059828246,h,17,24,0,0,326,17
grp-a001-02-000000059828246,h,18,14,0,0,206,12
grp-a001-02-000000059828246,h,19,16,0,0,246,12
grp-a001-02-000000059828246,h,20,26,0,0,259,17
grp-a001-02-000000059828246,h,21,20,0,0,191,11
grp-a001-02-000000059828246,h,22,28,0,0,365,20
grp-a001-02-000000059828246,h,23,19,0,0,170,13
grp-a001-02-000000059828246,m,11068,35,0,0,767,20
grp-a001-02-000000059828246,m,27758,1,0,0,2,1
grp-a001-02-000000059828246,m,33421,263,0,0,2675,57
grp-a001-02-000000059828246,m,341893,29,0,0,296,14
grp-a001-02-000000059828246,m,341898,12,0,0,72,5
grp-a001-02-000000059828246,m,370822,1,0,0,3,1
grp-a001-02-000000059828246,m,684924,14,0,0,14,4
grp-a001-02-000000059828246,m,684925,1,0,0,1,1
grp-a001-02-000000059828246,m,684926,64,0,0,1016,35
grp-a001-02-000000059828246,m,684927,47,0,0,867,35
grp-a001-02-000000059828246,m,787479,1,0,0,6,1
grp-a001-02-000000059828246,m,8753,25,0,0,130,15
grp-a001-02-000000059828246,r,00,3,0,0,26,2
grp-a001-02-000000059828246,r,01,4,0,0,78,3
grp-a001-02-000000059828246,r,02,111,0,0,1692,49
grp-a001-02-000000059828246,r,03,13,0,0,151,10
grp-a001-02-000000059828246,r,04,17,0,0,131,9
grp-a001-02-000000059828246,r,05,2,0,0,5,2
grp-a001-02-000000059828246,r,06,14,0,0,97,7
grp-a001-02-000000059828246,r,07,5,0,0,65,5
grp-a001-02-000000059828246,r,08,22,0,0,347,18
grp-a001-02-000000059828246,r,09,214,0,0,2366,49
grp-a001-02-000000059828246,r,10,1,0,0,3,1
grp-a001-02-000000059828246,r,11,13,0,0,155,12
grp-a001-02-000000059828246,r,12,5,0,0,91,4
grp-a001-02-000000059828246,r,13,9,0,0,76,7
grp-a001-02-000000059828246,r,14,2,0,0,14,1
grp-a001-02-000000059828246,r,15,20,0,0,196,15
grp-a001-02-000000059828246,r,16,17,0,0,190,11
grp-a001-02-000000059828246,r,17,1,0,0,5,1
grp-a001-02-000000059828246,r,18,2,0,0,33,2
grp-a001-02-000000059828246,r,99,18,0,0,128,10
grp-a001-02-000000059828464,h,00,63,0,0,521,39
grp-a001-02-000000059828464,h,01,31,0,0,305,23
grp-a001-02-000000059828464,h,02,22,0,0,203,8
grp-a001-02-000000059828464,h,03,27,0,0,236,11
grp-a001-02-000000059828464,h,04,13,0,0,114,9
grp-a001-02-000000059828464,h,05,20,0,0,167,12
grp-a001-02-000000059828464,h,06,11,0,0,77,8
grp-a001-02-000000059828464,h,07,35,0,0,300,21
grp-a001-02-000000059828464,h,08,48,0,0,471,26
grp-a001-02-000000059828464,h,09,40,1,980,344,28
grp-a001-02-000000059828464,h,10,53,0,0,448,30
grp-a001-02-000000059828464,h,11,57,1,940,575,34
grp-a001-02-000000059828464,h,12,97,2,1427,931,49
grp-a001-02-000000059828464,h,13,67,0,0,642,36
grp-a001-02-000000059828464,h,14,44,0,0,421,30
grp-a001-02-000000059828464,h,15,64,0,0,775,40
grp-a001-02-000000059828464,h,16,47,1,910,465,32
grp-a001-02-000000059828464,h,17,69,0,0,631,40
grp-a001-02-000000059828464,h,18,63,0,0,514,34
grp-a001-02-000000059828464,h,19,65,0,0,465,38
grp-a001-02-000000059828464,h,20,63,0,0,564,44
grp-a001-02-000000059828464,h,21,77,0,0,579,44
grp-a001-02-000000059828464,h,22,73,0,0,723,45
grp-a001-02-000000059828464,h,23,63,0,0,593,36
grp-a001-02-000000059828464,m,11068,81,0,0,1100,49
grp-a001-02-000000059828464,m,27758,14,0,0,26,10
grp-a001-02-000000059828464,m,33421,393,0,0,3225,102
grp-a001-02-000000059828464,m,341893,226,2,1567,2246,51
grp-a001-02-000000059828464,m,341898,31,0,0,145,16
grp-a001-02-000000059828464,m,370822,4,0,0,11,4
grp-a001-02-000000059828464,m,684924,7,0,0,7,7
grp-a001-02-000000059828464,m,684925,9,0,0,9,5
grp-a001-02-000000059828464,m,684926,233,0,0,2502,95
grp-a001-02-000000059828464,m,684927,61,0,0,741,38
grp-a001-02-000000059828464,m,805760,1,0,0,6,1
grp-a001-02-000000059828464,m,8753,152,3,2690,1046,76
grp-a001-02-000000059828464,r,00,8,0,0,82,6
grp-a001-02-000000059828464,r,01,25,0,0,200,17
grp-a001-02-000000059828464,r,02,329,2,1890,3078,104
grp-a001-02-000000059828464,r,03,55,0,0,385,34
grp-a001-02-000000059828464,r,04,40,0,0,338,28
grp-a001-02-000000059828464,r,05,16,0,0,167,13
grp-a001-02-000000059828464,r,06,31,0,0,227,19
grp-a001-02-000000059828464,r,07,26,0,0,266,17
grp-a001-02-000000059828464,r,08,49,0,0,466,27
grp-a001-02-000000059828464,r,09,262,2,1427,2667,99
grp-a001-02-000000059828464,r,10,24,0,0,215,15
grp-a001-02-000000059828464,r,11,48,0,0,407,30
grp-a001-02-000000059828464,r,12,28,0,0,229,15
grp-a001-02-000000059828464,r,13,40,0,0,320,27
grp-a001-02-000000059828464,r,14,7,0,0,38,6
grp-a001-02-000000059828464,r,15,62,1,940,575,41
grp-a001-02-000000059828464,r,16,37,0,0,319,25
grp-a001-02-000000059828464,r,17,7,0,0,88,6
grp-a001-02-000000059828464,r,18,11,0,0,84,7
grp-a001-02-000000059828464,r,99,107,0,0,913,49
grp-a001-02-000000059828469,h,00,35,0,0,363,25
grp-a001-02-000000059828469,h,01,15,1,820,96,9
grp-a001-02-000000059828469,h,02,15,0,0,169,11
grp-a001-02-000000059828469,h,03,8,0,0,113,5
grp-a001-02-000000059828469,h,04,9,0,0,110,9
grp-a001-02-000000059828469,h,05,5,0,0,35,5
grp-a001-02-000000059828469,h,06,15,0,0,172,11
grp-a001-02-000000059828469,h,07,36,1,368,387,23
grp-a001-02-000000059828469,h,08,41,0,0,443,27
grp-a001-02-000000059828469,h,09,40,0,0,458,30
grp-a001-02-000000059828469,h,10,49,0,0,823,33
grp-a001-02-000000059828469,h,11,41,0,0,536,31
grp-a001-02-000000059828469,h,12,51,0,0,595,34
grp-a001-02-000000059828469,h,13,42,0,0,526,32
grp-a001-02-000000059828469,h,14,39,0,0,468,27
grp-a001-02-000000059828469,h,15,35,1,223,313,24
grp-a001-02-000000059828469,h,16,57,1,739,885,40
grp-a001-02-000000059828469,h,17,50,0,0,621,34
grp-a001-02-000000059828469,h,18,40,0,0,373,28
grp-a001-02-000000059828469,h,19,41,1,760,431,29
grp-a001-02-000000059828469,h,20,41,0,0,416,31
grp-a001-02-000000059828469,h,21,62,0,0,870,38
grp-a001-02-000000059828469,h,22,60,1,980,856,34
grp-a001-02-000000059828469,h,23,41,0,0,524,27
grp-a001-02-000000059828469,m,11068,17,1,820,342,12
grp-a001-02-000000059828469,m,27758,3,0,0,7,3
grp-a001-02-000000059828469,m,33421,284,0,0,3994,74
grp-a001-02-000000059828469,m,341893,342,1,739,3462,97
grp-a001-02-000000059828469,m,341898,15,0,0,104,8
grp-a001-02-000000059828469,m,370822,5,0,0,17,5
grp-a001-02-000000059828469,m,556927,2,0,0,2,1
grp-a001-02-000000059828469,m,684924,3,0,0,3,3
grp-a001-02-000000059828469,m,684925,1,0,0,1,1
grp-a001-02-000000059828469,m,684926,87,1,368,1165,59
grp-a001-02-000000059828469,m,684927,61,1,980,1195,37
grp-a001-02-000000059828469,m,8753,48,2,983,291,35
grp-a001-02-000000059828469,r,00,4,0,0,36,4
grp-a001-02-000000059828469,r,01,15,0,0,196,14
grp-a001-02-000000059828469,r,02,197,2,1043,2446,87
grp-a001-02-000000059828469,r,03,36,1,739,529,26
grp-a001-02-000000059828469,r,04,41,0,0,648,30
grp-a001-02-000000059828469,r,05,13,0,0,200,11
grp-a001-02-000000059828469,r,06,37,0,0,483,29
grp-a001-02-000000059828469,r,07,19,1,980,233,16
grp-a001-02-000000059828469,r,08,43,0,0,567,26
grp-a001-02-000000059828469,r,09,250,0,0,2633,89
grp-a001-02-000000059828469,r,10,14,0,0,173,10
grp-a001-02-000000059828469,r,11,39,0,0,515,32
grp-a001-02-000000059828469,r,12,19,0,0,252,14
grp-a001-02-000000059828469,r,13,30,0,0,405,21
grp-a001-02-000000059828469,r,14,4,0,0,70,3
grp-a001-02-000000059828469,r,15,31,0,0,430,25
grp-a001-02-000000059828469,r,16,18,0,0,163,16
grp-a001-02-000000059828469,r,17,4,0,0,36,4
grp-a001-02-000000059828469,r,18,6,0,0,70,6
grp-a001-02-000000059828469,r,99,48,2,1128,498,33
grp-a001-02-000000059828556,h,00,46,1,770,476,26
grp-a001-02-000000059828556,h,01,39,1,850,332,20
grp-a001-02-000000059828556,h,02,19,0,0,176,8
grp-a001-02-000000059828556,h,03,12,0,0,93,6
grp-a001-02-000000059828556,h,04,18,0,0,139,8
grp-a001-02-000000059828556,h,05,24,0,0,179,10
grp-a001-02-000000059828556,h,06,28,1,371,202,15
grp-a001-02-000000059828556,h,07,29,0,0,235,17
grp-a001-02-000000059828556,h,08,30,0,0,279,13
grp-a001-02-000000059828556,h,09,22,0,0,179,16
grp-a001-02-000000059828556,h,10,27,0,0,497,15
grp-a001-02-000000059828556,h,11,38,0,0,618,22
grp-a001-02-000000059828556,h,12,26,0,0,389,18
grp-a001-02-000000059828556,h,13,18,0,0,261,14
grp-a001-02-000000059828556,h,14,18,0,0,161,14
grp-a001-02-000000059828556,h,15,26,0,0,444,18
grp-a001-02-000000059828556,h,16,32,0,0,388,22
grp-a001-02-000000059828556,h,17,44,0,0,662,31
grp-a001-02-000000059828556,h,18,30,0,0,426,18
grp-a001-02-000000059828556,h,19,24,1,422,184,16
grp-a001-02-000000059828556,h,20,34,0,0,309,20
grp-a001-02-000000059828556,h,21,28,0,0,249,16
grp-a001-02-000000059828556,h,22,22,1,617,285,12
grp-a001-02-000000059828556,h,23,33,0,0,316,22
grp-a001-02-000000059828556,m,11068,27,0,0,489,12
grp-a001-02-000000059828556,m,27758,2,0,0,4,2
grp-a001-02-000000059828556,m,33421,442,2,1387,4972,72
grp-a001-02-000000059828556,m,341893,35,1,850,225,22
grp-a001-02-000000059828556,m,341898,4,0,0,14,4
grp-a001-02-000000059828556,m,370822,2,0,0,10,2
grp-a001-02-000000059828556,m,684924,3,0,0,3,3
grp-a001-02-000000059828556,m,684926,85,2,793,1048,53
grp-a001-02-000000059828556,m,684927,34,0,0,564,28
grp-a001-02-000000059828556,m,8753,33,0,0,150,26
grp-a001-02-000000059828556,r,00,3,0,0,105,2
grp-a001-02-000000059828556,r,01,9,1,850,116,8
grp-a001-02-000000059828556,r,02,92,2,988,1067,52
grp-a001-02-000000059828556,r,03,20,0,0,293,19
grp-a001-02-000000059828556,r,04,18,0,0,260,12
grp-a001-02-000000059828556,r,05,5,0,0,52,5
grp-a001-02-000000059828556,r,06,8,0,0,123,8
grp-a001-02-000000059828556,r,07,12,0,0,75,10
grp-a001-02-000000059828556,r,08,12,1,770,161,12
grp-a001-02-000000059828556,r,09,392,0,0,3974,64
grp-a001-02-000000059828556,r,10,11,1,422,160,10
grp-a001-02-000000059828556,r,11,15,0,0,271,14
grp-a001-02-000000059828556,r,12,4,0,0,15,4
grp-a001-02-000000059828556,r,13,10,0,0,169,9
grp-a001-02-000000059828556,r,14,1,0,0,3,1
grp-a001-02-000000059828556,r,15,16,0,0,172,14
grp-a001-02-000000059828556,r,16,7,0,0,57,6
grp-a001-02-000000059828556,r,17,6,0,0,75,5
grp-a001-02-000000059828556,r,18,9,0,0,133,6
grp-a001-02-000000059828556,r,99,17,0,0,198,15
grp-a001-02-000000059829132,h,00,97,0,0,973,37
grp-a001-02-000000059829132,h,01,133,1,641,1295,43
grp-a001-02-000000059829132,h,02,68,0,0,655,31
grp-a001-02-000000059829132,h,03,144,0,0,1200,45
grp-a001-02-000000059829132,h,04,169,0,0,1430,44
grp-a001-02-000000059829132,h,05,148,1,536,1293,43
grp-a001-02-000000059829132,h,06,150,0,0,1366,46
grp-a001-02-000000059829132,h,07,91,1,763,821,33
grp-a001-02-000000059829132,h,08,58,0,0,661,31
grp-a001-02-000000059829132,h,09,72,0,0,810,34
grp-a001-02-000000059829132,h,10,64,1,648,745,40
grp-a001-02-000000059829132,h,11,81,2,1680,884,46
grp-a001-02-000000059829132,h,12,90,0,0,1391,43
grp-a001-02-000000059829132,h,13,60,0,0,758,34
grp-a001-02-000000059829132,h,14,66,0,0,764,34
grp-a001-02-000000059829132,h,15,66,0,0,726,41
grp-a001-02-000000059829132,h,16,58,0,0,626,35
grp-a001-02-000000059829132,h,17,64,0,0,678,32
grp-a001-02-000000059829132,h,18,46,0,0,529,30
grp-a001-02-000000059829132,h,19,72,1,394,696,32
grp-a001-02-000000059829132,h,20,56,0,0,568,37
grp-a001-02-000000059829132,h,21,74,0,0,817,41
grp-a001-02-000000059829132,h,22,117,0,0,1182,50
grp-a001-02-000000059829132,h,23,170,0,0,1630,47
grp-a001-02-000000059829132,m,11068,84,0,0,1682,45
grp-a001-02-000000059829132,m,122876,16,0,0,146,4
grp-a001-02-000000059829132,m,33421,1490,0,0,13605,110
grp-a001-02-000000059829132,m,341893,292,4,2515,2775,82
grp-a001-02-000000059829132,m,341898,11,0,0,41,7
grp-a001-02-000000059829132,m,370822,4,1,970,17,3
grp-a001-02-000000059829132,m,424040,41,0,0,108,5
grp-a001-02-000000059829132,m,684924,1,0,0,1,1
grp-a001-02-000000059829132,m,684926,157,1,641,2547,80
grp-a001-02-000000059829132,m,684927,65,0,0,1036,42
grp-a001-02-000000059829132,m,8753,53,1,536,540,29
grp-a001-02-000000059829132,r,00,5,0,0,42,4
grp-a001-02-000000059829132,r,01,24,0,0,249,21
grp-a001-02-000000059829132,r,02,292,0,0,3591,99
grp-a001-02-000000059829132,r,03,48,1,970,534,28
grp-a001-02-000000059829132,r,04,40,2,1473,444,24
grp-a001-02-000000059829132,r,05,21,1,641,249,14
grp-a001-02-000000059829132,r,06,45,0,0,435,25
grp-a001-02-000000059829132,r,07,34,2,1184,319,22
grp-a001-02-000000059829132,r,08,53,0,0,501,31
grp-a001-02-000000059829132,r,09,1376,0,0,13011,117
grp-a001-02-000000059829132,r,10,21,0,0,238,14
grp-a001-02-000000059829132,r,11,66,0,0,828,42
grp-a001-02-000000059829132,r,12,17,1,394,191,13
grp-a001-02-000000059829132,r,13,28,0,0,303,20
grp-a001-02-000000059829132,r,14,3,0,0,37,3
grp-a001-02-000000059829132,r,15,27,0,0,384,23
grp-a001-02-000000059829132,r,16,26,0,0,226,18
grp-a001-02-000000059829132,r,17,4,0,0,13,2
grp-a001-02-000000059829132,r,18,22,0,0,359,12
grp-a001-02-000000059829132,r,99,62,0,0,544,36
grp-a001-02-000000059829228,h,00,54,0,0,497,25
grp-a001-02-000000059829228,h,01,40,0,0,352,15
grp-a001-02-000000059829228,h,02,30,0,0,223,11
grp-a001-02-000000059829228,h,03,81,0,0,646,22
grp-a001-02-000000059829228,h,04,96,0,0,858,24
grp-a001-02-000000059829228,h,05,72,0,0,681,20
grp-a001-02-000000059829228,h,06,68,0,0,628,26
grp-a001-02-000000059829228,h,07,63,0,0,520,25
grp-a001-02-000000059829228,h,08,54,0,0,437,25
grp-a001-02-000000059829228,h,09,47,0,0,463,17
grp-a001-02-000000059829228,h,10,44,0,0,521,26
grp-a001-02-000000059829228,h,11,44,0,0,527,22
grp-a001-02-000000059829228,h,12,41,0,0,441,19
grp-a001-02-000000059829228,h,13,38,0,0,387,22
grp-a001-02-000000059829228,h,14,33,0,0,497,20
grp-a001-02-000000059829228,h,15,39,0,0,488,21
grp-a001-02-000000059829228,h,16,54,0,0,422,19
grp-a001-02-000000059829228,h,17,47,0,0,423,19
grp-a001-02-000000059829228,h,18,43,2,1990,433,22
grp-a001-02-000000059829228,h,19,47,0,0,379,16
grp-a001-02-000000059829228,h,20,65,0,0,596,28
grp-a001-02-000000059829228,h,21,58,0,0,545,24
grp-a001-02-000000059829228,h,22,84,0,0,683,22
grp-a001-02-000000059829228,h,23,202,0,0,1627,30
grp-a001-02-000000059829228,m,11068,41,0,0,898,26
grp-a001-02-000000059829228,m,33421,1173,2,1990,9167,90
grp-a001-02-000000059829228,m,341893,26,0,0,212,11
grp-a001-02-000000059829228,m,341898,3,0,0,11,3
grp-a001-02-000000059829228,m,556927,2,0,0,2,1
grp-a001-02-000000059829228,m,684926,105,0,0,1716,56
grp-a001-02-000000059829228,m,684927,40,0,0,593,29
grp-a001-02-000000059829228,m,805760,1,0,0,5,1
grp-a001-02-000000059829228,m,8753,53,0,0,670,30
grp-a001-02-000000059829228,r,00,7,0,0,55,5
grp-a001-02-000000059829228,r,01,15,0,0,212,11
grp-a001-02-000000059829228,r,02,204,0,0,1818,57
grp-a001-02-000000059829228,r,03,37,0,0,285,14
grp-a001-02-000000059829228,r,04,25,1,1000,151,16
grp-a001-02-000000059829228,r,05,21,0,0,128,9
grp-a001-02-000000059829228,r,06,33,0,0,259,18
grp-a001-02-000000059829228,r,07,24,0,0,203,12
grp-a001-02-000000059829228,r,08,36,0,0,447,22
grp-a001-02-000000059829228,r,09,828,1,990,7683,77
grp-a001-02-000000059829228,r,10,15,0,0,114,11
grp-a001-02-000000059829228,r,11,34,0,0,337,13
grp-a001-02-000000059829228,r,12,19,0,0,154,8
grp-a001-02-000000059829228,r,13,19,0,0,88,13
grp-a001-02-000000059829228,r,14,1,0,0,2,1
grp-a001-02-000000059829228,r,15,38,0,0,498,21
grp-a001-02-000000059829228,r,16,26,0,0,268,16
grp-a001-02-000000059829228,r,17,2,0,0,31,2
grp-a001-02-000000059829228,r,18,7,0,0,89,6
grp-a001-02-000000059829228,r,99,53,0,0,452,21
grp-a001-02-000000059829872,h,00,31,0,0,296,23
grp-a001-02-000000059829872,h,01,28,0,0,248,17
grp-a001-02-000000059829872,h,02,16,0,0,104,8
grp-a001-02-000000059829872,h,03,27,0,0,238,11
grp-a001-02-000000059829872,h,04,21,0,0,187,10
grp-a001-02-000000059829872,h,05,14,0,0,127,8
grp-a001-02-000000059829872,h,06,23,0,0,316,15
grp-a001-02-000000059829872,h,07,12,0,0,154,11
grp-a001-02-000000059829872,h,08,19,0,0,183,12
grp-a001-02-000000059829872,h,09,38,0,0,337,24
grp-a001-02-000000059829872,h,10,13,0,0,137,11
grp-a001-02-000000059829872,h,11,26,0,0,250,23
grp-a001-02-000000059829872,h,12,29,0,0,259,23
grp-a001-02-000000059829872,h,13,20,0,0,224,18
grp-a001-02-000000059829872,h,14,31,0,0,279,24
grp-a001-02-000000059829872,h,15,46,0,0,646,30
grp-a001-02-000000059829872,h,16,39,1,1000,251,20
grp-a001-02-000000059829872,h,17,36,0,0,348,25
grp-a001-02-000000059829872,h,18,35,0,0,351,23
grp-a001-02-000000059829872,h,19,35,0,0,293,26
grp-a001-02-000000059829872,h,20,23,0,0,249,20
grp-a001-02-000000059829872,h,21,37,0,0,361,25
grp-a001-02-000000059829872,h,22,43,0,0,383,31
grp-a001-02-000000059829872,h,23,44,0,0,370,27
grp-a001-02-000000059829872,m,11068,42,0,0,712,28
grp-a001-02-000000059829872,m,33421,352,1,1000,2409,98
grp-a001-02-000000059829872,m,341893,74,0,0,683,36
grp-a001-02-000000059829872,m,341898,10,0,0,39,10
grp-a001-02-000000059829872,m,370822,1,0,0,2,1
grp-a001-02-000000059829872,m,684924,1,0,0,1,1
grp-a001-02-000000059829872,m,684926,88,0,0,1338,54
grp-a001-02-000000059829872,m,684927,81,0,0,1124,52
grp-a001-02-000000059829872,m,8753,37,0,0,283,20
grp-a001-02-000000059829872,r,00,2,0,0,17,2
grp-a001-02-000000059829872,r,01,20,0,0,207,17
grp-a001-02-000000059829872,r,02,170,1,1000,1535,81
grp-a001-02-000000059829872,r,03,22,0,0,225,18
grp-a001-02-000000059829872,r,04,24,0,0,190,21
grp-a001-02-000000059829872,r,05,10,0,0,45,9
grp-a001-02-000000059829872,r,06,19,0,0,217,17
grp-a001-02-000000059829872,r,07,14,0,0,202,13
grp-a001-02-000000059829872,r,08,18,0,0,231,16
grp-a001-02-000000059829872,r,09,253,0,0,2547,81
grp-a001-02-000000059829872,r,10,13,0,0,116,9
grp-a001-02-000000059829872,r,11,25,0,0,299,20
grp-a001-02-000000059829872,r,12,7,0,0,90,6
grp-a001-02-000000059829872,r,13,10,0,0,94,9
grp-a001-02-000000059829872,r,15,18,0,0,124,16
grp-a001-02-000000059829872,r,16,6,0,0,29,5
grp-a001-02-000000059829872,r,17,4,0,0,39,4
grp-a001-02-000000059829872,r,18,8,0,0,58,7
grp-a001-02-000000059829872,r,99,43,0,0,326,26
grp-a001-02-000000059829962,h,00,401,2,1341,2430,101
grp-a001-02-000000059829962,h,01,325,0,0,1991,89
grp-a001-02-000000059829962,h,02,323,0,0,2120,84
grp-a001-02-000000059829962,h,03,296,0,0,1882,80
grp-a001-02-000000059829962,h,04,279,1,509,1662,74
grp-a001-02-000000059829962,h,05,328,0,0,2023,83
grp-a001-02-000000059829962,h,06,312,1,770,1874,83
grp-a001-02-000000059829962,h,07,286,1,671,1788,83
grp-a001-02-000000059829962,h,08,379,0,0,2596,96
grp-a001-02-000000059829962,h,09,305,0,0,2048,89
grp-a001-02-000000059829962,h,10,320,0,0,2101,97
grp-a001-02-000000059829962,h,11,338,0,0,2272,98
grp-a001-02-000000059829962,h,12,306,1,738,1969,102
grp-a001-02-000000059829962,h,13,295,0,0,2095,96
grp-a001-02-000000059829962,h,14,304,2,1539,1995,98
grp-a001-02-000000059829962,h,15,353,0,0,2329,98
grp-a001-02-000000059829962,h,16,333,0,0,2203,99
grp-a001-02-000000059829962,h,17,347,2,1187,2221,98
grp-a001-02-000000059829962,h,18,319,0,0,2150,98
grp-a001-02-000000059829962,h,19,373,1,749,2326,94
grp-a001-02-000000059829962,h,20,360,0,0,2312,93
grp-a001-02-000000059829962,h,21,361,1,770,2424,102
grp-a001-02-000000059829962,h,22,422,4,2672,2753,104
grp-a001-02-000000059829962,h,23,387,0,0,2431,96
grp-a001-02-000000059829962,m,11068,88,0,0,889,59
grp-a001-02-000000059829962,m,27758,37,0,0,109,21
grp-a001-02-000000059829962,m,33421,6968,7,4330,41709,139
grp-a001-02-000000059829962,m,341893,414,2,1508,4272,96
grp-a001-02-000000059829962,m,341898,17,0,0,75,14
grp-a001-02-000000059829962,m,370822,10,0,0,36,8
grp-a001-02-000000059829962,m,684924,7,0,0,7,6
grp-a001-02-000000059829962,m,684926,259,1,671,2661,97
grp-a001-02-000000059829962,m,684927,79,1,770,920,50
grp-a001-02-000000059829962,m,805760,4,0,0,25,4
grp-a001-02-000000059829962,m,8753,169,5,3667,1292,72
grp-a001-02-000000059829962,r,00,8,0,0,85,8
grp-a001-02-000000059829962,r,01,46,0,0,327,33
grp-a001-02-000000059829962,r,02,470,4,2686,3518,120
grp-a001-02-000000059829962,r,03,82,0,0,541,53
grp-a001-02-000000059829962,r,04,74,0,0,518,49
grp-a001-02-000000059829962,r,05,20,0,0,101,16
grp-a001-02-000000059829962,r,06,71,1,628,465,46
grp-a001-02-000000059829962,r,07,31,0,0,289,26
grp-a001-02-000000059829962,r,08,77,0,0,540,51
grp-a001-02-000000059829962,r,09,6551,4,2588,40720,138
grp-a001-02-000000059829962,r,10,42,0,0,307,30
grp-a001-02-000000059829962,r,11,100,2,1540,803,49
grp-a001-02-000000059829962,r,12,43,1,769,329,20
grp-a001-02-000000059829962,r,13,59,0,0,412,42
grp-a001-02-000000059829962,r,14,7,0,0,44,7
grp-a001-02-000000059829962,r,15,58,0,0,375,38
grp-a001-02-000000059829962,r,16,52,1,671,468,39
grp-a001-02-000000059829962,r,17,11,1,545,58,11
grp-a001-02-000000059829962,r,18,38,0,0,347,22
grp-a001-02-000000059829962,r,99,212,2,1519,1748,73
grp-a001-02-000000059830517,h,00,2173,7,12313,7140,133
grp-a001-02-000000059830517,h,01,1625,3,5722,5148,125
grp-a001-02-000000059830517,h,02,1703,2,3602,4812,124
grp-a001-02-000000059830517,h,03,525,3,6400,2353,98
grp-a001-02-000000059830517,h,04,419,0,0,2578,101
grp-a001-02-000000059830517,h,05,390,1,2102,2520,98
grp-a001-02-000000059830517,h,06,673,5,10980,3295,112
grp-a001-02-000000059830517,h,07,777,4,8149,4325,122
grp-a001-02-000000059830517,h,08,1008,4,6476,4899,137
grp-a001-02-000000059830517,h,09,1141,6,11449,5335,133
grp-a001-02-000000059830517,h,10,1175,2,3208,5111,136
grp-a001-02-000000059830517,h,11,1492,5,8811,5579,146
grp-a001-02-000000059830517,h,12,1993,5,10512,9162,135
grp-a001-02-000000059830517,h,13,1055,6,10375,5087,133
grp-a001-02-000000059830517,h,14,949,12,22438,4656,136
grp-a001-02-000000059830517,h,15,1107,8,14503,4593,134
grp-a001-02-000000059830517,h,16,1293,8,14556,5591,137
grp-a001-02-000000059830517,h,17,1289,9,16826,5279,135
grp-a001-02-000000059830517,h,18,1201,3,5553,4876,124
grp-a001-02-000000059830517,h,19,1327,5,10339,5467,127
grp-a001-02-000000059830517,h,20,1284,7,13801,5173,132
grp-a001-02-000000059830517,h,21,1222,7,12301,5403,136
grp-a001-02-000000059830517,h,22,1365,10,21461,5907,139
grp-a001-02-000000059830517,h,23,1642,5,9254,6681,128
grp-a001-02-000000059830517,m,11068,988,1,916,6058,125
grp-a001-02-000000059830517,m,27758,556,13,20832,970,83
grp-a001-02-000000059830517,m,33421,12025,13,26929,61111,154
grp-a001-02-000000059830517,m,341893,2036,11,19309,10101,152
grp-a001-02-000000059830517,m,341898,698,3,5350,1274,123
grp-a001-02-000000059830517,m,370822,72,1,1553,237,51
grp-a001-02-000000059830517,m,556927,1,0,0,1,1
grp-a001-02-000000059830517,m,684924,1118,2,4086,1118,116
grp-a001-02-000000059830517,m,684925,116,1,2000,116,41
grp-a001-02-000000059830517,m,684926,2303,26,49402,14261,150
grp-a001-02-000000059830517,m,684927,184,1,1133,1860,78
grp-a001-02-000000059830517,m,805759,13,0,0,166,9
grp-a001-02-000000059830517,m,805760,26,0,0,121,17
grp-a001-02-000000059830517,m,8753,8692,55,109621,23576,148
grp-a001-02-000000059830517,r,00,117,0,0,620,57
grp-a001-02-000000059830517,r,01,444,2,3542,1991,123
grp-a001-02-000000059830517,r,02,7507,37,70128,29130,153
grp-a001-02-000000059830517,r,03,889,6,10901,4014,141
grp-a001-02-000000059830517,r,04,917,3,5919,4257,126
grp-a001-02-000000059830517,r,05,262,0,0,1054,83
grp-a001-02-000000059830517,r,06,845,5,10512,4077,136
grp-a001-02-000000059830517,r,07,537,1,2456,2205,118
grp-a001-02-000000059830517,r,08,941,4,8227,4334,142
grp-a001-02-000000059830517,r,09,7883,35,66469,36228,154
grp-a001-02-000000059830517,r,10,317,2,3312,1245,110
grp-a001-02-000000059830517,r,11,2614,4,5852,8460,146
grp-a001-02-000000059830517,r,12,246,4,7829,1016,79
grp-a001-02-000000059830517,r,13,587,4,6869,2513,133
grp-a001-02-000000059830517,r,14,132,0,0,613,62
grp-a001-02-000000059830517,r,15,1995,4,6728,6289,141
grp-a001-02-000000059830517,r,16,501,2,4470,2321,123
grp-a001-02-000000059830517,r,17,145,1,1428,659,71
grp-a001-02-000000059830517,r,18,396,4,8751,1932,46
grp-a001-02-000000059830517,r,99,1553,9,17738,8012,143
grp-a001-02-000000059830521,h,00,16,0,0,204,14
grp-a001-02-000000059830521,h,01,16,0,0,195,15
grp-a001-02-000000059830521,h,02,9,0,0,122,8
grp-a001-02-000000059830521,h,03,5,0,0,53,5
grp-a001-02-000000059830521,h,04,7,0,0,50,7
grp-a001-02-000000059830521,h,05,4,0,0,32,3
grp-a001-02-000000059830521,h,06,9,0,0,102,8
grp-a001-02-000000059830521,h,07,15,0,0,147,15
grp-a001-02-000000059830521,h,08,11,0,0,76,10
grp-a001-02-000000059830521,h,09,24,1,878,262,22
grp-a001-02-000000059830521,h,10,17,0,0,181,14
grp-a001-02-000000059830521,h,11,14,0,0,166,11
grp-a001-02-000000059830521,h,12,47,0,0,1197,38
grp-a001-02-000000059830521,h,13,26,0,0,477,21
grp-a001-02-000000059830521,h,14,35,0,0,604,30
grp-a001-02-000000059830521,h,15,56,1,969,1040,42
grp-a001-02-000000059830521,h,16,97,0,0,714,25
grp-a001-02-000000059830521,h,17,26,0,0,295,24
grp-a001-02-000000059830521,h,18,34,0,0,424,31
grp-a001-02-000000059830521,h,19,23,0,0,237,20
grp-a001-02-000000059830521,h,20,33,0,0,308,27
grp-a001-02-000000059830521,h,21,33,0,0,341,26
grp-a001-02-000000059830521,h,22,50,0,0,475,34
grp-a001-02-000000059830521,h,23,35,0,0,314,22
grp-a001-02-000000059830521,m,11068,10,0,0,204,6
grp-a001-02-000000059830521,m,33421,157,0,0,3005,44
grp-a001-02-000000059830521,m,341893,426,0,0,4348,131
grp-a001-02-000000059830521,m,341898,21,1,969,93,19
grp-a001-02-000000059830521,m,370822,2,0,0,10,2
grp-a001-02-000000059830521,m,684926,24,1,878,341,21
grp-a001-02-000000059830521,m,684927,2,0,0,15,2
grp-a001-02-000000059830521,r,00,2,0,0,17,2
grp-a001-02-000000059830521,r,01,18,0,0,166,17
grp-a001-02-000000059830521,r,02,177,1,969,2905,81
grp-a001-02-000000059830521,r,03,21,0,0,199,18
grp-a001-02-000000059830521,r,04,49,0,0,408,25
grp-a001-02-000000059830521,r,05,5,0,0,57,5
grp-a001-02-000000059830521,r,06,18,0,0,173,16
grp-a001-02-000000059830521,r,07,22,0,0,252,16
grp-a001-02-000000059830521,r,08,22,0,0,218,17
grp-a001-02-000000059830521,r,09,129,0,0,1240,72
grp-a001-02-000000059830521,r,10,11,0,0,121,10
grp-a001-02-000000059830521,r,11,38,0,0,437,29
grp-a001-02-000000059830521,r,12,13,0,0,109,12
grp-a001-02-000000059830521,r,13,24,0,0,205,17
grp-a001-02-000000059830521,r,14,5,0,0,32,3
grp-a001-02-000000059830521,r,15,27,0,0,683,24
grp-a001-02-000000059830521,r,16,20,0,0,344,17
grp-a001-02-000000059830521,r,17,3,0,0,35,3
grp-a001-02-000000059830521,r,18,11,0,0,154,8
grp-a001-02-000000059830521,r,99,27,1,878,261,25
grp-a001-02-000000059830530,h,00,724,0,0,3323,80
grp-a001-02-000000059830530,h,01,631,1,1618,2899,75
grp-a001-02-000000059830530,h,02,587,1,930,2884,76
grp-a001-02-000000059830530,h,03,423,0,0,2049,68
grp-a001-02-000000059830530,h,04,400,0,0,1919,67
grp-a001-02-000000059830530,h,05,444,0,0,2140,74
grp-a001-02-000000059830530,h,06,641,0,0,2807,67
grp-a001-02-000000059830530,h,07,523,2,6063,2325,72
grp-a001-02-000000059830530,h,08,667,3,7425,2639,83
grp-a001-02-000000059830530,h,09,679,3,6336,2934,80
grp-a001-02-000000059830530,h,10,726,1,2725,2729,81
grp-a001-02-000000059830530,h,11,631,0,0,2436,79
grp-a001-02-000000059830530,h,12,2878,2,6198,7988,78
grp-a001-02-000000059830530,h,13,887,3,8220,3421,80
grp-a001-02-000000059830530,h,14,722,3,8228,2715,80
grp-a001-02-000000059830530,h,15,769,3,6055,3223,82
grp-a001-02-000000059830530,h,16,987,3,8780,3883,82
grp-a001-02-000000059830530,h,17,1116,2,6095,4363,70
grp-a001-02-000000059830530,h,18,1104,0,0,5263,72
grp-a001-02-000000059830530,h,19,686,2,4326,2812,74
grp-a001-02-000000059830530,h,20,699,3,8984,2665,72
grp-a001-02-000000059830530,h,21,772,1,1578,3130,84
grp-a001-02-000000059830530,h,22,652,1,3194,2617,79
grp-a001-02-000000059830530,h,23,688,1,3216,3311,84
grp-a001-02-000000059830530,m,11068,678,0,0,5808,41
grp-a001-02-000000059830530,m,27758,317,3,5496,524,29
grp-a001-02-000000059830530,m,33421,11596,7,16259,48337,123
grp-a001-02-000000059830530,m,341893,474,1,2899,3242,104
grp-a001-02-000000059830530,m,341898,203,2,3631,320,52
grp-a001-02-000000059830530,m,370822,12,0,0,25,7
grp-a001-02-000000059830530,m,556927,8,0,0,8,4
grp-a001-02-000000059830530,m,684924,1009,0,0,1009,32
grp-a001-02-000000059830530,m,684925,39,0,0,39,16
grp-a001-02-000000059830530,m,684926,1093,12,36244,6425,87
grp-a001-02-000000059830530,m,684927,128,2,4598,1356,40
grp-a001-02-000000059830530,m,805759,9,0,0,77,8
grp-a001-02-000000059830530,m,805760,21,0,0,82,9
grp-a001-02-000000059830530,m,8753,3449,8,20844,9223,83
grp-a001-02-000000059830530,r,-1,1,0,0,1,1
grp-a001-02-000000059830530,r,00,62,0,0,289,28
grp-a001-02-000000059830530,r,01,299,0,0,1327,44
grp-a001-02-000000059830530,r,02,4008,12,27402,17768,114
grp-a001-02-000000059830530,r,03,632,0,0,2159,57
grp-a001-02-000000059830530,r,04,1190,1,1578,4146,56
grp-a001-02-000000059830530,r,05,22,0,0,207,17
grp-a001-02-000000059830530,r,06,692,0,0,2830,63
grp-a001-02-000000059830530,r,07,355,2,5470,1335,57
grp-a001-02-000000059830530,r,08,755,2,6422,2828,66
grp-a001-02-000000059830530,r,09,6168,9,25602,25110,128
grp-a001-02-000000059830530,r,10,252,0,0,840,45
grp-a001-02-000000059830530,r,11,870,2,3583,3007,66
grp-a001-02-000000059830530,r,12,32,0,0,224,19
grp-a001-02-000000059830530,r,13,411,1,2786,1462,51
grp-a001-02-000000059830530,r,14,140,0,0,487,26
grp-a001-02-000000059830530,r,15,521,1,2899,1998,57
grp-a001-02-000000059830530,r,16,395,0,0,1382,47
grp-a001-02-000000059830530,r,17,81,0,0,260,21
grp-a001-02-000000059830530,r,18,605,2,5610,1943,33
grp-a001-02-000000059830530,r,99,1545,3,8619,6872,74
grp-a001-02-000000059830538,h,00,218,0,0,1367,25
grp-a001-02-000000059830538,h,01,209,0,0,1623,30
grp-a001-02-000000059830538,h,02,213,0,0,2040,28
grp-a001-02-000000059830538,h,03,160,0,0,1175,24
grp-a001-02-000000059830538,h,04,157,0,0,1556,25
grp-a001-02-000000059830538,h,05,159,0,0,1473,28
grp-a001-02-000000059830538,h,06,175,1,873,1398,32
grp-a001-02-000000059830538,h,07,183,1,2252,1468,33
grp-a001-02-000000059830538,h,08,204,1,2189,1334,36
grp-a001-02-000000059830538,h,09,200,0,0,877,30
grp-a001-02-000000059830538,h,10,179,1,2329,994,35
grp-a001-02-000000059830538,h,11,202,1,2145,1007,32
grp-a001-02-000000059830538,h,12,947,0,0,5368,35
grp-a001-02-000000059830538,h,13,311,1,1122,1698,33
grp-a001-02-000000059830538,h,14,235,0,0,1364,33
grp-a001-02-000000059830538,h,15,203,0,0,824,33
grp-a001-02-000000059830538,h,16,234,0,0,985,30
grp-a001-02-000000059830538,h,17,253,0,0,1308,32
grp-a001-02-000000059830538,h,18,229,0,0,1204,30
grp-a001-02-000000059830538,h,19,213,3,6746,927,27
grp-a001-02-000000059830538,h,20,216,0,0,1033,30
grp-a001-02-000000059830538,h,21,229,2,4698,1013,29
grp-a001-02-000000059830538,h,22,232,1,2281,1136,36
grp-a001-02-000000059830538,h,23,192,1,2327,1023,29
grp-a001-02-000000059830538,m,11068,169,0,0,2289,21
grp-a001-02-000000059830538,m,27758,24,0,0,45,9
grp-a001-02-000000059830538,m,33421,3855,0,0,24081,45
grp-a001-02-000000059830538,m,341893,381,1,1122,1933,63
grp-a001-02-000000059830538,m,341898,92,0,0,157,22
grp-a001-02-000000059830538,m,370822,4,0,0,8,3
grp-a001-02-000000059830538,m,556927,2,0,0,2,1
grp-a001-02-000000059830538,m,684924,185,1,2281,185,15
grp-a001-02-000000059830538,m,684925,5,0,0,5,2
grp-a001-02-000000059830538,m,684926,514,9,19011,2754,41
grp-a001-02-000000059830538,m,684927,39,0,0,544,19
grp-a001-02-000000059830538,m,805759,4,0,0,57,4
grp-a001-02-000000059830538,m,805760,5,0,0,33,2
grp-a001-02-000000059830538,m,8753,474,2,4548,2102,24
grp-a001-02-000000059830538,r,00,15,0,0,54,12
grp-a001-02-000000059830538,r,01,84,1,2290,562,25
grp-a001-02-000000059830538,r,02,898,3,6843,6577,55
grp-a001-02-000000059830538,r,03,161,1,2329,878,32
grp-a001-02-000000059830538,r,04,296,0,0,1662,23
grp-a001-02-000000059830538,r,05,5,0,0,29,5
grp-a001-02-000000059830538,r,06,173,0,0,1029,30
grp-a001-02-000000059830538,r,07,77,1,2321,398,23
grp-a001-02-000000059830538,r,08,203,1,2377,1099,27
grp-a001-02-000000059830538,r,09,2663,3,5563,14804,53
grp-a001-02-000000059830538,r,10,79,1,873,463,27
grp-a001-02-000000059830538,r,11,180,1,2221,935,26
grp-a001-02-000000059830538,r,12,5,0,0,34,4
grp-a001-02-000000059830538,r,13,89,0,0,448,22
grp-a001-02-000000059830538,r,14,31,0,0,188,12
grp-a001-02-000000059830538,r,15,132,0,0,800,32
grp-a001-02-000000059830538,r,16,74,0,0,368,22
grp-a001-02-000000059830538,r,17,31,0,0,149,14
grp-a001-02-000000059830538,r,18,130,1,2145,795,24
grp-a001-02-000000059830538,r,99,427,0,0,2923,30
grp-a001-02-000000059830547,h,00,377,0,0,1833,36
grp-a001-02-000000059830547,h,01,332,0,0,1858,37
grp-a001-02-000000059830547,h,02,344,0,0,2097,27
grp-a001-02-000000059830547,h,03,258,0,0,1349,36
grp-a001-02-000000059830547,h,04,276,0,0,1971,31
grp-a001-02-000000059830547,h,05,288,0,0,2081,30
grp-a001-02-000000059830547,h,06,315,0,0,1749,34
grp-a001-02-000000059830547,h,07,284,1,2355,1868,34
grp-a001-02-000000059830547,h,08,317,1,1233,1729,39
grp-a001-02-000000059830547,h,09,349,1,2586,1266,38
grp-a001-02-000000059830547,h,10,381,0,0,1426,38
grp-a001-02-000000059830547,h,11,395,1,2420,1525,42
grp-a001-02-000000059830547,h,12,2128,1,2479,8198,36
grp-a001-02-000000059830547,h,13,421,0,0,1970,41
grp-a001-02-000000059830547,h,14,353,1,2620,1571,38
grp-a001-02-000000059830547,h,15,348,0,0,1325,38
grp-a001-02-000000059830547,h,16,472,1,920,1787,38
grp-a001-02-000000059830547,h,17,545,0,0,2516,37
grp-a001-02-000000059830547,h,18,411,1,2601,1590,35
grp-a001-02-000000059830547,h,19,390,0,0,1259,32
grp-a001-02-000000059830547,h,20,363,0,0,1350,37
grp-a001-02-000000059830547,h,21,384,0,0,1367,34
grp-a001-02-000000059830547,h,22,334,0,0,1407,43
grp-a001-02-000000059830547,h,23,298,0,0,1464,36
grp-a001-02-000000059830547,m,11068,261,0,0,3064,28
grp-a001-02-000000059830547,m,27758,49,1,1233,102,17
grp-a001-02-000000059830547,m,33421,7508,0,0,35658,74
grp-a001-02-000000059830547,m,341893,82,0,0,658,44
grp-a001-02-000000059830547,m,341898,73,0,0,97,15
grp-a001-02-000000059830547,m,370822,3,0,0,7,2
grp-a001-02-000000059830547,m,684924,448,0,0,448,23
grp-a001-02-000000059830547,m,684925,16,0,0,16,4
grp-a001-02-000000059830547,m,684926,294,2,4941,2341,57
grp-a001-02-000000059830547,m,684927,39,0,0,505,19
grp-a001-02-000000059830547,m,805759,5,0,0,47,5
grp-a001-02-000000059830547,m,805760,3,0,0,16,2
grp-a001-02-000000059830547,m,8753,1582,5,11040,3597,31
grp-a001-02-000000059830547,r,-1,1,0,0,6,1
grp-a001-02-000000059830547,r,00,25,0,0,51,9
grp-a001-02-000000059830547,r,01,119,0,0,622,30
grp-a001-02-000000059830547,r,02,1758,1,2601,8911,61
grp-a001-02-000000059830547,r,03,309,0,0,1157,34
grp-a001-02-000000059830547,r,04,721,1,2620,2950,32
grp-a001-02-000000059830547,r,05,5,0,0,34,5
grp-a001-02-000000059830547,r,06,331,1,2420,1220,28
grp-a001-02-000000059830547,r,07,192,0,0,694,26
grp-a001-02-000000059830547,r,08,360,0,0,1374,30
grp-a001-02-000000059830547,r,09,4131,4,6987,19065,74
grp-a001-02-000000059830547,r,10,168,0,0,640,25
grp-a001-02-000000059830547,r,11,408,0,0,1452,33
grp-a001-02-000000059830547,r,12,7,0,0,35,5
grp-a001-02-000000059830547,r,13,211,0,0,740,30
grp-a001-02-000000059830547,r,14,77,0,0,279,17
grp-a001-02-000000059830547,r,15,232,0,0,1078,36
grp-a001-02-000000059830547,r,16,140,0,0,680,30
grp-a001-02-000000059830547,r,17,60,0,0,221,15
grp-a001-02-000000059830547,r,18,287,0,0,1126,25
grp-a001-02-000000059830547,r,99,821,1,2586,4221,41
grp-a001-02-000000059830552,h,00,367,0,0,1861,95
grp-a001-02-000000059830552,h,01,306,1,2189,1757,97
grp-a001-02-000000059830552,h,02,413,0,0,2837,100
grp-a001-02-000000059830552,h,03,261,0,0,1484,82
grp-a001-02-000000059830552,h,04,233,0,0,1467,74
grp-a001-02-000000059830552,h,05,276,0,0,1672,84
grp-a001-02-000000059830552,h,06,278,1,1603,1527,89
grp-a001-02-000000059830552,h,07,309,1,1193,1869,96
grp-a001-02-000000059830552,h,08,338,2,2845,2106,104
grp-a001-02-000000059830552,h,09,277,1,1627,1512,93
grp-a001-02-000000059830552,h,10,348,0,0,1765,103
grp-a001-02-000000059830552,h,11,382,2,3312,2241,111
grp-a001-02-000000059830552,h,12,1130,2,2706,5552,106
grp-a001-02-000000059830552,h,13,447,0,0,2589,102
grp-a001-02-000000059830552,h,14,334,3,4365,1671,100
grp-a001-02-000000059830552,h,15,307,0,0,1594,96
grp-a001-02-000000059830552,h,16,365,2,3267,1952,105
grp-a001-02-000000059830552,h,17,415,1,1596,2336,106
grp-a001-02-000000059830552,h,18,321,1,1642,1548,91
grp-a001-02-000000059830552,h,19,333,2,2635,1772,92
grp-a001-02-000000059830552,h,20,304,0,0,1399,102
grp-a001-02-000000059830552,h,21,363,2,3255,1708,104
grp-a001-02-000000059830552,h,22,363,1,1649,1768,102
grp-a001-02-000000059830552,h,23,317,0,0,1749,91
grp-a001-02-000000059830552,m,11068,241,0,0,2726,54
grp-a001-02-000000059830552,m,27758,15,0,0,41,10
grp-a001-02-000000059830552,m,33421,6540,4,6664,35762,144
grp-a001-02-000000059830552,m,341893,370,0,0,1869,89
grp-a001-02-000000059830552,m,341898,98,0,0,174,49
grp-a001-02-000000059830552,m,370822,11,0,0,26,10
grp-a001-02-000000059830552,m,556927,2,0,0,3,2
grp-a001-02-000000059830552,m,684924,241,1,1913,241,35
grp-a001-02-000000059830552,m,684925,2,0,0,2,2
grp-a001-02-000000059830552,m,684926,625,12,16600,3858,136
grp-a001-02-000000059830552,m,684927,59,0,0,630,43
grp-a001-02-000000059830552,m,805759,4,0,0,79,4
grp-a001-02-000000059830552,m,8753,579,5,8707,2325,91
grp-a001-02-000000059830552,r,00,30,0,0,150,18
grp-a001-02-000000059830552,r,01,93,1,1650,600,48
grp-a001-02-000000059830552,r,02,1109,6,8444,7284,130
grp-a001-02-000000059830552,r,03,206,0,0,1213,71
grp-a001-02-000000059830552,r,04,367,0,0,2105,58
grp-a001-02-000000059830552,r,05,22,0,0,124,16
grp-a001-02-000000059830552,r,06,250,1,1638,1609,76
grp-a001-02-000000059830552,r,07,136,0,0,674,49
grp-a001-02-000000059830552,r,08,241,1,1913,1327,67
grp-a001-02-000000059830552,r,09,5104,7,10973,25795,148
grp-a001-02-000000059830552,r,10,82,0,0,406,32
grp-a001-02-000000059830552,r,11,224,1,1649,1159,69
grp-a001-02-000000059830552,r,12,20,0,0,134,17
grp-a001-02-000000059830552,r,13,115,0,0,557,44
grp-a001-02-000000059830552,r,14,37,0,0,218,23
grp-a001-02-000000059830552,r,15,134,1,1622,807,60
grp-a001-02-000000059830552,r,16,116,1,1361,653,51
grp-a001-02-000000059830552,r,17,24,0,0,113,15
grp-a001-02-000000059830552,r,18,120,1,1596,674,30
grp-a001-02-000000059830552,r,99,357,2,3038,2134,91
grp-a001-02-000000059830874,h,00,3270,61,69530,14949,139
grp-a001-02-000000059830874,h,01,2024,41,43726,9182,145
grp-a001-02-000000059830874,h,02,1214,22,26221,5588,141
grp-a001-02-000000059830874,h,03,846,13,13975,4083,131
grp-a001-02-000000059830874,h,04,769,11,12159,3797,127
grp-a001-02-000000059830874,h,05,970,7,8661,4945,137
grp-a001-02-000000059830874,h,06,1750,21,22114,8543,142
grp-a001-02-000000059830874,h,07,2500,47,54317,12543,146
grp-a001-02-000000059830874,h,08,3351,51,58479,15897,149
grp-a001-02-000000059830874,h,09,3910,82,101262,19223,149
grp-a001-02-000000059830874,h,10,4228,95,108448,22005,150
grp-a001-02-000000059830874,h,11,4803,83,96211,22393,150
grp-a001-02-000000059830874,h,12,4489,74,96135,20660,148
grp-a001-02-000000059830874,h,13,4728,92,116622,21563,148
grp-a001-02-000000059830874,h,14,4714,117,147872,21073,151
grp-a001-02-000000059830874,h,15,4872,110,135632,23666,150
grp-a001-02-000000059830874,h,16,4730,95,117765,22367,149
grp-a001-02-000000059830874,h,17,4420,106,128236,21309,149
grp-a001-02-000000059830874,h,18,3759,78,94364,17673,146
grp-a001-02-000000059830874,h,19,4046,69,80414,19054,146
grp-a001-02-000000059830874,h,20,4581,91,109537,22892,146
grp-a001-02-000000059830874,h,21,4900,104,115512,24112,143
grp-a001-02-000000059830874,h,22,4852,90,102839,24167,142
grp-a001-02-000000059830874,h,23,4624,75,81010,23535,141
grp-a001-02-000000059830874,m,11068,4051,74,90889,20992,151
grp-a001-02-000000059830874,m,122876,359,3,1607,777,63
grp-a001-02-000000059830874,m,27758,5236,239,303906,8994,151
grp-a001-02-000000059830874,m,33421,15215,120,135453,102319,153
grp-a001-02-000000059830874,m,335738,162,0,0,508,65
grp-a001-02-000000059830874,m,341893,9832,107,115711,56823,153
grp-a001-02-000000059830874,m,341898,2066,13,15808,4483,144
grp-a001-02-000000059830874,m,370822,677,8,9943,1916,129
grp-a001-02-000000059830874,m,424040,697,15,9648,1716,60
grp-a001-02-000000059830874,m,556927,30,0,0,31,14
grp-a001-02-000000059830874,m,612593,235,4,5716,1217,26
grp-a001-02-000000059830874,m,612594,371,4,4689,1230,28
grp-a001-02-000000059830874,m,684924,2368,17,19479,2368,151
grp-a001-02-000000059830874,m,684925,1297,13,14945,1297,140
grp-a001-02-000000059830874,m,684926,12821,187,208718,90301,153
grp-a001-02-000000059830874,m,684927,2629,30,32125,20579,149
grp-a001-02-000000059830874,m,787480,1,0,0,4,1
grp-a001-02-000000059830874,m,805759,1,0,0,1,1
grp-a001-02-000000059830874,m,805760,3,0,0,11,3
grp-a001-02-000000059830874,m,8753,26299,801,972404,89652,153
grp-a001-02-000000059830874,r,00,840,16,17819,5237,132
grp-a001-02-000000059830874,r,01,2438,66,79086,11628,151
grp-a001-02-000000059830874,r,02,20035,381,450244,93331,153
grp-a001-02-000000059830874,r,03,3999,97,117718,18871,153
grp-a001-02-000000059830874,r,04,2960,50,58298,13980,153
grp-a001-02-000000059830874,r,05,1088,30,32160,4908,102
grp-a001-02-000000059830874,r,06,3452,61,74335,16126,152
grp-a001-02-000000059830874,r,07,2079,47,52230,10022,150
grp-a001-02-000000059830874,r,08,4018,75,85396,19342,150
grp-a001-02-000000059830874,r,09,18957,320,378748,93330,153
grp-a001-02-000000059830874,r,10,1363,28,38169,6474,147
grp-a001-02-000000059830874,r,11,4154,70,86635,18260,153
grp-a001-02-000000059830874,r,12,1420,31,40015,6489,106
grp-a001-02-000000059830874,r,13,2246,53,63837,10873,148
grp-a001-02-000000059830874,r,14,530,7,7417,2635,116
grp-a001-02-000000059830874,r,15,3557,86,96710,17647,151
grp-a001-02-000000059830874,r,16,2494,64,77048,12184,151
grp-a001-02-000000059830874,r,17,677,15,17588,3029,124
grp-a001-02-000000059830874,r,18,1647,17,21312,8806,48
grp-a001-02-000000059830874,r,99,6396,121,146276,32047,153
grp-a001-02-000000059830952,h,00,2658,29,32648,11713,138
grp-a001-02-000000059830952,h,01,1346,15,15342,6588,138
grp-a001-02-000000059830952,h,02,1100,13,15786,4881,141
grp-a001-02-000000059830952,h,03,725,10,12293,3229,120
grp-a001-02-000000059830952,h,04,695,5,5829,3161,111
grp-a001-02-000000059830952,h,05,884,11,12658,4303,129
grp-a001-02-000000059830952,h,06,1293,16,17494,6808,136
grp-a001-02-000000059830952,h,07,1849,15,17687,10094,140
grp-a001-02-000000059830952,h,08,2870,43,46612,14445,147
grp-a001-02-000000059830952,h,09,2466,33,36003,14393,148
grp-a001-02-000000059830952,h,10,2840,27,29461,15731,145
grp-a001-02-000000059830952,h,11,2923,42,43545,17453,146
grp-a001-02-000000059830952,h,12,2557,34,37793,15055,145
grp-a001-02-000000059830952,h,13,2800,36,39108,16241,147
grp-a001-02-000000059830952,h,14,2827,41,42589,15593,147
grp-a001-02-000000059830952,h,15,3016,31,35257,18118,148
grp-a001-02-000000059830952,h,16,2970,37,41797,17459,146
grp-a001-02-000000059830952,h,17,2516,48,51824,14433,145
grp-a001-02-000000059830952,h,18,2328,49,50455,13456,144
grp-a001-02-000000059830952,h,19,2547,39,42887,14464,145
grp-a001-02-000000059830952,h,20,2784,29,31616,15898,144
grp-a001-02-000000059830952,h,21,3188,45,47227,18027,145
grp-a001-02-000000059830952,h,22,3174,39,44751,17806,141
grp-a001-02-000000059830952,h,23,3233,41,45108,17766,139
grp-a001-02-000000059830952,m,11068,3768,25,26923,21423,146
grp-a001-02-000000059830952,m,122876,17,0,0,46,9
grp-a001-02-000000059830952,m,27758,3263,86,94220,5477,147
grp-a001-02-000000059830952,m,33421,14389,76,82418,96103,153
grp-a001-02-000000059830952,m,335738,229,0,0,1123,61
grp-a001-02-000000059830952,m,341893,5415,44,46693,41551,153
grp-a001-02-000000059830952,m,341898,654,7,8280,1528,112
grp-a001-02-000000059830952,m,370822,344,3,3361,1039,101
grp-a001-02-000000059830952,m,424040,13,0,0,60,8
grp-a001-02-000000059830952,m,556927,7,0,0,7,6
grp-a001-02-000000059830952,m,684924,1851,6,5049,1851,144
grp-a001-02-000000059830952,m,684925,726,4,4023,726,123
grp-a001-02-000000059830952,m,684926,6739,98,102018,59433,153
grp-a001-02-000000059830952,m,684927,1432,11,12598,15709,138
grp-a001-02-000000059830952,m,787481,2,0,0,3,1
grp-a001-02-000000059830952,m,805759,11,0,0,116,6
grp-a001-02-000000059830952,m,805760,5,0,0,32,2
grp-a001-02-000000059830952,m,8753,16724,368,410187,60888,153
grp-a001-02-000000059830952,r,-1,1,0,0,1,1
grp-a001-02-000000059830952,r,00,295,2,2020,1466,91
grp-a001-02-000000059830952,r,01,1453,39,41897,8752,146
grp-a001-02-000000059830952,r,02,14189,175,193333,74997,153
grp-a001-02-000000059830952,r,03,2430,38,41705,12715,151
grp-a001-02-000000059830952,r,04,2020,40,45273,11194,150
grp-a001-02-000000059830952,r,05,706,15,17270,4162,99
grp-a001-02-000000059830952,r,06,2310,34,33930,12825,148
grp-a001-02-000000059830952,r,07,1171,13,13497,6161,139
grp-a001-02-000000059830952,r,08,2566,35,39599,14320,151
grp-a001-02-000000059830952,r,09,12125,123,131757,67737,153
grp-a001-02-000000059830952,r,10,914,11,11533,4823,133
grp-a001-02-000000059830952,r,11,2723,30,33836,15638,151
grp-a001-02-000000059830952,r,12,763,15,15472,4534,99
grp-a001-02-000000059830952,r,13,1404,22,21872,7828,141
grp-a001-02-000000059830952,r,14,354,3,3488,2102,102
grp-a001-02-000000059830952,r,15,1934,42,47118,11079,149
grp-a001-02-000000059830952,r,16,1335,24,27478,7280,144
grp-a001-02-000000059830952,r,17,370,1,1320,2007,95
grp-a001-02-000000059830952,r,18,1163,27,29506,6158,47
grp-a001-02-000000059830952,r,99,5363,39,43866,31336,152
grp-a001-02-000000059832147,h,00,298,3,1346,2729,96
grp-a001-02-000000059832147,h,01,144,2,1329,1286,67
grp-a001-02-000000059832147,h,02,97,0,0,944,57
grp-a001-02-000000059832147,h,03,75,0,0,621,39
grp-a001-02-000000059832147,h,04,76,1,676,685,36
grp-a001-02-000000059832147,h,05,55,0,0,497,37
grp-a001-02-000000059832147,h,06,121,1,778,1130,69
grp-a001-02-000000059832147,h,07,149,2,1272,1470,72
grp-a001-02-000000059832147,h,08,217,0,0,1887,92
grp-a001-02-000000059832147,h,09,238,1,825,2285,91
grp-a001-02-000000059832147,h,10,269,1,523,2523,100
grp-a001-02-000000059832147,h,11,277,1,660,2839,99
grp-a001-02-000000059832147,h,12,231,0,0,2614,91
grp-a001-02-000000059832147,h,13,261,6,3729,2513,106
grp-a001-02-000000059832147,h,14,268,0,0,2704,109
grp-a001-02-000000059832147,h,15,299,1,825,3265,106
grp-a001-02-000000059832147,h,16,359,3,1960,3493,114
grp-a001-02-000000059832147,h,17,362,6,3727,3504,117
grp-a001-02-000000059832147,h,18,274,3,2203,2511,97
grp-a001-02-000000059832147,h,19,354,4,2996,3327,103
grp-a001-02-000000059832147,h,20,343,3,2314,3332,109
grp-a001-02-000000059832147,h,21,439,3,1827,4093,104
grp-a001-02-000000059832147,h,22,483,5,3905,4645,114
grp-a001-02-000000059832147,h,23,477,4,3123,4482,117
grp-a001-02-000000059832147,m,11068,103,0,0,1454,49
grp-a001-02-000000059832147,m,27758,13,2,1115,29,11
grp-a001-02-000000059832147,m,33421,2410,7,5347,22987,146
grp-a001-02-000000059832147,m,335738,31,0,0,224,24
grp-a001-02-000000059832147,m,341893,1359,10,6216,12346,153
grp-a001-02-000000059832147,m,341898,73,0,0,433,36
grp-a001-02-000000059832147,m,370822,4,0,0,19,4
grp-a001-02-000000059832147,m,424040,14,0,0,128,10
grp-a001-02-000000059832147,m,684924,61,0,0,61,32
grp-a001-02-000000059832147,m,684925,9,0,0,9,9
grp-a001-02-000000059832147,m,684926,1113,5,3827,12704,146
grp-a001-02-000000059832147,m,684927,240,3,1115,3789,100
grp-a001-02-000000059832147,m,8753,736,23,16398,5196,125
grp-a001-02-000000059832147,r,00,39,1,825,494,30
grp-a001-02-000000059832147,r,01,172,0,0,1526,81
grp-a001-02-000000059832147,r,02,1442,13,9246,13930,151
grp-a001-02-000000059832147,r,03,297,6,3512,2802,101
grp-a001-02-000000059832147,r,04,196,2,1570,1956,86
grp-a001-02-000000059832147,r,05,126,1,825,1225,46
grp-a001-02-000000059832147,r,06,242,2,1530,2406,89
grp-a001-02-000000059832147,r,07,160,1,779,1572,69
grp-a001-02-000000059832147,r,08,308,0,0,2940,97
grp-a001-02-000000059832147,r,09,1367,8,5948,12910,149
grp-a001-02-000000059832147,r,10,112,0,0,1027,49
grp-a001-02-000000059832147,r,11,297,3,1260,2864,101
grp-a001-02-000000059832147,r,12,121,2,1451,1123,58
grp-a001-02-000000059832147,r,13,167,1,566,1640,80
grp-a001-02-000000059832147,r,14,39,0,0,436,25
grp-a001-02-000000059832147,r,15,258,5,3519,2703,103
grp-a001-02-000000059832147,r,16,190,1,660,1924,72
grp-a001-02-000000059832147,r,17,58,0,0,510,30
grp-a001-02-000000059832147,r,18,83,2,940,754,37
grp-a001-02-000000059832147,r,99,492,2,1387,4637,125
grp-a001-02-000000059832150,h,00,191,0,0,1285,48
grp-a001-02-000000059832150,h,01,173,0,0,1017,39
grp-a001-02-000000059832150,h,02,126,1,516,721,30
grp-a001-02-000000059832150,h,03,95,0,0,499,16
grp-a001-02-000000059832150,h,04,144,2,2765,648,18
grp-a001-02-000000059832150,h,05,107,1,462,616,21
grp-a001-02-000000059832150,h,06,223,1,1595,1261,32
grp-a001-02-000000059832150,h,07,151,2,396,1010,47
grp-a001-02-000000059832150,h,08,132,1,1518,961,52
grp-a001-02-000000059832150,h,09,125,3,2667,926,48
grp-a001-02-000000059832150,h,10,180,1,1064,1502,59
grp-a001-02-000000059832150,h,11,155,3,1287,1376,58
grp-a001-02-000000059832150,h,12,125,3,2090,934,53
grp-a001-02-000000059832150,h,13,165,0,0,1157,52
grp-a001-02-000000059832150,h,14,189,3,2266,1325,60
grp-a001-02-000000059832150,h,15,188,4,2718,1366,53
grp-a001-02-000000059832150,h,16,221,0,0,1501,53
grp-a001-02-000000059832150,h,17,202,4,3269,1367,61
grp-a001-02-000000059832150,h,18,136,0,0,1158,57
grp-a001-02-000000059832150,h,19,158,3,2349,1108,56
grp-a001-02-000000059832150,h,20,182,0,0,1283,62
grp-a001-02-000000059832150,h,21,226,2,2050,1660,70
grp-a001-02-000000059832150,h,22,242,7,5600,1763,69
grp-a001-02-000000059832150,h,23,208,4,3589,1508,70
grp-a001-02-000000059832150,m,11068,130,2,960,641,22
grp-a001-02-000000059832150,m,122876,33,0,0,196,18
grp-a001-02-000000059832150,m,27758,57,3,2988,101,12
grp-a001-02-000000059832150,m,33421,1349,4,3649,9618,115
grp-a001-02-000000059832150,m,335738,1,0,0,4,1
grp-a001-02-000000059832150,m,341893,538,6,2647,4564,123
grp-a001-02-000000059832150,m,341898,37,0,0,85,12
grp-a001-02-000000059832150,m,370822,5,0,0,35,4
grp-a001-02-000000059832150,m,424040,63,0,0,260,42
grp-a001-02-000000059832150,m,684924,321,1,55,321,15
grp-a001-02-000000059832150,m,684925,16,0,0,16,6
grp-a001-02-000000059832150,m,684926,668,10,6744,6461,123
grp-a001-02-000000059832150,m,684927,73,1,385,1095,43
grp-a001-02-000000059832150,m,805760,1,0,0,3,1
grp-a001-02-000000059832150,m,8753,752,18,18773,4552,94
grp-a001-02-000000059832150,r,00,20,0,0,119,17
grp-a001-02-000000059832150,r,01,126,2,2948,931,42
grp-a001-02-000000059832150,r,02,932,10,7981,6161,133
grp-a001-02-000000059832150,r,03,174,1,480,1191,52
grp-a001-02-000000059832150,r,04,134,0,0,1091,42
grp-a001-02-000000059832150,r,05,29,0,0,332,21
grp-a001-02-000000059832150,r,06,123,0,0,941,46
grp-a001-02-000000059832150,r,07,100,1,1065,688,34
grp-a001-02-000000059832150,r,08,175,4,3494,1324,59
grp-a001-02-000000059832150,r,09,815,12,7976,5933,123
grp-a001-02-000000059832150,r,10,70,1,1518,471,29
grp-a001-02-000000059832150,r,11,197,2,1540,1432,59
grp-a001-02-000000059832150,r,12,22,1,436,236,18
grp-a001-02-000000059832150,r,13,128,2,1611,892,52
grp-a001-02-000000059832150,r,14,25,1,1358,159,10
grp-a001-02-000000059832150,r,15,144,2,1030,1105,50
grp-a001-02-000000059832150,r,16,80,0,0,613,39
grp-a001-02-000000059832150,r,17,28,0,0,211,17
grp-a001-02-000000059832150,r,18,133,2,2045,656,19
grp-a001-02-000000059832150,r,99,589,4,2719,3466,76
grp-a001-02-000000059832206,h,00,253,0,0,1384,88
grp-a001-02-000000059832206,h,01,220,0,0,1175,93
grp-a001-02-000000059832206,h,02,237,0,0,1260,85
grp-a001-02-000000059832206,h,03,170,1,1176,831,66
grp-a001-02-000000059832206,h,04,179,0,0,786,73
grp-a001-02-000000059832206,h,05,196,0,0,931,76
grp-a001-02-000000059832206,h,06,223,0,0,1281,88
grp-a001-02-000000059832206,h,07,253,0,0,1617,94
grp-a001-02-000000059832206,h,08,274,0,0,1663,100
grp-a001-02-000000059832206,h,09,268,0,0,1868,95
grp-a001-02-000000059832206,h,10,239,0,0,1439,97
grp-a001-02-000000059832206,h,11,233,1,1210,1617,92
grp-a001-02-000000059832206,h,12,320,0,0,2064,92
grp-a001-02-000000059832206,h,13,219,0,0,1449,80
grp-a001-02-000000059832206,h,14,241,0,0,1621,86
grp-a001-02-000000059832206,h,15,222,0,0,1479,84
grp-a001-02-000000059832206,h,16,244,0,0,1518,97
grp-a001-02-000000059832206,h,17,228,0,0,1513,93
grp-a001-02-000000059832206,h,18,257,0,0,1554,88
grp-a001-02-000000059832206,h,19,231,1,1170,1585,94
grp-a001-02-000000059832206,h,20,292,2,1689,1967,98
grp-a001-02-000000059832206,h,21,328,1,1040,2289,108
grp-a001-02-000000059832206,h,22,328,0,0,2422,95
grp-a001-02-000000059832206,h,23,399,2,1844,3116,96
grp-a001-02-000000059832206,m,11068,76,0,0,850,37
grp-a001-02-000000059832206,m,27758,44,0,0,100,24
grp-a001-02-000000059832206,m,33421,4963,2,1906,29888,145
grp-a001-02-000000059832206,m,341893,298,0,0,2772,62
grp-a001-02-000000059832206,m,341898,70,1,1040,159,18
grp-a001-02-000000059832206,m,370822,3,0,0,8,3
grp-a001-02-000000059832206,m,684924,21,0,0,21,10
grp-a001-02-000000059832206,m,684925,11,0,0,11,5
grp-a001-02-000000059832206,m,684926,216,1,1170,2227,93
grp-a001-02-000000059832206,m,684927,37,1,816,456,28
grp-a001-02-000000059832206,m,8753,315,3,3197,1937,100
grp-a001-02-000000059832206,r,00,15,0,0,161,11
grp-a001-02-000000059832206,r,01,74,1,1170,539,42
grp-a001-02-000000059832206,r,02,760,1,1176,6348,129
grp-a001-02-000000059832206,r,03,122,1,1114,981,57
grp-a001-02-000000059832206,r,04,87,1,1040,729,45
grp-a001-02-000000059832206,r,05,74,0,0,499,36
grp-a001-02-000000059832206,r,06,94,0,0,760,45
grp-a001-02-000000059832206,r,07,78,0,0,696,40
grp-a001-02-000000059832206,r,08,150,0,0,1140,71
grp-a001-02-000000059832206,r,09,3893,0,0,20798,143
grp-a001-02-000000059832206,r,10,49,0,0,505,34
grp-a001-02-000000059832206,r,11,162,0,0,1236,76
grp-a001-02-000000059832206,r,12,47,0,0,397,23
grp-a001-02-000000059832206,r,13,81,1,730,719,43
grp-a001-02-000000059832206,r,14,15,0,0,119,12
grp-a001-02-000000059832206,r,15,81,1,1210,610,40
grp-a001-02-000000059832206,r,16,84,1,816,686,55
grp-a001-02-000000059832206,r,17,8,1,873,63,7
grp-a001-02-000000059832206,r,18,48,0,0,395,19
grp-a001-02-000000059832206,r,99,132,0,0,1048,75
grp-a001-02-000000059832280,h,00,435,3,4647,1217,60
grp-a001-02-000000059832280,h,01,290,3,4109,929,60
grp-a001-02-000000059832280,h,02,882,0,0,2054,61
grp-a001-02-000000059832280,h,03,156,3,4173,425,46
grp-a001-02-000000059832280,h,04,144,0,0,466,42
grp-a001-02-000000059832280,h,05,182,0,0,456,46
grp-a001-02-000000059832280,h,06,232,1,1332,841,50
grp-a001-02-000000059832280,h,07,294,0,0,1057,50
grp-a001-02-000000059832280,h,08,353,0,0,1323,56
grp-a001-02-000000059832280,h,09,352,3,3981,1276,52
grp-a001-02-000000059832280,h,10,372,3,5431,1298,59
grp-a001-02-000000059832280,h,11,941,2,3460,2895,66
grp-a001-02-000000059832280,h,12,376,0,0,1182,61
grp-a001-02-000000059832280,h,13,407,4,6979,1291,60
grp-a001-02-000000059832280,h,14,338,4,5800,1080,53
grp-a001-02-000000059832280,h,15,402,4,6915,1323,56
grp-a001-02-000000059832280,h,16,393,0,0,1383,62
grp-a001-02-000000059832280,h,17,351,3,4731,1338,64
grp-a001-02-000000059832280,h,18,333,2,4001,1110,56
grp-a001-02-000000059832280,h,19,368,2,3504,1284,59
grp-a001-02-000000059832280,h,20,401,2,2836,1547,55
grp-a001-02-000000059832280,h,21,445,4,6263,1659,62
grp-a001-02-000000059832280,h,22,539,5,8328,1965,64
grp-a001-02-000000059832280,h,23,475,3,4719,1588,61
grp-a001-02-000000059832280,m,11068,466,1,1503,1711,66
grp-a001-02-000000059832280,m,27758,437,9,12822,699,62
grp-a001-02-000000059832280,m,33421,3892,6,10198,13950,73
grp-a001-02-000000059832280,m,341893,197,1,1511,1181,32
grp-a001-02-000000059832280,m,341898,51,0,0,84,20
grp-a001-02-000000059832280,m,370822,10,1,1480,46,8
grp-a001-02-000000059832280,m,556927,1,0,0,1,1
grp-a001-02-000000059832280,m,684924,512,6,7513,512,58
grp-a001-02-000000059832280,m,684925,242,0,0,242,49
grp-a001-02-000000059832280,m,684926,534,4,7230,3821,72
grp-a001-02-000000059832280,m,684927,66,0,0,761,31
grp-a001-02-000000059832280,m,805759,3,0,0,19,3
grp-a001-02-000000059832280,m,805760,9,0,0,44,6
grp-a001-02-000000059832280,m,8753,3041,23,38952,7916,70
grp-a001-02-000000059832280,r,00,35,0,0,123,15
grp-a001-02-000000059832280,r,01,192,1,1175,624,51
grp-a001-02-000000059832280,r,02,2361,5,8812,7856,72
grp-a001-02-000000059832280,r,03,390,7,11421,1362,64
grp-a001-02-000000059832280,r,04,278,1,1525,981,56
grp-a001-02-000000059832280,r,05,183,0,0,560,51
grp-a001-02-000000059832280,r,06,347,3,5410,1090,56
grp-a001-02-000000059832280,r,07,189,1,2164,712,49
grp-a001-02-000000059832280,r,08,353,2,3276,1337,60
grp-a001-02-000000059832280,r,09,2863,15,24797,8450,74
grp-a001-02-000000059832280,r,10,117,0,0,312,44
grp-a001-02-000000059832280,r,11,506,4,5729,1658,65
grp-a001-02-000000059832280,r,12,147,2,2046,440,46
grp-a001-02-000000059832280,r,13,179,1,1950,614,52
grp-a001-02-000000059832280,r,14,69,0,0,197,27
grp-a001-02-000000059832280,r,15,397,3,3818,1417,60
grp-a001-02-000000059832280,r,16,176,2,2900,599,46
grp-a001-02-000000059832280,r,17,50,0,0,206,25
grp-a001-02-000000059832280,r,18,61,0,0,212,7
grp-a001-02-000000059832280,r,99,568,4,6186,2237,61
grp-a001-02-000000059832332,h,00,449,6,8738,2770,112
grp-a001-02-000000059832332,h,01,308,0,0,2035,98
grp-a001-02-000000059832332,h,02,324,0,0,2501,98
grp-a001-02-000000059832332,h,03,241,2,3164,1514,84
grp-a001-02-000000059832332,h,04,188,0,0,1371,70
grp-a001-02-000000059832332,h,05,206,0,0,1435,74
grp-a001-02-000000059832332,h,06,247,2,2267,1542,80
grp-a001-02-000000059832332,h,07,332,0,0,2167,97
grp-a001-02-000000059832332,h,08,388,3,4901,2925,106
grp-a001-02-000000059832332,h,09,384,0,0,2465,102
grp-a001-02-000000059832332,h,10,383,3,4727,2305,105
grp-a001-02-000000059832332,h,11,494,3,4204,3092,119
grp-a001-02-000000059832332,h,12,408,1,1562,2478,105
grp-a001-02-000000059832332,h,13,392,2,3038,2399,106
grp-a001-02-000000059832332,h,14,443,3,4799,2533,114
grp-a001-02-000000059832332,h,15,396,1,1638,2383,110
grp-a001-02-000000059832332,h,16,371,3,4800,2166,111
grp-a001-02-000000059832332,h,17,384,5,8070,2433,104
grp-a001-02-000000059832332,h,18,376,1,1557,2310,109
grp-a001-02-000000059832332,h,19,391,2,3063,2280,109
grp-a001-02-000000059832332,h,20,416,3,3066,2469,109
grp-a001-02-000000059832332,h,21,461,1,1487,2740,117
grp-a001-02-000000059832332,h,22,489,2,3070,3057,115
grp-a001-02-000000059832332,h,23,528,3,4217,3763,115
grp-a001-02-000000059832332,m,11068,207,1,1075,2707,65
grp-a001-02-000000059832332,m,27758,20,1,1155,40,16
grp-a001-02-000000059832332,m,33421,5262,6,9314,34309,149
grp-a001-02-000000059832332,m,341893,954,5,7764,5400,148
grp-a001-02-000000059832332,m,341898,158,0,0,388,84
grp-a001-02-000000059832332,m,370822,45,0,0,187,41
grp-a001-02-000000059832332,m,684924,319,3,4428,319,40
grp-a001-02-000000059832332,m,684925,4,0,0,4,4
grp-a001-02-000000059832332,m,684926,985,10,13867,7495,137
grp-a001-02-000000059832332,m,684927,108,0,0,1319,66
grp-a001-02-000000059832332,m,805759,5,0,0,75,5
grp-a001-02-000000059832332,m,8753,932,20,30765,4890,130
grp-a001-02-000000059832332,r,00,51,1,1613,327,30
grp-a001-02-000000059832332,r,01,141,3,4784,964,77
grp-a001-02-000000059832332,r,02,1479,6,9526,10395,143
grp-a001-02-000000059832332,r,03,256,4,5907,1658,99
grp-a001-02-000000059832332,r,04,193,2,3204,1269,82
grp-a001-02-000000059832332,r,05,82,3,4263,561,48
grp-a001-02-000000059832332,r,06,206,2,3265,1293,79
grp-a001-02-000000059832332,r,07,138,0,0,849,72
grp-a001-02-000000059832332,r,08,243,2,3292,1754,95
grp-a001-02-000000059832332,r,09,1461,11,16567,10991,146
grp-a001-02-000000059832332,r,10,82,0,0,462,48
grp-a001-02-000000059832332,r,11,278,1,1410,1851,97
grp-a001-02-000000059832332,r,12,2195,2,1721,14286,76
grp-a001-02-000000059832332,r,13,147,1,1650,933,79
grp-a001-02-000000059832332,r,14,31,0,0,218,27
grp-a001-02-000000059832332,r,15,246,0,0,1677,95
grp-a001-02-000000059832332,r,16,125,1,1537,813,71
grp-a001-02-000000059832332,r,17,39,3,4757,274,26
grp-a001-02-000000059832332,r,18,1157,1,1103,3716,40
grp-a001-02-000000059832332,r,99,449,3,3769,2842,122
grp-a001-02-000000059832344,h,00,441,0,0,2526,115
grp-a001-02-000000059832344,h,01,273,0,0,1428,96
grp-a001-02-000000059832344,h,02,533,1,1347,2985,113
grp-a001-02-000000059832344,h,03,218,0,0,1150,87
grp-a001-02-000000059832344,h,04,227,0,0,1254,87
grp-a001-02-000000059832344,h,05,267,0,0,1437,94
grp-a001-02-000000059832344,h,06,332,0,0,1905,100
grp-a001-02-000000059832344,h,07,356,0,0,2196,110
grp-a001-02-000000059832344,h,08,400,0,0,2614,119
grp-a001-02-000000059832344,h,09,382,0,0,2125,115
grp-a001-02-000000059832344,h,10,444,1,1384,2709,120
grp-a001-02-000000059832344,h,11,570,0,0,3328,127
grp-a001-02-000000059832344,h,12,464,2,2804,3093,112
grp-a001-02-000000059832344,h,13,414,1,1660,2551,113
grp-a001-02-000000059832344,h,14,422,1,908,2306,118
grp-a001-02-000000059832344,h,15,429,1,1699,2603,111
grp-a001-02-000000059832344,h,16,427,1,1708,2661,122
grp-a001-02-000000059832344,h,17,385,0,0,2338,119
grp-a001-02-000000059832344,h,18,436,2,2860,2371,120
grp-a001-02-000000059832344,h,19,430,0,0,2584,118
grp-a001-02-000000059832344,h,20,529,2,3091,3114,121
grp-a001-02-000000059832344,h,21,604,4,6271,3658,125
grp-a001-02-000000059832344,h,22,594,0,0,3921,121
grp-a001-02-000000059832344,h,23,618,1,1420,4650,120
grp-a001-02-000000059832344,m,11068,351,0,0,3754,86
grp-a001-02-000000059832344,m,27758,19,0,0,51,10
grp-a001-02-000000059832344,m,33421,6776,2,2750,41257,149
grp-a001-02-000000059832344,m,341893,1298,3,4818,8213,139
grp-a001-02-000000059832344,m,341898,397,0,0,581,99
grp-a001-02-000000059832344,m,370822,39,0,0,139,26
grp-a001-02-000000059832344,m,684924,72,0,0,72,23
grp-a001-02-000000059832344,m,684925,1,0,0,1,1
grp-a001-02-000000059832344,m,684926,525,4,6160,3637,121
grp-a001-02-000000059832344,m,684927,49,1,1144,433,37
grp-a001-02-000000059832344,m,805759,4,0,0,59,2
grp-a001-02-000000059832344,m,805760,34,0,0,114,8
grp-a001-02-000000059832344,m,8753,630,7,10280,3196,129
grp-a001-02-000000059832344,r,00,42,0,0,206,27
grp-a001-02-000000059832344,r,01,160,1,1716,1051,88
grp-a001-02-000000059832344,r,02,1670,6,8774,12223,151
grp-a001-02-000000059832344,r,03,385,1,1350,2659,113
grp-a001-02-000000059832344,r,04,259,0,0,1612,102
grp-a001-02-000000059832344,r,05,147,0,0,1016,62
grp-a001-02-000000059832344,r,06,357,0,0,2638,112
grp-a001-02-000000059832344,r,07,196,1,1144,1287,87
grp-a001-02-000000059832344,r,08,341,2,2894,2328,117
grp-a001-02-000000059832344,r,09,4781,2,3055,24627,151
grp-a001-02-000000059832344,r,10,106,0,0,692,64
grp-a001-02-000000059832344,r,11,413,1,1420,2666,115
grp-a001-02-000000059832344,r,12,125,0,0,839,56
grp-a001-02-000000059832344,r,13,203,1,1704,1259,95
grp-a001-02-000000059832344,r,14,53,0,0,339,38
grp-a001-02-000000059832344,r,15,272,0,0,1720,104
grp-a001-02-000000059832344,r,16,184,0,0,1186,83
grp-a001-02-000000059832344,r,17,41,0,0,279,31
grp-a001-02-000000059832344,r,18,108,1,1435,704,40
grp-a001-02-000000059832344,r,99,352,1,1660,2176,116
grp-a001-02-000000059832490,h,00,1020,4,5985,3746,119
grp-a001-02-000000059832490,h,01,804,3,6284,3145,120
grp-a001-02-000000059832490,h,02,1045,0,0,4051,127
grp-a001-02-000000059832490,h,03,530,0,0,2263,109
grp-a001-02-000000059832490,h,04,443,0,0,2064,97
grp-a001-02-000000059832490,h,05,533,1,2079,2514,110
grp-a001-02-000000059832490,h,06,683,0,0,2987,115
grp-a001-02-000000059832490,h,07,716,1,1702,3237,120
grp-a001-02-000000059832490,h,08,945,5,9042,3941,123
grp-a001-02-000000059832490,h,09,953,1,1555,3728,116
grp-a001-02-000000059832490,h,10,994,6,12935,3857,128
grp-a001-02-000000059832490,h,11,1250,1,1955,4567,140
grp-a001-02-000000059832490,h,12,973,8,15040,3716,121
grp-a001-02-000000059832490,h,13,979,4,7159,3764,122
grp-a001-02-000000059832490,h,14,1062,4,8615,4104,123
grp-a001-02-000000059832490,h,15,962,4,8646,3539,116
grp-a001-02-000000059832490,h,16,1018,8,15629,3781,112
grp-a001-02-000000059832490,h,17,1075,7,14234,4331,116
grp-a001-02-000000059832490,h,18,978,4,8933,3831,117
grp-a001-02-000000059832490,h,19,910,7,12593,3451,115
grp-a001-02-000000059832490,h,20,1000,6,11368,3845,118
grp-a001-02-000000059832490,h,21,1123,5,9563,4234,118
grp-a001-02-000000059832490,h,22,1163,8,15434,4528,122
grp-a001-02-000000059832490,h,23,1065,4,7102,4320,114
grp-a001-02-000000059832490,m,11068,638,1,1414,3607,115
grp-a001-02-000000059832490,m,27758,138,5,7604,242,55
grp-a001-02-000000059832490,m,33421,10688,13,25328,44817,147
grp-a001-02-000000059832490,m,341893,2610,11,19540,11563,101
grp-a001-02-000000059832490,m,341898,1083,2,3386,1565,95
grp-a001-02-000000059832490,m,370822,75,0,0,190,42
grp-a001-02-000000059832490,m,556927,6,0,0,6,4
grp-a001-02-000000059832490,m,684924,782,1,1948,782,83
grp-a001-02-000000059832490,m,684925,38,1,1901,38,20
grp-a001-02-000000059832490,m,684926,2436,21,44588,11798,133
grp-a001-02-000000059832490,m,684927,148,2,2643,1212,65
grp-a001-02-000000059832490,m,805759,16,0,0,241,12
grp-a001-02-000000059832490,m,805760,18,0,0,95,12
grp-a001-02-000000059832490,m,8753,3548,34,67501,11388,135
grp-a001-02-000000059832490,r,-1,1,0,0,4,1
grp-a001-02-000000059832490,r,00,131,1,1762,487,60
grp-a001-02-000000059832490,r,01,481,6,12320,2024,100
grp-a001-02-000000059832490,r,02,4280,23,45277,18063,145
grp-a001-02-000000059832490,r,03,754,4,7294,3253,121
grp-a001-02-000000059832490,r,04,682,2,4335,3148,119
grp-a001-02-000000059832490,r,05,193,0,0,860,76
grp-a001-02-000000059832490,r,06,827,4,6817,3274,122
grp-a001-02-000000059832490,r,07,493,1,1702,1955,113
grp-a001-02-000000059832490,r,08,862,5,9054,3454,128
grp-a001-02-000000059832490,r,09,4933,20,38395,22183,147
grp-a001-02-000000059832490,r,10,294,1,2000,1014,96
grp-a001-02-000000059832490,r,11,914,1,1970,3850,127
grp-a001-02-000000059832490,r,12,2796,1,1041,6831,92
grp-a001-02-000000059832490,r,13,397,2,4555,1527,105
grp-a001-02-000000059832490,r,14,106,0,0,436,58
grp-a001-02-000000059832490,r,15,698,4,8471,2988,113
grp-a001-02-000000059832490,r,16,387,3,5180,1540,97
grp-a001-02-000000059832490,r,17,147,1,1998,612,70
grp-a001-02-000000059832490,r,18,1276,7,14859,3104,42
grp-a001-02-000000059832490,r,99,1572,5,8823,6937,126
grp-a001-02-000000059832492,h,00,402,2,3683,2188,88
grp-a001-02-000000059832492,h,01,281,0,0,1679,73
grp-a001-02-000000059832492,h,02,599,0,0,3273,82
grp-a001-02-000000059832492,h,03,210,0,0,1511,51
grp-a001-02-000000059832492,h,04,180,0,0,1340,44
grp-a001-02-000000059832492,h,05,177,0,0,1351,49
grp-a001-02-000000059832492,h,06,212,0,0,1635,51
grp-a001-02-000000059832492,h,07,257,0,0,1910,77
grp-a001-02-000000059832492,h,08,336,0,0,2217,82
grp-a001-02-000000059832492,h,09,369,0,0,2370,89
grp-a001-02-000000059832492,h,10,334,0,0,2247,77
grp-a001-02-000000059832492,h,11,530,1,1590,3299,99
grp-a001-02-000000059832492,h,12,341,2,3568,2010,84
grp-a001-02-000000059832492,h,13,384,0,0,2347,84
grp-a001-02-000000059832492,h,14,367,2,3050,2235,80
grp-a001-02-000000059832492,h,15,388,1,1841,2243,80
grp-a001-02-000000059832492,h,16,390,3,5478,2409,90
grp-a001-02-000000059832492,h,17,391,1,1415,2415,88
grp-a001-02-000000059832492,h,18,358,5,8892,2152,80
grp-a001-02-000000059832492,h,19,398,1,1859,2291,83
grp-a001-02-000000059832492,h,20,433,0,0,2689,87
grp-a001-02-000000059832492,h,21,508,1,1510,3173,86
grp-a001-02-000000059832492,h,22,462,0,0,2641,85
grp-a001-02-000000059832492,h,23,478,1,1842,2769,89
grp-a001-02-000000059832492,m,11068,208,0,0,1489,63
grp-a001-02-000000059832492,m,27758,13,0,0,27,4
grp-a001-02-000000059832492,m,33421,4263,0,0,29013,122
grp-a001-02-000000059832492,m,341893,1797,4,6508,10664,116
grp-a001-02-000000059832492,m,341898,432,1,1859,748,85
grp-a001-02-000000059832492,m,370822,30,0,0,66,22
grp-a001-02-000000059832492,m,556927,5,0,0,5,3
grp-a001-02-000000059832492,m,684924,35,0,0,35,13
grp-a001-02-000000059832492,m,684926,987,3,5088,7270,112
grp-a001-02-000000059832492,m,684927,50,0,0,535,34
grp-a001-02-000000059832492,m,805759,2,0,0,46,2
grp-a001-02-000000059832492,m,805760,2,0,0,11,2
grp-a001-02-000000059832492,m,8753,961,12,21273,4485,84
grp-a001-02-000000059832492,r,00,49,0,0,354,23
grp-a001-02-000000059832492,r,01,174,0,0,971,72
grp-a001-02-000000059832492,r,02,1457,7,11930,8584,122
grp-a001-02-000000059832492,r,03,310,1,1530,1816,84
grp-a001-02-000000059832492,r,04,263,2,3308,1418,82
grp-a001-02-000000059832492,r,05,108,0,0,625,52
grp-a001-02-000000059832492,r,06,210,1,1821,1117,76
grp-a001-02-000000059832492,r,07,149,0,0,941,66
grp-a001-02-000000059832492,r,08,298,1,1859,1717,84
grp-a001-02-000000059832492,r,09,4158,2,3683,27237,124
grp-a001-02-000000059832492,r,10,104,0,0,682,53
grp-a001-02-000000059832492,r,11,285,0,0,1774,93
grp-a001-02-000000059832492,r,12,101,1,1739,582,51
grp-a001-02-000000059832492,r,13,165,0,0,940,63
grp-a001-02-000000059832492,r,14,38,0,0,219,26
grp-a001-02-000000059832492,r,15,231,1,1859,1345,73
grp-a001-02-000000059832492,r,16,164,3,5215,894,62
grp-a001-02-000000059832492,r,17,54,1,1784,295,35
grp-a001-02-000000059832492,r,18,89,0,0,519,16
grp-a001-02-000000059832492,r,99,378,0,0,2364,91
grp-a001-02-000000059879629,h,00,675,4,7667,3545,77
grp-a001-02-000000059879629,h,01,473,0,0,2269,64
grp-a001-02-000000059879629,h,02,366,2,5092,1824,54
grp-a001-02-000000059879629,h,03,172,1,1283,1078,45
grp-a001-02-000000059879629,h,04,157,0,0,951,35
grp-a001-02-000000059879629,h,05,175,0,0,1082,35
grp-a001-02-000000059879629,h,06,260,2,4934,1568,50
grp-a001-02-000000059879629,h,07,375,1,2063,2169,56
grp-a001-02-000000059879629,h,08,622,5,12278,2849,73
grp-a001-02-000000059879629,h,09,704,3,7486,3935,71
grp-a001-02-000000059879629,h,10,634,5,13673,3867,76
grp-a001-02-000000059879629,h,11,657,4,10053,4578,80
grp-a001-02-000000059879629,h,12,574,6,14555,3339,73
grp-a001-02-000000059879629,h,13,600,3,8430,3693,86
grp-a001-02-000000059879629,h,14,620,8,23001,3573,74
grp-a001-02-000000059879629,h,15,752,3,7958,3801,78
grp-a001-02-000000059879629,h,16,639,4,11624,3363,82
grp-a001-02-000000059879629,h,17,684,4,7595,3772,77
grp-a001-02-000000059879629,h,18,497,3,7924,2830,75
grp-a001-02-000000059879629,h,19,427,5,12011,2634,74
grp-a001-02-000000059879629,h,20,490,4,8253,3063,83
grp-a001-02-000000059879629,h,21,527,3,6188,3104,74
grp-a001-02-000000059879629,h,22,686,4,7597,4211,83
grp-a001-02-000000059879629,h,23,652,2,5057,4435,81
grp-a001-02-000000059879629,m,11068,381,0,0,6890,50
grp-a001-02-000000059879629,m,27758,82,1,1967,172,16
grp-a001-02-000000059879629,m,33421,5456,8,20771,38025,109
grp-a001-02-000000059879629,m,335738,56,0,0,278,23
grp-a001-02-000000059879629,m,341893,959,2,2129,5089,87
grp-a001-02-000000059879629,m,341898,418,1,2485,593,48
grp-a001-02-000000059879629,m,370822,36,0,0,74,13
grp-a001-02-000000059879629,m,556927,11,0,0,11,6
grp-a001-02-000000059879629,m,684924,224,0,0,224,28
grp-a001-02-000000059879629,m,684925,41,0,0,41,9
grp-a001-02-000000059879629,m,684926,1733,29,67029,9902,96
grp-a001-02-000000059879629,m,684927,160,0,0,1748,47
grp-a001-02-000000059879629,m,805759,18,0,0,168,9
grp-a001-02-000000059879629,m,805760,8,0,0,17,4
grp-a001-02-000000059879629,m,8753,2835,35,90341,8301,70
grp-a001-02-000000059879629,r,-1,1,0,0,6,1
grp-a001-02-000000059879629,r,00,73,0,0,1287,20
grp-a001-02-000000059879629,r,01,264,2,5941,1478,59
grp-a001-02-000000059879629,r,02,3166,18,44787,17340,109
grp-a001-02-000000059879629,r,03,446,3,6651,2597,84
grp-a001-02-000000059879629,r,04,363,3,7415,2170,77
grp-a001-02-000000059879629,r,05,49,0,0,500,31
grp-a001-02-000000059879629,r,06,461,3,6767,3000,74
grp-a001-02-000000059879629,r,07,235,5,13905,1394,61
grp-a001-02-000000059879629,r,08,392,1,2896,2457,75
grp-a001-02-000000059879629,r,09,3329,16,37955,19768,109
grp-a001-02-000000059879629,r,10,146,1,580,844,49
grp-a001-02-000000059879629,r,11,740,4,9195,3905,90
grp-a001-02-000000059879629,r,12,59,0,0,573,28
grp-a001-02-000000059879629,r,13,253,2,5810,1547,70
grp-a001-02-000000059879629,r,14,42,1,1912,240,18
grp-a001-02-000000059879629,r,15,669,0,0,2757,67
grp-a001-02-000000059879629,r,16,247,0,0,1477,59
grp-a001-02-000000059879629,r,17,47,0,0,303,25
grp-a001-02-000000059879629,r,18,419,9,20966,1891,35
grp-a001-02-000000059879629,r,99,1017,8,19942,5999,89
grp-a001-02-000000059879675,h,00,71,0,0,975,35
grp-a001-02-000000059879675,h,01,58,0,0,740,37
grp-a001-02-000000059879675,h,02,28,0,0,325,18
grp-a001-02-000000059879675,h,03,18,0,0,210,12
grp-a001-02-000000059879675,h,04,16,0,0,360,10
grp-a001-02-000000059879675,h,05,20,0,0,417,12
grp-a001-02-000000059879675,h,06,26,2,911,535,20
grp-a001-02-000000059879675,h,07,38,1,828,506,31
grp-a001-02-000000059879675,h,08,47,0,0,968,32
grp-a001-02-000000059879675,h,09,51,0,0,886,36
grp-a001-02-000000059879675,h,10,73,0,0,1212,45
grp-a001-02-000000059879675,h,11,79,2,1753,1319,38
grp-a001-02-000000059879675,h,12,48,0,0,732,32
grp-a001-02-000000059879675,h,13,58,1,700,947,40
grp-a001-02-000000059879675,h,14,79,0,0,1154,41
grp-a001-02-000000059879675,h,15,75,1,242,1193,46
grp-a001-02-000000059879675,h,16,49,0,0,775,36
grp-a001-02-000000059879675,h,17,69,1,493,1108,43
grp-a001-02-000000059879675,h,18,47,0,0,787,32
grp-a001-02-000000059879675,h,19,72,0,0,1083,47
grp-a001-02-000000059879675,h,20,109,1,200,1548,59
grp-a001-02-000000059879675,h,21,134,1,225,1970,64
grp-a001-02-000000059879675,h,22,175,0,0,2358,66
grp-a001-02-000000059879675,h,23,301,3,1996,4690,73
grp-a001-02-000000059879675,m,11068,97,0,0,3667,14
grp-a001-02-000000059879675,m,27758,2,0,0,4,2
grp-a001-02-000000059879675,m,33421,1064,3,1933,17275,129
grp-a001-02-000000059879675,m,335738,18,0,0,157,15
grp-a001-02-000000059879675,m,341893,279,2,1580,2515,110
grp-a001-02-000000059879675,m,341898,22,1,493,163,15
grp-a001-02-000000059879675,m,370822,1,0,0,5,1
grp-a001-02-000000059879675,m,684924,8,0,0,8,8
grp-a001-02-000000059879675,m,684925,1,1,200,1,1
grp-a001-02-000000059879675,m,684926,136,3,1390,1895,68
grp-a001-02-000000059879675,m,684927,26,0,0,478,17
grp-a001-02-000000059879675,m,8753,87,3,1752,630,37
grp-a001-02-000000059879675,r,00,68,0,0,2445,11
grp-a001-02-000000059879675,r,01,34,1,200,442,25
grp-a001-02-000000059879675,r,02,441,5,3608,6271,117
grp-a001-02-000000059879675,r,03,81,1,225,1008,52
grp-a001-02-000000059879675,r,04,64,0,0,1126,48
grp-a001-02-000000059879675,r,05,32,1,386,467,22
grp-a001-02-000000059879675,r,06,52,0,0,683,35
grp-a001-02-000000059879675,r,07,43,0,0,808,30
grp-a001-02-000000059879675,r,08,75,0,0,974,41
grp-a001-02-000000059879675,r,09,454,2,878,6603,109
grp-a001-02-000000059879675,r,10,28,0,0,417,21
grp-a001-02-000000059879675,r,11,96,0,0,1302,54
grp-a001-02-000000059879675,r,12,34,2,1321,608,22
grp-a001-02-000000059879675,r,13,46,0,0,654,33
grp-a001-02-000000059879675,r,14,6,0,0,51,6
grp-a001-02-000000059879675,r,15,65,0,0,1030,39
grp-a001-02-000000059879675,r,16,25,1,730,400,20
grp-a001-02-000000059879675,r,17,10,0,0,224,8
grp-a001-02-000000059879675,r,18,11,0,0,172,8
grp-a001-02-000000059879675,r,99,76,0,0,1113,44
grp-a001-02-000000059879687,h,00,1055,5,8312,6685,128
grp-a001-02-000000059879687,h,01,781,3,5049,5260,114
grp-a001-02-000000059879687,h,02,539,0,0,4498,112
grp-a001-02-000000059879687,h,03,262,1,1060,2721,86
grp-a001-02-000000059879687,h,04,237,0,0,2936,91
grp-a001-02-000000059879687,h,05,270,0,0,2781,83
grp-a001-02-000000059879687,h,06,403,1,2164,3324,89
grp-a001-02-000000059879687,h,07,580,0,0,5307,114
grp-a001-02-000000059879687,h,08,741,5,9267,5879,124
grp-a001-02-000000059879687,h,09,791,4,7512,5923,133
grp-a001-02-000000059879687,h,10,889,5,8145,7180,133
grp-a001-02-000000059879687,h,11,935,7,12454,7010,132
grp-a001-02-000000059879687,h,12,856,5,9063,6876,138
grp-a001-02-000000059879687,h,13,881,4,6877,6677,132
grp-a001-02-000000059879687,h,14,925,5,9309,7347,134
grp-a001-02-000000059879687,h,15,907,3,5514,7935,132
grp-a001-02-000000059879687,h,16,996,6,9295,7329,133
grp-a001-02-000000059879687,h,17,1048,14,24884,8393,128
grp-a001-02-000000059879687,h,18,934,7,13203,7184,129
grp-a001-02-000000059879687,h,19,851,10,18850,6883,129
grp-a001-02-000000059879687,h,20,887,4,6693,6681,129
grp-a001-02-000000059879687,h,21,1057,7,12135,7242,134
grp-a001-02-000000059879687,h,22,1210,6,11948,9212,136
grp-a001-02-000000059879687,h,23,923,7,12120,7296,132
grp-a001-02-000000059879687,m,11068,419,0,0,4705,93
grp-a001-02-000000059879687,m,27758,91,0,0,181,16
grp-a001-02-000000059879687,m,33421,4943,11,18604,35267,138
grp-a001-02-000000059879687,m,335738,47,0,0,259,37
grp-a001-02-000000059879687,m,341893,2527,8,11720,13945,153
grp-a001-02-000000059879687,m,341898,548,1,1060,993,120
grp-a001-02-000000059879687,m,370822,88,0,0,260,36
grp-a001-02-000000059879687,m,556927,5,0,0,5,3
grp-a001-02-000000059879687,m,684924,208,0,0,208,38
grp-a001-02-000000059879687,m,684925,56,0,0,56,14
grp-a001-02-000000059879687,m,684926,3656,31,58342,26179,142
grp-a001-02-000000059879687,m,684927,3119,0,0,54238,139
grp-a001-02-000000059879687,m,805759,4,0,0,37,4
grp-a001-02-000000059879687,m,805760,4,0,0,19,2
grp-a001-02-000000059879687,m,8753,3243,58,104128,12207,98
grp-a001-02-000000059879687,r,00,82,0,0,446,42
grp-a001-02-000000059879687,r,01,369,3,6571,2313,106
grp-a001-02-000000059879687,r,02,4553,24,42777,29760,153
grp-a001-02-000000059879687,r,03,580,11,19573,4104,130
grp-a001-02-000000059879687,r,04,580,4,8431,3923,121
grp-a001-02-000000059879687,r,05,195,1,1749,2303,88
grp-a001-02-000000059879687,r,06,460,5,9441,3455,123
grp-a001-02-000000059879687,r,07,335,1,2307,2651,112
grp-a001-02-000000059879687,r,08,653,7,12213,4957,127
grp-a001-02-000000059879687,r,09,4757,24,42481,37524,154
grp-a001-02-000000059879687,r,10,219,1,1523,1633,89
grp-a001-02-000000059879687,r,11,1098,5,7356,6359,128
grp-a001-02-000000059879687,r,12,137,2,3361,976,60
grp-a001-02-000000059879687,r,13,367,5,8544,2502,103
grp-a001-02-000000059879687,r,14,100,2,3368,898,60
grp-a001-02-000000059879687,r,15,1072,2,3479,5639,126
grp-a001-02-000000059879687,r,16,375,2,3199,2787,117
grp-a001-02-000000059879687,r,17,110,2,2469,685,60
grp-a001-02-000000059879687,r,18,359,3,5280,2231,43
grp-a001-02-000000059879687,r,99,2557,5,9732,33413,141
grp-a001-02-000000059880038,h,00,162,0,0,1420,65
grp-a001-02-000000059880038,h,01,70,0,0,596,42
grp-a001-02-000000059880038,h,02,63,0,0,576,32
grp-a001-02-000000059880038,h,03,55,0,0,518,27
grp-a001-02-000000059880038,h,04,46,0,0,401,25
grp-a001-02-000000059880038,h,05,42,0,0,395,23
grp-a001-02-000000059880038,h,06,61,0,0,566,35
grp-a001-02-000000059880038,h,07,66,0,0,607,36
grp-a001-02-000000059880038,h,08,134,0,0,1217,57
grp-a001-02-000000059880038,h,09,138,0,0,1191,62
grp-a001-02-000000059880038,h,10,128,1,936,1221,59
grp-a001-02-000000059880038,h,11,117,1,955,1215,57
grp-a001-02-000000059880038,h,12,633,0,0,5117,58
grp-a001-02-000000059880038,h,13,150,0,0,1341,60
grp-a001-02-000000059880038,h,14,107,0,0,937,57
grp-a001-02-000000059880038,h,15,125,1,990,1102,62
grp-a001-02-000000059880038,h,16,144,0,0,1053,67
grp-a001-02-000000059880038,h,17,119,0,0,1082,62
grp-a001-02-000000059880038,h,18,109,1,877,956,54
grp-a001-02-000000059880038,h,19,121,0,0,1062,66
grp-a001-02-000000059880038,h,20,136,0,0,1130,63
grp-a001-02-000000059880038,h,21,125,0,0,1151,63
grp-a001-02-000000059880038,h,22,139,1,756,1239,62
grp-a001-02-000000059880038,h,23,138,1,990,1312,60
grp-a001-02-000000059880038,m,11068,58,0,0,438,14
grp-a001-02-000000059880038,m,33421,2033,1,990,17669,116
grp-a001-02-000000059880038,m,335738,30,0,0,242,25
grp-a001-02-000000059880038,m,341893,382,1,756,3794,124
grp-a001-02-000000059880038,m,341898,16,0,0,85,15
grp-a001-02-000000059880038,m,370822,4,0,0,9,2
grp-a001-02-000000059880038,m,684924,19,0,0,19,12
grp-a001-02-000000059880038,m,684926,214,0,0,2419,96
grp-a001-02-000000059880038,m,684927,37,0,0,559,20
grp-a001-02-000000059880038,m,8753,335,4,3758,2171,84
grp-a001-02-000000059880038,r,00,24,0,0,306,14
grp-a001-02-000000059880038,r,01,53,0,0,487,36
grp-a001-02-000000059880038,r,02,536,0,0,4996,114
grp-a001-02-000000059880038,r,03,87,0,0,787,45
grp-a001-02-000000059880038,r,04,187,0,0,1523,33
grp-a001-02-000000059880038,r,05,30,0,0,294,20
grp-a001-02-000000059880038,r,06,114,1,756,959,45
grp-a001-02-000000059880038,r,07,61,0,0,474,32
grp-a001-02-000000059880038,r,08,137,1,990,1107,62
grp-a001-02-000000059880038,r,09,1219,2,1813,10753,132
grp-a001-02-000000059880038,r,10,36,0,0,313,24
grp-a001-02-000000059880038,r,11,116,0,0,1020,55
grp-a001-02-000000059880038,r,12,22,0,0,178,15
grp-a001-02-000000059880038,r,13,66,0,0,571,35
grp-a001-02-000000059880038,r,14,21,0,0,200,14
grp-a001-02-000000059880038,r,15,80,0,0,655,45
grp-a001-02-000000059880038,r,16,68,0,0,523,40
grp-a001-02-000000059880038,r,17,18,0,0,184,13
grp-a001-02-000000059880038,r,18,61,0,0,521,24
grp-a001-02-000000059880038,r,99,192,2,1945,1554,75
grp-a001-02-000000061581230,h,00,81,0,0,553,16
grp-a001-02-000000061581230,h,01,54,1,750,336,13
grp-a001-02-000000061581230,h,02,26,0,0,211,11
grp-a001-02-000000061581230,h,03,25,0,0,162,7
grp-a001-02-000000061581230,h,04,17,0,0,103,8
grp-a001-02-000000061581230,h,05,14,0,0,81,5
grp-a001-02-000000061581230,h,06,21,1,1190,153,7
grp-a001-02-000000061581230,h,07,42,1,710,296,11
grp-a001-02-000000061581230,h,08,35,0,0,257,11
grp-a001-02-000000061581230,h,09,58,0,0,407,13
grp-a001-02-000000061581230,h,10,59,0,0,444,13
grp-a001-02-000000061581230,h,11,76,0,0,537,17
grp-a001-02-000000061581230,h,12,45,0,0,268,10
grp-a001-02-000000061581230,h,13,59,0,0,383,12
grp-a001-02-000000061581230,h,14,66,0,0,464,13
grp-a001-02-000000061581230,h,15,55,1,1120,320,16
grp-a001-02-000000061581230,h,16,65,0,0,440,10
grp-a001-02-000000061581230,h,17,70,0,0,397,11
grp-a001-02-000000061581230,h,18,61,0,0,381,11
grp-a001-02-000000061581230,h,19,59,2,1350,380,12
grp-a001-02-000000061581230,h,20,90,1,650,440,12
grp-a001-02-000000061581230,h,21,89,1,650,450,14
grp-a001-02-000000061581230,h,22,108,1,950,502,14
grp-a001-02-000000061581230,h,23,97,0,0,647,17
grp-a001-02-000000061581230,m,11068,50,0,0,488,16
grp-a001-02-000000061581230,m,122876,1,0,0,17,1
grp-a001-02-000000061581230,m,27758,16,1,1120,40,2
grp-a001-02-000000061581230,m,33421,314,0,0,2829,20
grp-a001-02-000000061581230,m,341893,344,3,2050,1429,17
grp-a001-02-000000061581230,m,341898,99,0,0,143,12
grp-a001-02-000000061581230,m,370822,13,0,0,30,10
grp-a001-02-000000061581230,m,424040,25,0,0,270,12
grp-a001-02-000000061581230,m,684925,2,0,0,2,1
grp-a001-02-000000061581230,m,684926,297,2,1410,1613,18
grp-a001-02-000000061581230,m,684927,41,1,650,309,13
grp-a001-02-000000061581230,m,8753,170,2,2140,1442,17
grp-a001-02-000000061581230,r,00,4,0,0,24,4
grp-a001-02-000000061581230,r,01,34,0,0,193,12
grp-a001-02-000000061581230,r,02,359,4,3000,2337,26
grp-a001-02-000000061581230,r,03,64,1,1190,426,15
grp-a001-02-000000061581230,r,04,50,0,0,318,14
grp-a001-02-000000061581230,r,05,32,0,0,277,11
grp-a001-02-000000061581230,r,06,44,0,0,211,13
grp-a001-02-000000061581230,r,07,31,0,0,209,10
grp-a001-02-000000061581230,r,08,50,1,590,333,12
grp-a001-02-000000061581230,r,09,387,2,1830,2355,24
grp-a001-02-000000061581230,r,10,25,1,760,169,8
grp-a001-02-000000061581230,r,11,61,0,0,330,11
grp-a001-02-000000061581230,r,12,34,0,0,259,9
grp-a001-02-000000061581230,r,13,41,0,0,269,9
grp-a001-02-000000061581230,r,14,3,0,0,25,3
grp-a001-02-000000061581230,r,15,51,0,0,286,11
grp-a001-02-000000061581230,r,16,32,0,0,211,13
grp-a001-02-000000061581230,r,17,18,0,0,80,6
grp-a001-02-000000061581230,r,99,52,0,0,300,13
grp-a001-02-000000061581250,h,00,225,1,790,1578,32
grp-a001-02-000000061581250,h,01,130,0,0,900,27
grp-a001-02-000000061581250,h,02,78,1,592,607,18
grp-a001-02-000000061581250,h,03,51,0,0,276,11
grp-a001-02-000000061581250,h,04,41,0,0,366,11
grp-a001-02-000000061581250,h,05,38,0,0,309,16
grp-a001-02-000000061581250,h,06,58,0,0,451,24
grp-a001-02-000000061581250,h,07,81,1,1120,628,21
grp-a001-02-000000061581250,h,08,124,0,0,1004,23
grp-a001-02-000000061581250,h,09,177,0,0,1063,29
grp-a001-02-000000061581250,h,10,157,0,0,927,31
grp-a001-02-000000061581250,h,11,191,1,1090,1448,37
grp-a001-02-000000061581250,h,12,184,0,0,1231,39
grp-a001-02-000000061581250,h,13,195,0,0,1454,32
grp-a001-02-000000061581250,h,14,239,1,1200,1476,39
grp-a001-02-000000061581250,h,15,215,0,0,1483,31
grp-a001-02-000000061581250,h,16,189,0,0,1490,32
grp-a001-02-000000061581250,h,17,152,0,0,1065,34
grp-a001-02-000000061581250,h,18,143,0,0,1236,33
grp-a001-02-000000061581250,h,19,191,3,1886,1467,37
grp-a001-02-000000061581250,h,20,200,1,1190,1517,35
grp-a001-02-000000061581250,h,21,240,1,1190,1863,30
grp-a001-02-000000061581250,h,22,233,1,1160,1604,38
grp-a001-02-000000061581250,h,23,257,1,780,1928,37
grp-a001-02-000000061581250,m,11068,101,1,597,784,24
grp-a001-02-000000061581250,m,122876,189,0,0,810,40
grp-a001-02-000000061581250,m,27758,55,2,2280,103,5
grp-a001-02-000000061581250,m,33421,810,2,1782,6792,42
grp-a001-02-000000061581250,m,341893,658,1,589,3568,40
grp-a001-02-000000061581250,m,341898,109,0,0,238,23
grp-a001-02-000000061581250,m,370822,22,0,0,58,10
grp-a001-02-000000061581250,m,424040,565,1,700,1788,49
grp-a001-02-000000061581250,m,684924,3,0,0,3,2
grp-a001-02-000000061581250,m,684925,9,0,0,9,3
grp-a001-02-000000061581250,m,684926,591,2,1570,7463,46
grp-a001-02-000000061581250,m,684927,148,0,0,2113,29
grp-a001-02-000000061581250,m,8753,529,3,3480,3642,26
grp-a001-02-000000061581250,r,00,21,0,0,119,4
grp-a001-02-000000061581250,r,01,86,1,780,552,21
grp-a001-02-000000061581250,r,02,905,4,4240,6746,59
grp-a001-02-000000061581250,r,03,226,2,1297,1680,36
grp-a001-02-000000061581250,r,04,135,0,0,963,29
grp-a001-02-000000061581250,r,05,107,0,0,833,24
grp-a001-02-000000061581250,r,06,159,1,589,1366,33
grp-a001-02-000000061581250,r,07,98,0,0,716,23
grp-a001-02-000000061581250,r,08,252,1,1120,1744,39
grp-a001-02-000000061581250,r,09,862,2,2380,5808,54
grp-a001-02-000000061581250,r,10,71,0,0,531,23
grp-a001-02-000000061581250,r,11,202,1,592,1488,41
grp-a001-02-000000061581250,r,12,140,0,0,802,25
grp-a001-02-000000061581250,r,13,76,0,0,463,24
grp-a001-02-000000061581250,r,14,29,0,0,282,13
grp-a001-02-000000061581250,r,15,137,0,0,1185,32
grp-a001-02-000000061581250,r,16,89,0,0,690,26
grp-a001-02-000000061581250,r,17,29,0,0,189,11
grp-a001-02-000000061581250,r,99,165,0,0,1214,30
grp-a001-02-000000061581254,h,00,145,2,1450,791,30
grp-a001-02-000000061581254,h,01,100,1,530,490,26
grp-a001-02-000000061581254,h,02,41,0,0,207,16
grp-a001-02-000000061581254,h,03,28,0,0,102,6
grp-a001-02-000000061581254,h,04,28,0,0,161,7
grp-a001-02-000000061581254,h,05,28,0,0,234,12
grp-a001-02-000000061581254,h,06,37,0,0,126,12
grp-a001-02-000000061581254,h,07,65,0,0,286,20
grp-a001-02-000000061581254,h,08,89,0,0,495,27
grp-a001-02-000000061581254,h,09,91,1,1200,436,26
grp-a001-02-000000061581254,h,10,83,0,0,437,26
grp-a001-02-000000061581254,h,11,81,3,1667,436,26
grp-a001-02-000000061581254,h,12,93,0,0,593,25
grp-a001-02-000000061581254,h,13,94,0,0,463,26
grp-a001-02-000000061581254,h,14,110,2,1390,489,28
grp-a001-02-000000061581254,h,15,109,1,1180,454,30
grp-a001-02-000000061581254,h,16,109,2,1920,619,25
grp-a001-02-000000061581254,h,17,128,1,258,685,30
grp-a001-02-000000061581254,h,18,85,0,0,559,27
grp-a001-02-000000061581254,h,19,127,2,1376,789,32
grp-a001-02-000000061581254,h,20,202,1,291,1071,40
grp-a001-02-000000061581254,h,21,155,2,2360,874,43
grp-a001-02-000000061581254,h,22,122,1,650,818,29
grp-a001-02-000000061581254,h,23,153,3,1650,1107,34
grp-a001-02-000000061581254,m,11068,66,0,0,346,5
grp-a001-02-000000061581254,m,122876,87,1,197,202,37
grp-a001-02-000000061581254,m,27758,55,0,0,99,2
grp-a001-02-000000061581254,m,33421,552,2,2340,3721,18
grp-a001-02-000000061581254,m,341893,398,0,0,2688,53
grp-a001-02-000000061581254,m,341898,53,1,780,153,18
grp-a001-02-000000061581254,m,370822,4,0,0,16,4
grp-a001-02-000000061581254,m,424040,434,7,1735,793,48
grp-a001-02-000000061581254,m,684924,15,1,1160,15,3
grp-a001-02-000000061581254,m,684925,6,0,0,6,2
grp-a001-02-000000061581254,m,684926,301,3,1870,2636,23
grp-a001-02-000000061581254,m,684927,40,0,0,463,13
grp-a001-02-000000061581254,m,8753,292,7,7840,1584,9
grp-a001-02-000000061581254,r,00,16,0,0,73,7
grp-a001-02-000000061581254,r,01,73,2,1420,415,23
grp-a001-02-000000061581254,r,02,557,7,2622,2969,57
grp-a001-02-000000061581254,r,03,117,0,0,875,32
grp-a001-02-000000061581254,r,04,115,0,0,736,39
grp-a001-02-000000061581254,r,05,53,1,1200,403,19
grp-a001-02-000000061581254,r,06,86,0,0,373,25
grp-a001-02-000000061581254,r,07,66,0,0,368,23
grp-a001-02-000000061581254,r,08,98,1,1180,562,30
grp-a001-02-000000061581254,r,09,576,6,4950,2851,50
grp-a001-02-000000061581254,r,10,63,1,1180,334,16
grp-a001-02-000000061581254,r,11,110,0,0,651,30
grp-a001-02-000000061581254,r,12,57,0,0,307,17
grp-a001-02-000000061581254,r,13,85,2,1430,354,23
grp-a001-02-000000061581254,r,14,16,0,0,59,11
grp-a001-02-000000061581254,r,15,65,0,0,426,24
grp-a001-02-000000061581254,r,16,54,0,0,372,30
grp-a001-02-000000061581254,r,17,8,1,1180,41,5
grp-a001-02-000000061581254,r,99,88,1,760,553,33
grp-a001-02-000000061581264,h,00,1464,5,6110,5835,49
grp-a001-02-000000061581264,h,01,932,1,990,3834,35
grp-a001-02-000000061581264,h,02,580,0,0,2994,30
grp-a001-02-000000061581264,h,03,437,1,1190,2678,27
grp-a001-02-000000061581264,h,04,325,1,713,1536,19
grp-a001-02-000000061581264,h,05,159,0,0,2001,21
grp-a001-02-000000061581264,h,06,210,0,0,1107,30
grp-a001-02-000000061581264,h,07,373,1,697,1649,32
grp-a001-02-000000061581264,h,08,493,1,790,2820,40
grp-a001-02-000000061581264,h,09,702,4,4173,3897,42
grp-a001-02-000000061581264,h,10,886,4,4960,3570,42
grp-a001-02-000000061581264,h,11,964,3,3840,3987,53
grp-a001-02-000000061581264,h,12,1018,5,5213,3963,41
grp-a001-02-000000061581264,h,13,1018,2,2600,3909,43
grp-a001-02-000000061581264,h,14,593,2,1960,2275,45
grp-a001-02-000000061581264,h,15,715,3,3540,2299,46
grp-a001-02-000000061581264,h,16,733,5,4929,2330,43
grp-a001-02-000000061581264,h,17,1379,2,1428,3975,45
grp-a001-02-000000061581264,h,18,1228,3,2780,3773,39
grp-a001-02-000000061581264,h,19,1495,2,2540,4377,45
grp-a001-02-000000061581264,h,20,1629,4,4298,5089,46
grp-a001-02-000000061581264,h,21,1753,7,7550,5601,47
grp-a001-02-000000061581264,h,22,1966,6,6730,7234,48
grp-a001-02-000000061581264,h,23,2099,6,5450,7770,51
grp-a001-02-000000061581264,m,11068,942,4,4190,3414,47
grp-a001-02-000000061581264,m,27758,2028,5,5510,4043,16
grp-a001-02-000000061581264,m,33421,3666,5,5330,17792,57
grp-a001-02-000000061581264,m,341893,1074,7,4978,5400,55
grp-a001-02-000000061581264,m,341898,376,2,1336,580,44
grp-a001-02-000000061581264,m,370822,33,0,0,61,16
grp-a001-02-000000061581264,m,556927,1,0,0,1,1
grp-a001-02-000000061581264,m,684924,14,0,0,14,7
grp-a001-02-000000061581264,m,684925,142,0,0,142,4
grp-a001-02-000000061581264,m,684926,1327,6,4981,6862,58
grp-a001-02-000000061581264,m,684927,712,2,2500,9841,43
grp-a001-02-000000061581264,m,787479,1,0,0,27,1
grp-a001-02-000000061581264,m,787481,2,0,0,4,2
grp-a001-02-000000061581264,m,805759,1,0,0,4,1
grp-a001-02-000000061581264,m,805760,5,0,0,30,2
grp-a001-02-000000061581264,m,8753,12827,37,43656,40288,48
grp-a001-02-000000061581264,r,00,280,0,0,833,21
grp-a001-02-000000061581264,r,01,604,3,2792,2413,34
grp-a001-02-000000061581264,r,02,5965,12,12790,23095,57
grp-a001-02-000000061581264,r,03,1304,8,8440,5056,52
grp-a001-02-000000061581264,r,04,947,1,770,3878,49
grp-a001-02-000000061581264,r,05,568,1,1160,2153,38
grp-a001-02-000000061581264,r,06,913,4,4910,3427,37
grp-a001-02-000000061581264,r,07,579,3,3470,2068,39
grp-a001-02-000000061581264,r,08,1287,3,3293,4866,46
grp-a001-02-000000061581264,r,09,5008,19,18986,19105,59
grp-a001-02-000000061581264,r,10,515,1,1190,1935,36
grp-a001-02-000000061581264,r,11,1204,2,2380,4415,48
grp-a001-02-000000061581264,r,12,544,3,3400,2019,42
grp-a001-02-000000061581264,r,13,595,1,1190,2418,40
grp-a001-02-000000061581264,r,14,217,0,0,817,18
grp-a001-02-000000061581264,r,15,915,3,3140,3364,43
grp-a001-02-000000061581264,r,16,621,1,1160,2329,42
grp-a001-02-000000061581264,r,17,173,1,1300,765,21
grp-a001-02-000000061581264,r,99,912,2,2110,3547,49
grp-a001-02-000000061581269,h,00,3453,17,19030,8820,12
grp-a001-02-000000061581269,h,01,2477,21,25130,7196,12
grp-a001-02-000000061581269,h,02,1497,11,11370,4678,9
grp-a001-02-000000061581269,h,03,964,4,4800,3155,7
grp-a001-02-000000061581269,h,04,729,1,1160,2139,6
grp-a001-02-000000061581269,h,05,494,1,1280,2405,8
grp-a001-02-000000061581269,h,06,786,2,2300,2634,10
grp-a001-02-000000061581269,h,07,1582,8,9900,5019,6
grp-a001-02-000000061581269,h,08,2534,16,19540,7539,8
grp-a001-02-000000061581269,h,09,2219,7,7000,6077,11
grp-a001-02-000000061581269,h,10,2586,8,8940,6633,8
grp-a001-02-000000061581269,h,11,2766,11,11880,6538,10
grp-a001-02-000000061581269,h,12,3412,9,9790,7476,9
grp-a001-02-000000061581269,h,13,2920,16,19010,8030,10
grp-a001-02-000000061581269,h,14,1900,7,8510,5342,9
grp-a001-02-000000061581269,h,15,2225,10,9500,3849,11
grp-a001-02-000000061581269,h,16,2461,13,14440,3920,7
grp-a001-02-000000061581269,h,17,4387,17,19410,7105,9
grp-a001-02-000000061581269,h,18,3825,18,20550,6976,8
grp-a001-02-000000061581269,h,19,3945,15,17030,7261,9
grp-a001-02-000000061581269,h,20,4496,23,26810,8778,9
grp-a001-02-000000061581269,h,21,4574,22,22800,9440,9
grp-a001-02-000000061581269,h,22,4135,17,19470,9511,10
grp-a001-02-000000061581269,h,23,4032,13,15170,9740,13
grp-a001-02-000000061581269,m,11068,1376,9,9990,4138,9
grp-a001-02-000000061581269,m,27758,4195,31,36090,6240,7
grp-a001-02-000000061581269,m,33421,6209,34,39170,25571,18
grp-a001-02-000000061581269,m,341893,1537,16,16820,4083,12
grp-a001-02-000000061581269,m,341898,376,2,2500,536,6
grp-a001-02-000000061581269,m,370822,193,1,510,333,4
grp-a001-02-000000061581269,m,556927,32,0,0,32,2
grp-a001-02-000000061581269,m,684924,18672,7,7590,18672,6
grp-a001-02-000000061581269,m,684925,3415,4,4330,3415,8
grp-a001-02-000000061581269,m,684926,3058,22,22720,20080,17
grp-a001-02-000000061581269,m,684927,1416,3,2680,14228,12
grp-a001-02-000000061581269,m,787478,1,0,0,2,1
grp-a001-02-000000061581269,m,787479,2,0,0,26,2
grp-a001-02-000000061581269,m,787481,5,0,0,5,3
grp-a001-02-000000061581269,m,805759,2,0,0,11,2
grp-a001-02-000000061581269,m,805760,5,0,0,13,2
grp-a001-02-000000061581269,m,8753,23905,158,182420,52876,16
grp-a001-02-000000061581269,r,00,620,2,1980,1364,10
grp-a001-02-000000061581269,r,01,1732,9,9350,4035,10
grp-a001-02-000000061581269,r,02,16652,71,76990,38927,19
grp-a001-02-000000061581269,r,03,3798,19,22070,8491,10
grp-a001-02-000000061581269,r,04,2646,11,13450,6332,11
grp-a001-02-000000061581269,r,05,1540,7,8210,3450,11
grp-a001-02-000000061581269,r,06,2518,12,13730,5806,11
grp-a001-02-000000061581269,r,07,1613,9,10070,3639,12
grp-a001-02-000000061581269,r,08,3633,14,15010,7976,12
grp-a001-02-000000061581269,r,09,13238,56,63740,31553,17
grp-a001-02-000000061581269,r,10,1566,7,8380,3266,11
grp-a001-02-000000061581269,r,11,3481,13,15370,7869,15
grp-a001-02-000000061581269,r,12,1454,10,11110,3619,11
grp-a001-02-000000061581269,r,13,1550,8,9570,3497,11
grp-a001-02-000000061581269,r,14,565,0,0,1200,9
grp-a001-02-000000061581269,r,15,2763,19,22410,6263,11
grp-a001-02-000000061581269,r,16,1744,7,8520,4130,11
grp-a001-02-000000061581269,r,17,399,3,3480,860,10
grp-a001-02-000000061581269,r,99,2887,10,11380,7984,13
grp-a001-02-000000061581308,h,00,3048,3,1940,5411,39
grp-a001-02-000000061581308,h,01,1714,1,480,3409,28
grp-a001-02-000000061581308,h,02,1279,2,1780,3412,19
grp-a001-02-000000061581308,h,03,963,3,2632,3135,14
grp-a001-02-000000061581308,h,04,725,0,0,2194,10
grp-a001-02-000000061581308,h,05,578,0,0,2512,13
grp-a001-02-000000061581308,h,06,518,1,900,1311,16
grp-a001-02-000000061581308,h,07,956,1,616,2157,20
grp-a001-02-000000061581308,h,08,1210,1,1000,3182,19
grp-a001-02-000000061581308,h,09,2120,5,4095,5026,27
grp-a001-02-000000061581308,h,10,2931,1,1050,6162,30
grp-a001-02-000000061581308,h,11,2940,3,2830,6215,37
grp-a001-02-000000061581308,h,12,3607,1,563,7077,31
grp-a001-02-000000061581308,h,13,1398,0,0,3417,29
grp-a001-02-000000061581308,h,14,1271,3,2673,2968,30
grp-a001-02-000000061581308,h,15,3364,1,850,6797,43
grp-a001-02-000000061581308,h,16,2523,3,2620,5485,34
grp-a001-02-000000061581308,h,17,5912,1,840,8272,33
grp-a001-02-000000061581308,h,18,4991,0,0,8023,34
grp-a001-02-000000061581308,h,19,4876,5,4180,7757,34
grp-a001-02-000000061581308,h,20,5236,3,1920,8742,35
grp-a001-02-000000061581308,h,21,4865,10,9290,8330,40
grp-a001-02-000000061581308,h,22,5665,3,2316,9891,41
grp-a001-02-000000061581308,h,23,4729,5,4523,9502,38
grp-a001-02-000000061581308,m,11068,656,1,1000,2900,27
grp-a001-02-000000061581308,m,27758,3425,1,990,5074,10
grp-a001-02-000000061581308,m,33421,2713,4,3560,12384,45
grp-a001-02-000000061581308,m,341893,1252,10,5511,6928,51
grp-a001-02-000000061581308,m,341898,265,2,1186,553,35
grp-a001-02-000000061581308,m,370822,35,0,0,104,15
grp-a001-02-000000061581308,m,556927,9,0,0,9,5
grp-a001-02-000000061581308,m,684924,24723,3,2830,24723,4
grp-a001-02-000000061581308,m,684925,2803,1,680,2803,6
grp-a001-02-000000061581308,m,684926,789,4,2966,4818,52
grp-a001-02-000000061581308,m,684927,581,1,605,9687,36
grp-a001-02-000000061581308,m,684930,1,0,0,1,1
grp-a001-02-000000061581308,m,787479,1,0,0,30,1
grp-a001-02-000000061581308,m,805759,1,0,0,5,1
grp-a001-02-000000061581308,m,805760,3,0,0,19,2
grp-a001-02-000000061581308,m,8753,30162,29,27770,60349,29
grp-a001-02-000000061581308,r,00,655,0,0,1259,12
grp-a001-02-000000061581308,r,01,1673,1,605,3281,26
grp-a001-02-000000061581308,r,02,17374,17,14035,33744,55
grp-a001-02-000000061581308,r,03,3661,5,3870,7150,38
grp-a001-02-000000061581308,r,04,2592,2,1990,4980,30
grp-a001-02-000000061581308,r,05,1629,2,1530,3191,30
grp-a001-02-000000061581308,r,06,2797,3,2753,5021,31
grp-a001-02-000000061581308,r,07,1695,2,1580,3349,29
grp-a001-02-000000061581308,r,08,3956,3,2260,7572,41
grp-a001-02-000000061581308,r,09,14217,9,7486,27726,53
grp-a001-02-000000061581308,r,10,1486,3,3070,2791,26
grp-a001-02-000000061581308,r,11,3775,2,1786,7244,33
grp-a001-02-000000061581308,r,12,1509,1,650,3179,30
grp-a001-02-000000061581308,r,13,1703,2,2050,3465,25
grp-a001-02-000000061581308,r,14,746,0,0,1464,13
grp-a001-02-000000061581308,r,15,2514,0,0,4655,33
grp-a001-02-000000061581308,r,16,1938,2,1770,3526,29
grp-a001-02-000000061581308,r,17,486,1,1100,1008,13
grp-a001-02-000000061581308,r,99,3013,1,563,5782,42
grp-a001-02-000000061693679,h,00,335,0,0,2281,31
grp-a001-02-000000061693679,h,01,206,0,0,1297,23
grp-a001-02-000000061693679,h,02,98,0,0,764,20
grp-a001-02-000000061693679,h,03,47,0,0,377,13
grp-a001-02-000000061693679,h,04,22,0,0,202,7
grp-a001-02-000000061693679,h,05,27,0,0,231,11
grp-a001-02-000000061693679,h,06,46,0,0,502,14
grp-a001-02-000000061693679,h,07,58,0,0,517,12
grp-a001-02-000000061693679,h,08,118,0,0,933,21
grp-a001-02-000000061693679,h,09,143,0,0,1053,23
grp-a001-02-000000061693679,h,10,134,0,0,1156,23
grp-a001-02-000000061693679,h,11,142,0,0,1323,39
grp-a001-02-000000061693679,h,12,147,0,0,1542,22
grp-a001-02-000000061693679,h,13,120,1,570,1183,17
grp-a001-02-000000061693679,h,14,109,0,0,1347,23
grp-a001-02-000000061693679,h,15,82,0,0,892,24
grp-a001-02-000000061693679,h,16,91,0,0,957,23
grp-a001-02-000000061693679,h,17,77,0,0,828,26
grp-a001-02-000000061693679,h,18,94,1,585,1103,23
grp-a001-02-000000061693679,h,19,109,1,890,1252,23
grp-a001-02-000000061693679,h,20,130,0,0,1288,26
grp-a001-02-000000061693679,h,21,159,0,0,1959,31
grp-a001-02-000000061693679,h,22,228,0,0,2445,33
grp-a001-02-000000061693679,h,23,177,2,1510,1930,22
grp-a001-02-000000061693679,m,11068,78,0,0,1074,29
grp-a001-02-000000061693679,m,27758,8,0,0,12,2
grp-a001-02-000000061693679,m,33421,716,1,900,9152,56
grp-a001-02-000000061693679,m,341893,418,2,1155,1310,13
grp-a001-02-000000061693679,m,341898,139,0,0,195,12
grp-a001-02-000000061693679,m,370822,18,0,0,34,9
grp-a001-02-000000061693679,m,684924,86,0,0,86,5
grp-a001-02-000000061693679,m,684925,18,0,0,18,1
grp-a001-02-000000061693679,m,684926,673,2,1500,9571,27
grp-a001-02-000000061693679,m,684927,190,0,0,2874,18
grp-a001-02-000000061693679,m,787479,2,0,0,20,2
grp-a001-02-000000061693679,m,8753,553,0,0,3016,54
grp-a001-02-000000061693679,r,00,45,0,0,325,12
grp-a001-02-000000061693679,r,01,102,0,0,914,20
grp-a001-02-000000061693679,r,02,705,2,1510,6971,48
grp-a001-02-000000061693679,r,03,157,0,0,1407,31
grp-a001-02-000000061693679,r,04,79,1,570,803,21
grp-a001-02-000000061693679,r,05,83,0,0,799,23
grp-a001-02-000000061693679,r,06,117,0,0,1012,22
grp-a001-02-000000061693679,r,07,79,0,0,712,22
grp-a001-02-000000061693679,r,08,157,0,0,1323,32
grp-a001-02-000000061693679,r,09,697,0,0,6970,52
grp-a001-02-000000061693679,r,10,44,0,0,333,16
grp-a001-02-000000061693679,r,11,111,0,0,979,26
grp-a001-02-000000061693679,r,12,70,0,0,605,21
grp-a001-02-000000061693679,r,13,84,0,0,809,28
grp-a001-02-000000061693679,r,14,23,0,0,176,10
grp-a001-02-000000061693679,r,15,95,1,585,672,21
grp-a001-02-000000061693679,r,16,65,0,0,619,18
grp-a001-02-000000061693679,r,17,29,0,0,200,8
grp-a001-02-000000061693679,r,99,157,1,890,1733,23
grp-a001-02-000000061693682,h,00,440,2,2370,3146,36
grp-a001-02-000000061693682,h,01,294,2,1360,1827,23
grp-a001-02-000000061693682,h,02,168,0,0,1085,24
grp-a001-02-000000061693682,h,03,81,0,0,548,13
grp-a001-02-000000061693682,h,04,87,0,0,562,11
grp-a001-02-000000061693682,h,05,47,0,0,370,14
grp-a001-02-000000061693682,h,06,76,0,0,567,14
grp-a001-02-000000061693682,h,07,122,0,0,954,14
grp-a001-02-000000061693682,h,08,159,1,1190,1216,23
grp-a001-02-000000061693682,h,09,236,0,0,1644,21
grp-a001-02-000000061693682,h,10,272,0,0,1762,22
grp-a001-02-000000061693682,h,11,269,1,1020,1997,32
grp-a001-02-000000061693682,h,12,232,1,1200,1732,22
grp-a001-02-000000061693682,h,13,245,1,1050,1847,19
grp-a001-02-000000061693682,h,14,269,1,1010,1914,29
grp-a001-02-000000061693682,h,15,300,0,0,1868,20
grp-a001-02-000000061693682,h,16,284,1,1190,1891,26
grp-a001-02-000000061693682,h,17,291,0,0,2178,27
grp-a001-02-000000061693682,h,18,235,0,0,1884,27
grp-a001-02-000000061693682,h,19,326,2,2260,2336,25
grp-a001-02-000000061693682,h,20,498,1,1170,3235,30
grp-a001-02-000000061693682,h,21,480,0,0,3159,26
grp-a001-02-000000061693682,h,22,574,0,0,3574,30
grp-a001-02-000000061693682,h,23,654,0,0,4208,26
grp-a001-02-000000061693682,m,11068,314,0,0,2219,36
grp-a001-02-000000061693682,m,27758,223,0,0,343,10
grp-a001-02-000000061693682,m,33421,2367,2,2330,19513,59
grp-a001-02-000000061693682,m,341893,82,0,0,161,13
grp-a001-02-000000061693682,m,341898,103,0,0,120,13
grp-a001-02-000000061693682,m,370822,2,0,0,2,2
grp-a001-02-000000061693682,m,556927,2,0,0,2,1
grp-a001-02-000000061693682,m,684924,201,0,0,201,13
grp-a001-02-000000061693682,m,684925,189,0,0,189,9
grp-a001-02-000000061693682,m,684926,1255,2,2400,10795,33
grp-a001-02-000000061693682,m,684927,239,2,2130,2538,29
grp-a001-02-000000061693682,m,787479,2,0,0,12,1
grp-a001-02-000000061693682,m,8753,1660,7,6960,9409,56
grp-a001-02-000000061693682,r,00,91,0,0,441,12
grp-a001-02-000000061693682,r,01,193,1,1190,1422,17
grp-a001-02-000000061693682,r,02,1692,5,5720,11477,54
grp-a001-02-000000061693682,r,03,312,1,1010,2299,28
grp-a001-02-000000061693682,r,04,252,2,2250,1877,21
grp-a001-02-000000061693682,r,05,156,0,0,1142,20
grp-a001-02-000000061693682,r,06,190,0,0,1274,18
grp-a001-02-000000061693682,r,07,160,0,0,956,18
grp-a001-02-000000061693682,r,08,319,1,667,2091,33
grp-a001-02-000000061693682,r,09,1616,1,693,11165,52
grp-a001-02-000000061693682,r,10,93,0,0,566,13
grp-a001-02-000000061693682,r,11,331,0,0,2254,37
grp-a001-02-000000061693682,r,12,221,0,0,1279,17
grp-a001-02-000000061693682,r,13,157,0,0,1086,25
grp-a001-02-000000061693682,r,14,67,0,0,467,12
grp-a001-02-000000061693682,r,15,201,1,1120,1507,20
grp-a001-02-000000061693682,r,16,171,0,0,1178,18
grp-a001-02-000000061693682,r,17,53,0,0,430,12
grp-a001-02-000000061693682,r,99,364,1,1170,2593,22
grp-a001-02-000000061693688,h,00,250,1,1200,732,9
grp-a001-02-000000061693688,h,01,128,0,0,389,12
grp-a001-02-000000061693688,h,02,46,0,0,170,13
grp-a001-02-000000061693688,h,03,24,0,0,151,7
grp-a001-02-000000061693688,h,04,45,0,0,114,7
grp-a001-02-000000061693688,h,05,28,0,0,65,4
grp-a001-02-000000061693688,h,06,37,0,0,100,5
grp-a001-02-000000061693688,h,07,47,0,0,123,6
grp-a001-02-000000061693688,h,08,70,0,0,264,8
grp-a001-02-000000061693688,h,09,104,0,0,287,6
grp-a001-02-000000061693688,h,10,140,0,0,497,9
grp-a001-02-000000061693688,h,11,90,0,0,387,9
grp-a001-02-000000061693688,h,12,53,1,540,447,9
grp-a001-02-000000061693688,h,13,34,0,0,182,11
grp-a001-02-000000061693688,h,14,27,0,0,278,10
grp-a001-02-000000061693688,h,15,23,0,0,162,9
grp-a001-02-000000061693688,h,16,27,0,0,91,10
grp-a001-02-000000061693688,h,17,36,0,0,156,9
grp-a001-02-000000061693688,h,18,31,0,0,116,7
grp-a001-02-000000061693688,h,19,38,0,0,210,7
grp-a001-02-000000061693688,h,20,58,0,0,230,10
grp-a001-02-000000061693688,h,21,49,0,0,221,11
grp-a001-02-000000061693688,h,22,59,1,560,303,10
grp-a001-02-000000061693688,h,23,61,0,0,249,12
grp-a001-02-000000061693688,m,11068,22,0,0,169,4
grp-a001-02-000000061693688,m,27758,124,0,0,193,1
grp-a001-02-000000061693688,m,33421,145,0,0,1040,13
grp-a001-02-000000061693688,m,341893,464,2,1100,2024,18
grp-a001-02-000000061693688,m,341898,59,0,0,150,10
grp-a001-02-000000061693688,m,370822,10,0,0,23,6
grp-a001-02-000000061693688,m,556927,1,0,0,1,1
grp-a001-02-000000061693688,m,684924,72,0,0,72,1
grp-a001-02-000000061693688,m,684925,108,0,0,108,1
grp-a001-02-000000061693688,m,684926,206,1,1200,997,13
grp-a001-02-000000061693688,m,684927,56,0,0,358,11
grp-a001-02-000000061693688,m,8753,238,0,0,789,9
grp-a001-02-000000061693688,r,00,32,0,0,60,7
grp-a001-02-000000061693688,r,01,37,0,0,125,8
grp-a001-02-000000061693688,r,02,412,0,0,1616,19
grp-a001-02-000000061693688,r,03,78,1,560,291,10
grp-a001-02-000000061693688,r,04,61,0,0,220,8
grp-a001-02-000000061693688,r,05,42,0,0,213,9
grp-a001-02-000000061693688,r,06,35,0,0,141,9
grp-a001-02-000000061693688,r,07,43,0,0,239,8
grp-a001-02-000000061693688,r,08,53,0,0,225,11
grp-a001-02-000000061693688,r,09,398,1,1200,1447,18
grp-a001-02-000000061693688,r,10,18,0,0,80,6
grp-a001-02-000000061693688,r,11,73,1,540,288,12
grp-a001-02-000000061693688,r,12,42,0,0,159,11
grp-a001-02-000000061693688,r,13,25,0,0,83,8
grp-a001-02-000000061693688,r,14,19,0,0,91,6
grp-a001-02-000000061693688,r,15,39,0,0,190,10
grp-a001-02-000000061693688,r,16,32,0,0,112,8
grp-a001-02-000000061693688,r,17,8,0,0,38,5
grp-a001-02-000000061693688,r,99,58,0,0,306,10
grp-a001-02-000000061693693,h,00,373,1,980,2042,47
grp-a001-02-000000061693693,h,01,206,0,0,1081,44
grp-a001-02-000000061693693,h,02,126,0,0,609,32
grp-a001-02-000000061693693,h,03,58,0,0,374,19
grp-a001-02-000000061693693,h,04,47,0,0,263,20
grp-a001-02-000000061693693,h,05,55,0,0,325,25
grp-a001-02-000000061693693,h,06,194,0,0,1160,33
grp-a001-02-000000061693693,h,07,249,0,0,1458,41
grp-a001-02-000000061693693,h,08,278,0,0,1696,43
grp-a001-02-000000061693693,h,09,166,0,0,1074,40
grp-a001-02-000000061693693,h,10,233,0,0,1417,50
grp-a001-02-000000061693693,h,11,314,0,0,1622,58
grp-a001-02-000000061693693,h,12,218,1,1200,1209,38
grp-a001-02-000000061693693,h,13,311,0,0,1816,50
grp-a001-02-000000061693693,h,14,230,0,0,1479,49
grp-a001-02-000000061693693,h,15,251,0,0,1498,49
grp-a001-02-000000061693693,h,16,222,0,0,1379,45
grp-a001-02-000000061693693,h,17,286,1,924,1816,48
grp-a001-02-000000061693693,h,18,262,0,0,1697,47
grp-a001-02-000000061693693,h,19,274,1,789,1793,46
grp-a001-02-000000061693693,h,20,316,0,0,2113,47
grp-a001-02-000000061693693,h,21,408,0,0,2688,52
grp-a001-02-000000061693693,h,22,577,0,0,3641,52
grp-a001-02-000000061693693,h,23,529,2,2400,3187,48
grp-a001-02-000000061693693,m,11068,358,0,0,2375,56
grp-a001-02-000000061693693,m,27758,110,1,789,209,48
grp-a001-02-000000061693693,m,33421,2713,1,1200,19227,60
grp-a001-02-000000061693693,m,341893,282,0,0,558,16
grp-a001-02-000000061693693,m,341898,208,1,980,291,15
grp-a001-02-000000061693693,m,370822,24,0,0,37,10
grp-a001-02-000000061693693,m,556927,3,0,0,3,2
grp-a001-02-000000061693693,m,684924,76,0,0,76,30
grp-a001-02-000000061693693,m,684925,35,0,0,35,9
grp-a001-02-000000061693693,m,684926,518,0,0,3794,57
grp-a001-02-000000061693693,m,684927,103,0,0,1034,39
grp-a001-02-000000061693693,m,787479,5,0,0,10,1
grp-a001-02-000000061693693,m,805760,2,0,0,11,2
grp-a001-02-000000061693693,m,8753,1746,3,3324,9777,60
grp-a001-02-000000061693693,r,00,58,0,0,345,24
grp-a001-02-000000061693693,r,01,140,1,1200,1007,36
grp-a001-02-000000061693693,r,02,1832,1,1200,11339,60
grp-a001-02-000000061693693,r,03,249,0,0,1481,45
grp-a001-02-000000061693693,r,04,189,0,0,1251,40
grp-a001-02-000000061693693,r,05,135,0,0,760,37
grp-a001-02-000000061693693,r,06,251,0,0,1343,41
grp-a001-02-000000061693693,r,07,149,0,0,859,36
grp-a001-02-000000061693693,r,08,249,0,0,1457,43
grp-a001-02-000000061693693,r,09,1241,1,980,7295,60
grp-a001-02-000000061693693,r,10,97,1,1200,598,33
grp-a001-02-000000061693693,r,11,519,1,924,3122,53
grp-a001-02-000000061693693,r,12,118,1,789,707,36
grp-a001-02-000000061693693,r,13,124,0,0,767,37
grp-a001-02-000000061693693,r,14,30,0,0,160,18
grp-a001-02-000000061693693,r,15,364,0,0,2255,45
grp-a001-02-000000061693693,r,16,138,0,0,923,34
grp-a001-02-000000061693693,r,17,39,0,0,245,16
grp-a001-02-000000061693693,r,99,261,0,0,1523,48
grp-a001-02-000000061693695,h,00,387,4,4770,2644,13
grp-a001-02-000000061693695,h,01,212,1,1010,1374,10
grp-a001-02-000000061693695,h,02,78,0,0,571,9
grp-a001-02-000000061693695,h,03,94,0,0,665,9
grp-a001-02-000000061693695,h,04,65,0,0,500,7
grp-a001-02-000000061693695,h,05,58,0,0,373,6
grp-a001-02-000000061693695,h,06,96,0,0,512,10
grp-a001-02-000000061693695,h,07,148,0,0,844,6
grp-a001-02-000000061693695,h,08,154,0,0,1147,8
grp-a001-02-000000061693695,h,09,168,1,780,1159,10
grp-a001-02-000000061693695,h,10,187,1,1200,1309,11
grp-a001-02-000000061693695,h,11,234,1,1180,1449,11
grp-a001-02-000000061693695,h,12,222,1,1180,1375,10
grp-a001-02-000000061693695,h,13,238,0,0,1545,9
grp-a001-02-000000061693695,h,14,171,0,0,1229,11
grp-a001-02-000000061693695,h,15,257,1,1190,1478,9
grp-a001-02-000000061693695,h,16,333,1,1200,1848,11
grp-a001-02-000000061693695,h,17,307,2,2390,2005,11
grp-a001-02-000000061693695,h,18,268,1,1190,1722,8
grp-a001-02-000000061693695,h,19,272,1,1180,1520,8
grp-a001-02-000000061693695,h,20,369,1,1180,2288,10
grp-a001-02-000000061693695,h,21,427,0,0,2643,13
grp-a001-02-000000061693695,h,22,436,0,0,3018,9
grp-a001-02-000000061693695,h,23,408,1,1180,2800,12
grp-a001-02-000000061693695,m,11068,194,2,2400,1276,10
grp-a001-02-000000061693695,m,27758,118,1,1190,309,5
grp-a001-02-000000061693695,m,33421,1936,6,6730,12291,19
grp-a001-02-000000061693695,m,341893,122,1,1010,313,12
grp-a001-02-000000061693695,m,341898,43,0,0,69,10
grp-a001-02-000000061693695,m,370822,5,0,0,7,3
grp-a001-02-000000061693695,m,556927,1,0,0,1,1
grp-a001-02-000000061693695,m,684924,180,0,0,180,5
grp-a001-02-000000061693695,m,684925,58,0,0,58,5
grp-a001-02-000000061693695,m,684926,1202,0,0,11020,18
grp-a001-02-000000061693695,m,684927,221,0,0,2481,14
grp-a001-02-000000061693695,m,787479,5,0,0,30,1
grp-a001-02-000000061693695,m,8753,1504,7,8300,7983,15
grp-a001-02-000000061693695,r,00,27,0,0,138,7
grp-a001-02-000000061693695,r,01,150,1,1180,1050,11
grp-a001-02-000000061693695,r,02,1427,4,4760,9622,20
grp-a001-02-000000061693695,r,03,245,1,1190,1583,11
grp-a001-02-000000061693695,r,04,193,0,0,1203,9
grp-a001-02-000000061693695,r,05,184,0,0,1189,10
grp-a001-02-000000061693695,r,06,224,2,1970,1322,10
grp-a001-02-000000061693695,r,07,170,1,1180,1163,9
grp-a001-02-000000061693695,r,08,271,0,0,1698,13
grp-a001-02-000000061693695,r,09,1462,4,4760,8492,19
grp-a001-02-000000061693695,r,10,90,0,0,636,6
grp-a001-02-000000061693695,r,11,229,0,0,1482,12
grp-a001-02-000000061693695,r,12,116,0,0,830,9
grp-a001-02-000000061693695,r,13,151,0,0,1151,10
grp-a001-02-000000061693695,r,14,27,0,0,235,8
grp-a001-02-000000061693695,r,15,163,2,2200,1200,10
grp-a001-02-000000061693695,r,16,168,2,2390,1131,11
grp-a001-02-000000061693695,r,17,28,0,0,177,7
grp-a001-02-000000061693695,r,99,264,0,0,1716,12
grp-a001-02-000000061693698,h,00,1126,5,4521,8168,57
grp-a001-02-000000061693698,h,01,690,3,2892,5167,56
grp-a001-02-000000061693698,h,02,379,2,2039,2761,51
grp-a001-02-000000061693698,h,03,271,2,2114,2068,47
grp-a001-02-000000061693698,h,04,278,0,0,1845,33
grp-a001-02-000000061693698,h,05,194,0,0,1351,46
grp-a001-02-000000061693698,h,06,386,0,0,2637,53
grp-a001-02-000000061693698,h,07,466,1,1100,3430,52
grp-a001-02-000000061693698,h,08,432,1,924,3462,54
grp-a001-02-000000061693698,h,09,489,1,673,3952,56
grp-a001-02-000000061693698,h,10,541,1,872,4592,54
grp-a001-02-000000061693698,h,11,709,0,0,5258,58
grp-a001-02-000000061693698,h,12,570,2,1905,4914,56
grp-a001-02-000000061693698,h,13,587,2,1685,4908,58
grp-a001-02-000000061693698,h,14,557,2,2084,4923,54
grp-a001-02-000000061693698,h,15,708,1,676,5622,57
grp-a001-02-000000061693698,h,16,712,3,2419,5135,56
grp-a001-02-000000061693698,h,17,678,1,902,5055,57
grp-a001-02-000000061693698,h,18,697,0,0,5504,55
grp-a001-02-000000061693698,h,19,752,0,0,5689,53
grp-a001-02-000000061693698,h,20,1058,4,3709,8136,56
grp-a001-02-000000061693698,h,21,1114,1,1190,8733,56
grp-a001-02-000000061693698,h,22,1357,4,4212,10480,56
grp-a001-02-000000061693698,h,23,1270,1,1160,9742,56
grp-a001-02-000000061693698,m,11068,542,1,924,6018,59
grp-a001-02-000000061693698,m,27758,110,0,0,235,37
grp-a001-02-000000061693698,m,33421,6662,8,8231,59901,60
grp-a001-02-000000061693698,m,341893,2198,9,6954,6623,45
grp-a001-02-000000061693698,m,341898,636,0,0,943,42
grp-a001-02-000000061693698,m,370822,64,0,0,129,26
grp-a001-02-000000061693698,m,556927,6,0,0,6,1
grp-a001-02-000000061693698,m,684924,61,0,0,61,22
grp-a001-02-000000061693698,m,684925,18,0,0,18,13
grp-a001-02-000000061693698,m,684926,2773,8,7438,27073,60
grp-a001-02-000000061693698,m,684927,603,2,1905,7205,59
grp-a001-02-000000061693698,m,805759,1,0,0,12,1
grp-a001-02-000000061693698,m,805760,2,0,0,13,2
grp-a001-02-000000061693698,m,8753,2345,9,9625,15295,60
grp-a001-02-000000061693698,r,00,103,0,0,801,36
grp-a001-02-000000061693698,r,01,417,0,0,3379,57
grp-a001-02-000000061693698,r,02,3931,8,8032,31595,60
grp-a001-02-000000061693698,r,03,707,4,3497,5257,59
grp-a001-02-000000061693698,r,04,590,3,2805,4392,59
grp-a001-02-000000061693698,r,05,477,0,0,3917,56
grp-a001-02-000000061693698,r,06,567,1,924,4682,58
grp-a001-02-000000061693698,r,07,460,1,1190,3198,55
grp-a001-02-000000061693698,r,08,760,2,1848,5737,57
grp-a001-02-000000061693698,r,09,4278,12,10650,31092,60
grp-a001-02-000000061693698,r,10,260,1,1160,2068,51
grp-a001-02-000000061693698,r,11,757,0,0,6215,59
grp-a001-02-000000061693698,r,12,417,0,0,3153,57
grp-a001-02-000000061693698,r,13,420,1,920,3422,56
grp-a001-02-000000061693698,r,14,102,0,0,724,39
grp-a001-02-000000061693698,r,15,511,1,842,4023,59
grp-a001-02-000000061693698,r,16,408,1,1160,3107,53
grp-a001-02-000000061693698,r,17,134,1,889,972,37
grp-a001-02-000000061693698,r,99,722,1,1160,5798,60
grp-a001-02-000000061693700,h,00,442,0,0,2037,37
grp-a001-02-000000061693700,h,01,233,0,0,1055,25
grp-a001-02-000000061693700,h,02,140,0,0,588,20
grp-a001-02-000000061693700,h,03,125,0,0,767,23
grp-a001-02-000000061693700,h,04,148,0,0,916,23
grp-a001-02-000000061693700,h,05,171,0,0,1013,31
grp-a001-02-000000061693700,h,06,186,0,0,998,37
grp-a001-02-000000061693700,h,07,222,0,0,1140,26
grp-a001-02-000000061693700,h,08,222,0,0,1097,23
grp-a001-02-000000061693700,h,09,221,2,2160,1085,31
grp-a001-02-000000061693700,h,10,206,0,0,1091,32
grp-a001-02-000000061693700,h,11,295,0,0,1656,46
grp-a001-02-000000061693700,h,12,217,0,0,1051,31
grp-a001-02-000000061693700,h,13,237,0,0,1121,33
grp-a001-02-000000061693700,h,14,219,1,1130,925,28
grp-a001-02-000000061693700,h,15,300,0,0,1545,32
grp-a001-02-000000061693700,h,16,332,1,750,1500,33
grp-a001-02-000000061693700,h,17,274,0,0,1419,32
grp-a001-02-000000061693700,h,18,288,2,2230,1487,32
grp-a001-02-000000061693700,h,19,360,2,2400,1752,43
grp-a001-02-000000061693700,h,20,401,0,0,1868,34
grp-a001-02-000000061693700,h,21,448,1,890,2204,40
grp-a001-02-000000061693700,h,22,494,1,1200,2499,44
grp-a001-02-000000061693700,h,23,510,0,0,2578,41
grp-a001-02-000000061693700,m,11068,238,0,0,1644,36
grp-a001-02-000000061693700,m,27758,97,0,0,196,9
grp-a001-02-000000061693700,m,33421,3121,3,3530,21019,54
grp-a001-02-000000061693700,m,341893,689,1,750,1649,21
grp-a001-02-000000061693700,m,341898,397,0,0,511,17
grp-a001-02-000000061693700,m,370822,74,0,0,100,8
grp-a001-02-000000061693700,m,556927,11,0,0,11,3
grp-a001-02-000000061693700,m,684924,99,0,0,99,11
grp-a001-02-000000061693700,m,684925,28,0,0,28,8
grp-a001-02-000000061693700,m,684926,713,3,3230,3176,38
grp-a001-02-000000061693700,m,684927,96,1,890,485,17
grp-a001-02-000000061693700,m,805759,1,0,0,12,1
grp-a001-02-000000061693700,m,805760,1,0,0,6,1
grp-a001-02-000000061693700,m,8753,1126,2,2360,4456,28
grp-a001-02-000000061693700,r,00,35,0,0,197,13
grp-a001-02-000000061693700,r,01,140,0,0,525,14
grp-a001-02-000000061693700,r,02,1480,3,2990,6868,57
grp-a001-02-000000061693700,r,03,228,0,0,1197,23
grp-a001-02-000000061693700,r,04,152,0,0,617,17
grp-a001-02-000000061693700,r,05,135,0,0,608,18
grp-a001-02-000000061693700,r,06,220,0,0,985,37
grp-a001-02-000000061693700,r,07,136,0,0,623,19
grp-a001-02-000000061693700,r,08,231,1,1190,1058,25
grp-a001-02-000000061693700,r,09,2481,2,2190,13716,57
grp-a001-02-000000061693700,r,10,88,0,0,376,14
grp-a001-02-000000061693700,r,11,338,1,890,1831,39
grp-a001-02-000000061693700,r,12,168,0,0,681,23
grp-a001-02-000000061693700,r,13,138,0,0,647,15
grp-a001-02-000000061693700,r,14,24,0,0,139,10
grp-a001-02-000000061693700,r,15,299,0,0,1499,38
grp-a001-02-000000061693700,r,16,136,1,1130,616,15
grp-a001-02-000000061693700,r,17,26,0,0,118,10
grp-a001-02-000000061693700,r,99,236,2,2370,1091,20
grp-a001-02-000000061693708,h,00,338,1,1200,2054,30
grp-a001-02-000000061693708,h,01,164,0,0,952,26
grp-a001-02-000000061693708,h,02,88,0,0,506,24
grp-a001-02-000000061693708,h,03,63,0,0,413,15
grp-a001-02-000000061693708,h,04,58,0,0,343,13
grp-a001-02-000000061693708,h,05,45,0,0,280,13
grp-a001-02-000000061693708,h,06,77,1,1200,540,16
grp-a001-02-000000061693708,h,07,108,0,0,758,15
grp-a001-02-000000061693708,h,08,125,0,0,953,21
grp-a001-02-000000061693708,h,09,130,1,1190,877,22
grp-a001-02-000000061693708,h,10,144,1,1190,1069,23
grp-a001-02-000000061693708,h,11,191,1,1190,1247,23
grp-a001-02-000000061693708,h,12,193,0,0,1209,24
grp-a001-02-000000061693708,h,13,208,0,0,1326,24
grp-a001-02-000000061693708,h,14,184,0,0,1222,27
grp-a001-02-000000061693708,h,15,222,1,1200,1282,26
grp-a001-02-000000061693708,h,16,259,1,1190,1311,26
grp-a001-02-000000061693708,h,17,277,0,0,1683,28
grp-a001-02-000000061693708,h,18,229,0,0,1385,21
grp-a001-02-000000061693708,h,19,269,1,1190,1612,23
grp-a001-02-000000061693708,h,20,342,0,0,2059,27
grp-a001-02-000000061693708,h,21,392,1,1010,2427,27
grp-a001-02-000000061693708,h,22,374,0,0,2547,28
grp-a001-02-000000061693708,h,23,378,0,0,2498,27
grp-a001-02-000000061693708,m,11068,139,0,0,1166,12
grp-a001-02-000000061693708,m,27758,34,1,1200,98,8
grp-a001-02-000000061693708,m,33421,1772,2,2390,11750,27
grp-a001-02-000000061693708,m,341893,548,1,1010,2493,37
grp-a001-02-000000061693708,m,341898,158,0,0,242,28
grp-a001-02-000000061693708,m,370822,14,0,0,40,13
grp-a001-02-000000061693708,m,684924,75,0,0,75,7
grp-a001-02-000000061693708,m,684925,33,0,0,33,7
grp-a001-02-000000061693708,m,684926,961,2,2380,7815,38
grp-a001-02-000000061693708,m,684927,163,0,0,1207,20
grp-a001-02-000000061693708,m,805760,1,0,0,8,1
grp-a001-02-000000061693708,m,8753,960,3,3580,5626,13
grp-a001-02-000000061693708,r,00,21,0,0,95,13
grp-a001-02-000000061693708,r,01,127,0,0,812,24
grp-a001-02-000000061693708,r,02,1233,2,2390,8052,41
grp-a001-02-000000061693708,r,03,232,2,2200,1439,29
grp-a001-02-000000061693708,r,04,195,0,0,1137,23
grp-a001-02-000000061693708,r,05,146,0,0,1019,24
grp-a001-02-000000061693708,r,06,187,0,0,978,23
grp-a001-02-000000061693708,r,07,165,1,1190,1103,24
grp-a001-02-000000061693708,r,08,232,0,0,1554,31
grp-a001-02-000000061693708,r,09,1234,3,3590,7302,39
grp-a001-02-000000061693708,r,10,70,0,0,504,15
grp-a001-02-000000061693708,r,11,199,0,0,1298,28
grp-a001-02-000000061693708,r,12,142,0,0,865,23
grp-a001-02-000000061693708,r,13,108,0,0,716,23
grp-a001-02-000000061693708,r,14,29,0,0,192,11
grp-a001-02-000000061693708,r,15,141,0,0,909,23
grp-a001-02-000000061693708,r,16,134,0,0,829,21
grp-a001-02-000000061693708,r,17,53,0,0,342,10
grp-a001-02-000000061693708,r,99,210,1,1190,1407,20
grp-a001-02-000000061693716,h,00,338,1,1140,2234,19
grp-a001-02-000000061693716,h,01,254,0,0,1817,23
grp-a001-02-000000061693716,h,02,75,0,0,579,11
grp-a001-02-000000061693716,h,03,60,0,0,378,8
grp-a001-02-000000061693716,h,04,55,0,0,350,7
grp-a001-02-000000061693716,h,05,61,0,0,393,11
grp-a001-02-000000061693716,h,06,98,0,0,634,11
grp-a001-02-000000061693716,h,07,94,0,0,543,11
grp-a001-02-000000061693716,h,08,143,0,0,881,17
grp-a001-02-000000061693716,h,09,157,2,2250,935,16
grp-a001-02-000000061693716,h,10,183,0,0,1187,20
grp-a001-02-000000061693716,h,11,199,2,2290,1175,28
grp-a001-02-000000061693716,h,12,176,2,2070,1126,20
grp-a001-02-000000061693716,h,13,184,0,0,1102,19
grp-a001-02-000000061693716,h,14,131,2,2390,811,19
grp-a001-02-000000061693716,h,15,208,0,0,1386,20
grp-a001-02-000000061693716,h,16,228,0,0,1313,13
grp-a001-02-000000061693716,h,17,264,2,2400,1203,17
grp-a001-02-000000061693716,h,18,261,0,0,1515,16
grp-a001-02-000000061693716,h,19,269,0,0,1512,15
grp-a001-02-000000061693716,h,20,393,7,8040,2235,20
grp-a001-02-000000061693716,h,21,422,2,2360,2485,23
grp-a001-02-000000061693716,h,22,479,1,1200,2616,22
grp-a001-02-000000061693716,h,23,498,4,4330,2982,21
grp-a001-02-000000061693716,m,11068,187,0,0,1393,28
grp-a001-02-000000061693716,m,27758,135,2,2260,314,5
grp-a001-02-000000061693716,m,33421,1829,5,5880,12202,40
grp-a001-02-000000061693716,m,341893,141,1,860,551,26
grp-a001-02-000000061693716,m,341898,58,0,0,103,13
grp-a001-02-000000061693716,m,370822,6,0,0,13,6
grp-a001-02-000000061693716,m,684924,209,0,0,209,3
grp-a001-02-000000061693716,m,684925,49,0,0,49,4
grp-a001-02-000000061693716,m,684926,697,5,5680,6627,33
grp-a001-02-000000061693716,m,684927,162,1,890,2121,28
grp-a001-02-000000061693716,m,787478,1,0,0,1,1
grp-a001-02-000000061693716,m,787479,7,0,0,29,2
grp-a001-02-000000061693716,m,787481,1,0,0,1,1
grp-a001-02-000000061693716,m,8753,1748,11,12900,7779,27
grp-a001-02-000000061693716,r,00,45,1,1200,211,8
grp-a001-02-000000061693716,r,01,179,2,2090,858,15
grp-a001-02-000000061693716,r,02,1313,7,7600,8057,49
grp-a001-02-000000061693716,r,03,234,0,0,1289,20
grp-a001-02-000000061693716,r,04,205,2,2380,1083,15
grp-a001-02-000000061693716,r,05,139,1,1200,768,18
grp-a001-02-000000061693716,r,06,176,1,1200,1183,16
grp-a001-02-000000061693716,r,07,108,0,0,525,13
grp-a001-02-000000061693716,r,08,243,2,2270,1469,23
grp-a001-02-000000061693716,r,09,1420,5,5810,8877,39
grp-a001-02-000000061693716,r,10,91,0,0,473,14
grp-a001-02-000000061693716,r,11,211,2,2400,1245,17
grp-a001-02-000000061693716,r,12,97,0,0,552,13
grp-a001-02-000000061693716,r,13,149,0,0,802,15
grp-a001-02-000000061693716,r,14,25,0,0,173,5
grp-a001-02-000000061693716,r,15,186,0,0,1148,17
grp-a001-02-000000061693716,r,16,127,1,1180,857,19
grp-a001-02-000000061693716,r,17,37,0,0,229,8
grp-a001-02-000000061693716,r,99,245,1,1140,1593,22
grp-a001-02-000000061693720,h,00,443,2,1565,2760,51
grp-a001-02-000000061693720,h,01,277,1,1170,1970,46
grp-a001-02-000000061693720,h,02,132,0,0,828,34
grp-a001-02-000000061693720,h,03,126,2,1090,709,38
grp-a001-02-000000061693720,h,04,116,1,1200,741,22
grp-a001-02-000000061693720,h,05,85,0,0,497,25
grp-a001-02-000000061693720,h,06,142,1,880,906,35
grp-a001-02-000000061693720,h,07,133,0,0,730,35
grp-a001-02-000000061693720,h,08,188,1,810,1173,43
grp-a001-02-000000061693720,h,09,237,1,1150,1275,41
grp-a001-02-000000061693720,h,10,189,3,2793,1247,44
grp-a001-02-000000061693720,h,11,246,3,2046,1654,52
grp-a001-02-000000061693720,h,12,201,0,0,1523,46
grp-a001-02-000000061693720,h,13,194,2,1789,1349,49
grp-a001-02-000000061693720,h,14,216,0,0,1435,52
grp-a001-02-000000061693720,h,15,249,0,0,1635,50
grp-a001-02-000000061693720,h,16,253,0,0,1647,42
grp-a001-02-000000061693720,h,17,247,0,0,1571,50
grp-a001-02-000000061693720,h,18,232,2,1742,1647,47
grp-a001-02-000000061693720,h,19,218,1,618,1400,44
grp-a001-02-000000061693720,h,20,255,1,800,1579,48
grp-a001-02-000000061693720,h,21,352,3,2223,2455,53
grp-a001-02-000000061693720,h,22,422,3,3052,2672,54
grp-a001-02-000000061693720,h,23,414,3,3230,2896,51
grp-a001-02-000000061693720,m,11068,184,1,1180,2138,44
grp-a001-02-000000061693720,m,27758,54,2,2360,112,10
grp-a001-02-000000061693720,m,33421,1605,3,2970,13817,52
grp-a001-02-000000061693720,m,341893,1607,12,7497,6872,60
grp-a001-02-000000061693720,m,341898,428,2,1700,754,59
grp-a001-02-000000061693720,m,370822,58,0,0,168,33
grp-a001-02-000000061693720,m,556927,1,0,0,1,1
grp-a001-02-000000061693720,m,684924,11,0,0,11,3
grp-a001-02-000000061693720,m,684925,14,0,0,14,4
grp-a001-02-000000061693720,m,684926,894,2,1498,6966,59
grp-a001-02-000000061693720,m,684927,266,1,693,2630,47
grp-a001-02-000000061693720,m,787479,1,0,0,27,1
grp-a001-02-000000061693720,m,8753,444,7,8260,2789,40
grp-a001-02-000000061693720,r,00,62,0,0,345,23
grp-a001-02-000000061693720,r,01,122,1,1200,637,37
grp-a001-02-000000061693720,r,02,1307,12,11392,8972,59
grp-a001-02-000000061693720,r,03,223,1,900,1506,49
grp-a001-02-000000061693720,r,04,167,1,1200,1027,42
grp-a001-02-000000061693720,r,05,149,2,1409,1170,36
grp-a001-02-000000061693720,r,06,182,1,660,1327,46
grp-a001-02-000000061693720,r,07,166,1,890,932,43
grp-a001-02-000000061693720,r,08,258,1,584,1639,48
grp-a001-02-000000061693720,r,09,1680,7,5625,10326,59
grp-a001-02-000000061693720,r,10,73,1,443,570,29
grp-a001-02-000000061693720,r,11,245,0,0,1511,55
grp-a001-02-000000061693720,r,12,140,0,0,863,43
grp-a001-02-000000061693720,r,13,133,0,0,801,43
grp-a001-02-000000061693720,r,14,29,0,0,162,18
grp-a001-02-000000061693720,r,15,212,0,0,1395,46
grp-a001-02-000000061693720,r,16,137,0,0,1036,43
grp-a001-02-000000061693720,r,17,35,0,0,235,23
grp-a001-02-000000061693720,r,99,247,2,1855,1845,53
grp-a001-02-000000061693722,h,00,763,3,2708,3882,57
grp-a001-02-000000061693722,h,01,486,2,1776,2507,54
grp-a001-02-000000061693722,h,02,259,3,2686,1242,49
grp-a001-02-000000061693722,h,03,169,0,0,860,43
grp-a001-02-000000061693722,h,04,200,0,0,1172,40
grp-a001-02-000000061693722,h,05,151,0,0,927,39
grp-a001-02-000000061693722,h,06,187,0,0,1079,38
grp-a001-02-000000061693722,h,07,260,2,1807,1399,48
grp-a001-02-000000061693722,h,08,357,2,1835,1727,54
grp-a001-02-000000061693722,h,09,333,1,823,1569,54
grp-a001-02-000000061693722,h,10,402,0,0,1806,55
grp-a001-02-000000061693722,h,11,659,3,3261,2831,57
grp-a001-02-000000061693722,h,12,508,2,1791,2490,55
grp-a001-02-000000061693722,h,13,501,1,922,2502,53
grp-a001-02-000000061693722,h,14,535,2,1846,2438,55
grp-a001-02-000000061693722,h,15,539,2,1798,2267,56
grp-a001-02-000000061693722,h,16,591,1,800,2679,52
grp-a001-02-000000061693722,h,17,579,5,4333,2658,55
grp-a001-02-000000061693722,h,18,541,1,790,2825,52
grp-a001-02-000000061693722,h,19,595,2,1760,3186,53
grp-a001-02-000000061693722,h,20,736,3,3174,3727,55
grp-a001-02-000000061693722,h,21,921,5,5045,4575,56
grp-a001-02-000000061693722,h,22,1120,2,1431,5795,56
grp-a001-02-000000061693722,h,23,930,2,1900,4597,55
grp-a001-02-000000061693722,m,11068,377,0,0,2872,59
grp-a001-02-000000061693722,m,27758,208,6,5439,379,48
grp-a001-02-000000061693722,m,33421,3888,9,8860,29186,60
grp-a001-02-000000061693722,m,341893,2119,4,3581,5206,54
grp-a001-02-000000061693722,m,341898,1003,5,3927,1306,52
grp-a001-02-000000061693722,m,370822,116,0,0,179,37
grp-a001-02-000000061693722,m,556927,9,0,0,9,3
grp-a001-02-000000061693722,m,684924,129,0,0,129,36
grp-a001-02-000000061693722,m,684925,60,1,1110,60,27
grp-a001-02-000000061693722,m,684926,1660,2,1840,8005,56
grp-a001-02-000000061693722,m,684927,277,2,1686,1640,53
grp-a001-02-000000061693722,m,787479,7,0,0,22,3
grp-a001-02-000000061693722,m,805759,1,0,0,6,1
grp-a001-02-000000061693722,m,805760,3,0,0,9,3
grp-a001-02-000000061693722,m,8753,2465,15,14043,11732,59
grp-a001-02-000000061693722,r,00,148,1,920,573,42
grp-a001-02-000000061693722,r,01,311,2,1800,1458,55
grp-a001-02-000000061693722,r,02,2952,5,4687,14354,60
grp-a001-02-000000061693722,r,03,509,2,1806,2352,58
grp-a001-02-000000061693722,r,04,407,2,1796,1785,55
grp-a001-02-000000061693722,r,05,293,1,1200,1304,51
grp-a001-02-000000061693722,r,06,434,4,3780,1876,56
grp-a001-02-000000061693722,r,07,322,0,0,1737,55
grp-a001-02-000000061693722,r,08,541,6,5520,2219,58
grp-a001-02-000000061693722,r,09,3628,5,4677,20074,60
grp-a001-02-000000061693722,r,10,198,0,0,1080,50
grp-a001-02-000000061693722,r,11,524,3,2682,2317,57
grp-a001-02-000000061693722,r,12,298,2,1672,1305,56
grp-a001-02-000000061693722,r,13,318,4,3532,1480,53
grp-a001-02-000000061693722,r,14,78,2,1572,353,36
grp-a001-02-000000061693722,r,15,466,2,1738,2169,58
grp-a001-02-000000061693722,r,16,314,1,1180,1525,56
grp-a001-02-000000061693722,r,17,81,0,0,315,34
grp-a001-02-000000061693722,r,99,500,2,1924,2464,59
grp-a001-02-000000061693725,h,00,329,0,0,1784,36
grp-a001-02-000000061693725,h,01,188,1,1170,1073,30
grp-a001-02-000000061693725,h,02,82,0,0,442,27
grp-a001-02-000000061693725,h,03,73,1,820,423,21
grp-a001-02-000000061693725,h,04,72,0,0,492,26
grp-a001-02-000000061693725,h,05,111,0,0,631,27
grp-a001-02-000000061693725,h,06,112,0,0,578,27
grp-a001-02-000000061693725,h,07,118,1,1150,615,23
grp-a001-02-000000061693725,h,08,152,1,1200,773,25
grp-a001-02-000000061693725,h,09,153,0,0,719,22
grp-a001-02-000000061693725,h,10,184,0,0,925,26
grp-a001-02-000000061693725,h,11,189,0,0,902,32
grp-a001-02-000000061693725,h,12,139,0,0,691,19
grp-a001-02-000000061693725,h,13,172,1,693,1024,21
grp-a001-02-000000061693725,h,14,165,1,1200,721,21
grp-a001-02-000000061693725,h,15,179,1,690,911,23
grp-a001-02-000000061693725,h,16,211,0,0,931,22
grp-a001-02-000000061693725,h,17,177,1,1150,669,22
grp-a001-02-000000061693725,h,18,195,0,0,1065,23
grp-a001-02-000000061693725,h,19,173,0,0,789,19
grp-a001-02-000000061693725,h,20,234,2,1883,1164,21
grp-a001-02-000000061693725,h,21,271,4,3690,1313,27
grp-a001-02-000000061693725,h,22,337,0,0,1723,27
grp-a001-02-000000061693725,h,23,320,1,900,1581,26
grp-a001-02-000000061693725,m,11068,178,1,1200,1157,27
grp-a001-02-000000061693725,m,27758,80,0,0,158,6
grp-a001-02-000000061693725,m,33421,1736,1,900,11540,51
grp-a001-02-000000061693725,m,341893,454,4,2810,1313,17
grp-a001-02-000000061693725,m,341898,243,0,0,328,12
grp-a001-02-000000061693725,m,370822,39,0,0,65,8
grp-a001-02-000000061693725,m,556927,1,0,0,1,1
grp-a001-02-000000061693725,m,684924,18,0,0,18,5
grp-a001-02-000000061693725,m,684925,15,0,0,15,5
grp-a001-02-000000061693725,m,684926,536,3,3033,2837,41
grp-a001-02-000000061693725,m,684927,87,1,1190,691,28
grp-a001-02-000000061693725,m,787478,1,0,0,2,1
grp-a001-02-000000061693725,m,787479,1,0,0,10,1
grp-a001-02-000000061693725,m,787481,2,0,0,3,2
grp-a001-02-000000061693725,m,8753,945,5,5413,3801,33
grp-a001-02-000000061693725,r,00,34,0,0,172,15
grp-a001-02-000000061693725,r,01,111,1,1170,468,18
grp-a001-02-000000061693725,r,02,983,7,6343,5041,45
grp-a001-02-000000061693725,r,03,155,0,0,789,19
grp-a001-02-000000061693725,r,04,109,2,1383,529,21
grp-a001-02-000000061693725,r,05,109,0,0,485,17
grp-a001-02-000000061693725,r,06,132,0,0,573,21
grp-a001-02-000000061693725,r,07,91,0,0,375,16
grp-a001-02-000000061693725,r,08,187,0,0,893,24
grp-a001-02-000000061693725,r,09,1507,0,0,8012,50
grp-a001-02-000000061693725,r,10,66,1,900,383,14
grp-a001-02-000000061693725,r,11,220,0,0,1148,32
grp-a001-02-000000061693725,r,12,93,1,1200,374,13
grp-a001-02-000000061693725,r,13,78,1,1200,370,19
grp-a001-02-000000061693725,r,14,31,0,0,114,8
grp-a001-02-000000061693725,r,15,165,1,1200,874,30
grp-a001-02-000000061693725,r,16,72,0,0,413,13
grp-a001-02-000000061693725,r,17,26,0,0,73,7
grp-a001-02-000000061693725,r,99,167,1,1150,853,21
grp-a001-02-000000061693728,h,00,546,0,0,3447,34
grp-a001-02-000000061693728,h,01,442,2,2250,3107,38
grp-a001-02-000000061693728,h,02,286,0,0,2216,31
grp-a001-02-000000061693728,h,03,198,0,0,1220,21
grp-a001-02-000000061693728,h,04,185,0,0,1020,21
grp-a001-02-000000061693728,h,05,193,1,1190,992,17
grp-a001-02-000000061693728,h,06,248,0,0,1308,23
grp-a001-02-000000061693728,h,07,267,0,0,1518,21
grp-a001-02-000000061693728,h,08,280,0,0,1601,19
grp-a001-02-000000061693728,h,09,308,1,1130,1727,25
grp-a001-02-000000061693728,h,10,297,0,0,1883,21
grp-a001-02-000000061693728,h,11,315,1,760,2131,26
grp-a001-02-000000061693728,h,12,290,0,0,1916,22
grp-a001-02-000000061693728,h,13,309,0,0,2139,20
grp-a001-02-000000061693728,h,14,263,1,1100,1674,17
grp-a001-02-000000061693728,h,15,339,0,0,2109,19
grp-a001-02-000000061693728,h,16,306,1,980,1766,17
grp-a001-02-000000061693728,h,17,306,1,1200,1946,16
grp-a001-02-000000061693728,h,18,358,0,0,2193,17
grp-a001-02-000000061693728,h,19,364,3,3560,2103,16
grp-a001-02-000000061693728,h,20,403,1,1000,2180,20
grp-a001-02-000000061693728,h,21,429,1,1190,2521,20
grp-a001-02-000000061693728,h,22,521,0,0,3377,26
grp-a001-02-000000061693728,h,23,581,1,580,3686,28
grp-a001-02-000000061693728,m,11068,169,1,1180,1469,21
grp-a001-02-000000061693728,m,27758,111,4,4720,261,9
grp-a001-02-000000061693728,m,33421,4639,1,1180,26854,49
grp-a001-02-000000061693728,m,341893,315,4,3910,646,20
grp-a001-02-000000061693728,m,341898,153,0,0,190,13
grp-a001-02-000000061693728,m,370822,11,0,0,26,6
grp-a001-02-000000061693728,m,684924,22,0,0,22,5
grp-a001-02-000000061693728,m,684925,9,0,0,9,5
grp-a001-02-000000061693728,m,684926,1121,2,1780,9567,34
grp-a001-02-000000061693728,m,684927,179,0,0,1839,22
grp-a001-02-000000061693728,m,787479,6,0,0,54,2
grp-a001-02-000000061693728,m,805759,1,0,0,12,1
grp-a001-02-000000061693728,m,8753,1298,2,2170,8831,31
grp-a001-02-000000061693728,r,00,35,0,0,303,9
grp-a001-02-000000061693728,r,01,150,0,0,978,14
grp-a001-02-000000061693728,r,02,1367,3,2320,9543,39
grp-a001-02-000000061693728,r,03,214,1,1000,1523,15
grp-a001-02-000000061693728,r,04,174,0,0,1291,18
grp-a001-02-000000061693728,r,05,111,0,0,904,15
grp-a001-02-000000061693728,r,06,174,0,0,1181,18
grp-a001-02-000000061693728,r,07,141,0,0,1187,13
grp-a001-02-000000061693728,r,08,243,1,1200,1728,17
grp-a001-02-000000061693728,r,09,4153,5,5750,21888,50
grp-a001-02-000000061693728,r,10,77,0,0,471,15
grp-a001-02-000000061693728,r,11,260,1,1200,1873,24
grp-a001-02-000000061693728,r,12,143,1,1190,1124,15
grp-a001-02-000000061693728,r,13,135,0,0,1142,16
grp-a001-02-000000061693728,r,14,41,0,0,265,11
grp-a001-02-000000061693728,r,15,205,0,0,1506,18
grp-a001-02-000000061693728,r,16,135,2,2280,905,16
grp-a001-02-000000061693728,r,17,38,0,0,314,13
grp-a001-02-000000061693728,r,99,238,0,0,1654,19
grp-a001-02-000000061693731,h,00,508,1,1200,3391,47
grp-a001-02-000000061693731,h,01,359,1,1200,2356,44
grp-a001-02-000000061693731,h,02,279,0,0,2017,40
grp-a001-02-000000061693731,h,03,211,1,1180,1237,30
grp-a001-02-000000061693731,h,04,200,0,0,1062,35
grp-a001-02-000000061693731,h,05,234,0,0,1331,30
grp-a001-02-000000061693731,h,06,251,0,0,1420,31
grp-a001-02-000000061693731,h,07,227,0,0,1321,30
grp-a001-02-000000061693731,h,08,266,0,0,1610,30
grp-a001-02-000000061693731,h,09,263,0,0,1584,33
grp-a001-02-000000061693731,h,10,217,0,0,1476,26
grp-a001-02-000000061693731,h,11,268,0,0,2005,40
grp-a001-02-000000061693731,h,12,254,2,1850,1665,25
grp-a001-02-000000061693731,h,13,254,1,970,1623,30
grp-a001-02-000000061693731,h,14,220,0,0,1438,32
grp-a001-02-000000061693731,h,15,283,0,0,1865,28
grp-a001-02-000000061693731,h,16,224,2,1893,1396,28
grp-a001-02-000000061693731,h,17,235,1,671,1706,24
grp-a001-02-000000061693731,h,18,249,0,0,1565,24
grp-a001-02-000000061693731,h,19,325,2,1714,2056,29
grp-a001-02-000000061693731,h,20,376,1,693,2318,38
grp-a001-02-000000061693731,h,21,424,0,0,2735,37
grp-a001-02-000000061693731,h,22,439,1,665,2812,38
grp-a001-02-000000061693731,h,23,514,2,1736,3283,38
grp-a001-02-000000061693731,m,11068,164,2,2400,1503,33
grp-a001-02-000000061693731,m,27758,39,1,1200,85,9
grp-a001-02-000000061693731,m,33421,4648,0,0,27603,54
grp-a001-02-000000061693731,m,341893,233,4,2464,956,37
grp-a001-02-000000061693731,m,341898,77,0,0,123,24
grp-a001-02-000000061693731,m,370822,9,1,970,16,6
grp-a001-02-000000061693731,m,556927,1,0,0,1,1
grp-a001-02-000000061693731,m,684924,27,0,0,27,7
grp-a001-02-000000061693731,m,684925,13,0,0,13,7
grp-a001-02-000000061693731,m,684926,785,2,1315,6839,48
grp-a001-02-000000061693731,m,684927,139,1,693,1745,33
grp-a001-02-000000061693731,m,787479,1,0,0,7,1
grp-a001-02-000000061693731,m,8753,944,4,4730,6354,36
grp-a001-02-000000061693731,r,00,58,0,0,293,14
grp-a001-02-000000061693731,r,01,113,1,671,865,19
grp-a001-02-000000061693731,r,02,974,4,4063,7482,51
grp-a001-02-000000061693731,r,03,165,2,2380,1272,20
grp-a001-02-000000061693731,r,04,128,1,1150,988,25
grp-a001-02-000000061693731,r,05,93,0,0,977,22
grp-a001-02-000000061693731,r,06,153,0,0,1157,24
grp-a001-02-000000061693731,r,07,103,0,0,905,19
grp-a001-02-000000061693731,r,08,201,0,0,1499,26
grp-a001-02-000000061693731,r,09,4075,3,2986,22192,55
grp-a001-02-000000061693731,r,10,64,0,0,459,17
grp-a001-02-000000061693731,r,11,197,0,0,1507,33
grp-a001-02-000000061693731,r,12,85,0,0,748,20
grp-a001-02-000000061693731,r,13,89,2,1179,707,20
grp-a001-02-000000061693731,r,14,31,0,0,202,14
grp-a001-02-000000061693731,r,15,148,1,650,1178,27
grp-a001-02-000000061693731,r,16,123,1,693,969,23
grp-a001-02-000000061693731,r,17,34,0,0,365,19
grp-a001-02-000000061693731,r,99,246,0,0,1507,33
grp-a001-02-000000061693735,h,00,364,1,1190,1910,39
grp-a001-02-000000061693735,h,01,233,0,0,1279,39
grp-a001-02-000000061693735,h,02,198,0,0,1099,45
grp-a001-02-000000061693735,h,03,160,0,0,896,39
grp-a001-02-000000061693735,h,04,164,0,0,821,37
grp-a001-02-000000061693735,h,05,146,0,0,701,36
grp-a001-02-000000061693735,h,06,220,0,0,1179,35
grp-a001-02-000000061693735,h,07,255,0,0,1588,39
grp-a001-02-000000061693735,h,08,227,2,2300,1275,40
grp-a001-02-000000061693735,h,09,215,0,0,1215,35
grp-a001-02-000000061693735,h,10,205,0,0,1206,40
grp-a001-02-000000061693735,h,11,207,0,0,1153,48
grp-a001-02-000000061693735,h,12,171,1,1190,1017,37
grp-a001-02-000000061693735,h,13,189,0,0,1061,37
grp-a001-02-000000061693735,h,14,185,0,0,904,41
grp-a001-02-000000061693735,h,15,200,0,0,958,32
grp-a001-02-000000061693735,h,16,199,0,0,1020,29
grp-a001-02-000000061693735,h,17,189,0,0,1065,36
grp-a001-02-000000061693735,h,18,230,0,0,1373,38
grp-a001-02-000000061693735,h,19,257,0,0,1301,36
grp-a001-02-000000061693735,h,20,280,0,0,1417,38
grp-a001-02-000000061693735,h,21,270,1,1080,1408,37
grp-a001-02-000000061693735,h,22,312,0,0,1708,39
grp-a001-02-000000061693735,h,23,341,2,2390,1956,42
grp-a001-02-000000061693735,m,11068,157,0,0,1045,29
grp-a001-02-000000061693735,m,27758,27,0,0,63,7
grp-a001-02-000000061693735,m,33421,3910,2,2380,22745,56
grp-a001-02-000000061693735,m,341893,158,0,0,302,17
grp-a001-02-000000061693735,m,341898,116,1,1080,133,14
grp-a001-02-000000061693735,m,370822,13,0,0,18,8
grp-a001-02-000000061693735,m,556927,1,0,0,1,1
grp-a001-02-000000061693735,m,684924,6,0,0,6,3
grp-a001-02-000000061693735,m,684925,4,0,0,4,2
grp-a001-02-000000061693735,m,684926,300,1,1200,1503,24
grp-a001-02-000000061693735,m,684927,37,0,0,210,14
grp-a001-02-000000061693735,m,805759,1,0,0,11,1
grp-a001-02-000000061693735,m,8753,687,3,3490,3469,21
grp-a001-02-000000061693735,r,00,15,0,0,88,9
grp-a001-02-000000061693735,r,01,74,0,0,386,14
grp-a001-02-000000061693735,r,02,655,3,3570,3737,42
grp-a001-02-000000061693735,r,03,119,1,1110,589,22
grp-a001-02-000000061693735,r,04,77,0,0,419,18
grp-a001-02-000000061693735,r,05,64,0,0,331,15
grp-a001-02-000000061693735,r,06,143,0,0,820,26
grp-a001-02-000000061693735,r,07,79,0,0,511,18
grp-a001-02-000000061693735,r,08,122,1,1190,612,19
grp-a001-02-000000061693735,r,09,3507,0,0,18824,53
grp-a001-02-000000061693735,r,10,64,0,0,359,16
grp-a001-02-000000061693735,r,11,120,0,0,658,21
grp-a001-02-000000061693735,r,12,50,0,0,264,16
grp-a001-02-000000061693735,r,13,52,0,0,306,12
grp-a001-02-000000061693735,r,14,14,0,0,98,7
grp-a001-02-000000061693735,r,15,74,0,0,432,14
grp-a001-02-000000061693735,r,16,60,1,1200,275,15
grp-a001-02-000000061693735,r,17,21,0,0,101,6
grp-a001-02-000000061693735,r,99,107,1,1080,700,17
grp-a001-02-000000061693737,h,00,247,1,1190,1267,13
grp-a001-02-000000061693737,h,01,152,1,1200,775,11
grp-a001-02-000000061693737,h,02,94,0,0,602,13
grp-a001-02-000000061693737,h,03,80,0,0,348,9
grp-a001-02-000000061693737,h,04,72,0,0,295,10
grp-a001-02-000000061693737,h,05,74,0,0,265,9
grp-a001-02-000000061693737,h,06,113,0,0,398,10
grp-a001-02-000000061693737,h,07,107,0,0,462,9
grp-a001-02-000000061693737,h,08,140,0,0,553,11
grp-a001-02-000000061693737,h,09,135,0,0,700,10
grp-a001-02-000000061693737,h,10,141,0,0,677,10
grp-a001-02-000000061693737,h,11,150,0,0,778,19
grp-a001-02-000000061693737,h,12,122,0,0,633,9
grp-a001-02-000000061693737,h,13,157,1,1190,788,10
grp-a001-02-000000061693737,h,14,128,1,1200,715,12
grp-a001-02-000000061693737,h,15,161,1,1190,785,7
grp-a001-02-000000061693737,h,16,164,0,0,767,8
grp-a001-02-000000061693737,h,17,133,1,1180,622,9
grp-a001-02-000000061693737,h,18,158,0,0,828,8
grp-a001-02-000000061693737,h,19,188,2,2380,905,11
grp-a001-02-000000061693737,h,20,178,1,1190,793,8
grp-a001-02-000000061693737,h,21,249,3,3580,1176,11
grp-a001-02-000000061693737,h,22,330,0,0,1593,11
grp-a001-02-000000061693737,h,23,320,1,1010,1612,10
grp-a001-02-000000061693737,m,11068,96,0,0,705,16
grp-a001-02-000000061693737,m,27758,68,3,3560,140,6
grp-a001-02-000000061693737,m,33421,2007,5,5970,10081,26
grp-a001-02-000000061693737,m,341893,106,0,0,157,5
grp-a001-02-000000061693737,m,341898,64,0,0,70,6
grp-a001-02-000000061693737,m,370822,11,0,0,13,3
grp-a001-02-000000061693737,m,684924,66,0,0,66,6
grp-a001-02-000000061693737,m,684925,25,0,0,25,7
grp-a001-02-000000061693737,m,684926,369,1,1010,2409,14
grp-a001-02-000000061693737,m,684927,50,0,0,429,9
grp-a001-02-000000061693737,m,787481,1,0,0,2,1
grp-a001-02-000000061693737,m,8753,930,4,4770,4240,15
grp-a001-02-000000061693737,r,00,25,0,0,125,6
grp-a001-02-000000061693737,r,01,82,1,1200,388,8
grp-a001-02-000000061693737,r,02,724,2,2200,3940,14
grp-a001-02-000000061693737,r,03,93,1,1200,463,9
grp-a001-02-000000061693737,r,04,92,0,0,495,11
grp-a001-02-000000061693737,r,05,85,2,2390,461,9
grp-a001-02-000000061693737,r,06,105,1,1190,676,10
grp-a001-02-000000061693737,r,07,80,0,0,426,8
grp-a001-02-000000061693737,r,08,124,1,1190,622,10
grp-a001-02-000000061693737,r,09,1725,1,1190,7203,27
grp-a001-02-000000061693737,r,10,57,0,0,302,10
grp-a001-02-000000061693737,r,11,121,3,3570,578,11
grp-a001-02-000000061693737,r,12,58,0,0,423,9
grp-a001-02-000000061693737,r,13,72,0,0,457,9
grp-a001-02-000000061693737,r,14,24,0,0,78,4
grp-a001-02-000000061693737,r,15,117,1,1180,675,11
grp-a001-02-000000061693737,r,16,66,0,0,313,6
grp-a001-02-000000061693737,r,17,20,0,0,135,7
grp-a001-02-000000061693737,r,99,123,0,0,577,11
grp-a001-02-000000061693757,h,00,582,2,1883,3081,37
grp-a001-02-000000061693757,h,01,346,1,860,1774,36
grp-a001-02-000000061693757,h,02,228,0,0,1141,31
grp-a001-02-000000061693757,h,03,161,0,0,675,21
grp-a001-02-000000061693757,h,04,113,0,0,451,20
grp-a001-02-000000061693757,h,05,124,0,0,572,21
grp-a001-02-000000061693757,h,06,180,0,0,798,28
grp-a001-02-000000061693757,h,07,212,0,0,1185,26
grp-a001-02-000000061693757,h,08,252,0,0,1285,31
grp-a001-02-000000061693757,h,09,218,1,1200,1267,25
grp-a001-02-000000061693757,h,10,262,0,0,1688,27
grp-a001-02-000000061693757,h,11,321,1,810,1873,36
grp-a001-02-000000061693757,h,12,265,0,0,1431,24
grp-a001-02-000000061693757,h,13,271,0,0,1549,22
grp-a001-02-000000061693757,h,14,260,0,0,1748,24
grp-a001-02-000000061693757,h,15,298,1,1190,1568,20
grp-a001-02-000000061693757,h,16,352,0,0,1893,22
grp-a001-02-000000061693757,h,17,331,1,1200,1828,26
grp-a001-02-000000061693757,h,18,331,3,2951,1857,27
grp-a001-02-000000061693757,h,19,361,0,0,2336,27
grp-a001-02-000000061693757,h,20,476,1,1190,2603,31
grp-a001-02-000000061693757,h,21,484,0,0,2685,33
grp-a001-02-000000061693757,h,22,563,2,2400,3481,33
grp-a001-02-000000061693757,h,23,589,0,0,3478,33
grp-a001-02-000000061693757,m,11068,234,0,0,1644,39
grp-a001-02-000000061693757,m,27758,75,1,1200,162,12
grp-a001-02-000000061693757,m,33421,3116,2,2380,19156,55
grp-a001-02-000000061693757,m,341893,569,2,1371,1292,19
grp-a001-02-000000061693757,m,341898,336,0,0,414,16
grp-a001-02-000000061693757,m,370822,30,0,0,47,10
grp-a001-02-000000061693757,m,556927,2,0,0,2,2
grp-a001-02-000000061693757,m,684924,188,1,1190,188,27
grp-a001-02-000000061693757,m,684925,50,0,0,50,19
grp-a001-02-000000061693757,m,684926,1138,0,0,8116,53
grp-a001-02-000000061693757,m,684927,183,0,0,1959,33
grp-a001-02-000000061693757,m,787479,6,0,0,32,2
grp-a001-02-000000061693757,m,805760,1,0,0,5,1
grp-a001-02-000000061693757,m,8753,1652,7,7543,9180,44
grp-a001-02-000000061693757,r,-1,1,0,0,1,1
grp-a001-02-000000061693757,r,00,45,0,0,270,12
grp-a001-02-000000061693757,r,01,230,1,1200,1234,18
grp-a001-02-000000061693757,r,02,1644,2,1421,9746,52
grp-a001-02-000000061693757,r,03,318,1,693,1795,23
grp-a001-02-000000061693757,r,04,234,1,1200,1379,27
grp-a001-02-000000061693757,r,05,174,0,0,1016,21
grp-a001-02-000000061693757,r,06,279,1,1190,1522,30
grp-a001-02-000000061693757,r,07,162,0,0,1070,17
grp-a001-02-000000061693757,r,08,302,0,0,1755,22
grp-a001-02-000000061693757,r,09,2585,3,3590,13353,53
grp-a001-02-000000061693757,r,10,101,0,0,567,18
grp-a001-02-000000061693757,r,11,312,1,1200,1908,35
grp-a001-02-000000061693757,r,12,182,0,0,1055,17
grp-a001-02-000000061693757,r,13,202,1,1190,1147,21
grp-a001-02-000000061693757,r,14,39,0,0,248,13
grp-a001-02-000000061693757,r,15,244,1,810,1369,31
grp-a001-02-000000061693757,r,16,140,0,0,744,16
grp-a001-02-000000061693757,r,17,72,0,0,416,10
grp-a001-02-000000061693757,r,99,314,1,1190,1652,23
grp-a001-02-000000061693760,h,00,631,0,0,3729,40
grp-a001-02-000000061693760,h,01,442,4,4210,2474,39
grp-a001-02-000000061693760,h,02,269,0,0,1345,30
grp-a001-02-000000061693760,h,03,200,0,0,915,22
grp-a001-02-000000061693760,h,04,145,0,0,621,22
grp-a001-02-000000061693760,h,05,145,0,0,741,22
grp-a001-02-000000061693760,h,06,218,0,0,1107,26
grp-a001-02-000000061693760,h,07,270,0,0,1609,30
grp-a001-02-000000061693760,h,08,309,1,693,1866,32
grp-a001-02-000000061693760,h,09,306,0,0,1642,30
grp-a001-02-000000061693760,h,10,344,0,0,2058,29
grp-a001-02-000000061693760,h,11,355,0,0,2270,38
grp-a001-02-000000061693760,h,12,291,3,2720,1746,20
grp-a001-02-000000061693760,h,13,302,1,1150,1986,28
grp-a001-02-000000061693760,h,14,312,2,2380,2125,24
grp-a001-02-000000061693760,h,15,361,1,1190,2125,22
grp-a001-02-000000061693760,h,16,385,0,0,2379,31
grp-a001-02-000000061693760,h,17,329,0,0,2049,27
grp-a001-02-000000061693760,h,18,357,1,1030,2289,25
grp-a001-02-000000061693760,h,19,468,1,1200,2596,27
grp-a001-02-000000061693760,h,20,603,1,687,3502,36
grp-a001-02-000000061693760,h,21,609,1,1010,3672,37
grp-a001-02-000000061693760,h,22,706,1,1200,4239,37
grp-a001-02-000000061693760,h,23,619,0,0,3858,32
grp-a001-02-000000061693760,m,11068,270,0,0,2141,44
grp-a001-02-000000061693760,m,27758,104,0,0,253,14
grp-a001-02-000000061693760,m,33421,3891,2,2330,24026,56
grp-a001-02-000000061693760,m,341893,730,2,1740,1710,16
grp-a001-02-000000061693760,m,341898,268,0,0,372,17
grp-a001-02-000000061693760,m,370822,37,0,0,63,10
grp-a001-02-000000061693760,m,684924,161,1,950,161,14
grp-a001-02-000000061693760,m,684925,33,0,0,33,13
grp-a001-02-000000061693760,m,684926,1451,6,5590,11096,55
grp-a001-02-000000061693760,m,684927,234,0,0,2099,36
grp-a001-02-000000061693760,m,805759,1,0,0,11,1
grp-a001-02-000000061693760,m,8753,1796,6,6860,10978,42
grp-a001-02-000000061693760,r,00,62,0,0,423,17
grp-a001-02-000000061693760,r,01,208,0,0,1307,22
grp-a001-02-000000061693760,r,02,1988,6,6097,12760,55
grp-a001-02-000000061693760,r,03,326,0,0,1951,32
grp-a001-02-000000061693760,r,04,274,2,2350,1642,24
grp-a001-02-000000061693760,r,05,183,1,1200,1175,21
grp-a001-02-000000061693760,r,06,291,1,1190,1633,25
grp-a001-02-000000061693760,r,07,184,0,0,1299,22
grp-a001-02-000000061693760,r,08,365,1,1030,2171,26
grp-a001-02-000000061693760,r,09,3276,2,2010,17222,54
grp-a001-02-000000061693760,r,10,98,1,1010,635,16
grp-a001-02-000000061693760,r,11,368,0,0,2497,43
grp-a001-02-000000061693760,r,12,185,0,0,1190,22
grp-a001-02-000000061693760,r,13,223,1,710,1320,24
grp-a001-02-000000061693760,r,14,55,1,1180,338,12
grp-a001-02-000000061693760,r,15,267,0,0,1669,32
grp-a001-02-000000061693760,r,16,153,0,0,973,20
grp-a001-02-000000061693760,r,17,78,0,0,434,13
grp-a001-02-000000061693760,r,99,392,1,693,2304,32
grp-a001-02-000000061693771,h,00,305,1,671,1822,22
grp-a001-02-000000061693771,h,01,184,0,0,960,24
grp-a001-02-000000061693771,h,02,100,0,0,477,16
grp-a001-02-000000061693771,h,03,77,0,0,376,11
grp-a001-02-000000061693771,h,04,51,0,0,199,11
grp-a001-02-000000061693771,h,05,71,0,0,364,14
grp-a001-02-000000061693771,h,06,73,0,0,314,14
grp-a001-02-000000061693771,h,07,115,0,0,607,15
grp-a001-02-000000061693771,h,08,135,0,0,765,18
grp-a001-02-000000061693771,h,09,150,0,0,695,17
grp-a001-02-000000061693771,h,10,175,1,1040,963,22
grp-a001-02-000000061693771,h,11,233,0,0,1322,31
grp-a001-02-000000061693771,h,12,176,0,0,839,19
grp-a001-02-000000061693771,h,13,180,1,635,1032,15
grp-a001-02-000000061693771,h,14,190,0,0,1055,18
grp-a001-02-000000061693771,h,15,202,1,1060,1082,18
grp-a001-02-000000061693771,h,16,214,1,690,1131,17
grp-a001-02-000000061693771,h,17,199,0,0,1076,14
grp-a001-02-000000061693771,h,18,215,2,2400,1130,16
grp-a001-02-000000061693771,h,19,305,1,1060,1445,15
grp-a001-02-000000061693771,h,20,288,0,0,1417,19
grp-a001-02-000000061693771,h,21,349,1,1200,1924,20
grp-a001-02-000000061693771,h,22,396,0,0,2093,25
grp-a001-02-000000061693771,h,23,395,1,1010,2152,24
grp-a001-02-000000061693771,m,11068,82,0,0,933,19
grp-a001-02-000000061693771,m,27758,3,0,0,9,2
grp-a001-02-000000061693771,m,33421,1604,2,2260,11048,37
grp-a001-02-000000061693771,m,341893,829,2,1681,2016,23
grp-a001-02-000000061693771,m,341898,436,1,690,579,18
grp-a001-02-000000061693771,m,370822,36,1,1200,65,10
grp-a001-02-000000061693771,m,556927,10,0,0,10,6
grp-a001-02-000000061693771,m,684924,2,0,0,2,2
grp-a001-02-000000061693771,m,684926,997,3,3300,5413,25
grp-a001-02-000000061693771,m,684927,139,0,0,1042,17
grp-a001-02-000000061693771,m,805759,1,0,0,8,1
grp-a001-02-000000061693771,m,8753,639,1,635,4115,25
grp-a001-02-000000061693771,r,00,20,0,0,155,12
grp-a001-02-000000061693771,r,01,126,0,0,691,15
grp-a001-02-000000061693771,r,02,1126,2,1675,6440,40
grp-a001-02-000000061693771,r,03,200,0,0,990,19
grp-a001-02-000000061693771,r,04,159,2,1731,755,18
grp-a001-02-000000061693771,r,05,123,0,0,611,18
grp-a001-02-000000061693771,r,06,143,1,1060,690,16
grp-a001-02-000000061693771,r,07,92,0,0,502,19
grp-a001-02-000000061693771,r,08,236,0,0,1320,21
grp-a001-02-000000061693771,r,09,1512,3,3090,7512,37
grp-a001-02-000000061693771,r,10,64,0,0,264,15
grp-a001-02-000000061693771,r,11,197,0,0,1070,24
grp-a001-02-000000061693771,r,12,130,0,0,862,16
grp-a001-02-000000061693771,r,13,131,0,0,693,19
grp-a001-02-000000061693771,r,14,32,0,0,221,12
grp-a001-02-000000061693771,r,15,153,1,1200,806,19
grp-a001-02-000000061693771,r,16,99,1,1010,555,18
grp-a001-02-000000061693771,r,17,34,0,0,177,8
grp-a001-02-000000061693771,r,99,201,0,0,926,24
grp-a001-02-000000061693781,h,00,600,1,693,4630,55
grp-a001-02-000000061693781,h,01,361,3,2532,2552,55
grp-a001-02-000000061693781,h,02,239,0,0,1756,46
grp-a001-02-000000061693781,h,03,167,0,0,1071,37
grp-a001-02-000000061693781,h,04,101,0,0,599,35
grp-a001-02-000000061693781,h,05,124,1,970,718,37
grp-a001-02-000000061693781,h,06,97,0,0,731,32
grp-a001-02-000000061693781,h,07,193,2,1585,1585,48
grp-a001-02-000000061693781,h,08,313,0,0,2543,51
grp-a001-02-000000061693781,h,09,313,1,990,2589,50
grp-a001-02-000000061693781,h,10,371,3,2206,3048,49
grp-a001-02-000000061693781,h,11,581,1,693,3468,58
grp-a001-02-000000061693781,h,12,362,1,1200,2579,51
grp-a001-02-000000061693781,h,13,354,4,3043,2943,51
grp-a001-02-000000061693781,h,14,309,1,691,2638,52
grp-a001-02-000000061693781,h,15,286,0,0,2299,49
grp-a001-02-000000061693781,h,16,416,2,1671,3458,53
grp-a001-02-000000061693781,h,17,349,2,1693,2777,57
grp-a001-02-000000061693781,h,18,324,1,693,2645,50
grp-a001-02-000000061693781,h,19,513,3,2314,3889,51
grp-a001-02-000000061693781,h,20,550,1,690,4421,54
grp-a001-02-000000061693781,h,21,657,1,693,4788,55
grp-a001-02-000000061693781,h,22,691,0,0,5613,55
grp-a001-02-000000061693781,h,23,645,2,1603,5198,56
grp-a001-02-000000061693781,m,11068,375,1,681,2845,57
grp-a001-02-000000061693781,m,27758,165,2,2020,318,36
grp-a001-02-000000061693781,m,33421,4026,10,8525,29939,60
grp-a001-02-000000061693781,m,341893,208,1,480,1012,17
grp-a001-02-000000061693781,m,341898,78,0,0,110,11
grp-a001-02-000000061693781,m,370822,11,0,0,16,5
grp-a001-02-000000061693781,m,556927,1,0,0,1,1
grp-a001-02-000000061693781,m,684924,179,0,0,179,32
grp-a001-02-000000061693781,m,684925,32,0,0,32,16
grp-a001-02-000000061693781,m,684926,1365,3,2069,17905,60
grp-a001-02-000000061693781,m,684927,361,1,670,5121,59
grp-a001-02-000000061693781,m,787479,1,0,0,19,1
grp-a001-02-000000061693781,m,805759,1,0,0,10,1
grp-a001-02-000000061693781,m,8753,2113,12,9515,11031,60
grp-a001-02-000000061693781,r,00,40,0,0,276,17
grp-a001-02-000000061693781,r,01,192,1,990,1642,52
grp-a001-02-000000061693781,r,02,2079,6,4657,16678,60
grp-a001-02-000000061693781,r,03,404,2,1383,2902,54
grp-a001-02-000000061693781,r,04,351,0,0,2501,56
grp-a001-02-000000061693781,r,05,211,0,0,2022,47
grp-a001-02-000000061693781,r,06,283,2,1632,1981,51
grp-a001-02-000000061693781,r,07,172,1,1200,1450,43
grp-a001-02-000000061693781,r,08,373,0,0,2918,54
grp-a001-02-000000061693781,r,09,2801,5,3666,20343,60
grp-a001-02-000000061693781,r,10,141,1,693,1089,44
grp-a001-02-000000061693781,r,11,390,3,2376,3115,55
grp-a001-02-000000061693781,r,12,237,0,0,1844,49
grp-a001-02-000000061693781,r,13,218,1,693,1745,43
grp-a001-02-000000061693781,r,14,67,0,0,590,22
grp-a001-02-000000061693781,r,15,272,5,4593,2014,52
grp-a001-02-000000061693781,r,16,226,2,1384,1751,51
grp-a001-02-000000061693781,r,17,45,0,0,391,19
grp-a001-02-000000061693781,r,99,414,1,693,3286,57
grp-a001-02-000000061793320,h,00,138,0,0,788,16
grp-a001-02-000000061793320,h,01,117,1,1200,613,12
grp-a001-02-000000061793320,h,02,51,0,0,244,9
grp-a001-02-000000061793320,h,03,61,0,0,330,11
grp-a001-02-000000061793320,h,04,41,0,0,147,9
grp-a001-02-000000061793320,h,05,31,0,0,157,6
grp-a001-02-000000061793320,h,06,61,0,0,404,13
grp-a001-02-000000061793320,h,07,68,0,0,401,10
grp-a001-02-000000061793320,h,08,92,2,2310,575,12
grp-a001-02-000000061793320,h,09,121,1,1200,696,11
grp-a001-02-000000061793320,h,10,128,1,1200,797,16
grp-a001-02-000000061793320,h,11,155,0,0,1091,16
grp-a001-02-000000061793320,h,12,134,0,0,758,13
grp-a001-02-000000061793320,h,13,141,0,0,797,10
grp-a001-02-000000061793320,h,14,110,0,0,617,9
grp-a001-02-000000061793320,h,15,142,0,0,762,7
grp-a001-02-000000061793320,h,16,175,0,0,998,15
grp-a001-02-000000061793320,h,17,187,0,0,1000,14
grp-a001-02-000000061793320,h,18,169,2,2280,844,13
grp-a001-02-000000061793320,h,19,194,0,0,1096,14
grp-a001-02-000000061793320,h,20,198,2,2390,1017,15
grp-a001-02-000000061793320,h,21,258,2,1860,1467,15
grp-a001-02-000000061793320,h,22,218,2,2360,1232,16
grp-a001-02-000000061793320,h,23,201,0,0,1080,20
grp-a001-02-000000061793320,m,11068,93,0,0,820,11
grp-a001-02-000000061793320,m,27758,54,0,0,127,4
grp-a001-02-000000061793320,m,33421,1178,2,2380,7031,14
grp-a001-02-000000061793320,m,341893,414,1,660,1522,27
grp-a001-02-000000061793320,m,341898,191,1,1090,248,20
grp-a001-02-000000061793320,m,370822,15,0,0,23,6
grp-a001-02-000000061793320,m,556927,3,0,0,3,2
grp-a001-02-000000061793320,m,684924,13,0,0,13,4
grp-a001-02-000000061793320,m,684925,1,0,0,1,1
grp-a001-02-000000061793320,m,684926,565,2,2390,3991,23
grp-a001-02-000000061793320,m,684927,96,1,1200,758,12
grp-a001-02-000000061793320,m,8753,568,6,7080,3374,9
grp-a001-02-000000061793320,r,00,16,0,0,84,5
grp-a001-02-000000061793320,r,01,81,1,1190,547,9
grp-a001-02-000000061793320,r,02,619,2,2400,3624,22
grp-a001-02-000000061793320,r,03,154,0,0,845,17
grp-a001-02-000000061793320,r,04,124,0,0,702,15
grp-a001-02-000000061793320,r,05,76,0,0,442,10
grp-a001-02-000000061793320,r,06,113,0,0,665,15
grp-a001-02-000000061793320,r,07,67,1,1090,403,10
grp-a001-02-000000061793320,r,08,133,1,1160,713,18
grp-a001-02-000000061793320,r,09,938,5,5380,5364,29
grp-a001-02-000000061793320,r,10,48,0,0,272,10
grp-a001-02-000000061793320,r,11,139,1,1190,738,15
grp-a001-02-000000061793320,r,12,271,1,1190,1140,15
grp-a001-02-000000061793320,r,13,86,0,0,505,12
grp-a001-02-000000061793320,r,14,12,0,0,55,4
grp-a001-02-000000061793320,r,15,93,0,0,537,13
grp-a001-02-000000061793320,r,16,76,0,0,443,12
grp-a001-02-000000061793320,r,17,25,0,0,100,8
grp-a001-02-000000061793320,r,99,120,1,1200,732,14
grp-a001-02-000000061793328,h,00,360,0,0,3014,16
grp-a001-02-000000061793328,h,01,297,2,2380,2593,16
grp-a001-02-000000061793328,h,02,279,2,2060,3907,16
grp-a001-02-000000061793328,h,03,252,1,760,4127,14
grp-a001-02-000000061793328,h,04,217,0,0,3250,15
grp-a001-02-000000061793328,h,05,183,0,0,3042,13
grp-a001-02-000000061793328,h,06,213,1,924,3162,15
grp-a001-02-000000061793328,h,07,256,1,1200,4111,14
grp-a001-02-000000061793328,h,08,291,1,1170,3625,14
grp-a001-02-000000061793328,h,09,330,0,0,3886,16
grp-a001-02-000000061793328,h,10,306,1,1140,2983,16
grp-a001-02-000000061793328,h,11,357,2,2350,3778,16
grp-a001-02-000000061793328,h,12,342,1,1200,4681,17
grp-a001-02-000000061793328,h,13,430,1,737,4448,17
grp-a001-02-000000061793328,h,14,368,0,0,4963,17
grp-a001-02-000000061793328,h,15,360,2,2130,4527,16
grp-a001-02-000000061793328,h,16,335,1,1170,4478,16
grp-a001-02-000000061793328,h,17,305,0,0,3797,16
grp-a001-02-000000061793328,h,18,340,0,0,3946,15
grp-a001-02-000000061793328,h,19,291,2,2330,2788,15
grp-a001-02-000000061793328,h,20,360,1,1130,3465,15
grp-a001-02-000000061793328,h,21,481,1,901,4038,16
grp-a001-02-000000061793328,h,22,464,2,2108,4389,16
grp-a001-02-000000061793328,h,23,432,2,2300,3479,16
grp-a001-02-000000061793328,m,11068,222,0,0,1523,18
grp-a001-02-000000061793328,m,27758,58,0,0,115,13
grp-a001-02-000000061793328,m,33421,2297,4,4780,13583,18
grp-a001-02-000000061793328,m,341893,512,2,1638,1444,17
grp-a001-02-000000061793328,m,341898,324,2,1730,454,16
grp-a001-02-000000061793328,m,370822,17,0,0,23,7
grp-a001-02-000000061793328,m,556927,3,0,0,3,2
grp-a001-02-000000061793328,m,684924,26,0,0,26,10
grp-a001-02-000000061793328,m,684925,2,0,0,2,2
grp-a001-02-000000061793328,m,684926,1104,1,1150,8371,18
grp-a001-02-000000061793328,m,684927,2293,0,0,58703,18
grp-a001-02-000000061793328,m,787479,3,0,0,13,3
grp-a001-02-000000061793328,m,805759,6,0,0,59,4
grp-a001-02-000000061793328,m,805760,2,0,0,15,2
grp-a001-02-000000061793328,m,8753,980,15,16692,6143,18
grp-a001-02-000000061793328,r,00,243,0,0,12840,14
grp-a001-02-000000061793328,r,01,227,3,3054,2375,15
grp-a001-02-000000061793328,r,02,1602,5,5541,17904,18
grp-a001-02-000000061793328,r,03,375,3,3060,4401,17
grp-a001-02-000000061793328,r,04,317,0,0,3450,18
grp-a001-02-000000061793328,r,05,151,0,0,1471,16
grp-a001-02-000000061793328,r,06,319,1,1170,3198,17
grp-a001-02-000000061793328,r,07,192,1,737,2269,15
grp-a001-02-000000061793328,r,08,330,2,2390,3802,17
grp-a001-02-000000061793328,r,09,1960,6,6810,18643,18
grp-a001-02-000000061793328,r,10,109,0,0,1362,18
grp-a001-02-000000061793328,r,11,322,2,2320,3510,17
grp-a001-02-000000061793328,r,12,706,0,0,4066,17
grp-a001-02-000000061793328,r,13,199,0,0,2680,17
grp-a001-02-000000061793328,r,14,65,1,908,949,16
grp-a001-02-000000061793328,r,15,261,0,0,3086,18
grp-a001-02-000000061793328,r,16,190,0,0,1895,18
grp-a001-02-000000061793328,r,17,40,0,0,381,13
grp-a001-02-000000061793328,r,99,241,0,0,2195,18
grp-a001-02-000000061793341,h,00,259,1,890,2220,26
grp-a001-02-000000061793341,h,01,163,1,160,1265,24
grp-a001-02-000000061793341,h,02,162,0,0,3284,20
grp-a001-02-000000061793341,h,03,152,0,0,3851,14
grp-a001-02-000000061793341,h,04,179,0,0,2546,14
grp-a001-02-000000061793341,h,05,131,0,0,2717,14
grp-a001-02-000000061793341,h,06,132,0,0,2026,16
grp-a001-02-000000061793341,h,07,169,0,0,2581,13
grp-a001-02-000000061793341,h,08,190,2,2400,2336,15
grp-a001-02-000000061793341,h,09,203,0,0,2626,19
grp-a001-02-000000061793341,h,10,169,0,0,1917,19
grp-a001-02-000000061793341,h,11,170,1,1200,1874,30
grp-a001-02-000000061793341,h,12,126,0,0,2400,18
grp-a001-02-000000061793341,h,13,115,1,501,1532,16
grp-a001-02-000000061793341,h,14,147,0,0,2738,22
grp-a001-02-000000061793341,h,15,160,0,0,2287,19
grp-a001-02-000000061793341,h,16,168,2,2010,1916,22
grp-a001-02-000000061793341,h,17,255,0,0,2823,15
grp-a001-02-000000061793341,h,18,206,0,0,2302,16
grp-a001-02-000000061793341,h,19,203,1,770,2159,16
grp-a001-02-000000061793341,h,20,244,1,810,2358,20
grp-a001-02-000000061793341,h,21,239,1,1200,2569,25
grp-a001-02-000000061793341,h,22,207,0,0,2163,22
grp-a001-02-000000061793341,h,23,142,1,1200,1052,28
grp-a001-02-000000061793341,m,11068,207,0,0,1621,19
grp-a001-02-000000061793341,m,27758,25,2,2400,47,1
grp-a001-02-000000061793341,m,33421,1467,0,0,11962,46
grp-a001-02-000000061793341,m,341893,493,4,2550,1995,26
grp-a001-02-000000061793341,m,341898,176,0,0,251,22
grp-a001-02-000000061793341,m,370822,21,0,0,42,9
grp-a001-02-000000061793341,m,556927,10,0,0,10,5
grp-a001-02-000000061793341,m,684924,5,0,0,5,4
grp-a001-02-000000061793341,m,684925,7,0,0,7,1
grp-a001-02-000000061793341,m,684926,497,2,1391,6436,45
grp-a001-02-000000061793341,m,684927,1123,0,0,31295,26
grp-a001-02-000000061793341,m,8753,260,4,4800,1871,24
grp-a001-02-000000061793341,r,00,75,0,0,499,6
grp-a001-02-000000061793341,r,01,122,1,810,1831,15
grp-a001-02-000000061793341,r,02,930,3,3170,12911,47
grp-a001-02-000000061793341,r,03,176,0,0,3052,22
grp-a001-02-000000061793341,r,04,185,0,0,3067,19
grp-a001-02-000000061793341,r,05,82,1,160,1169,14
grp-a001-02-000000061793341,r,06,163,2,2400,2075,17
grp-a001-02-000000061793341,r,07,95,1,890,1092,15
grp-a001-02-000000061793341,r,08,194,1,1200,2618,22
grp-a001-02-000000061793341,r,09,1151,1,501,13707,44
grp-a001-02-000000061793341,r,10,77,0,0,788,14
grp-a001-02-000000061793341,r,11,204,2,2010,2403,26
grp-a001-02-000000061793341,r,12,283,0,0,2754,22
grp-a001-02-000000061793341,r,13,125,0,0,1812,17
grp-a001-02-000000061793341,r,14,30,0,0,528,9
grp-a001-02-000000061793341,r,15,133,0,0,2235,16
grp-a001-02-000000061793341,r,16,112,0,0,1260,16
grp-a001-02-000000061793341,r,17,35,0,0,424,9
grp-a001-02-000000061793341,r,99,119,0,0,1317,25
grp-a001-02-000000061793346,h,00,242,2,1690,1568,21
grp-a001-02-000000061793346,h,01,159,0,0,887,20
grp-a001-02-000000061793346,h,02,84,0,0,573,12
grp-a001-02-000000061793346,h,03,66,0,0,460,9
grp-a001-02-000000061793346,h,04,58,0,0,456,11
grp-a001-02-000000061793346,h,05,91,0,0,570,8
grp-a001-02-000000061793346,h,06,122,0,0,768,11
grp-a001-02-000000061793346,h,07,175,0,0,979,15
grp-a001-02-000000061793346,h,08,233,0,0,1307,17
grp-a001-02-000000061793346,h,09,258,0,0,1414,17
grp-a001-02-000000061793346,h,10,253,1,810,1352,20
grp-a001-02-000000061793346,h,11,306,0,0,1775,42
grp-a001-02-000000061793346,h,12,206,1,1190,1369,21
grp-a001-02-000000061793346,h,13,212,0,0,1578,16
grp-a001-02-000000061793346,h,14,156,1,1190,1200,19
grp-a001-02-000000061793346,h,15,232,0,0,1538,16
grp-a001-02-000000061793346,h,16,354,0,0,2434,16
grp-a001-02-000000061793346,h,17,230,0,0,1398,20
grp-a001-02-000000061793346,h,18,203,1,1180,1306,15
grp-a001-02-000000061793346,h,19,247,2,2220,1482,15
grp-a001-02-000000061793346,h,20,283,1,940,1960,20
grp-a001-02-000000061793346,h,21,290,4,3727,1658,19
grp-a001-02-000000061793346,h,22,326,1,1190,2009,22
grp-a001-02-000000061793346,h,23,326,1,1190,2232,22
grp-a001-02-000000061793346,m,11068,432,1,1180,2444,30
grp-a001-02-000000061793346,m,27758,35,0,0,85,6
grp-a001-02-000000061793346,m,33421,1488,3,3240,11381,48
grp-a001-02-000000061793346,m,341893,687,2,1920,1853,24
grp-a001-02-000000061793346,m,341898,349,1,490,541,17
grp-a001-02-000000061793346,m,370822,21,0,0,35,10
grp-a001-02-000000061793346,m,556927,3,0,0,3,2
grp-a001-02-000000061793346,m,684924,6,0,0,6,3
grp-a001-02-000000061793346,m,684926,943,3,3340,6150,24
grp-a001-02-000000061793346,m,684927,412,0,0,3414,17
grp-a001-02-000000061793346,m,8753,736,5,5157,6361,26
grp-a001-02-000000061793346,r,00,149,0,0,715,8
grp-a001-02-000000061793346,r,01,143,0,0,928,13
grp-a001-02-000000061793346,r,02,1254,4,3970,7789,34
grp-a001-02-000000061793346,r,03,276,3,3560,1662,24
grp-a001-02-000000061793346,r,04,190,0,0,1104,18
grp-a001-02-000000061793346,r,05,125,0,0,784,13
grp-a001-02-000000061793346,r,06,159,0,0,1065,18
grp-a001-02-000000061793346,r,07,132,0,0,905,18
grp-a001-02-000000061793346,r,08,265,1,1190,1740,24
grp-a001-02-000000061793346,r,09,1133,4,3830,7449,44
grp-a001-02-000000061793346,r,10,95,0,0,587,19
grp-a001-02-000000061793346,r,11,270,2,2150,1832,24
grp-a001-02-000000061793346,r,12,185,0,0,1126,23
grp-a001-02-000000061793346,r,13,144,0,0,943,12
grp-a001-02-000000061793346,r,14,33,0,0,202,8
grp-a001-02-000000061793346,r,15,181,0,0,1152,20
grp-a001-02-000000061793346,r,16,139,1,627,780,20
grp-a001-02-000000061793346,r,17,55,0,0,291,7
grp-a001-02-000000061793346,r,99,184,0,0,1219,22
grp-a001-02-000000061793358,h,00,91,0,0,678,18
grp-a001-02-000000061793358,h,01,57,1,660,380,14
grp-a001-02-000000061793358,h,02,24,0,0,228,8
grp-a001-02-000000061793358,h,03,17,0,0,111,7
grp-a001-02-000000061793358,h,04,19,0,0,149,8
grp-a001-02-000000061793358,h,05,9,0,0,83,6
grp-a001-02-000000061793358,h,06,22,0,0,182,10
grp-a001-02-000000061793358,h,07,35,1,700,296,12
grp-a001-02-000000061793358,h,08,45,0,0,346,9
grp-a001-02-000000061793358,h,09,58,0,0,407,19
grp-a001-02-000000061793358,h,10,49,0,0,461,15
grp-a001-02-000000061793358,h,11,52,0,0,370,20
grp-a001-02-000000061793358,h,12,60,0,0,448,13
grp-a001-02-000000061793358,h,13,68,0,0,485,17
grp-a001-02-000000061793358,h,14,66,0,0,493,14
grp-a001-02-000000061793358,h,15,68,1,1200,569,14
grp-a001-02-000000061793358,h,16,64,0,0,388,13
grp-a001-02-000000061793358,h,17,60,0,0,637,11
grp-a001-02-000000061793358,h,18,68,0,0,665,14
grp-a001-02-000000061793358,h,19,72,0,0,633,17
grp-a001-02-000000061793358,h,20,80,2,1350,794,18
grp-a001-02-000000061793358,h,21,78,0,0,592,18
grp-a001-02-000000061793358,h,22,96,0,0,712,19
grp-a001-02-000000061793358,h,23,83,1,800,822,19
grp-a001-02-000000061793358,m,11068,19,0,0,252,11
grp-a001-02-000000061793358,m,27758,2,0,0,4,2
grp-a001-02-000000061793358,m,33421,268,1,800,2500,27
grp-a001-02-000000061793358,m,341893,347,1,700,1373,21
grp-a001-02-000000061793358,m,341898,79,0,0,136,19
grp-a001-02-000000061793358,m,370822,15,0,0,40,6
grp-a001-02-000000061793358,m,684924,3,0,0,3,3
grp-a001-02-000000061793358,m,684926,374,3,2660,4271,23
grp-a001-02-000000061793358,m,684927,80,0,0,951,16
grp-a001-02-000000061793358,m,787480,2,0,0,54,1
grp-a001-02-000000061793358,m,8753,152,1,550,1345,15
grp-a001-02-000000061793358,r,00,4,0,0,42,2
grp-a001-02-000000061793358,r,01,41,0,0,410,16
grp-a001-02-000000061793358,r,02,329,1,660,2556,29
grp-a001-02-000000061793358,r,03,74,1,800,709,15
grp-a001-02-000000061793358,r,04,76,0,0,689,17
grp-a001-02-000000061793358,r,05,39,1,800,403,14
grp-a001-02-000000061793358,r,06,54,0,0,368,16
grp-a001-02-000000061793358,r,07,38,0,0,334,15
grp-a001-02-000000061793358,r,08,68,1,550,523,19
grp-a001-02-000000061793358,r,09,288,0,0,2372,32
grp-a001-02-000000061793358,r,10,30,0,0,289,10
grp-a001-02-000000061793358,r,11,55,0,0,379,16
grp-a001-02-000000061793358,r,12,26,0,0,187,14
grp-a001-02-000000061793358,r,13,49,0,0,307,17
grp-a001-02-000000061793358,r,14,5,0,0,17,4
grp-a001-02-000000061793358,r,15,44,0,0,321,14
grp-a001-02-000000061793358,r,16,37,1,700,346,18
grp-a001-02-000000061793358,r,17,6,0,0,56,5
grp-a001-02-000000061793358,r,99,78,1,1200,621,19
grp-a001-02-000000061793364,h,00,159,0,0,1352,19
grp-a001-02-000000061793364,h,01,98,0,0,894,16
grp-a001-02-000000061793364,h,02,96,1,1170,1161,10
grp-a001-02-000000061793364,h,03,78,0,0,790,8
grp-a001-02-000000061793364,h,04,80,0,0,899,10
grp-a001-02-000000061793364,h,05,81,0,0,903,8
grp-a001-02-000000061793364,h,06,93,0,0,1057,10
grp-a001-02-000000061793364,h,07,134,0,0,1306,11
grp-a001-02-000000061793364,h,08,190,1,1180,1864,15
grp-a001-02-000000061793364,h,09,212,0,0,1890,14
grp-a001-02-000000061793364,h,10,177,1,750,1701,17
grp-a001-02-000000061793364,h,11,129,0,0,1386,19
grp-a001-02-000000061793364,h,12,116,0,0,1283,13
grp-a001-02-000000061793364,h,13,84,0,0,993,16
grp-a001-02-000000061793364,h,14,99,0,0,1004,12
grp-a001-02-000000061793364,h,15,114,0,0,1184,15
grp-a001-02-000000061793364,h,16,183,1,580,1875,15
grp-a001-02-000000061793364,h,17,229,2,2380,2145,11
grp-a001-02-000000061793364,h,18,171,0,0,1649,12
grp-a001-02-000000061793364,h,19,164,0,0,1653,14
grp-a001-02-000000061793364,h,20,226,0,0,2228,15
grp-a001-02-000000061793364,h,21,244,0,0,2232,18
grp-a001-02-000000061793364,h,22,174,0,0,1657,17
grp-a001-02-000000061793364,h,23,137,0,0,1330,14
grp-a001-02-000000061793364,m,11068,168,0,0,1139,12
grp-a001-02-000000061793364,m,33421,1051,0,0,8870,23
grp-a001-02-000000061793364,m,341893,378,1,750,1620,20
grp-a001-02-000000061793364,m,341898,83,1,580,154,16
grp-a001-02-000000061793364,m,370822,11,0,0,22,7
grp-a001-02-000000061793364,m,556927,2,0,0,2,2
grp-a001-02-000000061793364,m,684924,1,0,0,1,1
grp-a001-02-000000061793364,m,684926,627,1,1180,7602,28
grp-a001-02-000000061793364,m,684927,847,0,0,11716,17
grp-a001-02-000000061793364,m,8753,300,3,3550,3310,13
grp-a001-02-000000061793364,r,00,75,0,0,495,4
grp-a001-02-000000061793364,r,01,111,0,0,1023,14
grp-a001-02-000000061793364,r,02,867,1,1180,8736,27
grp-a001-02-000000061793364,r,03,186,0,0,1861,16
grp-a001-02-000000061793364,r,04,137,0,0,1347,13
grp-a001-02-000000061793364,r,05,70,1,1170,668,15
grp-a001-02-000000061793364,r,06,136,0,0,1545,16
grp-a001-02-000000061793364,r,07,101,0,0,966,12
grp-a001-02-000000061793364,r,08,189,0,0,2196,17
grp-a001-02-000000061793364,r,09,710,0,0,6912,24
grp-a001-02-000000061793364,r,10,71,0,0,624,13
grp-a001-02-000000061793364,r,11,186,0,0,1839,19
grp-a001-02-000000061793364,r,12,120,1,1180,1082,12
grp-a001-02-000000061793364,r,13,106,0,0,884,12
grp-a001-02-000000061793364,r,14,25,0,0,303,7
grp-a001-02-000000061793364,r,15,133,3,2530,1432,13
grp-a001-02-000000061793364,r,16,93,0,0,973,17
grp-a001-02-000000061793364,r,17,30,0,0,287,4
grp-a001-02-000000061793364,r,99,122,0,0,1263,18
grp-a001-02-000000061793373,h,00,197,0,0,1508,37
grp-a001-02-000000061793373,h,01,97,2,1331,961,29
grp-a001-02-000000061793373,h,02,90,1,810,2551,27
grp-a001-02-000000061793373,h,03,69,0,0,2781,16
grp-a001-02-000000061793373,h,04,63,0,0,2267,15
grp-a001-02-000000061793373,h,05,54,0,0,1819,14
grp-a001-02-000000061793373,h,06,51,1,680,977,24
grp-a001-02-000000061793373,h,07,76,0,0,1375,25
grp-a001-02-000000061793373,h,08,110,1,686,1442,34
grp-a001-02-000000061793373,h,09,100,1,620,1837,32
grp-a001-02-000000061793373,h,10,130,0,0,1593,34
grp-a001-02-000000061793373,h,11,172,0,0,1704,42
grp-a001-02-000000061793373,h,12,149,1,900,2238,37
grp-a001-02-000000061793373,h,13,149,2,1401,2097,41
grp-a001-02-000000061793373,h,14,163,1,692,3033,33
grp-a001-02-000000061793373,h,15,139,0,0,2032,36
grp-a001-02-000000061793373,h,16,159,0,0,1124,34
grp-a001-02-000000061793373,h,17,171,0,0,1577,36
grp-a001-02-000000061793373,h,18,154,1,880,1502,35
grp-a001-02-000000061793373,h,19,170,0,0,983,36
grp-a001-02-000000061793373,h,20,240,2,1650,1460,39
grp-a001-02-000000061793373,h,21,257,2,1130,1376,40
grp-a001-02-000000061793373,h,22,276,0,0,1939,38
grp-a001-02-000000061793373,h,23,210,1,674,1260,34
grp-a001-02-000000061793373,m,11068,64,0,0,585,22
grp-a001-02-000000061793373,m,27758,2,0,0,6,2
grp-a001-02-000000061793373,m,33421,506,0,0,4800,37
grp-a001-02-000000061793373,m,341893,1253,7,4991,6320,50
grp-a001-02-000000061793373,m,341898,279,1,810,488,41
grp-a001-02-000000061793373,m,370822,56,0,0,143,27
grp-a001-02-000000061793373,m,556927,4,0,0,4,4
grp-a001-02-000000061793373,m,684926,381,5,3440,929,48
grp-a001-02-000000061793373,m,684927,533,1,692,25733,36
grp-a001-02-000000061793373,m,787479,2,0,0,28,2
grp-a001-02-000000061793373,m,8753,366,2,1521,2400,22
grp-a001-02-000000061793373,r,00,13,0,0,44,11
grp-a001-02-000000061793373,r,01,105,0,0,1003,38
grp-a001-02-000000061793373,r,02,821,2,1424,10076,50
grp-a001-02-000000061793373,r,03,229,0,0,3054,44
grp-a001-02-000000061793373,r,04,153,3,2126,2450,36
grp-a001-02-000000061793373,r,05,88,0,0,968,34
grp-a001-02-000000061793373,r,06,150,1,690,1891,39
grp-a001-02-000000061793373,r,07,78,1,680,934,31
grp-a001-02-000000061793373,r,08,186,1,810,2286,39
grp-a001-02-000000061793373,r,09,718,5,3562,9410,50
grp-a001-02-000000061793373,r,10,69,0,0,660,27
grp-a001-02-000000061793373,r,11,147,0,0,1679,40
grp-a001-02-000000061793373,r,12,111,0,0,1198,33
grp-a001-02-000000061793373,r,13,105,0,0,1401,37
grp-a001-02-000000061793373,r,14,24,0,0,431,13
grp-a001-02-000000061793373,r,15,155,0,0,1870,34
grp-a001-02-000000061793373,r,16,104,1,692,845,39
grp-a001-02-000000061793373,r,17,26,1,570,264,12
grp-a001-02-000000061793373,r,99,164,1,900,972,39
grp-a001-02-000000061793386,h,00,201,1,561,1214,21
grp-a001-02-000000061793386,h,01,114,0,0,818,15
grp-a001-02-000000061793386,h,02,75,0,0,764,10
grp-a001-02-000000061793386,h,03,71,1,531,614,9
grp-a001-02-000000061793386,h,04,75,0,0,622,7
grp-a001-02-000000061793386,h,05,75,0,0,737,7
grp-a001-02-000000061793386,h,06,80,0,0,838,8
grp-a001-02-000000061793386,h,07,122,0,0,1114,12
grp-a001-02-000000061793386,h,08,187,0,0,1401,14
grp-a001-02-000000061793386,h,09,212,0,0,1351,17
grp-a001-02-000000061793386,h,10,222,0,0,1536,14
grp-a001-02-000000061793386,h,11,168,1,670,1135,23
grp-a001-02-000000061793386,h,12,106,0,0,626,14
grp-a001-02-000000061793386,h,13,117,2,1539,741,18
grp-a001-02-000000061793386,h,14,116,0,0,750,18
grp-a001-02-000000061793386,h,15,161,1,800,1151,15
grp-a001-02-000000061793386,h,16,231,0,0,1696,16
grp-a001-02-000000061793386,h,17,287,0,0,1917,14
grp-a001-02-000000061793386,h,18,172,0,0,1176,13
grp-a001-02-000000061793386,h,19,182,1,550,1276,18
grp-a001-02-000000061793386,h,20,219,0,0,1594,19
grp-a001-02-000000061793386,h,21,246,0,0,1879,23
grp-a001-02-000000061793386,h,22,213,1,1190,1568,18
grp-a001-02-000000061793386,h,23,171,1,1130,1062,23
grp-a001-02-000000061793386,m,11068,227,1,1190,1241,14
grp-a001-02-000000061793386,m,27758,51,1,1110,111,4
grp-a001-02-000000061793386,m,33421,1261,0,0,8535,36
grp-a001-02-000000061793386,m,341893,424,1,550,1120,23
grp-a001-02-000000061793386,m,341898,103,0,0,151,18
grp-a001-02-000000061793386,m,370822,20,0,0,27,7
grp-a001-02-000000061793386,m,556927,1,0,0,1,1
grp-a001-02-000000061793386,m,684924,8,0,0,8,3
grp-a001-02-000000061793386,m,684925,12,0,0,12,2
grp-a001-02-000000061793386,m,684926,492,4,2651,4789,32
grp-a001-02-000000061793386,m,684927,782,1,670,9383,22
grp-a001-02-000000061793386,m,787479,2,0,0,29,2
grp-a001-02-000000061793386,m,8753,440,1,800,2173,28
grp-a001-02-000000061793386,r,00,81,0,0,494,5
grp-a001-02-000000061793386,r,01,114,0,0,863,16
grp-a001-02-000000061793386,r,02,960,3,1790,7011,39
grp-a001-02-000000061793386,r,03,198,1,1190,1496,18
grp-a001-02-000000061793386,r,04,145,0,0,1101,21
grp-a001-02-000000061793386,r,05,87,0,0,617,13
grp-a001-02-000000061793386,r,06,161,0,0,1107,13
grp-a001-02-000000061793386,r,07,108,0,0,725,15
grp-a001-02-000000061793386,r,08,195,0,0,1623,19
grp-a001-02-000000061793386,r,09,861,2,1661,5956,32
grp-a001-02-000000061793386,r,10,80,0,0,510,16
grp-a001-02-000000061793386,r,11,169,0,0,1413,17
grp-a001-02-000000061793386,r,12,103,0,0,681,14
grp-a001-02-000000061793386,r,13,115,1,550,810,14
grp-a001-02-000000061793386,r,14,34,0,0,270,8
grp-a001-02-000000061793386,r,15,133,1,1110,892,17
grp-a001-02-000000061793386,r,16,109,0,0,819,14
grp-a001-02-000000061793386,r,17,18,0,0,119,7
grp-a001-02-000000061793386,r,99,152,1,670,1073,25
grp-a001-02-000000061793395,h,00,264,0,0,2904,22
grp-a001-02-000000061793395,h,01,172,1,620,2267,21
grp-a001-02-000000061793395,h,02,105,0,0,2832,16
grp-a001-02-000000061793395,h,03,88,0,0,3188,11
grp-a001-02-000000061793395,h,04,80,0,0,2356,11
grp-a001-02-000000061793395,h,05,55,0,0,2027,13
grp-a001-02-000000061793395,h,06,57,0,0,1161,10
grp-a001-02-000000061793395,h,07,96,0,0,1968,13
grp-a001-02-000000061793395,h,08,113,0,0,1990,14
grp-a001-02-000000061793395,h,09,115,0,0,2300,16
grp-a001-02-000000061793395,h,10,136,1,693,2710,19
grp-a001-02-000000061793395,h,11,205,0,0,2785,37
grp-a001-02-000000061793395,h,12,180,1,890,3305,20
grp-a001-02-000000061793395,h,13,178,0,0,2713,15
grp-a001-02-000000061793395,h,14,198,1,900,3976,22
grp-a001-02-000000061793395,h,15,188,1,860,3240,20
grp-a001-02-000000061793395,h,16,187,0,0,2119,21
grp-a001-02-000000061793395,h,17,176,1,570,2506,20
grp-a001-02-000000061793395,h,18,163,1,655,2222,25
grp-a001-02-000000061793395,h,19,170,1,689,1944,19
grp-a001-02-000000061793395,h,20,225,0,0,2459,21
grp-a001-02-000000061793395,h,21,292,4,3550,2766,26
grp-a001-02-000000061793395,h,22,357,0,0,3808,28
grp-a001-02-000000061793395,h,23,399,1,890,3524,22
grp-a001-02-000000061793395,m,11068,190,1,693,2095,34
grp-a001-02-000000061793395,m,27758,18,1,570,48,6
grp-a001-02-000000061793395,m,33421,1047,1,900,13385,48
grp-a001-02-000000061793395,m,341893,414,3,2165,1276,24
grp-a001-02-000000061793395,m,341898,342,0,0,547,20
grp-a001-02-000000061793395,m,370822,14,0,0,20,7
grp-a001-02-000000061793395,m,556927,2,0,0,2,2
grp-a001-02-000000061793395,m,684924,2,0,0,2,2
grp-a001-02-000000061793395,m,684926,1006,2,1589,13554,38
grp-a001-02-000000061793395,m,684927,687,0,0,28245,25
grp-a001-02-000000061793395,m,787479,3,0,0,54,3
grp-a001-02-000000061793395,m,805759,1,0,0,11,1
grp-a001-02-000000061793395,m,805760,1,0,0,7,1
grp-a001-02-000000061793395,m,8753,472,5,4400,3824,29
grp-a001-02-000000061793395,r,00,29,0,0,315,10
grp-a001-02-000000061793395,r,01,115,0,0,1399,19
grp-a001-02-000000061793395,r,02,1053,2,1555,15871,46
grp-a001-02-000000061793395,r,03,235,2,1510,3801,27
grp-a001-02-000000061793395,r,04,197,0,0,3424,18
grp-a001-02-000000061793395,r,05,106,0,0,1424,16
grp-a001-02-000000061793395,r,06,151,0,0,2308,20
grp-a001-02-000000061793395,r,07,98,0,0,1427,17
grp-a001-02-000000061793395,r,08,239,1,850,3603,23
grp-a001-02-000000061793395,r,09,893,6,4602,13826,43
grp-a001-02-000000061793395,r,10,70,0,0,1024,16
grp-a001-02-000000061793395,r,11,184,0,0,2582,25
grp-a001-02-000000061793395,r,12,116,2,1800,1777,17
grp-a001-02-000000061793395,r,13,127,0,0,2113,20
grp-a001-02-000000061793395,r,14,44,0,0,780,12
grp-a001-02-000000061793395,r,15,161,0,0,2656,19
grp-a001-02-000000061793395,r,16,97,0,0,1328,21
grp-a001-02-000000061793395,r,17,35,0,0,439,12
grp-a001-02-000000061793395,r,99,249,0,0,2973,24
grp-a001-02-000000061793407,h,00,464,2,2063,8817,39
grp-a001-02-000000061793407,h,01,320,1,830,7520,34
grp-a001-02-000000061793407,h,02,158,0,0,5766,30
grp-a001-02-000000061793407,h,03,131,0,0,5106,20
grp-a001-02-000000061793407,h,04,101,0,0,4427,18
grp-a001-02-000000061793407,h,05,104,0,0,4455,16
grp-a001-02-000000061793407,h,06,115,0,0,3456,24
grp-a001-02-000000061793407,h,07,152,0,0,3647,30
grp-a001-02-000000061793407,h,08,192,0,0,3936,31
grp-a001-02-000000061793407,h,09,260,3,2844,3901,33
grp-a001-02-000000061793407,h,10,460,3,3200,4380,37
grp-a001-02-000000061793407,h,11,770,2,2400,6021,57
grp-a001-02-000000061793407,h,12,634,5,5250,6088,35
grp-a001-02-000000061793407,h,13,554,1,729,4961,34
grp-a001-02-000000061793407,h,14,537,1,720,6871,40
grp-a001-02-000000061793407,h,15,462,0,0,5081,36
grp-a001-02-000000061793407,h,16,400,2,1835,4588,33
grp-a001-02-000000061793407,h,17,327,1,900,4547,30
grp-a001-02-000000061793407,h,18,203,0,0,3923,27
grp-a001-02-000000061793407,h,19,230,0,0,3985,33
grp-a001-02-000000061793407,h,20,303,1,914,4987,41
grp-a001-02-000000061793407,h,21,423,6,5791,5458,41
grp-a001-02-000000061793407,h,22,482,3,3160,8099,41
grp-a001-02-000000061793407,h,23,452,2,2210,7202,37
grp-a001-02-000000061793407,m,11068,450,3,3120,2781,58
grp-a001-02-000000061793407,m,27758,192,1,1180,371,19
grp-a001-02-000000061793407,m,33421,1305,3,2926,12103,60
grp-a001-02-000000061793407,m,341893,315,1,1110,1256,24
grp-a001-02-000000061793407,m,341898,120,1,729,188,24
grp-a001-02-000000061793407,m,370822,12,0,0,27,9
grp-a001-02-000000061793407,m,556927,3,0,0,3,2
grp-a001-02-000000061793407,m,684924,1323,1,800,1323,12
grp-a001-02-000000061793407,m,684925,458,0,0,458,6
grp-a001-02-000000061793407,m,684926,767,2,1970,6189,42
grp-a001-02-000000061793407,m,684927,1758,2,1620,92932,30
grp-a001-02-000000061793407,m,787478,2,0,0,4,1
grp-a001-02-000000061793407,m,787479,1,0,0,24,1
grp-a001-02-000000061793407,m,8753,1528,19,19391,9563,58
grp-a001-02-000000061793407,r,00,409,0,0,23490,20
grp-a001-02-000000061793407,r,01,192,0,0,1844,37
grp-a001-02-000000061793407,r,02,1866,7,7003,19556,59
grp-a001-02-000000061793407,r,03,451,4,4200,5225,45
grp-a001-02-000000061793407,r,04,309,1,1110,3733,42
grp-a001-02-000000061793407,r,05,175,1,830,1553,29
grp-a001-02-000000061793407,r,06,265,0,0,2732,38
grp-a001-02-000000061793407,r,07,166,2,2400,2008,35
grp-a001-02-000000061793407,r,08,365,2,1824,3855,43
grp-a001-02-000000061793407,r,09,1837,8,7836,25304,58
grp-a001-02-000000061793407,r,10,161,0,0,1415,29
grp-a001-02-000000061793407,r,11,393,0,0,3858,44
grp-a001-02-000000061793407,r,12,153,2,1529,1835,29
grp-a001-02-000000061793407,r,13,174,0,0,1898,36
grp-a001-02-000000061793407,r,14,68,0,0,804,19
grp-a001-02-000000061793407,r,15,288,2,2180,3468,40
grp-a001-02-000000061793407,r,16,207,1,1180,1894,33
grp-a001-02-000000061793407,r,17,55,1,923,539,20
grp-a001-02-000000061793407,r,99,700,2,1831,22211,44
grp-a001-02-000000061793411,h,00,355,2,1980,1384,18
grp-a001-02-000000061793411,h,01,213,0,0,890,18
grp-a001-02-000000061793411,h,02,97,1,1200,270,13
grp-a001-02-000000061793411,h,03,92,0,0,281,11
grp-a001-02-000000061793411,h,04,67,0,0,143,9
grp-a001-02-000000061793411,h,05,64,0,0,240,10
grp-a001-02-000000061793411,h,06,67,0,0,288,15
grp-a001-02-000000061793411,h,07,144,0,0,438,14
grp-a001-02-000000061793411,h,08,220,0,0,716,16
grp-a001-02-000000061793411,h,09,298,0,0,1109,19
grp-a001-02-000000061793411,h,10,271,1,1040,919,18
grp-a001-02-000000061793411,h,11,267,0,0,1336,24
grp-a001-02-000000061793411,h,12,230,1,800,968,16
grp-a001-02-000000061793411,h,13,253,0,0,948,17
grp-a001-02-000000061793411,h,14,273,0,0,1100,17
grp-a001-02-000000061793411,h,15,246,0,0,865,15
grp-a001-02-000000061793411,h,16,298,3,2420,1112,18
grp-a001-02-000000061793411,h,17,241,0,0,902,16
grp-a001-02-000000061793411,h,18,187,0,0,678,15
grp-a001-02-000000061793411,h,19,182,0,0,747,15
grp-a001-02-000000061793411,h,20,235,1,770,1181,17
grp-a001-02-000000061793411,h,21,289,2,1720,1216,19
grp-a001-02-000000061793411,h,22,328,0,0,1735,24
grp-a001-02-000000061793411,h,23,350,0,0,2063,20
grp-a001-02-000000061793411,m,11068,247,0,0,1638,19
grp-a001-02-000000061793411,m,27758,469,2,2080,860,9
grp-a001-02-000000061793411,m,33421,810,0,0,5366,35
grp-a001-02-000000061793411,m,341893,779,1,460,3185,22
grp-a001-02-000000061793411,m,341898,273,1,780,479,18
grp-a001-02-000000061793411,m,370822,21,0,0,45,10
grp-a001-02-000000061793411,m,556927,10,0,0,10,4
grp-a001-02-000000061793411,m,684924,202,0,0,202,4
grp-a001-02-000000061793411,m,684925,150,1,1200,150,6
grp-a001-02-000000061793411,m,684926,521,0,0,3008,26
grp-a001-02-000000061793411,m,684927,143,0,0,879,18
grp-a001-02-000000061793411,m,787479,1,0,0,29,1
grp-a001-02-000000061793411,m,8753,1641,6,5410,5678,19
grp-a001-02-000000061793411,r,00,32,0,0,98,9
grp-a001-02-000000061793411,r,01,131,0,0,511,20
grp-a001-02-000000061793411,r,02,1431,6,5200,5601,33
grp-a001-02-000000061793411,r,03,266,1,1000,926,21
grp-a001-02-000000061793411,r,04,197,0,0,851,15
grp-a001-02-000000061793411,r,05,131,1,1040,536,14
grp-a001-02-000000061793411,r,06,208,0,0,747,17
grp-a001-02-000000061793411,r,07,117,0,0,510,18
grp-a001-02-000000061793411,r,08,262,1,720,1049,18
grp-a001-02-000000061793411,r,09,1283,2,1970,5362,34
grp-a001-02-000000061793411,r,10,97,0,0,404,14
grp-a001-02-000000061793411,r,11,279,0,0,1400,19
grp-a001-02-000000061793411,r,12,105,0,0,526,19
grp-a001-02-000000061793411,r,13,104,0,0,325,14
grp-a001-02-000000061793411,r,14,32,0,0,93,8
grp-a001-02-000000061793411,r,15,179,0,0,786,17
grp-a001-02-000000061793411,r,16,147,0,0,556,18
grp-a001-02-000000061793411,r,17,35,0,0,213,12
grp-a001-02-000000061793411,r,99,231,0,0,1035,22
grp-a001-02-000000061793423,h,00,1328,9,6926,9470,43
grp-a001-02-000000061793423,h,01,896,3,2940,6375,36
grp-a001-02-000000061793423,h,02,433,2,1276,3450,35
grp-a001-02-000000061793423,h,03,241,0,0,1941,19
grp-a001-02-000000061793423,h,04,198,0,0,2227,14
grp-a001-02-000000061793423,h,05,193,1,276,2256,24
grp-a001-02-000000061793423,h,06,339,0,0,2965,34
grp-a001-02-000000061793423,h,07,496,3,3370,3296,32
grp-a001-02-000000061793423,h,08,742,2,2360,4660,37
grp-a001-02-000000061793423,h,09,992,5,4500,5314,40
grp-a001-02-000000061793423,h,10,1077,3,3290,5756,43
grp-a001-02-000000061793423,h,11,1077,3,2527,5121,47
grp-a001-02-000000061793423,h,12,841,5,3223,3998,40
grp-a001-02-000000061793423,h,13,928,2,2330,4945,40
grp-a001-02-000000061793423,h,14,707,4,3319,3132,43
grp-a001-02-000000061793423,h,15,747,2,1760,2538,35
grp-a001-02-000000061793423,h,16,764,2,1375,2927,41
grp-a001-02-000000061793423,h,17,758,2,1480,3532,39
grp-a001-02-000000061793423,h,18,587,1,1100,2834,42
grp-a001-02-000000061793423,h,19,539,2,1803,3452,43
grp-a001-02-000000061793423,h,20,828,3,1653,5024,44
grp-a001-02-000000061793423,h,21,1151,6,4440,6142,48
grp-a001-02-000000061793423,h,22,1338,9,6658,8137,48
grp-a001-02-000000061793423,h,23,1407,4,3422,9155,45
grp-a001-02-000000061793423,m,11068,404,2,2170,2820,27
grp-a001-02-000000061793423,m,27758,852,1,1050,1075,7
grp-a001-02-000000061793423,m,33421,1272,2,1250,12986,50
grp-a001-02-000000061793423,m,341893,4100,24,19204,14367,52
grp-a001-02-000000061793423,m,341898,1318,1,652,1967,43
grp-a001-02-000000061793423,m,370822,344,0,0,567,33
grp-a001-02-000000061793423,m,556927,92,0,0,92,11
grp-a001-02-000000061793423,m,684924,1480,0,0,1480,4
grp-a001-02-000000061793423,m,684925,705,0,0,705,4
grp-a001-02-000000061793423,m,684926,3091,17,10969,28815,52
grp-a001-02-000000061793423,m,684927,1398,1,640,25301,47
grp-a001-02-000000061793423,m,787479,2,0,0,33,2
grp-a001-02-000000061793423,m,787481,1,0,0,2,1
grp-a001-02-000000061793423,m,8753,3548,25,24093,18437,39
grp-a001-02-000000061793423,r,00,102,0,0,701,17
grp-a001-02-000000061793423,r,01,501,3,2952,3067,31
grp-a001-02-000000061793423,r,02,5024,15,13374,28655,54
grp-a001-02-000000061793423,r,03,976,5,4853,5432,41
grp-a001-02-000000061793423,r,04,750,5,3648,4205,43
grp-a001-02-000000061793423,r,05,424,3,2526,2388,37
grp-a001-02-000000061793423,r,06,717,3,2127,4583,40
grp-a001-02-000000061793423,r,07,417,2,958,2718,39
grp-a001-02-000000061793423,r,08,935,5,4340,5405,42
grp-a001-02-000000061793423,r,09,3903,19,14584,23002,54
grp-a001-02-000000061793423,r,10,432,0,0,2434,36
grp-a001-02-000000061793423,r,11,951,4,2346,5668,43
grp-a001-02-000000061793423,r,12,433,2,1650,2717,40
grp-a001-02-000000061793423,r,13,422,0,0,2490,36
grp-a001-02-000000061793423,r,14,118,0,0,789,23
grp-a001-02-000000061793423,r,15,858,2,1740,4352,43
grp-a001-02-000000061793423,r,16,486,2,1860,2980,38
grp-a001-02-000000061793423,r,17,87,0,0,517,24
grp-a001-02-000000061793423,r,99,1071,3,3070,6544,48
grp-a001-02-000000061793496,h,00,86,0,0,439,36
grp-a001-02-000000061793496,h,01,42,0,0,220,24
grp-a001-02-000000061793496,h,02,29,1,604,127,21
grp-a001-02-000000061793496,h,03,12,0,0,79,10
grp-a001-02-000000061793496,h,04,10,0,0,36,8
grp-a001-02-000000061793496,h,05,13,0,0,45,11
grp-a001-02-000000061793496,h,06,16,0,0,73,10
grp-a001-02-000000061793496,h,07,24,1,541,72,17
grp-a001-02-000000061793496,h,08,44,0,0,183,21
grp-a001-02-000000061793496,h,09,41,0,0,244,26
grp-a001-02-000000061793496,h,10,62,0,0,334,29
grp-a001-02-000000061793496,h,11,74,0,0,395,36
grp-a001-02-000000061793496,h,12,60,0,0,317,32
grp-a001-02-000000061793496,h,13,45,0,0,267,28
grp-a001-02-000000061793496,h,14,85,0,0,524,35
grp-a001-02-000000061793496,h,15,68,0,0,336,29
grp-a001-02-000000061793496,h,16,80,1,616,374,37
grp-a001-02-000000061793496,h,17,59,0,0,387,39
grp-a001-02-000000061793496,h,18,67,1,616,320,35
grp-a001-02-000000061793496,h,19,74,0,0,317,32
grp-a001-02-000000061793496,h,20,123,1,587,617,42
grp-a001-02-000000061793496,h,21,136,2,1050,610,42
grp-a001-02-000000061793496,h,22,136,0,0,621,44
grp-a001-02-000000061793496,h,23,132,0,0,649,44
grp-a001-02-000000061793496,m,11068,17,0,0,167,13
grp-a001-02-000000061793496,m,27758,4,0,0,10,3
grp-a001-02-000000061793496,m,33421,103,0,0,867,20
grp-a001-02-000000061793496,m,341893,762,4,2195,4550,48
grp-a001-02-000000061793496,m,341898,206,1,587,430,40
grp-a001-02-000000061793496,m,370822,47,1,616,149,23
grp-a001-02-000000061793496,m,684926,279,1,616,787,48
grp-a001-02-000000061793496,m,684927,57,0,0,303,33
grp-a001-02-000000061793496,m,8753,43,0,0,323,16
grp-a001-02-000000061793496,r,00,7,0,0,27,7
grp-a001-02-000000061793496,r,01,42,0,0,236,28
grp-a001-02-000000061793496,r,02,357,1,616,1791,52
grp-a001-02-000000061793496,r,03,89,0,0,421,38
grp-a001-02-000000061793496,r,04,61,1,587,262,34
grp-a001-02-000000061793496,r,05,42,0,0,201,28
grp-a001-02-000000061793496,r,06,51,0,0,302,26
grp-a001-02-000000061793496,r,07,46,0,0,207,24
grp-a001-02-000000061793496,r,08,63,2,1220,336,33
grp-a001-02-000000061793496,r,09,310,3,1591,1438,52
grp-a001-02-000000061793496,r,10,23,0,0,129,18
grp-a001-02-000000061793496,r,11,81,0,0,405,36
grp-a001-02-000000061793496,r,12,94,0,0,515,29
grp-a001-02-000000061793496,r,13,42,0,0,286,24
grp-a001-02-000000061793496,r,14,5,0,0,28,5
grp-a001-02-000000061793496,r,15,64,0,0,347,37
grp-a001-02-000000061793496,r,16,51,0,0,293,30
grp-a001-02-000000061793496,r,17,12,0,0,69,11
grp-a001-02-000000061793496,r,99,78,0,0,293,36
grp-a001-02-000000061793521,h,00,188,0,0,1562,31
grp-a001-02-000000061793521,h,01,87,0,0,812,30
grp-a001-02-000000061793521,h,02,36,0,0,282,15
grp-a001-02-000000061793521,h,03,23,0,0,155,9
grp-a001-02-000000061793521,h,04,22,0,0,202,10
grp-a001-02-000000061793521,h,05,13,0,0,100,8
grp-a001-02-000000061793521,h,06,23,0,0,261,17
grp-a001-02-000000061793521,h,07,18,0,0,195,15
grp-a001-02-000000061793521,h,08,32,0,0,385,20
grp-a001-02-000000061793521,h,09,30,0,0,364,19
grp-a001-02-000000061793521,h,10,36,0,0,520,22
grp-a001-02-000000061793521,h,11,38,0,0,571,20
grp-a001-02-000000061793521,h,12,40,0,0,426,22
grp-a001-02-000000061793521,h,13,58,0,0,588,22
grp-a001-02-000000061793521,h,14,58,0,0,575,26
grp-a001-02-000000061793521,h,15,61,0,0,621,28
grp-a001-02-000000061793521,h,16,67,1,511,707,26
grp-a001-02-000000061793521,h,17,51,0,0,647,25
grp-a001-02-000000061793521,h,18,62,0,0,700,24
grp-a001-02-000000061793521,h,19,86,0,0,755,22
grp-a001-02-000000061793521,h,20,107,0,0,936,27
grp-a001-02-000000061793521,h,21,174,0,0,1455,35
grp-a001-02-000000061793521,h,22,159,3,1903,1409,39
grp-a001-02-000000061793521,h,23,190,0,0,1594,37
grp-a001-02-000000061793521,m,11068,57,0,0,712,29
grp-a001-02-000000061793521,m,122876,3,0,0,6,2
grp-a001-02-000000061793521,m,27758,13,0,0,29,5
grp-a001-02-000000061793521,m,33421,635,2,1086,6020,47
grp-a001-02-000000061793521,m,341893,368,1,528,2317,37
grp-a001-02-000000061793521,m,341898,54,0,0,108,13
grp-a001-02-000000061793521,m,370822,3,0,0,5,3
grp-a001-02-000000061793521,m,424040,12,0,0,25,6
grp-a001-02-000000061793521,m,556927,2,0,0,2,2
grp-a001-02-000000061793521,m,684925,3,0,0,3,2
grp-a001-02-000000061793521,m,684926,269,0,0,3775,51
grp-a001-02-000000061793521,m,684927,107,0,0,1749,37
grp-a001-02-000000061793521,m,8753,133,1,800,1071,32
grp-a001-02-000000061793521,r,00,9,0,0,67,5
grp-a001-02-000000061793521,r,01,27,0,0,276,18
grp-a001-02-000000061793521,r,02,315,1,800,3385,53
grp-a001-02-000000061793521,r,03,77,1,575,768,30
grp-a001-02-000000061793521,r,04,56,0,0,507,24
grp-a001-02-000000061793521,r,05,41,0,0,496,18
grp-a001-02-000000061793521,r,06,53,0,0,631,28
grp-a001-02-000000061793521,r,07,31,0,0,327,21
grp-a001-02-000000061793521,r,08,82,0,0,638,32
grp-a001-02-000000061793521,r,09,578,1,528,4496,51
grp-a001-02-000000061793521,r,10,30,0,0,284,15
grp-a001-02-000000061793521,r,11,75,0,0,842,26
grp-a001-02-000000061793521,r,12,63,0,0,489,16
grp-a001-02-000000061793521,r,13,36,1,511,441,18
grp-a001-02-000000061793521,r,14,5,0,0,25,3
grp-a001-02-000000061793521,r,15,57,0,0,741,27
grp-a001-02-000000061793521,r,16,40,0,0,422,26
grp-a001-02-000000061793521,r,17,11,0,0,147,6
grp-a001-02-000000061793521,r,99,73,0,0,840,30
grp-a001-02-000000061794117,h,00,393,0,0,3365,54
grp-a001-02-000000061794117,h,01,227,1,860,1853,48
grp-a001-02-000000061794117,h,02,164,0,0,1365,44
grp-a001-02-000000061794117,h,03,103,0,0,815,35
grp-a001-02-000000061794117,h,04,85,0,0,576,36
grp-a001-02-000000061794117,h,05,87,0,0,511,33
grp-a001-02-000000061794117,h,06,68,1,850,635,30
grp-a001-02-000000061794117,h,07,131,0,0,1231,39
grp-a001-02-000000061794117,h,08,211,1,850,1864,47
grp-a001-02-000000061794117,h,09,252,0,0,2244,46
grp-a001-02-000000061794117,h,10,257,2,1538,2287,47
grp-a001-02-000000061794117,h,11,448,0,0,2947,58
grp-a001-02-000000061794117,h,12,246,1,1200,2148,47
grp-a001-02-000000061794117,h,13,265,0,0,2767,51
grp-a001-02-000000061794117,h,14,248,1,693,2550,46
grp-a001-02-000000061794117,h,15,208,0,0,2016,49
grp-a001-02-000000061794117,h,16,285,0,0,2943,50
grp-a001-02-000000061794117,h,17,240,0,0,2416,54
grp-a001-02-000000061794117,h,18,221,1,840,2022,49
grp-a001-02-000000061794117,h,19,358,2,1770,3214,51
grp-a001-02-000000061794117,h,20,402,0,0,3621,50
grp-a001-02-000000061794117,h,21,492,1,870,4420,53
grp-a001-02-000000061794117,h,22,431,1,693,4103,55
grp-a001-02-000000061794117,h,23,477,0,0,4018,56
grp-a001-02-000000061794117,m,11068,289,0,0,2795,57
grp-a001-02-000000061794117,m,27758,51,2,2100,114,23
grp-a001-02-000000061794117,m,33421,3124,1,693,25635,60
grp-a001-02-000000061794117,m,341893,206,0,0,616,15
grp-a001-02-000000061794117,m,341898,118,0,0,148,13
grp-a001-02-000000061794117,m,370822,10,0,0,17,6
grp-a001-02-000000061794117,m,556927,1,0,0,1,1
grp-a001-02-000000061794117,m,684924,5,0,0,5,3
grp-a001-02-000000061794117,m,684925,3,0,0,3,3
grp-a001-02-000000061794117,m,684926,966,3,2560,14305,60
grp-a001-02-000000061794117,m,684927,253,0,0,4284,54
grp-a001-02-000000061794117,m,787479,2,0,0,52,2
grp-a001-02-000000061794117,m,805759,1,0,0,11,1
grp-a001-02-000000061794117,m,8753,1270,6,4811,7945,60
grp-a001-02-000000061794117,r,00,28,0,0,200,17
grp-a001-02-000000061794117,r,01,133,0,0,1467,43
grp-a001-02-000000061794117,r,02,1482,3,2640,14060,60
grp-a001-02-000000061794117,r,03,290,0,0,2396,51
grp-a001-02-000000061794117,r,04,229,0,0,1859,51
grp-a001-02-000000061794117,r,05,151,1,850,1591,42
grp-a001-02-000000061794117,r,06,190,1,900,1659,51
grp-a001-02-000000061794117,r,07,126,2,2060,1157,39
grp-a001-02-000000061794117,r,08,278,0,0,2218,52
grp-a001-02-000000061794117,r,09,1900,2,1533,15687,60
grp-a001-02-000000061794117,r,10,120,0,0,1034,47
grp-a001-02-000000061794117,r,11,266,0,0,2337,50
grp-a001-02-000000061794117,r,12,172,0,0,1553,46
grp-a001-02-000000061794117,r,13,154,2,1331,1335,41
grp-a001-02-000000061794117,r,14,55,0,0,497,21
grp-a001-02-000000061794117,r,15,198,0,0,1817,47
grp-a001-02-000000061794117,r,16,172,0,0,1554,45
grp-a001-02-000000061794117,r,17,32,0,0,373,19
grp-a001-02-000000061794117,r,99,323,1,850,3137,54
grp-a001-02-000000061794129,h,00,204,0,0,1112,11
grp-a001-02-000000061794129,h,01,142,1,1190,834,14
grp-a001-02-000000061794129,h,02,68,0,0,359,11
grp-a001-02-000000061794129,h,03,47,0,0,228,7
grp-a001-02-000000061794129,h,04,33,0,0,98,6
grp-a001-02-000000061794129,h,05,47,0,0,207,8
grp-a001-02-000000061794129,h,06,65,0,0,315,9
grp-a001-02-000000061794129,h,07,114,1,1200,452,7
grp-a001-02-000000061794129,h,08,129,1,1190,588,8
grp-a001-02-000000061794129,h,09,108,0,0,511,7
grp-a001-02-000000061794129,h,10,177,1,580,1081,13
grp-a001-02-000000061794129,h,11,168,1,1200,639,14
grp-a001-02-000000061794129,h,12,152,0,0,751,9
grp-a001-02-000000061794129,h,13,145,3,3580,720,8
grp-a001-02-000000061794129,h,14,96,1,1200,455,8
grp-a001-02-000000061794129,h,15,144,1,1190,636,7
grp-a001-02-000000061794129,h,16,170,0,0,818,7
grp-a001-02-000000061794129,h,17,123,2,1450,652,8
grp-a001-02-000000061794129,h,18,159,1,1200,842,9
grp-a001-02-000000061794129,h,19,185,1,1190,826,9
grp-a001-02-000000061794129,h,20,228,5,5970,936,11
grp-a001-02-000000061794129,h,21,237,1,1200,1133,10
grp-a001-02-000000061794129,h,22,243,1,561,1504,11
grp-a001-02-000000061794129,h,23,296,1,1100,1634,12
grp-a001-02-000000061794129,m,11068,123,0,0,859,12
grp-a001-02-000000061794129,m,27758,45,0,0,91,4
grp-a001-02-000000061794129,m,33421,1476,4,4151,7420,26
grp-a001-02-000000061794129,m,341893,84,1,580,234,13
grp-a001-02-000000061794129,m,341898,58,0,0,80,10
grp-a001-02-000000061794129,m,370822,6,0,0,10,4
grp-a001-02-000000061794129,m,684924,179,1,1190,179,4
grp-a001-02-000000061794129,m,684925,12,0,0,12,3
grp-a001-02-000000061794129,m,684926,373,7,7410,3158,18
grp-a001-02-000000061794129,m,684927,44,1,1100,498,11
grp-a001-02-000000061794129,m,787479,1,0,0,24,1
grp-a001-02-000000061794129,m,787480,1,0,0,16,1
grp-a001-02-000000061794129,m,787481,1,0,0,1,1
grp-a001-02-000000061794129,m,8753,1077,8,9570,4749,11
grp-a001-02-000000061794129,r,00,20,0,0,80,5
grp-a001-02-000000061794129,r,01,122,1,1190,571,9
grp-a001-02-000000061794129,r,02,852,7,6810,4737,21
grp-a001-02-000000061794129,r,03,145,1,1200,680,9
grp-a001-02-000000061794129,r,04,113,1,1190,555,10
grp-a001-02-000000061794129,r,05,89,1,1190,446,12
grp-a001-02-000000061794129,r,06,190,1,1190,978,10
grp-a001-02-000000061794129,r,07,80,0,0,442,10
grp-a001-02-000000061794129,r,08,165,1,1200,822,11
grp-a001-02-000000061794129,r,09,950,3,3590,4259,22
grp-a001-02-000000061794129,r,10,71,1,1190,364,8
grp-a001-02-000000061794129,r,11,119,3,2861,670,13
grp-a001-02-000000061794129,r,12,112,0,0,698,12
grp-a001-02-000000061794129,r,13,98,2,2390,443,9
grp-a001-02-000000061794129,r,14,13,0,0,82,5
grp-a001-02-000000061794129,r,15,109,0,0,527,5
grp-a001-02-000000061794129,r,16,85,0,0,364,10
grp-a001-02-000000061794129,r,17,29,0,0,180,6
grp-a001-02-000000061794129,r,99,118,0,0,433,8
grp-a001-02-000000061794137,h,00,325,0,0,2100,39
grp-a001-02-000000061794137,h,01,225,0,0,1454,39
grp-a001-02-000000061794137,h,02,124,0,0,738,25
grp-a001-02-000000061794137,h,03,102,0,0,532,22
grp-a001-02-000000061794137,h,04,73,0,0,374,21
grp-a001-02-000000061794137,h,05,83,1,693,413,23
grp-a001-02-000000061794137,h,06,144,2,1381,750,32
grp-a001-02-000000061794137,h,07,159,0,0,1134,31
grp-a001-02-000000061794137,h,08,207,1,1200,1143,29
grp-a001-02-000000061794137,h,09,183,0,0,1189,28
grp-a001-02-000000061794137,h,10,195,3,3093,1296,27
grp-a001-02-000000061794137,h,11,221,0,0,1447,39
grp-a001-02-000000061794137,h,12,190,1,1200,1384,28
grp-a001-02-000000061794137,h,13,177,1,1190,1305,26
grp-a001-02-000000061794137,h,14,177,0,0,1412,25
grp-a001-02-000000061794137,h,15,236,0,0,1571,29
grp-a001-02-000000061794137,h,16,223,0,0,1666,37
grp-a001-02-000000061794137,h,17,177,0,0,1343,27
grp-a001-02-000000061794137,h,18,205,1,1200,1580,24
grp-a001-02-000000061794137,h,19,236,3,3590,1523,29
grp-a001-02-000000061794137,h,20,290,0,0,1968,31
grp-a001-02-000000061794137,h,21,356,0,0,2428,34
grp-a001-02-000000061794137,h,22,372,1,1190,2543,34
grp-a001-02-000000061794137,h,23,351,0,0,2390,28
grp-a001-02-000000061794137,m,11068,248,0,0,2028,49
grp-a001-02-000000061794137,m,27758,95,2,1893,181,15
grp-a001-02-000000061794137,m,33421,2545,6,6156,17142,59
grp-a001-02-000000061794137,m,341893,128,0,0,361,14
grp-a001-02-000000061794137,m,341898,77,0,0,106,10
grp-a001-02-000000061794137,m,370822,13,0,0,30,6
grp-a001-02-000000061794137,m,556927,1,0,0,1,1
grp-a001-02-000000061794137,m,684924,44,0,0,44,13
grp-a001-02-000000061794137,m,684925,21,0,0,21,11
grp-a001-02-000000061794137,m,684926,517,0,0,5025,43
grp-a001-02-000000061794137,m,684927,96,0,0,1051,28
grp-a001-02-000000061794137,m,787479,3,0,0,11,2
grp-a001-02-000000061794137,m,8753,1243,6,6688,7682,46
grp-a001-02-000000061794137,r,00,45,0,0,259,15
grp-a001-02-000000061794137,r,01,111,0,0,793,20
grp-a001-02-000000061794137,r,02,1100,2,1893,8351,52
grp-a001-02-000000061794137,r,03,179,0,0,1190,34
grp-a001-02-000000061794137,r,04,139,2,2380,933,21
grp-a001-02-000000061794137,r,05,116,0,0,945,26
grp-a001-02-000000061794137,r,06,201,0,0,1315,32
grp-a001-02-000000061794137,r,07,116,0,0,909,19
grp-a001-02-000000061794137,r,08,225,3,3093,1497,27
grp-a001-02-000000061794137,r,09,1778,4,4283,10338,58
grp-a001-02-000000061794137,r,10,65,0,0,515,21
grp-a001-02-000000061794137,r,11,237,1,688,1604,43
grp-a001-02-000000061794137,r,12,96,0,0,662,18
grp-a001-02-000000061794137,r,13,123,0,0,906,24
grp-a001-02-000000061794137,r,14,24,1,1200,161,10
grp-a001-02-000000061794137,r,15,153,0,0,1151,31
grp-a001-02-000000061794137,r,16,84,0,0,491,13
grp-a001-02-000000061794137,r,17,35,0,0,196,10
grp-a001-02-000000061794137,r,99,204,1,1200,1467,31
grp-a001-02-000000061794145,h,00,327,1,500,1813,20
grp-a001-02-000000061794145,h,01,210,1,1190,1323,22
grp-a001-02-000000061794145,h,02,129,0,0,684,21
grp-a001-02-000000061794145,h,03,108,0,0,553,18
grp-a001-02-000000061794145,h,04,86,0,0,403,17
grp-a001-02-000000061794145,h,05,76,1,1090,386,13
grp-a001-02-000000061794145,h,06,117,0,0,580,19
grp-a001-02-000000061794145,h,07,141,0,0,867,22
grp-a001-02-000000061794145,h,08,205,0,0,1018,25
grp-a001-02-000000061794145,h,09,184,1,1200,975,22
grp-a001-02-000000061794145,h,10,251,1,1200,1229,18
grp-a001-02-000000061794145,h,11,251,0,0,1304,22
grp-a001-02-000000061794145,h,12,194,1,800,1101,16
grp-a001-02-000000061794145,h,13,201,1,560,1094,17
grp-a001-02-000000061794145,h,14,211,1,420,1243,17
grp-a001-02-000000061794145,h,15,238,0,0,1156,19
grp-a001-02-000000061794145,h,16,220,0,0,1175,14
grp-a001-02-000000061794145,h,17,201,0,0,1170,19
grp-a001-02-000000061794145,h,18,202,0,0,1103,15
grp-a001-02-000000061794145,h,19,247,4,4640,1400,18
grp-a001-02-000000061794145,h,20,330,1,650,1813,21
grp-a001-02-000000061794145,h,21,366,0,0,2231,22
grp-a001-02-000000061794145,h,22,391,2,2400,2449,24
grp-a001-02-000000061794145,h,23,362,0,0,2214,20
grp-a001-02-000000061794145,m,11068,162,1,1200,1210,21
grp-a001-02-000000061794145,m,27758,58,0,0,139,8
grp-a001-02-000000061794145,m,33421,2178,1,1200,13871,45
grp-a001-02-000000061794145,m,341893,516,4,2970,1593,18
grp-a001-02-000000061794145,m,341898,289,0,0,410,18
grp-a001-02-000000061794145,m,370822,40,0,0,80,9
grp-a001-02-000000061794145,m,556927,2,0,0,2,2
grp-a001-02-000000061794145,m,684924,4,0,0,4,1
grp-a001-02-000000061794145,m,684925,1,0,0,1,1
grp-a001-02-000000061794145,m,684926,770,4,3350,4143,25
grp-a001-02-000000061794145,m,684927,85,0,0,498,16
grp-a001-02-000000061794145,m,787478,1,0,0,2,1
grp-a001-02-000000061794145,m,787479,4,0,0,12,2
grp-a001-02-000000061794145,m,8753,1138,5,5930,7319,26
grp-a001-02-000000061794145,r,00,26,0,0,201,7
grp-a001-02-000000061794145,r,01,135,2,1640,798,15
grp-a001-02-000000061794145,r,02,1215,3,2860,7275,37
grp-a001-02-000000061794145,r,03,198,0,0,1116,17
grp-a001-02-000000061794145,r,04,145,0,0,761,16
grp-a001-02-000000061794145,r,05,153,0,0,966,19
grp-a001-02-000000061794145,r,06,178,0,0,1135,17
grp-a001-02-000000061794145,r,07,129,0,0,806,14
grp-a001-02-000000061794145,r,08,223,2,1840,1136,16
grp-a001-02-000000061794145,r,09,1716,4,4690,8689,38
grp-a001-02-000000061794145,r,10,79,1,800,389,14
grp-a001-02-000000061794145,r,11,225,0,0,1409,23
grp-a001-02-000000061794145,r,12,124,0,0,683,10
grp-a001-02-000000061794145,r,13,121,0,0,754,12
grp-a001-02-000000061794145,r,14,31,0,0,159,8
grp-a001-02-000000061794145,r,15,165,0,0,907,21
grp-a001-02-000000061794145,r,16,101,2,1620,621,15
grp-a001-02-000000061794145,r,17,50,0,0,262,9
grp-a001-02-000000061794145,r,99,234,1,1200,1217,20
grp-a001-02-000000061794152,h,00,298,0,0,2053,17
grp-a001-02-000000061794152,h,01,213,0,0,1509,15
grp-a001-02-000000061794152,h,02,98,0,0,763,17
grp-a001-02-000000061794152,h,03,85,0,0,579,11
grp-a001-02-000000061794152,h,04,71,0,0,419,11
grp-a001-02-000000061794152,h,05,92,0,0,511,11
grp-a001-02-000000061794152,h,06,133,0,0,753,12
grp-a001-02-000000061794152,h,07,163,0,0,1063,11
grp-a001-02-000000061794152,h,08,176,0,0,1048,11
grp-a001-02-000000061794152,h,09,173,0,0,1065,13
grp-a001-02-000000061794152,h,10,156,0,0,1205,13
grp-a001-02-000000061794152,h,11,189,0,0,1347,18
grp-a001-02-000000061794152,h,12,198,1,1190,1398,11
grp-a001-02-000000061794152,h,13,193,1,1200,1401,10
grp-a001-02-000000061794152,h,14,161,1,1200,1210,11
grp-a001-02-000000061794152,h,15,209,1,1180,1561,10
grp-a001-02-000000061794152,h,16,182,1,1200,1325,11
grp-a001-02-000000061794152,h,17,210,0,0,1677,11
grp-a001-02-000000061794152,h,18,230,0,0,1693,11
grp-a001-02-000000061794152,h,19,304,1,1190,2113,11
grp-a001-02-000000061794152,h,20,330,0,0,2419,14
grp-a001-02-000000061794152,h,21,360,0,0,2561,15
grp-a001-02-000000061794152,h,22,342,2,2280,2509,14
grp-a001-02-000000061794152,h,23,332,3,3210,2338,15
grp-a001-02-000000061794152,m,11068,62,0,0,574,12
grp-a001-02-000000061794152,m,27758,22,0,0,62,4
grp-a001-02-000000061794152,m,33421,2730,1,1190,18979,34
grp-a001-02-000000061794152,m,341893,156,0,0,525,18
grp-a001-02-000000061794152,m,341898,92,0,0,112,15
grp-a001-02-000000061794152,m,370822,7,1,1140,8,5
grp-a001-02-000000061794152,m,424040,2,0,0,24,2
grp-a001-02-000000061794152,m,556927,1,0,0,1,1
grp-a001-02-000000061794152,m,684926,540,4,4520,4033,19
grp-a001-02-000000061794152,m,684927,85,0,0,680,9
grp-a001-02-000000061794152,m,8753,1201,5,5800,9522,18
grp-a001-02-000000061794152,r,00,15,0,0,97,6
grp-a001-02-000000061794152,r,01,121,0,0,877,13
grp-a001-02-000000061794152,r,02,1000,1,1200,8002,23
grp-a001-02-000000061794152,r,03,143,1,1190,1174,15
grp-a001-02-000000061794152,r,04,160,1,1200,1246,15
grp-a001-02-000000061794152,r,05,89,0,0,663,13
grp-a001-02-000000061794152,r,06,127,0,0,1077,14
grp-a001-02-000000061794152,r,07,105,0,0,781,11
grp-a001-02-000000061794152,r,08,179,1,1200,1320,15
grp-a001-02-000000061794152,r,09,2071,2,2260,12672,31
grp-a001-02-000000061794152,r,10,67,0,0,525,11
grp-a001-02-000000061794152,r,11,166,1,940,1151,16
grp-a001-02-000000061794152,r,12,88,0,0,741,13
grp-a001-02-000000061794152,r,13,99,2,2330,705,13
grp-a001-02-000000061794152,r,14,26,0,0,222,8
grp-a001-02-000000061794152,r,15,146,1,1140,1079,15
grp-a001-02-000000061794152,r,16,99,1,1190,832,14
grp-a001-02-000000061794152,r,17,28,0,0,228,9
grp-a001-02-000000061794152,r,99,169,0,0,1128,13
grp-a001-02-000000061794155,h,00,340,2,1846,1537,48
grp-a001-02-000000061794155,h,01,229,0,0,935,45
grp-a001-02-000000061794155,h,02,176,0,0,859,44
grp-a001-02-000000061794155,h,03,171,0,0,755,40
grp-a001-02-000000061794155,h,04,134,0,0,461,36
grp-a001-02-000000061794155,h,05,134,0,0,595,34
grp-a001-02-000000061794155,h,06,208,0,0,875,36
grp-a001-02-000000061794155,h,07,200,0,0,973,40
grp-a001-02-000000061794155,h,08,223,0,0,862,47
grp-a001-02-000000061794155,h,09,250,2,1754,1098,43
grp-a001-02-000000061794155,h,10,246,1,907,1020,47
grp-a001-02-000000061794155,h,11,263,0,0,1148,54
grp-a001-02-000000061794155,h,12,231,0,0,989,49
grp-a001-02-000000061794155,h,13,218,0,0,939,42
grp-a001-02-000000061794155,h,14,200,0,0,911,43
grp-a001-02-000000061794155,h,15,298,0,0,1362,46
grp-a001-02-000000061794155,h,16,257,0,0,1125,40
grp-a001-02-000000061794155,h,17,222,1,1200,1030,47
grp-a001-02-000000061794155,h,18,291,0,0,1201,47
grp-a001-02-000000061794155,h,19,292,1,924,1236,45
grp-a001-02-000000061794155,h,20,343,0,0,1547,45
grp-a001-02-000000061794155,h,21,308,0,0,1377,44
grp-a001-02-000000061794155,h,22,379,1,746,1670,52
grp-a001-02-000000061794155,h,23,294,0,0,1484,48
grp-a001-02-000000061794155,m,11068,158,0,0,1132,48
grp-a001-02-000000061794155,m,27758,50,1,836,102,29
grp-a001-02-000000061794155,m,33421,4597,1,907,19736,60
grp-a001-02-000000061794155,m,341893,33,1,746,61,19
grp-a001-02-000000061794155,m,341898,16,0,0,22,12
grp-a001-02-000000061794155,m,370822,6,0,0,11,6
grp-a001-02-000000061794155,m,424040,4,0,0,23,3
grp-a001-02-000000061794155,m,684924,35,0,0,35,13
grp-a001-02-000000061794155,m,684925,7,0,0,7,3
grp-a001-02-000000061794155,m,684926,93,1,918,748,37
grp-a001-02-000000061794155,m,684927,44,0,0,337,18
grp-a001-02-000000061794155,m,805759,2,0,0,18,2
grp-a001-02-000000061794155,m,8753,862,4,3970,3757,58
grp-a001-02-000000061794155,r,00,34,0,0,162,13
grp-a001-02-000000061794155,r,01,49,0,0,331,24
grp-a001-02-000000061794155,r,02,651,5,4346,3468,54
grp-a001-02-000000061794155,r,03,102,0,0,544,31
grp-a001-02-000000061794155,r,04,72,1,1200,306,21
grp-a001-02-000000061794155,r,05,22,0,0,126,12
grp-a001-02-000000061794155,r,06,134,0,0,620,38
grp-a001-02-000000061794155,r,07,70,0,0,514,24
grp-a001-02-000000061794155,r,08,92,0,0,596,30
grp-a001-02-000000061794155,r,09,4073,1,907,15839,59
grp-a001-02-000000061794155,r,10,47,0,0,261,19
grp-a001-02-000000061794155,r,11,166,1,924,1039,38
grp-a001-02-000000061794155,r,12,38,0,0,245,18
grp-a001-02-000000061794155,r,13,34,0,0,242,17
grp-a001-02-000000061794155,r,14,14,0,0,63,9
grp-a001-02-000000061794155,r,15,136,0,0,709,33
grp-a001-02-000000061794155,r,16,55,0,0,284,19
grp-a001-02-000000061794155,r,17,16,0,0,56,4
grp-a001-02-000000061794155,r,99,102,0,0,584,32
grp-a001-02-000000061794157,h,00,1142,4,3852,6602,56
grp-a001-02-000000061794157,h,01,793,1,653,4550,53
grp-a001-02-000000061794157,h,02,606,1,452,3465,55
grp-a001-02-000000061794157,h,03,399,2,2011,2103,48
grp-a001-02-000000061794157,h,04,336,0,0,1542,46
grp-a001-02-000000061794157,h,05,441,0,0,2274,48
grp-a001-02-000000061794157,h,06,482,0,0,2624,48
grp-a001-02-000000061794157,h,07,531,0,0,2995,50
grp-a001-02-000000061794157,h,08,684,2,1384,3553,56
grp-a001-02-000000061794157,h,09,725,1,432,3688,56
grp-a001-02-000000061794157,h,10,823,4,4230,4941,57
grp-a001-02-000000061794157,h,11,973,0,0,5765,57
grp-a001-02-000000061794157,h,12,776,2,1695,4792,56
grp-a001-02-000000061794157,h,13,817,1,775,5521,58
grp-a001-02-000000061794157,h,14,764,0,0,5344,58
grp-a001-02-000000061794157,h,15,846,4,1769,5079,57
grp-a001-02-000000061794157,h,16,845,3,3319,4994,55
grp-a001-02-000000061794157,h,17,817,1,1200,5048,55
grp-a001-02-000000061794157,h,18,787,1,1200,4869,54
grp-a001-02-000000061794157,h,19,903,5,5373,5464,55
grp-a001-02-000000061794157,h,20,1056,2,1000,6253,55
grp-a001-02-000000061794157,h,21,1117,1,795,6965,56
grp-a001-02-000000061794157,h,22,1295,2,1550,8274,56
grp-a001-02-000000061794157,h,23,1218,3,1321,7451,55
grp-a001-02-000000061794157,m,11068,522,1,1200,3928,60
grp-a001-02-000000061794157,m,122876,243,1,249,1013,39
grp-a001-02-000000061794157,m,27758,161,0,0,318,44
grp-a001-02-000000061794157,m,33421,11635,6,6469,67491,60
grp-a001-02-000000061794157,m,341893,178,0,0,535,38
grp-a001-02-000000061794157,m,341898,42,0,0,87,21
grp-a001-02-000000061794157,m,370822,6,0,0,10,5
grp-a001-02-000000061794157,m,424040,1274,18,9443,3886,46
grp-a001-02-000000061794157,m,684924,112,0,0,112,28
grp-a001-02-000000061794157,m,684925,118,0,0,118,22
grp-a001-02-000000061794157,m,684926,1188,2,2350,12221,60
grp-a001-02-000000061794157,m,684927,289,3,3065,3247,54
grp-a001-02-000000061794157,m,787479,7,0,0,35,2
grp-a001-02-000000061794157,m,805760,4,0,0,22,3
grp-a001-02-000000061794157,m,8753,3397,9,10235,21133,60
grp-a001-02-000000061794157,r,00,100,0,0,642,33
grp-a001-02-000000061794157,r,01,330,0,0,2210,51
grp-a001-02-000000061794157,r,02,2977,11,9540,20269,60
grp-a001-02-000000061794157,r,03,451,2,1793,2933,51
grp-a001-02-000000061794157,r,04,452,4,3746,2942,55
grp-a001-02-000000061794157,r,05,341,2,912,2368,55
grp-a001-02-000000061794157,r,06,434,3,2360,2482,53
grp-a001-02-000000061794157,r,07,307,2,2400,2391,50
grp-a001-02-000000061794157,r,08,570,2,1740,3939,58
grp-a001-02-000000061794157,r,09,10219,6,3929,54649,60
grp-a001-02-000000061794157,r,10,207,0,0,1397,44
grp-a001-02-000000061794157,r,11,629,3,1491,4156,57
grp-a001-02-000000061794157,r,12,289,2,2290,1983,47
grp-a001-02-000000061794157,r,13,328,1,460,2135,47
grp-a001-02-000000061794157,r,14,102,0,0,702,37
grp-a001-02-000000061794157,r,15,463,0,0,2777,55
grp-a001-02-000000061794157,r,16,293,1,1150,1957,52
grp-a001-02-000000061794157,r,17,100,1,1200,690,33
grp-a001-02-000000061794157,r,99,584,0,0,3534,58
grp-a001-02-000000061794159,h,00,340,0,0,2349,41
grp-a001-02-000000061794159,h,01,173,0,0,1420,37
grp-a001-02-000000061794159,h,02,128,0,0,990,34
grp-a001-02-000000061794159,h,03,97,0,0,699,22
grp-a001-02-000000061794159,h,04,110,0,0,759,22
grp-a001-02-000000061794159,h,05,118,0,0,902,24
grp-a001-02-000000061794159,h,06,156,0,0,1175,24
grp-a001-02-000000061794159,h,07,111,0,0,919,21
grp-a001-02-000000061794159,h,08,132,0,0,999,24
grp-a001-02-000000061794159,h,09,146,0,0,1106,30
grp-a001-02-000000061794159,h,10,118,0,0,962,21
grp-a001-02-000000061794159,h,11,141,1,1200,1096,25
grp-a001-02-000000061794159,h,12,112,0,0,1042,18
grp-a001-02-000000061794159,h,13,126,0,0,1150,24
grp-a001-02-000000061794159,h,14,88,0,0,898,17
grp-a001-02-000000061794159,h,15,105,0,0,1148,23
grp-a001-02-000000061794159,h,16,106,0,0,927,24
grp-a001-02-000000061794159,h,17,101,0,0,1096,26
grp-a001-02-000000061794159,h,18,94,0,0,792,21
grp-a001-02-000000061794159,h,19,96,0,0,994,19
grp-a001-02-000000061794159,h,20,120,0,0,1151,24
grp-a001-02-000000061794159,h,21,148,0,0,1398,19
grp-a001-02-000000061794159,h,22,192,0,0,1810,28
grp-a001-02-000000061794159,h,23,181,0,0,1629,27
grp-a001-02-000000061794159,m,11068,59,0,0,784,21
grp-a001-02-000000061794159,m,27758,17,0,0,43,3
grp-a001-02-000000061794159,m,33421,2228,0,0,17987,49
grp-a001-02-000000061794159,m,341893,163,0,0,412,25
grp-a001-02-000000061794159,m,341898,25,0,0,43,14
grp-a001-02-000000061794159,m,370822,8,0,0,19,5
grp-a001-02-000000061794159,m,556927,3,0,0,3,3
grp-a001-02-000000061794159,m,684924,40,0,0,40,1
grp-a001-02-000000061794159,m,684925,12,0,0,12,1
grp-a001-02-000000061794159,m,684926,296,1,1200,4570,36
grp-a001-02-000000061794159,m,684927,83,0,0,1334,23
grp-a001-02-000000061794159,m,787479,6,0,0,78,3
grp-a001-02-000000061794159,m,8753,299,0,0,2086,32
grp-a001-02-000000061794159,r,00,10,0,0,63,4
grp-a001-02-000000061794159,r,01,36,0,0,401,12
grp-a001-02-000000061794159,r,02,427,0,0,4014,45
grp-a001-02-000000061794159,r,03,72,0,0,683,16
grp-a001-02-000000061794159,r,04,52,0,0,498,15
grp-a001-02-000000061794159,r,05,35,0,0,434,14
grp-a001-02-000000061794159,r,06,51,0,0,649,13
grp-a001-02-000000061794159,r,07,26,0,0,199,13
grp-a001-02-000000061794159,r,08,53,0,0,467,17
grp-a001-02-000000061794159,r,09,2083,0,0,16081,54
grp-a001-02-000000061794159,r,10,16,0,0,151,11
grp-a001-02-000000061794159,r,11,72,0,0,729,25
grp-a001-02-000000061794159,r,12,76,0,0,648,14
grp-a001-02-000000061794159,r,13,38,0,0,383,16
grp-a001-02-000000061794159,r,14,8,0,0,72,6
grp-a001-02-000000061794159,r,15,53,0,0,576,18
grp-a001-02-000000061794159,r,16,36,0,0,314,15
grp-a001-02-000000061794159,r,17,11,0,0,136,4
grp-a001-02-000000061794159,r,99,84,1,1200,913,22
grp-a001-02-000000061794162,h,00,264,1,120,1175,20
grp-a001-02-000000061794162,h,01,176,1,1190,752,17
grp-a001-02-000000061794162,h,02,79,1,120,268,15
grp-a001-02-000000061794162,h,03,60,0,0,306,11
grp-a001-02-000000061794162,h,04,62,0,0,348,11
grp-a001-02-000000061794162,h,05,52,0,0,316,10
grp-a001-02-000000061794162,h,06,65,1,1160,326,11
grp-a001-02-000000061794162,h,07,92,0,0,442,15
grp-a001-02-000000061794162,h,08,126,0,0,500,16
grp-a001-02-000000061794162,h,09,143,1,380,589,17
grp-a001-02-000000061794162,h,10,193,2,2320,729,21
grp-a001-02-000000061794162,h,11,218,3,390,675,16
grp-a001-02-000000061794162,h,12,228,0,0,752,17
grp-a001-02-000000061794162,h,13,245,1,150,1098,20
grp-a001-02-000000061794162,h,14,210,1,110,702,18
grp-a001-02-000000061794162,h,15,294,4,2990,906,17
grp-a001-02-000000061794162,h,16,251,3,1410,968,16
grp-a001-02-000000061794162,h,17,222,3,2880,801,16
grp-a001-02-000000061794162,h,18,215,2,1290,1035,19
grp-a001-02-000000061794162,h,19,231,0,0,798,17
grp-a001-02-000000061794162,h,20,307,0,0,1365,19
grp-a001-02-000000061794162,h,21,335,3,1981,1435,17
grp-a001-02-000000061794162,h,22,370,0,0,1490,16
grp-a001-02-000000061794162,h,23,336,1,120,1404,21
grp-a001-02-000000061794162,m,11068,67,0,0,518,9
grp-a001-02-000000061794162,m,122876,83,1,220,164,4
grp-a001-02-000000061794162,m,27758,22,0,0,32,6
grp-a001-02-000000061794162,m,33421,1165,2,2370,8012,23
grp-a001-02-000000061794162,m,341893,540,1,1200,1620,27
grp-a001-02-000000061794162,m,341898,314,2,1071,443,24
grp-a001-02-000000061794162,m,370822,27,0,0,42,9
grp-a001-02-000000061794162,m,424040,1036,14,2310,1036,4
grp-a001-02-000000061794162,m,556927,7,0,0,7,5
grp-a001-02-000000061794162,m,684924,96,0,0,96,7
grp-a001-02-000000061794162,m,684925,4,1,1170,4,2
grp-a001-02-000000061794162,m,684926,790,2,2400,4026,23
grp-a001-02-000000061794162,m,684927,110,0,0,604,18
grp-a001-02-000000061794162,m,805759,2,0,0,19,2
grp-a001-02-000000061794162,m,8753,511,5,5870,2557,15
grp-a001-02-000000061794162,r,00,38,0,0,151,13
grp-a001-02-000000061794162,r,01,118,0,0,434,16
grp-a001-02-000000061794162,r,02,1222,8,4860,4858,31
grp-a001-02-000000061794162,r,03,222,2,490,783,19
grp-a001-02-000000061794162,r,04,162,0,0,486,17
grp-a001-02-000000061794162,r,05,108,1,110,428,16
grp-a001-02-000000061794162,r,06,178,0,0,737,15
grp-a001-02-000000061794162,r,07,126,0,0,437,15
grp-a001-02-000000061794162,r,08,238,1,1160,894,17
grp-a001-02-000000061794162,r,09,1283,9,7540,6039,28
grp-a001-02-000000061794162,r,10,90,0,0,391,12
grp-a001-02-000000061794162,r,11,232,1,1170,660,19
grp-a001-02-000000061794162,r,12,108,0,0,428,13
grp-a001-02-000000061794162,r,13,117,0,0,456,17
grp-a001-02-000000061794162,r,14,21,1,120,67,11
grp-a001-02-000000061794162,r,15,157,2,711,634,14
grp-a001-02-000000061794162,r,16,123,2,340,530,16
grp-a001-02-000000061794162,r,17,27,0,0,56,10
grp-a001-02-000000061794162,r,99,204,1,110,711,19
grp-a001-02-000000061794163,h,00,262,0,0,1469,34
grp-a001-02-000000061794163,h,01,136,0,0,767,28
grp-a001-02-000000061794163,h,02,73,0,0,387,23
grp-a001-02-000000061794163,h,03,56,0,0,373,21
grp-a001-02-000000061794163,h,04,60,0,0,392,22
grp-a001-02-000000061794163,h,05,96,0,0,627,28
grp-a001-02-000000061794163,h,06,80,0,0,502,29
grp-a001-02-000000061794163,h,07,77,0,0,467,18
grp-a001-02-000000061794163,h,08,111,0,0,552,22
grp-a001-02-000000061794163,h,09,119,0,0,629,22
grp-a001-02-000000061794163,h,10,110,0,0,798,31
grp-a001-02-000000061794163,h,11,98,1,641,624,34
grp-a001-02-000000061794163,h,12,79,0,0,360,17
grp-a001-02-000000061794163,h,13,101,0,0,566,21
grp-a001-02-000000061794163,h,14,101,0,0,516,18
grp-a001-02-000000061794163,h,15,109,0,0,781,26
grp-a001-02-000000061794163,h,16,89,0,0,499,23
grp-a001-02-000000061794163,h,17,76,0,0,377,22
grp-a001-02-000000061794163,h,18,106,0,0,651,24
grp-a001-02-000000061794163,h,19,91,0,0,538,18
grp-a001-02-000000061794163,h,20,111,0,0,622,22
grp-a001-02-000000061794163,h,21,148,0,0,951,33
grp-a001-02-000000061794163,h,22,160,0,0,1178,33
grp-a001-02-000000061794163,h,23,145,0,0,1079,28
grp-a001-02-000000061794163,m,11068,65,0,0,693,27
grp-a001-02-000000061794163,m,27758,5,0,0,12,3
grp-a001-02-000000061794163,m,33421,1285,0,0,9620,49
grp-a001-02-000000061794163,m,341893,399,0,0,1221,13
grp-a001-02-000000061794163,m,341898,183,0,0,263,12
grp-a001-02-000000061794163,m,370822,30,0,0,46,9
grp-a001-02-000000061794163,m,556927,2,0,0,2,1
grp-a001-02-000000061794163,m,684924,9,0,0,9,3
grp-a001-02-000000061794163,m,684926,360,1,641,2106,39
grp-a001-02-000000061794163,m,684927,63,0,0,634,28
grp-a001-02-000000061794163,m,8753,193,0,0,1099,32
grp-a001-02-000000061794163,r,00,19,0,0,119,12
grp-a001-02-000000061794163,r,01,52,0,0,286,17
grp-a001-02-000000061794163,r,02,556,1,641,3583,48
grp-a001-02-000000061794163,r,03,66,0,0,360,19
grp-a001-02-000000061794163,r,04,54,0,0,316,18
grp-a001-02-000000061794163,r,05,42,0,0,172,16
grp-a001-02-000000061794163,r,06,62,0,0,296,17
grp-a001-02-000000061794163,r,07,55,0,0,302,17
grp-a001-02-000000061794163,r,08,123,0,0,598,23
grp-a001-02-000000061794163,r,09,1058,0,0,6515,47
grp-a001-02-000000061794163,r,10,43,0,0,256,13
grp-a001-02-000000061794163,r,11,121,0,0,862,30
grp-a001-02-000000061794163,r,12,40,0,0,199,14
grp-a001-02-000000061794163,r,13,38,0,0,182,16
grp-a001-02-000000061794163,r,14,13,0,0,120,8
grp-a001-02-000000061794163,r,15,98,0,0,658,27
grp-a001-02-000000061794163,r,16,37,0,0,238,13
grp-a001-02-000000061794163,r,17,10,0,0,24,4
grp-a001-02-000000061794163,r,99,107,0,0,619,22
grp-a001-02-000000061794165,h,00,173,1,900,1695,23
grp-a001-02-000000061794165,h,01,117,0,0,1243,23
grp-a001-02-000000061794165,h,02,56,0,0,505,17
grp-a001-02-000000061794165,h,03,48,0,0,431,12
grp-a001-02-000000061794165,h,04,48,1,1190,349,9
grp-a001-02-000000061794165,h,05,25,0,0,180,7
grp-a001-02-000000061794165,h,06,46,0,0,420,13
grp-a001-02-000000061794165,h,07,30,0,0,344,11
grp-a001-02-000000061794165,h,08,51,0,0,577,14
grp-a001-02-000000061794165,h,09,81,1,860,765,12
grp-a001-02-000000061794165,h,10,80,0,0,890,20
grp-a001-02-000000061794165,h,11,110,0,0,1127,33
grp-a001-02-000000061794165,h,12,90,0,0,896,21
grp-a001-02-000000061794165,h,13,67,0,0,809,20
grp-a001-02-000000061794165,h,14,64,0,0,847,17
grp-a001-02-000000061794165,h,15,65,2,1200,745,14
grp-a001-02-000000061794165,h,16,79,0,0,998,17
grp-a001-02-000000061794165,h,17,75,0,0,813,18
grp-a001-02-000000061794165,h,18,71,0,0,912,20
grp-a001-02-000000061794165,h,19,59,0,0,614,14
grp-a001-02-000000061794165,h,20,102,1,560,1326,20
grp-a001-02-000000061794165,h,21,133,0,0,1169,23
grp-a001-02-000000061794165,h,22,147,0,0,1618,24
grp-a001-02-000000061794165,h,23,144,1,900,1790,22
grp-a001-02-000000061794165,m,11068,73,1,900,1204,31
grp-a001-02-000000061794165,m,122876,4,0,0,42,1
grp-a001-02-000000061794165,m,27758,4,0,0,9,2
grp-a001-02-000000061794165,m,33421,873,1,560,9930,51
grp-a001-02-000000061794165,m,341893,161,1,700,467,11
grp-a001-02-000000061794165,m,341898,68,0,0,113,12
grp-a001-02-000000061794165,m,370822,16,1,500,31,8
grp-a001-02-000000061794165,m,424040,5,0,0,5,2
grp-a001-02-000000061794165,m,556927,2,0,0,2,1
grp-a001-02-000000061794165,m,684924,2,0,0,2,1
grp-a001-02-000000061794165,m,684925,1,0,0,1,1
grp-a001-02-000000061794165,m,684926,428,0,0,5659,21
grp-a001-02-000000061794165,m,684927,130,1,900,1831,18
grp-a001-02-000000061794165,m,787480,1,0,0,11,1
grp-a001-02-000000061794165,m,8753,193,2,2050,1756,31
grp-a001-02-000000061794165,r,00,7,0,0,64,5
grp-a001-02-000000061794165,r,01,54,1,1190,549,14
grp-a001-02-000000061794165,r,02,462,1,500,5126,45
grp-a001-02-000000061794165,r,03,69,0,0,796,21
grp-a001-02-000000061794165,r,04,52,1,900,486,15
grp-a001-02-000000061794165,r,05,41,1,860,400,15
grp-a001-02-000000061794165,r,06,55,0,0,702,18
grp-a001-02-000000061794165,r,07,45,0,0,536,16
grp-a001-02-000000061794165,r,08,76,0,0,682,20
grp-a001-02-000000061794165,r,09,679,2,1600,6837,37
grp-a001-02-000000061794165,r,10,12,0,0,211,10
grp-a001-02-000000061794165,r,11,72,0,0,1016,24
grp-a001-02-000000061794165,r,12,53,1,560,506,21
grp-a001-02-000000061794165,r,13,52,0,0,472,15
grp-a001-02-000000061794165,r,14,14,0,0,168,7
grp-a001-02-000000061794165,r,15,74,0,0,770,15
grp-a001-02-000000061794165,r,16,49,0,0,536,20
grp-a001-02-000000061794165,r,17,10,0,0,138,9
grp-a001-02-000000061794165,r,99,85,0,0,1068,22
grp-a001-02-000000061794167,h,00,604,4,2602,3447,49
grp-a001-02-000000061794167,h,01,355,2,280,2123,45
grp-a001-02-000000061794167,h,02,207,4,1880,1033,40
grp-a001-02-000000061794167,h,03,164,0,0,856,38
grp-a001-02-000000061794167,h,04,131,1,380,725,29
grp-a001-02-000000061794167,h,05,120,0,0,714,25
grp-a001-02-000000061794167,h,06,165,0,0,1050,31
grp-a001-02-000000061794167,h,07,170,0,0,1000,38
grp-a001-02-000000061794167,h,08,289,3,1170,1721,36
grp-a001-02-000000061794167,h,09,301,0,0,1662,38
grp-a001-02-000000061794167,h,10,344,4,1842,1912,40
grp-a001-02-000000061794167,h,11,395,7,1180,2191,49
grp-a001-02-000000061794167,h,12,390,3,390,1920,43
grp-a001-02-000000061794167,h,13,369,2,1570,1973,42
grp-a001-02-000000061794167,h,14,384,3,400,1956,44
grp-a001-02-000000061794167,h,15,438,2,720,2067,47
grp-a001-02-000000061794167,h,16,488,3,890,2474,45
grp-a001-02-000000061794167,h,17,477,3,1560,2152,46
grp-a001-02-000000061794167,h,18,445,4,1190,2357,48
grp-a001-02-000000061794167,h,19,458,3,440,2323,40
grp-a001-02-000000061794167,h,20,629,7,1510,3442,45
grp-a001-02-000000061794167,h,21,631,2,1093,3425,50
grp-a001-02-000000061794167,h,22,659,3,1193,3611,44
grp-a001-02-000000061794167,h,23,675,6,3884,4163,53
grp-a001-02-000000061794167,m,11068,207,1,940,2285,43
grp-a001-02-000000061794167,m,122876,226,3,1020,266,6
grp-a001-02-000000061794167,m,27758,69,1,1170,143,7
grp-a001-02-000000061794167,m,33421,2803,3,3013,22199,53
grp-a001-02-000000061794167,m,341893,933,2,1234,3230,54
grp-a001-02-000000061794167,m,341898,244,0,0,395,47
grp-a001-02-000000061794167,m,370822,43,0,0,84,22
grp-a001-02-000000061794167,m,424040,2111,49,11430,2221,6
grp-a001-02-000000061794167,m,556927,8,0,0,8,4
grp-a001-02-000000061794167,m,684924,27,0,0,27,6
grp-a001-02-000000061794167,m,684925,9,0,0,9,4
grp-a001-02-000000061794167,m,684926,985,5,3257,7285,60
grp-a001-02-000000061794167,m,684927,193,0,0,1695,49
grp-a001-02-000000061794167,m,787479,2,0,0,16,1
grp-a001-02-000000061794167,m,8753,1428,2,2110,10434,47
grp-a001-02-000000061794167,r,00,70,2,240,364,19
grp-a001-02-000000061794167,r,01,229,2,612,1294,43
grp-a001-02-000000061794167,r,02,2214,17,5910,12557,59
grp-a001-02-000000061794167,r,03,355,1,380,2007,44
grp-a001-02-000000061794167,r,04,336,1,140,1563,45
grp-a001-02-000000061794167,r,05,232,3,1010,1305,38
grp-a001-02-000000061794167,r,06,320,1,120,1683,43
grp-a001-02-000000061794167,r,07,242,1,120,1274,35
grp-a001-02-000000061794167,r,08,429,7,2271,2013,44
grp-a001-02-000000061794167,r,09,2739,10,3364,14724,58
grp-a001-02-000000061794167,r,10,161,0,0,840,30
grp-a001-02-000000061794167,r,11,424,6,3033,2282,51
grp-a001-02-000000061794167,r,12,212,3,1330,1081,35
grp-a001-02-000000061794167,r,13,217,0,0,1150,31
grp-a001-02-000000061794167,r,14,94,1,110,425,20
grp-a001-02-000000061794167,r,15,321,1,110,1899,43
grp-a001-02-000000061794167,r,16,245,5,2121,1311,41
grp-a001-02-000000061794167,r,17,74,1,380,324,20
grp-a001-02-000000061794167,r,99,374,4,2923,2201,45
grp-a001-02-000000061794170,h,00,182,0,0,1551,35
grp-a001-02-000000061794170,h,01,72,1,1000,637,24
grp-a001-02-000000061794170,h,02,40,0,0,337,12
grp-a001-02-000000061794170,h,03,26,0,0,258,9
grp-a001-02-000000061794170,h,04,46,0,0,283,7
grp-a001-02-000000061794170,h,05,23,0,0,219,8
grp-a001-02-000000061794170,h,06,48,0,0,509,18
grp-a001-02-000000061794170,h,07,80,0,0,776,20
grp-a001-02-000000061794170,h,08,79,1,1200,680,18
grp-a001-02-000000061794170,h,09,96,0,0,794,22
grp-a001-02-000000061794170,h,10,137,0,0,1236,24
grp-a001-02-000000061794170,h,11,198,0,0,1556,38
grp-a001-02-000000061794170,h,12,135,0,0,1228,24
grp-a001-02-000000061794170,h,13,155,1,1190,1284,23
grp-a001-02-000000061794170,h,14,105,0,0,801,17
grp-a001-02-000000061794170,h,15,125,0,0,1252,31
grp-a001-02-000000061794170,h,16,128,0,0,1155,22
grp-a001-02-000000061794170,h,17,120,0,0,1100,25
grp-a001-02-000000061794170,h,18,108,0,0,1006,22
grp-a001-02-000000061794170,h,19,111,1,770,1082,19
grp-a001-02-000000061794170,h,20,184,0,0,2071,32
grp-a001-02-000000061794170,h,21,190,0,0,1968,33
grp-a001-02-000000061794170,h,22,211,0,0,2385,38
grp-a001-02-000000061794170,h,23,189,0,0,2141,32
grp-a001-02-000000061794170,m,11068,93,0,0,1202,35
grp-a001-02-000000061794170,m,122876,4,0,0,7,4
grp-a001-02-000000061794170,m,27758,15,1,1190,38,2
grp-a001-02-000000061794170,m,33421,1601,1,770,15878,59
grp-a001-02-000000061794170,m,341893,66,0,0,206,10
grp-a001-02-000000061794170,m,341898,47,1,1000,72,9
grp-a001-02-000000061794170,m,370822,3,0,0,10,1
grp-a001-02-000000061794170,m,424040,5,0,0,8,4
grp-a001-02-000000061794170,m,684924,22,0,0,22,1
grp-a001-02-000000061794170,m,684925,12,0,0,12,1
grp-a001-02-000000061794170,m,684926,416,0,0,5260,28
grp-a001-02-000000061794170,m,684927,94,0,0,1154,16
grp-a001-02-000000061794170,m,787478,1,0,0,1,1
grp-a001-02-000000061794170,m,787479,6,0,0,28,4
grp-a001-02-000000061794170,m,787480,1,0,0,10,1
grp-a001-02-000000061794170,m,805760,1,0,0,7,1
grp-a001-02-000000061794170,m,8753,401,1,1200,2394,40
grp-a001-02-000000061794170,r,00,9,0,0,103,7
grp-a001-02-000000061794170,r,01,57,0,0,702,23
grp-a001-02-000000061794170,r,02,653,0,0,6427,49
grp-a001-02-000000061794170,r,03,130,1,770,1145,27
grp-a001-02-000000061794170,r,04,138,0,0,1123,27
grp-a001-02-000000061794170,r,05,92,0,0,978,24
grp-a001-02-000000061794170,r,06,114,0,0,964,22
grp-a001-02-000000061794170,r,07,123,0,0,914,25
grp-a001-02-000000061794170,r,08,128,1,1190,1316,32
grp-a001-02-000000061794170,r,09,745,0,0,6713,50
grp-a001-02-000000061794170,r,10,36,1,1000,410,14
grp-a001-02-000000061794170,r,11,106,1,1200,1066,34
grp-a001-02-000000061794170,r,12,86,0,0,754,28
grp-a001-02-000000061794170,r,13,56,0,0,654,16
grp-a001-02-000000061794170,r,14,13,0,0,93,6
grp-a001-02-000000061794170,r,15,85,0,0,851,25
grp-a001-02-000000061794170,r,16,57,0,0,467,19
grp-a001-02-000000061794170,r,17,26,0,0,345,12
grp-a001-02-000000061794170,r,99,134,0,0,1284,25
grp-a001-02-000000061794172,h,00,336,0,0,2319,41
grp-a001-02-000000061794172,h,01,183,0,0,1104,28
grp-a001-02-000000061794172,h,02,94,0,0,665,27
grp-a001-02-000000061794172,h,03,128,0,0,910,30
grp-a001-02-000000061794172,h,04,134,0,0,932,26
grp-a001-02-000000061794172,h,05,149,0,0,978,35
grp-a001-02-000000061794172,h,06,167,0,0,915,36
grp-a001-02-000000061794172,h,07,171,0,0,1181,32
grp-a001-02-000000061794172,h,08,152,0,0,877,30
grp-a001-02-000000061794172,h,09,148,1,1200,1016,34
grp-a001-02-000000061794172,h,10,160,0,0,1357,37
grp-a001-02-000000061794172,h,11,227,0,0,1716,45
grp-a001-02-000000061794172,h,12,144,0,0,1118,36
grp-a001-02-000000061794172,h,13,196,0,0,1263,34
grp-a001-02-000000061794172,h,14,219,1,600,1349,37
grp-a001-02-000000061794172,h,15,243,0,0,1350,40
grp-a001-02-000000061794172,h,16,276,1,820,1741,40
grp-a001-02-000000061794172,h,17,213,2,1840,1628,39
grp-a001-02-000000061794172,h,18,207,1,1200,1336,35
grp-a001-02-000000061794172,h,19,258,0,0,1834,44
grp-a001-02-000000061794172,h,20,318,0,0,1972,39
grp-a001-02-000000061794172,h,21,311,0,0,2091,44
grp-a001-02-000000061794172,h,22,385,1,1200,2481,45
grp-a001-02-000000061794172,h,23,372,0,0,2416,43
grp-a001-02-000000061794172,m,11068,152,0,0,1350,40
grp-a001-02-000000061794172,m,27758,8,0,0,21,2
grp-a001-02-000000061794172,m,33421,3350,1,640,24796,56
grp-a001-02-000000061794172,m,341893,345,0,0,1083,18
grp-a001-02-000000061794172,m,341898,124,1,600,198,13
grp-a001-02-000000061794172,m,370822,14,1,820,41,7
grp-a001-02-000000061794172,m,556927,3,0,0,3,2
grp-a001-02-000000061794172,m,684924,79,1,1200,79,5
grp-a001-02-000000061794172,m,684925,46,1,1200,46,2
grp-a001-02-000000061794172,m,684926,348,0,0,2638,43
grp-a001-02-000000061794172,m,684927,71,0,0,725,26
grp-a001-02-000000061794172,m,787479,4,0,0,64,3
grp-a001-02-000000061794172,m,8753,647,2,2400,3505,32
grp-a001-02-000000061794172,r,00,22,0,0,142,13
grp-a001-02-000000061794172,r,01,69,0,0,471,13
grp-a001-02-000000061794172,r,02,950,2,2400,6171,55
grp-a001-02-000000061794172,r,03,141,0,0,961,29
grp-a001-02-000000061794172,r,04,111,0,0,597,16
grp-a001-02-000000061794172,r,05,94,0,0,562,19
grp-a001-02-000000061794172,r,06,159,0,0,839,33
grp-a001-02-000000061794172,r,07,61,0,0,360,18
grp-a001-02-000000061794172,r,08,154,1,1200,951,29
grp-a001-02-000000061794172,r,09,2408,2,2020,16912,56
grp-a001-02-000000061794172,r,10,57,1,640,409,15
grp-a001-02-000000061794172,r,11,273,0,0,1684,40
grp-a001-02-000000061794172,r,12,105,0,0,666,21
grp-a001-02-000000061794172,r,13,74,0,0,531,17
grp-a001-02-000000061794172,r,14,24,1,600,146,8
grp-a001-02-000000061794172,r,15,228,0,0,1496,36
grp-a001-02-000000061794172,r,16,82,0,0,491,19
grp-a001-02-000000061794172,r,17,15,0,0,91,7
grp-a001-02-000000061794172,r,99,164,0,0,1069,25
grp-a001-02-000000061794176,h,00,544,0,0,4259,31
grp-a001-02-000000061794176,h,01,290,0,0,2332,21
grp-a001-02-000000061794176,h,02,159,0,0,1282,17
grp-a001-02-000000061794176,h,03,122,0,0,957,15
grp-a001-02-000000061794176,h,04,85,0,0,628,13
grp-a001-02-000000061794176,h,05,84,0,0,645,12
grp-a001-02-000000061794176,h,06,136,0,0,1086,19
grp-a001-02-000000061794176,h,07,200,0,0,1423,16
grp-a001-02-000000061794176,h,08,232,0,0,1763,14
grp-a001-02-000000061794176,h,09,262,0,0,1859,17
grp-a001-02-000000061794176,h,10,352,0,0,2760,28
grp-a001-02-000000061794176,h,11,373,0,0,2629,29
grp-a001-02-000000061794176,h,12,354,1,1130,2933,17
grp-a001-02-000000061794176,h,13,377,0,0,2997,23
grp-a001-02-000000061794176,h,14,309,0,0,2458,24
grp-a001-02-000000061794176,h,15,389,1,1200,2690,22
grp-a001-02-000000061794176,h,16,520,1,1080,3447,23
grp-a001-02-000000061794176,h,17,488,2,2400,3522,25
grp-a001-02-000000061794176,h,18,402,3,2978,2878,17
grp-a001-02-000000061794176,h,19,425,1,1130,3105,20
grp-a001-02-000000061794176,h,20,688,0,0,5130,29
grp-a001-02-000000061794176,h,21,688,2,2400,4982,27
grp-a001-02-000000061794176,h,22,824,2,2400,6321,28
grp-a001-02-000000061794176,h,23,599,1,960,4551,23
grp-a001-02-000000061794176,m,11068,255,2,1848,2575,28
grp-a001-02-000000061794176,m,27758,68,0,0,173,7
grp-a001-02-000000061794176,m,33421,3930,4,4730,28202,51
grp-a001-02-000000061794176,m,341893,281,1,1200,752,25
grp-a001-02-000000061794176,m,341898,94,0,0,131,16
grp-a001-02-000000061794176,m,370822,5,0,0,8,5
grp-a001-02-000000061794176,m,684924,41,0,0,41,5
grp-a001-02-000000061794176,m,684925,47,0,0,47,3
grp-a001-02-000000061794176,m,684926,1559,0,0,14968,38
grp-a001-02-000000061794176,m,684927,297,0,0,3245,26
grp-a001-02-000000061794176,m,787479,7,0,0,47,5
grp-a001-02-000000061794176,m,787480,1,0,0,12,1
grp-a001-02-000000061794176,m,8753,2317,7,7900,16436,35
grp-a001-02-000000061794176,r,00,27,0,0,172,13
grp-a001-02-000000061794176,r,01,227,0,0,1827,19
grp-a001-02-000000061794176,r,02,2289,6,6388,17911,47
grp-a001-02-000000061794176,r,03,368,0,0,2757,28
grp-a001-02-000000061794176,r,04,361,0,0,2580,21
grp-a001-02-000000061794176,r,05,278,1,1130,2272,19
grp-a001-02-000000061794176,r,06,325,0,0,2274,19
grp-a001-02-000000061794176,r,07,280,0,0,2035,18
grp-a001-02-000000061794176,r,08,394,1,1200,3054,20
grp-a001-02-000000061794176,r,09,2294,4,4560,16503,45
grp-a001-02-000000061794176,r,10,168,0,0,1136,15
grp-a001-02-000000061794176,r,11,360,0,0,2712,29
grp-a001-02-000000061794176,r,12,228,0,0,1688,21
grp-a001-02-000000061794176,r,13,246,1,1200,1870,18
grp-a001-02-000000061794176,r,14,56,0,0,428,11
grp-a001-02-000000061794176,r,15,318,0,0,2260,23
grp-a001-02-000000061794176,r,16,231,0,0,1674,20
grp-a001-02-000000061794176,r,17,52,0,0,441,10
grp-a001-02-000000061794176,r,99,400,1,1200,3043,26
grp-a001-02-000000061794179,h,00,272,0,0,2063,32
grp-a001-02-000000061794179,h,01,161,0,0,1252,27
grp-a001-02-000000061794179,h,02,83,0,0,665,22
grp-a001-02-000000061794179,h,03,75,0,0,697,21
grp-a001-02-000000061794179,h,04,73,0,0,531,16
grp-a001-02-000000061794179,h,05,55,0,0,408,11
grp-a001-02-000000061794179,h,06,80,0,0,645,21
grp-a001-02-000000061794179,h,07,79,0,0,663,17
grp-a001-02-000000061794179,h,08,88,0,0,696,18
grp-a001-02-000000061794179,h,09,105,0,0,853,23
grp-a001-02-000000061794179,h,10,142,0,0,1311,29
grp-a001-02-000000061794179,h,11,155,0,0,1415,29
grp-a001-02-000000061794179,h,12,138,0,0,1226,24
grp-a001-02-000000061794179,h,13,126,0,0,1142,22
grp-a001-02-000000061794179,h,14,93,0,0,887,25
grp-a001-02-000000061794179,h,15,130,0,0,1005,25
grp-a001-02-000000061794179,h,16,128,1,870,1068,26
grp-a001-02-000000061794179,h,17,131,0,0,1093,24
grp-a001-02-000000061794179,h,18,137,0,0,1025,21
grp-a001-02-000000061794179,h,19,142,0,0,1136,22
grp-a001-02-000000061794179,h,20,175,0,0,1525,27
grp-a001-02-000000061794179,h,21,177,2,1250,1356,29
grp-a001-02-000000061794179,h,22,236,0,0,1833,29
grp-a001-02-000000061794179,h,23,224,2,1430,1732,26
grp-a001-02-000000061794179,m,11068,88,0,0,1680,29
grp-a001-02-000000061794179,m,27758,10,0,0,23,2
grp-a001-02-000000061794179,m,33421,1077,0,0,11678,53
grp-a001-02-000000061794179,m,341893,696,2,1100,2136,22
grp-a001-02-000000061794179,m,341898,258,0,0,416,18
grp-a001-02-000000061794179,m,370822,38,0,0,106,12
grp-a001-02-000000061794179,m,684924,4,0,0,4,1
grp-a001-02-000000061794179,m,684925,2,0,0,2,1
grp-a001-02-000000061794179,m,684926,559,2,1750,5278,41
grp-a001-02-000000061794179,m,684927,146,1,700,1691,31
grp-a001-02-000000061794179,m,787479,2,0,0,54,2
grp-a001-02-000000061794179,m,787480,1,0,0,15,1
grp-a001-02-000000061794179,m,8753,324,0,0,3144,36
grp-a001-02-000000061794179,r,00,18,0,0,191,12
grp-a001-02-000000061794179,r,01,80,0,0,613,21
grp-a001-02-000000061794179,r,02,716,3,2120,6206,48
grp-a001-02-000000061794179,r,03,144,1,550,1230,25
grp-a001-02-000000061794179,r,04,94,0,0,769,24
grp-a001-02-000000061794179,r,05,106,0,0,958,24
grp-a001-02-000000061794179,r,06,105,0,0,760,22
grp-a001-02-000000061794179,r,07,117,0,0,822,22
grp-a001-02-000000061794179,r,08,127,0,0,1123,30
grp-a001-02-000000061794179,r,09,889,0,0,6789,50
grp-a001-02-000000061794179,r,10,51,0,0,494,19
grp-a001-02-000000061794179,r,11,147,0,0,1185,32
grp-a001-02-000000061794179,r,12,90,0,0,734,26
grp-a001-02-000000061794179,r,13,89,0,0,726,19
grp-a001-02-000000061794179,r,14,26,0,0,250,8
grp-a001-02-000000061794179,r,15,114,0,0,857,26
grp-a001-02-000000061794179,r,16,102,0,0,917,23
grp-a001-02-000000061794179,r,17,14,0,0,107,10
grp-a001-02-000000061794179,r,99,176,1,880,1496,31
grp-a001-02-000000061794180,h,00,89,1,540,483,14
grp-a001-02-000000061794180,h,01,51,0,0,285,10
grp-a001-02-000000061794180,h,02,27,0,0,125,11
grp-a001-02-000000061794180,h,03,17,0,0,122,9
grp-a001-02-000000061794180,h,04,10,0,0,32,5
grp-a001-02-000000061794180,h,05,5,0,0,43,4
grp-a001-02-000000061794180,h,06,9,0,0,50,5
grp-a001-02-000000061794180,h,07,14,0,0,46,4
grp-a001-02-000000061794180,h,08,34,0,0,161,12
grp-a001-02-000000061794180,h,09,32,0,0,126,11
grp-a001-02-000000061794180,h,10,43,1,539,344,12
grp-a001-02-000000061794180,h,11,38,0,0,177,14
grp-a001-02-000000061794180,h,12,59,0,0,399,16
grp-a001-02-000000061794180,h,13,54,0,0,245,10
grp-a001-02-000000061794180,h,14,36,0,0,243,12
grp-a001-02-000000061794180,h,15,47,0,0,191,10
grp-a001-02-000000061794180,h,16,59,1,610,251,14
grp-a001-02-000000061794180,h,17,39,0,0,208,12
grp-a001-02-000000061794180,h,18,43,1,510,180,9
grp-a001-02-000000061794180,h,19,46,0,0,150,11
grp-a001-02-000000061794180,h,20,65,0,0,338,13
grp-a001-02-000000061794180,h,21,88,1,430,378,17
grp-a001-02-000000061794180,h,22,91,0,0,519,14
grp-a001-02-000000061794180,h,23,97,0,0,492,16
grp-a001-02-000000061794180,m,11068,10,0,0,321,5
grp-a001-02-000000061794180,m,33421,101,0,0,1854,20
grp-a001-02-000000061794180,m,341893,544,3,1579,2132,21
grp-a001-02-000000061794180,m,341898,173,2,1050,276,16
grp-a001-02-000000061794180,m,370822,13,0,0,20,5
grp-a001-02-000000061794180,m,684926,200,0,0,629,17
grp-a001-02-000000061794180,m,684927,33,0,0,159,10
grp-a001-02-000000061794180,m,787479,1,0,0,23,1
grp-a001-02-000000061794180,m,8753,18,0,0,174,9
grp-a001-02-000000061794180,r,00,7,0,0,46,5
grp-a001-02-000000061794180,r,01,31,0,0,204,14
grp-a001-02-000000061794180,r,02,317,2,940,1639,23
grp-a001-02-000000061794180,r,03,55,0,0,316,12
grp-a001-02-000000061794180,r,04,41,0,0,170,13
grp-a001-02-000000061794180,r,05,28,0,0,205,10
grp-a001-02-000000061794180,r,06,43,0,0,188,16
grp-a001-02-000000061794180,r,07,22,1,539,159,8
grp-a001-02-000000061794180,r,08,52,0,0,223,18
grp-a001-02-000000061794180,r,09,246,0,0,1253,22
grp-a001-02-000000061794180,r,10,25,0,0,119,8
grp-a001-02-000000061794180,r,11,46,0,0,205,13
grp-a001-02-000000061794180,r,12,26,0,0,197,13
grp-a001-02-000000061794180,r,13,29,0,0,126,11
grp-a001-02-000000061794180,r,14,12,0,0,60,5
grp-a001-02-000000061794180,r,15,39,0,0,190,10
grp-a001-02-000000061794180,r,16,20,1,610,93,10
grp-a001-02-000000061794180,r,17,6,0,0,8,4
grp-a001-02-000000061794180,r,99,48,1,540,187,13
grp-a001-02-000000061794181,h,00,555,1,1190,3199,43
grp-a001-02-000000061794181,h,01,326,0,0,1869,35
grp-a001-02-000000061794181,h,02,109,0,0,647,24
grp-a001-02-000000061794181,h,03,71,0,0,533,21
grp-a001-02-000000061794181,h,04,49,0,0,334,16
grp-a001-02-000000061794181,h,05,70,0,0,417,16
grp-a001-02-000000061794181,h,06,111,0,0,738,22
grp-a001-02-000000061794181,h,07,214,0,0,1287,28
grp-a001-02-000000061794181,h,08,300,3,3022,1539,32
grp-a001-02-000000061794181,h,09,243,0,0,1368,28
grp-a001-02-000000061794181,h,10,309,1,1200,1996,40
grp-a001-02-000000061794181,h,11,311,1,1200,1977,39
grp-a001-02-000000061794181,h,12,343,1,1190,1966,30
grp-a001-02-000000061794181,h,13,417,0,0,2252,33
grp-a001-02-000000061794181,h,14,358,1,1200,2153,34
grp-a001-02-000000061794181,h,15,346,0,0,2011,28
grp-a001-02-000000061794181,h,16,357,1,1190,1995,35
grp-a001-02-000000061794181,h,17,402,0,0,2354,32
grp-a001-02-000000061794181,h,18,357,1,1170,2168,27
grp-a001-02-000000061794181,h,19,493,1,1200,2933,30
grp-a001-02-000000061794181,h,20,585,2,2400,3374,28
grp-a001-02-000000061794181,h,21,572,1,1200,3661,34
grp-a001-02-000000061794181,h,22,708,0,0,4455,40
grp-a001-02-000000061794181,h,23,596,0,0,3888,40
grp-a001-02-000000061794181,m,11068,206,0,0,1488,37
grp-a001-02-000000061794181,m,27758,62,0,0,108,11
grp-a001-02-000000061794181,m,33421,3098,8,9042,21650,54
grp-a001-02-000000061794181,m,341893,480,0,0,1528,37
grp-a001-02-000000061794181,m,341898,162,0,0,243,23
grp-a001-02-000000061794181,m,370822,26,0,0,51,13
grp-a001-02-000000061794181,m,556927,1,0,0,1,1
grp-a001-02-000000061794181,m,684924,122,0,0,122,8
grp-a001-02-000000061794181,m,684925,252,1,1190,252,10
grp-a001-02-000000061794181,m,684926,885,1,1200,6139,51
grp-a001-02-000000061794181,m,684927,185,0,0,1699,43
grp-a001-02-000000061794181,m,787478,1,0,0,2,1
grp-a001-02-000000061794181,m,787479,4,0,0,22,2
grp-a001-02-000000061794181,m,805760,1,0,0,6,1
grp-a001-02-000000061794181,m,8753,2717,4,4730,15803,43
grp-a001-02-000000061794181,r,00,69,1,682,364,17
grp-a001-02-000000061794181,r,01,237,0,0,1510,24
grp-a001-02-000000061794181,r,02,2243,3,3600,13750,57
grp-a001-02-000000061794181,r,03,347,0,0,1995,34
grp-a001-02-000000061794181,r,04,313,0,0,1802,32
grp-a001-02-000000061794181,r,05,185,0,0,1088,26
grp-a001-02-000000061794181,r,06,314,0,0,1874,32
grp-a001-02-000000061794181,r,07,232,1,1200,1306,28
grp-a001-02-000000061794181,r,08,412,1,1200,2693,36
grp-a001-02-000000061794181,r,09,1780,2,2330,10383,56
grp-a001-02-000000061794181,r,10,152,1,1200,851,16
grp-a001-02-000000061794181,r,11,467,2,2380,2839,40
grp-a001-02-000000061794181,r,12,176,1,1200,1076,19
grp-a001-02-000000061794181,r,13,217,0,0,1248,26
grp-a001-02-000000061794181,r,14,47,0,0,253,13
grp-a001-02-000000061794181,r,15,310,0,0,1966,29
grp-a001-02-000000061794181,r,16,217,2,2370,1371,24
grp-a001-02-000000061794181,r,17,66,0,0,364,15
grp-a001-02-000000061794181,r,99,418,0,0,2381,37
grp-a001-02-000000061794184,h,00,384,1,693,2521,42
grp-a001-02-000000061794184,h,01,242,0,0,1728,35
grp-a001-02-000000061794184,h,02,132,0,0,1115,34
grp-a001-02-000000061794184,h,03,80,0,0,624,25
grp-a001-02-000000061794184,h,04,40,0,0,384,19
grp-a001-02-000000061794184,h,05,43,0,0,359,21
grp-a001-02-000000061794184,h,06,63,0,0,570,30
grp-a001-02-000000061794184,h,07,88,0,0,674,22
grp-a001-02-000000061794184,h,08,156,0,0,1295,30
grp-a001-02-000000061794184,h,09,168,1,1170,1297,33
grp-a001-02-000000061794184,h,10,184,0,0,1647,37
grp-a001-02-000000061794184,h,11,179,0,0,1585,34
grp-a001-02-000000061794184,h,12,178,0,0,1535,34
grp-a001-02-000000061794184,h,13,177,0,0,1540,32
grp-a001-02-000000061794184,h,14,188,1,430,1709,40
grp-a001-02-000000061794184,h,15,157,1,693,1271,36
grp-a001-02-000000061794184,h,16,182,0,0,1535,37
grp-a001-02-000000061794184,h,17,197,2,1214,1731,38
grp-a001-02-000000061794184,h,18,195,0,0,1921,36
grp-a001-02-000000061794184,h,19,196,1,693,1720,37
grp-a001-02-000000061794184,h,20,244,1,455,1977,40
grp-a001-02-000000061794184,h,21,257,1,750,2213,41
grp-a001-02-000000061794184,h,22,353,1,631,3129,41
grp-a001-02-000000061794184,h,23,304,0,0,2593,39
grp-a001-02-000000061794184,m,11068,83,0,0,1543,34
grp-a001-02-000000061794184,m,33421,862,0,0,12065,58
grp-a001-02-000000061794184,m,341893,1419,4,2080,5068,38
grp-a001-02-000000061794184,m,341898,357,1,693,482,34
grp-a001-02-000000061794184,m,370822,62,0,0,123,21
grp-a001-02-000000061794184,m,556927,3,0,0,3,2
grp-a001-02-000000061794184,m,684924,1,0,0,1,1
grp-a001-02-000000061794184,m,684926,949,1,750,11631,39
grp-a001-02-000000061794184,m,684927,207,1,650,3140,24
grp-a001-02-000000061794184,m,787479,3,0,0,36,3
grp-a001-02-000000061794184,m,8753,441,3,2556,2581,54
grp-a001-02-000000061794184,r,00,56,0,0,405,19
grp-a001-02-000000061794184,r,01,127,0,0,1144,29
grp-a001-02-000000061794184,r,02,1150,4,2328,9794,56
grp-a001-02-000000061794184,r,03,210,0,0,2036,38
grp-a001-02-000000061794184,r,04,155,0,0,1208,36
grp-a001-02-000000061794184,r,05,122,0,0,1180,35
grp-a001-02-000000061794184,r,06,162,0,0,1234,29
grp-a001-02-000000061794184,r,07,119,0,0,1043,28
grp-a001-02-000000061794184,r,08,242,0,0,1777,42
grp-a001-02-000000061794184,r,09,1048,1,693,9145,59
grp-a001-02-000000061794184,r,10,68,1,693,458,24
grp-a001-02-000000061794184,r,11,197,1,631,1394,40
grp-a001-02-000000061794184,r,12,106,1,1170,876,29
grp-a001-02-000000061794184,r,13,140,0,0,1106,35
grp-a001-02-000000061794184,r,14,29,0,0,233,13
grp-a001-02-000000061794184,r,15,129,1,650,858,29
grp-a001-02-000000061794184,r,16,96,0,0,792,30
grp-a001-02-000000061794184,r,17,37,0,0,190,14
grp-a001-02-000000061794184,r,99,194,1,564,1800,35
grp-a001-02-000000061794187,h,00,396,1,1200,2202,36
grp-a001-02-000000061794187,h,01,255,0,0,1634,27
grp-a001-02-000000061794187,h,02,169,0,0,1063,29
grp-a001-02-000000061794187,h,03,67,0,0,445,18
grp-a001-02-000000061794187,h,04,71,0,0,579,15
grp-a001-02-000000061794187,h,05,43,0,0,444,15
grp-a001-02-000000061794187,h,06,60,0,0,375,16
grp-a001-02-000000061794187,h,07,84,0,0,737,16
grp-a001-02-000000061794187,h,08,143,0,0,975,28
grp-a001-02-000000061794187,h,09,200,0,0,1397,25
grp-a001-02-000000061794187,h,10,199,1,890,1596,26
grp-a001-02-000000061794187,h,11,197,0,0,1356,27
grp-a001-02-000000061794187,h,12,210,0,0,1604,26
grp-a001-02-000000061794187,h,13,192,0,0,1483,27
grp-a001-02-000000061794187,h,14,185,2,1400,1495,35
grp-a001-02-000000061794187,h,15,176,0,0,1489,28
grp-a001-02-000000061794187,h,16,194,0,0,1302,29
grp-a001-02-000000061794187,h,17,188,0,0,1792,32
grp-a001-02-000000061794187,h,18,165,1,800,1512,30
grp-a001-02-000000061794187,h,19,188,0,0,1689,28
grp-a001-02-000000061794187,h,20,302,0,0,2281,34
grp-a001-02-000000061794187,h,21,335,0,0,2396,30
grp-a001-02-000000061794187,h,22,390,1,1000,2568,32
grp-a001-02-000000061794187,h,23,476,0,0,2925,35
grp-a001-02-000000061794187,m,11068,145,0,0,1693,39
grp-a001-02-000000061794187,m,27758,34,0,0,56,7
grp-a001-02-000000061794187,m,33421,1401,1,510,14998,58
grp-a001-02-000000061794187,m,341893,997,0,0,1861,15
grp-a001-02-000000061794187,m,341898,308,0,0,342,14
grp-a001-02-000000061794187,m,370822,62,0,0,84,10
grp-a001-02-000000061794187,m,684924,40,0,0,40,4
grp-a001-02-000000061794187,m,684925,20,0,0,20,6
grp-a001-02-000000061794187,m,684926,953,1,1000,9267,40
grp-a001-02-000000061794187,m,684927,194,1,800,2532,37
grp-a001-02-000000061794187,m,787479,3,0,0,45,2
grp-a001-02-000000061794187,m,8753,728,3,2980,4401,54
grp-a001-02-000000061794187,r,00,65,0,0,406,19
grp-a001-02-000000061794187,r,01,117,0,0,946,19
grp-a001-02-000000061794187,r,02,1275,2,1780,8874,54
grp-a001-02-000000061794187,r,03,226,0,0,1443,30
grp-a001-02-000000061794187,r,04,174,1,1000,1339,24
grp-a001-02-000000061794187,r,05,133,0,0,990,22
grp-a001-02-000000061794187,r,06,159,1,1200,849,19
grp-a001-02-000000061794187,r,07,128,0,0,869,22
grp-a001-02-000000061794187,r,08,272,0,0,1826,32
grp-a001-02-000000061794187,r,09,1173,1,800,9092,57
grp-a001-02-000000061794187,r,10,61,0,0,420,18
grp-a001-02-000000061794187,r,11,236,1,510,1719,42
grp-a001-02-000000061794187,r,12,152,0,0,923,23
grp-a001-02-000000061794187,r,13,118,0,0,844,28
grp-a001-02-000000061794187,r,14,63,0,0,551,14
grp-a001-02-000000061794187,r,15,171,0,0,1288,26
grp-a001-02-000000061794187,r,16,120,0,0,982,19
grp-a001-02-000000061794187,r,17,22,0,0,164,11
grp-a001-02-000000061794187,r,99,220,0,0,1814,24
grp-a001-02-000000062947038,h,00,819,12,20008,5649,79
grp-a001-02-000000062947038,h,01,415,5,8596,2474,69
grp-a001-02-000000062947038,h,02,233,4,6912,2433,65
grp-a001-02-000000062947038,h,03,181,0,0,2075,57
grp-a001-02-000000062947038,h,04,130,1,1920,949,44
grp-a001-02-000000062947038,h,05,192,2,3446,2174,59
grp-a001-02-000000062947038,h,06,239,1,1743,2038,68
grp-a001-02-000000062947038,h,07,447,6,9765,2687,76
grp-a001-02-000000062947038,h,08,568,7,9875,4350,80
grp-a001-02-000000062947038,h,09,694,13,20686,3514,80
grp-a001-02-000000062947038,h,10,748,17,28329,4103,81
grp-a001-02-000000062947038,h,11,867,20,33850,4792,87
grp-a001-02-000000062947038,h,12,804,15,25835,4516,80
grp-a001-02-000000062947038,h,13,979,17,27825,5459,82
grp-a001-02-000000062947038,h,14,1019,13,22006,6076,86
grp-a001-02-000000062947038,h,15,907,21,35315,5522,84
grp-a001-02-000000062947038,h,16,866,14,23711,4849,81
grp-a001-02-000000062947038,h,17,971,21,35325,5271,87
grp-a001-02-000000062947038,h,18,850,14,23447,4710,88
grp-a001-02-000000062947038,h,19,908,18,30351,4868,91
grp-a001-02-000000062947038,h,20,1007,23,38717,5795,91
grp-a001-02-000000062947038,h,21,1058,22,36898,5991,95
grp-a001-02-000000062947038,h,22,989,25,42650,5338,91
grp-a001-02-000000062947038,h,23,979,15,24815,5675,82
grp-a001-02-000000062947038,m,11068,842,3,5626,5506,72
grp-a001-02-000000062947038,m,27758,1244,44,74970,2459,54
grp-a001-02-000000062947038,m,33421,2174,11,16702,23480,92
grp-a001-02-000000062947038,m,341893,1621,10,14547,8764,126
grp-a001-02-000000062947038,m,341898,443,1,1628,801,86
grp-a001-02-000000062947038,m,370822,179,1,1346,468,65
grp-a001-02-000000062947038,m,424040,3,0,0,3,1
grp-a001-02-000000062947038,m,556927,2,0,0,2,2
grp-a001-02-000000062947038,m,684924,256,0,0,256,54
grp-a001-02-000000062947038,m,684925,306,3,4934,306,32
grp-a001-02-000000062947038,m,684926,3719,45,73789,26741,110
grp-a001-02-000000062947038,m,684927,940,7,10604,9320,85
grp-a001-02-000000062947038,m,787479,1,0,0,6,1
grp-a001-02-000000062947038,m,787480,2,0,0,34,2
grp-a001-02-000000062947038,m,805759,6,0,0,51,5
grp-a001-02-000000062947038,m,805760,5,0,0,22,4
grp-a001-02-000000062947038,m,8753,5127,181,307879,23089,88
grp-a001-02-000000062947038,r,-1,1,0,0,2,1
grp-a001-02-000000062947038,r,00,67,0,0,384,40
grp-a001-02-000000062947038,r,01,392,13,22760,2229,77
grp-a001-02-000000062947038,r,02,3978,76,126783,22020,126
grp-a001-02-000000062947038,r,03,884,19,32640,4860,92
grp-a001-02-000000062947038,r,04,637,18,30310,3454,91
grp-a001-02-000000062947038,r,05,187,2,3496,1058,38
grp-a001-02-000000062947038,r,06,613,11,17039,3481,81
grp-a001-02-000000062947038,r,07,414,7,11428,2120,75
grp-a001-02-000000062947038,r,08,809,11,18480,4677,91
grp-a001-02-000000062947038,r,09,4197,68,113803,30887,124
grp-a001-02-000000062947038,r,10,297,2,3350,1706,67
grp-a001-02-000000062947038,r,11,804,11,18423,4471,87
grp-a001-02-000000062947038,r,12,204,6,10239,1138,39
grp-a001-02-000000062947038,r,13,437,14,24205,2447,77
grp-a001-02-000000062947038,r,14,88,2,3750,422,36
grp-a001-02-000000062947038,r,15,562,9,13294,3295,90
grp-a001-02-000000062947038,r,16,458,11,18365,2602,78
grp-a001-02-000000062947038,r,17,145,3,5238,879,49
grp-a001-02-000000062947038,r,18,398,8,13517,2172,38
grp-a001-02-000000062947038,r,99,1298,15,24905,7004,98
grp-a001-02-000000062947040,h,00,2255,49,81162,11360,124
grp-a001-02-000000062947040,h,01,1471,17,28875,6934,119
grp-a001-02-000000062947040,h,02,885,10,15707,5027,110
grp-a001-02-000000062947040,h,03,572,6,10537,3146,93
grp-a001-02-000000062947040,h,04,530,7,12093,2869,94
grp-a001-02-000000062947040,h,05,604,5,9153,3440,93
grp-a001-02-000000062947040,h,06,881,7,10897,4829,113
grp-a001-02-000000062947040,h,07,1255,24,38030,6787,116
grp-a001-02-000000062947040,h,08,1994,31,50930,10562,124
grp-a001-02-000000062947040,h,09,2250,38,62634,11279,127
grp-a001-02-000000062947040,h,10,2479,42,70271,12198,125
grp-a001-02-000000062947040,h,11,2562,55,90535,12425,126
grp-a001-02-000000062947040,h,12,2443,45,73482,12043,131
grp-a001-02-000000062947040,h,13,2541,33,50231,12579,127
grp-a001-02-000000062947040,h,14,2509,38,62805,12996,133
grp-a001-02-000000062947040,h,15,2567,34,55155,13015,135
grp-a001-02-000000062947040,h,16,2717,43,69760,14434,130
grp-a001-02-000000062947040,h,17,2876,49,75149,13709,126
grp-a001-02-000000062947040,h,18,2451,33,55087,12606,128
grp-a001-02-000000062947040,h,19,2538,49,77482,12728,128
grp-a001-02-000000062947040,h,20,3051,60,93098,15860,130
grp-a001-02-000000062947040,h,21,3234,60,97435,16729,140
grp-a001-02-000000062947040,h,22,3172,57,88421,16871,134
grp-a001-02-000000062947040,h,23,2720,27,45839,13708,130
grp-a001-02-000000062947040,m,11068,2360,25,41629,11324,112
grp-a001-02-000000062947040,m,27758,4190,136,231294,6372,95
grp-a001-02-000000062947040,m,33421,7059,51,80209,50068,151
grp-a001-02-000000062947040,m,335738,55,0,0,160,14
grp-a001-02-000000062947040,m,341893,5181,28,40387,33661,145
grp-a001-02-000000062947040,m,341898,2011,12,18048,3034,108
grp-a001-02-000000062947040,m,370822,479,5,7227,1084,90
grp-a001-02-000000062947040,m,556927,18,0,0,18,7
grp-a001-02-000000062947040,m,612593,182,0,0,2240,32
grp-a001-02-000000062947040,m,612594,259,4,5124,1256,31
grp-a001-02-000000062947040,m,684924,1381,6,8271,1381,95
grp-a001-02-000000062947040,m,684925,869,5,6542,869,70
grp-a001-02-000000062947040,m,684926,10625,119,177600,73038,148
grp-a001-02-000000062947040,m,684927,2304,22,36456,19276,129
grp-a001-02-000000062947040,m,787478,3,0,0,6,1
grp-a001-02-000000062947040,m,787479,1,0,0,6,1
grp-a001-02-000000062947040,m,787480,3,0,0,31,3
grp-a001-02-000000062947040,m,787481,9,0,0,9,6
grp-a001-02-000000062947040,m,805759,10,0,0,119,7
grp-a001-02-000000062947040,m,805760,10,0,0,34,7
grp-a001-02-000000062947040,m,8753,13548,406,671981,54148,145
grp-a001-02-000000062947040,r,00,496,1,1439,3324,81
grp-a001-02-000000062947040,r,01,1373,22,38350,7055,127
grp-a001-02-000000062947040,r,02,12184,198,321622,61716,152
grp-a001-02-000000062947040,r,03,2245,57,87475,11473,130
grp-a001-02-000000062947040,r,04,1758,30,50199,8864,135
grp-a001-02-000000062947040,r,05,539,7,10986,2675,63
grp-a001-02-000000062947040,r,06,1621,20,31772,8260,127
grp-a001-02-000000062947040,r,07,1221,21,35863,5879,122
grp-a001-02-000000062947040,r,08,2350,40,63789,12393,133
grp-a001-02-000000062947040,r,09,12900,170,275042,66071,152
grp-a001-02-000000062947040,r,10,990,21,34681,4790,114
grp-a001-02-000000062947040,r,11,2705,50,82879,12708,139
grp-a001-02-000000062947040,r,12,547,16,24923,3448,73
grp-a001-02-000000062947040,r,13,1120,14,23135,5667,115
grp-a001-02-000000062947040,r,14,293,5,9190,1394,79
grp-a001-02-000000062947040,r,15,1826,35,54446,9416,128
grp-a001-02-000000062947040,r,16,1169,28,46749,6065,111
grp-a001-02-000000062947040,r,17,382,10,13928,1889,87
grp-a001-02-000000062947040,r,18,1097,25,43696,5043,48
grp-a001-02-000000062947040,r,99,3741,49,74604,20004,145
grp-a001-02-000000062947041,h,00,1242,16,26497,6283,116
grp-a001-02-000000062947041,h,01,693,9,15573,3800,104
grp-a001-02-000000062947041,h,02,633,1,1689,3673,95
grp-a001-02-000000062947041,h,03,330,1,1640,1879,75
grp-a001-02-000000062947041,h,04,302,2,3209,1751,78
grp-a001-02-000000062947041,h,05,379,5,8467,2129,93
grp-a001-02-000000062947041,h,06,597,4,6054,3191,105
grp-a001-02-000000062947041,h,07,822,13,22972,4499,109
grp-a001-02-000000062947041,h,08,1116,23,40071,5653,113
grp-a001-02-000000062947041,h,09,1312,16,27333,6202,118
grp-a001-02-000000062947041,h,10,1305,24,43447,6445,117
grp-a001-02-000000062947041,h,11,1519,29,50723,7876,121
grp-a001-02-000000062947041,h,12,1383,17,29804,7361,119
grp-a001-02-000000062947041,h,13,1511,18,32027,7891,121
grp-a001-02-000000062947041,h,14,1580,21,34916,7908,123
grp-a001-02-000000062947041,h,15,1601,31,51978,7945,123
grp-a001-02-000000062947041,h,16,1570,26,45307,8090,125
grp-a001-02-000000062947041,h,17,1483,23,41655,7478,119
grp-a001-02-000000062947041,h,18,1483,18,31170,7810,119
grp-a001-02-000000062947041,h,19,1663,22,38687,8552,125
grp-a001-02-000000062947041,h,20,1778,38,62311,9473,122
grp-a001-02-000000062947041,h,21,1973,29,50168,10550,132
grp-a001-02-000000062947041,h,22,1837,38,64770,9521,126
grp-a001-02-000000062947041,h,23,1906,18,29615,9126,127
grp-a001-02-000000062947041,m,11068,1814,13,24684,10204,114
grp-a001-02-000000062947041,m,27758,2631,99,175217,4793,90
grp-a001-02-000000062947041,m,33421,5087,18,31952,33893,141
grp-a001-02-000000062947041,m,341893,1566,9,13032,9399,130
grp-a001-02-000000062947041,m,341898,428,3,3979,826,100
grp-a001-02-000000062947041,m,370822,131,2,3353,337,62
grp-a001-02-000000062947041,m,424040,1,0,0,2,1
grp-a001-02-000000062947041,m,556927,15,0,0,15,8
grp-a001-02-000000062947041,m,684924,894,3,4955,894,100
grp-a001-02-000000062947041,m,684925,376,2,3491,376,50
grp-a001-02-000000062947041,m,684926,5914,48,82996,44103,144
grp-a001-02-000000062947041,m,684927,1527,9,14659,12989,122
grp-a001-02-000000062947041,m,684931,1,0,0,1,1
grp-a001-02-000000062947041,m,787480,2,0,0,27,2
grp-a001-02-000000062947041,m,787481,1,0,0,2,1
grp-a001-02-000000062947041,m,805759,18,0,0,156,13
grp-a001-02-000000062947041,m,805760,14,0,0,64,9
grp-a001-02-000000062947041,m,8753,9598,236,401765,37005,137
grp-a001-02-000000062947041,r,00,184,0,0,1314,67
grp-a001-02-000000062947041,r,01,655,19,32977,3251,105
grp-a001-02-000000062947041,r,02,6785,108,182239,34741,144
grp-a001-02-000000062947041,r,03,1423,29,50054,6994,128
grp-a001-02-000000062947041,r,04,981,17,31000,5058,117
grp-a001-02-000000062947041,r,05,386,8,14306,1921,69
grp-a001-02-000000062947041,r,06,1117,22,37756,5934,123
grp-a001-02-000000062947041,r,07,790,15,24248,3992,106
grp-a001-02-000000062947041,r,08,1316,18,32747,6738,129
grp-a001-02-000000062947041,r,09,8348,95,165994,43264,143
grp-a001-02-000000062947041,r,10,521,8,14481,2751,89
grp-a001-02-000000062947041,r,11,1511,18,30879,7691,126
grp-a001-02-000000062947041,r,12,409,12,18795,2290,71
grp-a001-02-000000062947041,r,13,732,11,18798,3857,113
grp-a001-02-000000062947041,r,14,153,1,1760,755,66
grp-a001-02-000000062947041,r,15,908,14,22557,4679,123
grp-a001-02-000000062947041,r,16,739,9,15137,3837,112
grp-a001-02-000000062947041,r,17,277,7,11661,1379,74
grp-a001-02-000000062947041,r,18,574,10,18325,2798,48
grp-a001-02-000000062947041,r,99,2209,21,36369,11842,134
grp-a001-02-000000063093385,h,00,1,0,0,2,1
grp-a001-02-000000063093385,h,01,2,0,0,16,2
grp-a001-02-000000063093385,h,02,2,0,0,10,2
grp-a001-02-000000063093385,h,06,1,0,0,4,1
grp-a001-02-000000063093385,h,08,1,0,0,4,1
grp-a001-02-000000063093385,h,10,1,0,0,2,1
grp-a001-02-000000063093385,h,11,1,0,0,12,1
grp-a001-02-000000063093385,h,13,2,0,0,2,1
grp-a001-02-000000063093385,h,15,2,0,0,16,2
grp-a001-02-000000063093385,h,16,3,0,0,18,2
grp-a001-02-000000063093385,h,17,1,0,0,2,1
grp-a001-02-000000063093385,m,27758,1,0,0,1,1
grp-a001-02-000000063093385,m,33421,3,0,0,5,2
grp-a001-02-000000063093385,m,341893,11,0,0,73,9
grp-a001-02-000000063093385,m,684925,1,0,0,1,1
grp-a001-02-000000063093385,m,8753,1,0,0,8,1
grp-a001-02-000000063093385,r,02,4,0,0,16,3
grp-a001-02-000000063093385,r,03,1,0,0,8,1
grp-a001-02-000000063093385,r,05,1,0,0,8,1
grp-a001-02-000000063093385,r,06,1,0,0,12,1
grp-a001-02-000000063093385,r,09,5,0,0,16,4
grp-a001-02-000000063093385,r,11,1,0,0,14,1
grp-a001-02-000000063093385,r,13,1,0,0,8,1
grp-a001-02-000000063093385,r,15,1,0,0,2,1
grp-a001-02-000000063093385,r,16,2,0,0,4,1
grp-a001-02-000000063093697,h,00,163,0,0,1963,14
grp-a001-02-000000063093697,h,01,86,0,0,1086,11
grp-a001-02-000000063093697,h,02,43,0,0,607,12
grp-a001-02-000000063093697,h,03,21,0,0,355,7
grp-a001-02-000000063093697,h,04,26,0,0,496,5
grp-a001-02-000000063093697,h,05,31,0,0,251,9
grp-a001-02-000000063093697,h,06,42,0,0,334,9
grp-a001-02-000000063093697,h,07,44,0,0,471,9
grp-a001-02-000000063093697,h,08,130,0,0,1156,12
grp-a001-02-000000063093697,h,09,121,0,0,948,13
grp-a001-02-000000063093697,h,10,46,0,0,344,10
grp-a001-02-000000063093697,h,11,108,0,0,769,14
grp-a001-02-000000063093697,h,12,141,0,0,1070,15
grp-a001-02-000000063093697,h,13,96,0,0,520,14
grp-a001-02-000000063093697,h,14,146,0,0,1592,13
grp-a001-02-000000063093697,h,15,118,0,0,1189,11
grp-a001-02-000000063093697,h,16,113,0,0,913,11
grp-a001-02-000000063093697,h,17,225,0,0,2825,13
grp-a001-02-000000063093697,h,18,243,0,0,3236,13
grp-a001-02-000000063093697,h,19,166,0,0,2194,12
grp-a001-02-000000063093697,h,20,130,0,0,1447,13
grp-a001-02-000000063093697,h,21,179,0,0,1959,12
grp-a001-02-000000063093697,h,22,237,0,0,2537,13
grp-a001-02-000000063093697,h,23,188,0,0,1744,13
grp-a001-02-000000063093697,m,118495,2,0,0,2,2
grp-a001-02-000000063093697,m,137281,4,0,0,5,3
grp-a001-02-000000063093697,m,23123,6,0,0,29,4
grp-a001-02-000000063093697,m,291244,4,0,0,8,2
grp-a001-02-000000063093697,m,335738,3,0,0,15,2
grp-a001-02-000000063093697,m,529514,2625,0,0,29686,16
grp-a001-02-000000063093697,m,612593,8,0,0,8,6
grp-a001-02-000000063093697,m,612594,2,0,0,2,2
grp-a001-02-000000063093697,m,791888,1,0,0,2,1
grp-a001-02-000000063093697,m,791889,1,0,0,4,1
grp-a001-02-000000063093697,m,8753,2,0,0,6,2
grp-a001-02-000000063093697,m,87620,2,0,0,6,2
grp-a001-02-000000063093697,m,98128,183,0,0,233,15
grp-a001-02-000000063093697,r,00,21,0,0,287,7
grp-a001-02-000000063093697,r,01,31,0,0,203,6
grp-a001-02-000000063093697,r,02,511,0,0,5079,16
grp-a001-02-000000063093697,r,03,74,0,0,588,11
grp-a001-02-000000063093697,r,04,57,0,0,508,10
grp-a001-02-000000063093697,r,05,34,0,0,421,6
grp-a001-02-000000063093697,r,06,133,0,0,1565,13
grp-a001-02-000000063093697,r,07,45,0,0,460,8
grp-a001-02-000000063093697,r,08,168,0,0,1911,13
grp-a001-02-000000063093697,r,09,762,0,0,7407,16
grp-a001-02-000000063093697,r,10,36,0,0,225,12
grp-a001-02-000000063093697,r,11,178,0,0,2415,13
grp-a001-02-000000063093697,r,12,28,0,0,504,5
grp-a001-02-000000063093697,r,13,86,0,0,1068,9
grp-a001-02-000000063093697,r,14,5,0,0,25,3
grp-a001-02-000000063093697,r,15,77,0,0,931,9
grp-a001-02-000000063093697,r,16,49,0,0,445,12
grp-a001-02-000000063093697,r,17,50,0,0,582,5
grp-a001-02-000000063093697,r,99,498,0,0,5382,16
grp-a001-02-000000063093828,h,00,1,0,0,2,1
grp-a001-02-000000063093828,h,01,1,0,0,2,1
grp-a001-02-000000063093828,h,04,2,0,0,3,2
grp-a001-02-000000063093828,h,05,2,0,0,4,1
grp-a001-02-000000063093828,h,06,1,0,0,2,1
grp-a001-02-000000063093828,h,07,3,0,0,3,1
grp-a001-02-000000063093828,h,09,7,0,0,47,4
grp-a001-02-000000063093828,h,10,6,0,0,89,5
grp-a001-02-000000063093828,h,11,3,0,0,5,2
grp-a001-02-000000063093828,h,12,1,0,0,2,1
grp-a001-02-000000063093828,h,13,8,1,739,16,3
grp-a001-02-000000063093828,h,15,10,0,0,21,3
grp-a001-02-000000063093828,h,16,8,0,0,107,5
grp-a001-02-000000063093828,h,17,3,0,0,8,2
grp-a001-02-000000063093828,h,18,2,0,0,26,2
grp-a001-02-000000063093828,h,19,5,0,0,97,4
grp-a001-02-000000063093828,h,20,4,0,0,50,4
grp-a001-02-000000063093828,h,21,6,0,0,56,5
grp-a001-02-000000063093828,h,22,4,0,0,8,3
grp-a001-02-000000063093828,h,23,5,0,0,8,2
grp-a001-02-000000063093828,m,11068,8,0,0,33,2
grp-a001-02-000000063093828,m,27758,9,1,739,11,5
grp-a001-02-000000063093828,m,33421,6,0,0,25,3
grp-a001-02-000000063093828,m,341893,6,0,0,57,5
grp-a001-02-000000063093828,m,684924,8,0,0,8,5
grp-a001-02-000000063093828,m,684925,5,0,0,5,3
grp-a001-02-000000063093828,m,684926,8,0,0,72,6
grp-a001-02-000000063093828,m,684927,8,0,0,301,7
grp-a001-02-000000063093828,m,8753,24,0,0,44,8
grp-a001-02-000000063093828,r,01,1,0,0,3,1
grp-a001-02-000000063093828,r,02,7,0,0,44,4
grp-a001-02-000000063093828,r,03,10,0,0,46,5
grp-a001-02-000000063093828,r,04,1,0,0,55,1
grp-a001-02-000000063093828,r,05,6,0,0,223,6
grp-a001-02-000000063093828,r,06,4,0,0,15,1
grp-a001-02-000000063093828,r,07,3,0,0,3,1
grp-a001-02-000000063093828,r,08,5,0,0,11,3
grp-a001-02-000000063093828,r,09,16,1,739,62,8
grp-a001-02-000000063093828,r,10,2,0,0,4,2
grp-a001-02-000000063093828,r,11,9,0,0,17,3
grp-a001-02-000000063093828,r,12,7,0,0,49,4
grp-a001-02-000000063093828,r,13,10,0,0,22,4
grp-a001-02-000000063093828,r,15,1,0,0,2,1
grp-a001-02-000000063095763,h,10,2,0,0,4,1
grp-a001-02-000000063095763,h,11,1,0,0,1,1
grp-a001-02-000000063095763,h,12,1,0,0,3,1
grp-a001-02-000000063095763,m,8753,4,0,0,8,3
grp-a001-02-000000063095763,r,02,1,0,0,3,1
grp-a001-02-000000063095763,r,08,1,0,0,1,1
grp-a001-02-000000063095763,r,12,2,0,0,4,1
grp-a001-02-000000063096531,h,00,66,1,55,1933,43
grp-a001-02-000000063096531,h,01,51,0,0,818,34
grp-a001-02-000000063096531,h,02,48,0,0,2002,21
grp-a001-02-000000063096531,h,03,14,0,0,489,9
grp-a001-02-000000063096531,h,04,5,0,0,117,5
grp-a001-02-000000063096531,h,05,14,0,0,439,10
grp-a001-02-000000063096531,h,06,18,0,0,435,13
grp-a001-02-000000063096531,h,07,16,0,0,143,12
grp-a001-02-000000063096531,h,08,21,0,0,407,18
grp-a001-02-000000063096531,h,09,20,0,0,158,13
grp-a001-02-000000063096531,h,10,35,0,0,242,21
grp-a001-02-000000063096531,h,11,47,0,0,447,22
grp-a001-02-000000063096531,h,12,32,0,0,380,17
grp-a001-02-000000063096531,h,13,66,2,286,521,29
grp-a001-02-000000063096531,h,14,51,0,0,462,29
grp-a001-02-000000063096531,h,15,43,0,0,399,25
grp-a001-02-000000063096531,h,16,22,3,505,226,17
grp-a001-02-000000063096531,h,17,39,0,0,379,19
grp-a001-02-000000063096531,h,18,48,1,55,415,25
grp-a001-02-000000063096531,h,19,37,0,0,443,25
grp-a001-02-000000063096531,h,20,40,0,0,442,26
grp-a001-02-000000063096531,h,21,62,3,335,554,34
grp-a001-02-000000063096531,h,22,92,1,55,632,35
grp-a001-02-000000063096531,h,23,57,0,0,509,34
grp-a001-02-000000063096531,m,11068,42,0,0,484,10
grp-a001-02-000000063096531,m,27758,8,1,231,12,6
grp-a001-02-000000063096531,m,33421,206,0,0,5480,51
grp-a001-02-000000063096531,m,341893,313,0,0,3229,88
grp-a001-02-000000063096531,m,341898,1,0,0,13,1
grp-a001-02-000000063096531,m,370822,1,0,0,19,1
grp-a001-02-000000063096531,m,424040,2,0,0,17,2
grp-a001-02-000000063096531,m,612593,12,3,329,98,8
grp-a001-02-000000063096531,m,612594,7,3,165,17,4
grp-a001-02-000000063096531,m,684924,10,0,0,10,9
grp-a001-02-000000063096531,m,684925,4,0,0,4,4
grp-a001-02-000000063096531,m,684926,193,1,225,2447,66
grp-a001-02-000000063096531,m,684927,36,1,55,776,28
grp-a001-02-000000063096531,m,8753,109,2,286,386,36
grp-a001-02-000000063096531,r,00,5,0,0,56,5
grp-a001-02-000000063096531,r,01,16,0,0,137,12
grp-a001-02-000000063096531,r,02,270,1,231,2697,78
grp-a001-02-000000063096531,r,03,56,4,220,490,33
grp-a001-02-000000063096531,r,04,45,0,0,422,25
grp-a001-02-000000063096531,r,05,8,0,0,58,7
grp-a001-02-000000063096531,r,06,28,0,0,269,20
grp-a001-02-000000063096531,r,07,21,1,55,229,14
grp-a001-02-000000063096531,r,08,37,0,0,349,25
grp-a001-02-000000063096531,r,09,253,3,329,6382,76
grp-a001-02-000000063096531,r,10,6,0,0,62,6
grp-a001-02-000000063096531,r,11,59,0,0,532,29
grp-a001-02-000000063096531,r,12,8,0,0,60,7
grp-a001-02-000000063096531,r,13,19,0,0,179,16
grp-a001-02-000000063096531,r,14,9,0,0,70,8
grp-a001-02-000000063096531,r,15,25,1,225,177,17
grp-a001-02-000000063096531,r,16,22,1,231,194,15
grp-a001-02-000000063096531,r,17,6,0,0,60,5
grp-a001-02-000000063096531,r,18,13,0,0,121,7
grp-a001-02-000000063096531,r,99,38,0,0,448,23
grp-a001-02-000000065140028,h,00,545,7,11031,2731,93
grp-a001-02-000000065140028,h,01,286,3,3994,1366,74
grp-a001-02-000000065140028,h,02,102,1,1094,555,55
grp-a001-02-000000065140028,h,03,91,0,0,529,44
grp-a001-02-000000065140028,h,04,69,1,1459,435,38
grp-a001-02-000000065140028,h,05,103,1,1595,584,43
grp-a001-02-000000065140028,h,06,150,1,1471,757,58
grp-a001-02-000000065140028,h,07,238,0,0,1095,73
grp-a001-02-000000065140028,h,08,340,3,4182,1841,83
grp-a001-02-000000065140028,h,09,427,5,8066,2024,85
grp-a001-02-000000065140028,h,10,509,6,8932,2549,93
grp-a001-02-000000065140028,h,11,465,9,13677,2359,91
grp-a001-02-000000065140028,h,12,557,8,12520,3033,92
grp-a001-02-000000065140028,h,13,588,7,10998,3025,92
grp-a001-02-000000065140028,h,14,582,12,18207,2958,92
grp-a001-02-000000065140028,h,15,601,4,6380,3205,91
grp-a001-02-000000065140028,h,16,624,11,15838,2961,90
grp-a001-02-000000065140028,h,17,621,5,6570,2926,93
grp-a001-02-000000065140028,h,18,679,10,13217,3494,95
grp-a001-02-000000065140028,h,19,653,8,10555,3197,94
grp-a001-02-000000065140028,h,20,686,5,7983,3564,94
grp-a001-02-000000065140028,h,21,721,6,9495,3597,97
grp-a001-02-000000065140028,h,22,798,15,21867,3876,96
grp-a001-02-000000065140028,h,23,718,7,9864,3732,96
grp-a001-02-000000065140028,m,11068,118,1,664,1019,64
grp-a001-02-000000065140028,m,27758,190,3,2973,455,34
grp-a001-02-000000065140028,m,33421,4029,33,49178,26243,98
grp-a001-02-000000065140028,m,341893,1663,14,18268,7959,97
grp-a001-02-000000065140028,m,341898,274,1,1475,508,82
grp-a001-02-000000065140028,m,370822,21,0,0,70,19
grp-a001-02-000000065140028,m,684924,366,1,1509,366,69
grp-a001-02-000000065140028,m,684925,40,0,0,40,29
grp-a001-02-000000065140028,m,684926,1492,19,28208,8612,101
grp-a001-02-000000065140028,m,684927,103,3,2959,974,54
grp-a001-02-000000065140028,m,8753,2857,60,93761,10147,99
grp-a001-02-000000065140028,r,00,66,2,2768,334,38
grp-a001-02-000000065140028,r,01,309,9,10310,1395,77
grp-a001-02-000000065140028,r,02,2394,40,60427,11342,101
grp-a001-02-000000065140028,r,03,441,4,5422,2047,86
grp-a001-02-000000065140028,r,04,339,8,12621,1705,79
grp-a001-02-000000065140028,r,05,122,1,1579,590,42
grp-a001-02-000000065140028,r,06,301,5,7042,1422,81
grp-a001-02-000000065140028,r,07,186,1,1395,809,67
grp-a001-02-000000065140028,r,08,434,5,8157,1873,86
grp-a001-02-000000065140028,r,09,3855,22,31683,22307,102
grp-a001-02-000000065140028,r,10,134,0,0,590,52
grp-a001-02-000000065140028,r,11,538,7,10850,2503,87
grp-a001-02-000000065140028,r,12,145,2,2736,804,47
grp-a001-02-000000065140028,r,13,220,3,4730,949,71
grp-a001-02-000000065140028,r,14,60,1,1381,282,30
grp-a001-02-000000065140028,r,15,425,3,4335,2003,76
grp-a001-02-000000065140028,r,16,231,5,7607,1152,68
grp-a001-02-000000065140028,r,17,67,3,4458,371,42
grp-a001-02-000000065140028,r,18,258,6,9284,1142,30
grp-a001-02-000000065140028,r,99,628,8,12210,2773,96
grp-a001-02-000000069087677,h,00,400,6,5029,1500,17
grp-a001-02-000000069087677,h,01,195,1,622,679,18
grp-a001-02-000000069087677,h,02,147,1,550,547,15
grp-a001-02-000000069087677,h,03,106,0,0,452,17
grp-a001-02-000000069087677,h,04,65,0,0,234,13
grp-a001-02-000000069087677,h,05,103,0,0,441,17
grp-a001-02-000000069087677,h,06,116,1,880,495,16
grp-a001-02-000000069087677,h,07,199,2,1630,766,17
grp-a001-02-000000069087677,h,08,251,6,4549,1047,17
grp-a001-02-000000069087677,h,09,232,0,0,935,17
grp-a001-02-000000069087677,h,10,280,1,872,1173,17
grp-a001-02-000000069087677,h,11,264,3,1851,1224,18
grp-a001-02-000000069087677,h,12,241,2,1723,1119,18
grp-a001-02-000000069087677,h,13,317,6,5041,1407,18
grp-a001-02-000000069087677,h,14,273,5,4000,1066,17
grp-a001-02-000000069087677,h,15,283,5,3899,1223,17
grp-a001-02-000000069087677,h,16,347,3,1587,1402,17
grp-a001-02-000000069087677,h,17,388,2,1171,1674,18
grp-a001-02-000000069087677,h,18,422,6,4619,1561,18
grp-a001-02-000000069087677,h,19,402,4,2932,1581,17
grp-a001-02-000000069087677,h,20,472,4,3158,1933,17
grp-a001-02-000000069087677,h,21,518,8,5515,2049,17
grp-a001-02-000000069087677,h,22,508,7,5058,1994,18
grp-a001-02-000000069087677,h,23,483,5,3426,1806,17
grp-a001-02-000000069087677,m,11068,606,4,2995,2953,18
grp-a001-02-000000069087677,m,27758,137,0,0,218,11
grp-a001-02-000000069087677,m,33421,1000,7,5359,7657,20
grp-a001-02-000000069087677,m,335738,22,0,0,61,15
grp-a001-02-000000069087677,m,341893,1698,17,12593,4678,18
grp-a001-02-000000069087677,m,341898,497,6,4744,926,16
grp-a001-02-000000069087677,m,370822,181,4,2786,476,17
grp-a001-02-000000069087677,m,684924,63,0,0,63,18
grp-a001-02-000000069087677,m,684925,57,1,804,57,7
grp-a001-02-000000069087677,m,684926,1133,14,9843,3299,18
grp-a001-02-000000069087677,m,684927,130,1,664,629,17
grp-a001-02-000000069087677,m,8753,1488,24,18324,7291,20
grp-a001-02-000000069087677,r,00,38,0,0,147,16
grp-a001-02-000000069087677,r,01,179,4,3054,661,18
grp-a001-02-000000069087677,r,02,1646,17,12052,6668,21
grp-a001-02-000000069087677,r,03,285,4,3241,1148,18
grp-a001-02-000000069087677,r,04,231,2,1673,951,18
grp-a001-02-000000069087677,r,05,60,1,871,270,10
grp-a001-02-000000069087677,r,06,213,2,1754,844,17
grp-a001-02-000000069087677,r,07,167,1,614,645,19
grp-a001-02-000000069087677,r,08,357,7,4868,1423,18
grp-a001-02-000000069087677,r,09,1785,21,14947,7321,20
grp-a001-02-000000069087677,r,10,103,0,0,457,18
grp-a001-02-000000069087677,r,11,374,4,3084,1663,18
grp-a001-02-000000069087677,r,12,78,1,808,418,11
grp-a001-02-000000069087677,r,13,152,2,1071,625,18
grp-a001-02-000000069087677,r,14,35,0,0,126,14
grp-a001-02-000000069087677,r,15,222,5,4305,930,17
grp-a001-02-000000069087677,r,16,162,0,0,636,18
grp-a001-02-000000069087677,r,17,71,1,830,282,16
grp-a001-02-000000069087677,r,18,167,3,2420,702,9
grp-a001-02-000000069087677,r,99,687,3,2520,2391,18
grp-a001-02-000000069089452,h,00,619,14,11008,4200,21
grp-a001-02-000000069089452,h,01,367,4,3335,2365,20
grp-a001-02-000000069089452,h,02,219,2,1143,1349,18
grp-a001-02-000000069089452,h,03,178,2,1305,975,18
grp-a001-02-000000069089452,h,04,119,0,0,626,17
grp-a001-02-000000069089452,h,05,144,0,0,765,18
grp-a001-02-000000069089452,h,06,146,1,846,889,18
grp-a001-02-000000069089452,h,07,289,3,2496,1895,18
grp-a001-02-000000069089452,h,08,350,7,5985,2347,20
grp-a001-02-000000069089452,h,09,337,3,2602,2491,18
grp-a001-02-000000069089452,h,10,344,2,1396,2553,18
grp-a001-02-000000069089452,h,11,335,8,6158,2592,21
grp-a001-02-000000069089452,h,12,335,5,3489,2761,20
grp-a001-02-000000069089452,h,13,421,5,3404,3370,21
grp-a001-02-000000069089452,h,14,392,5,4009,3061,18
grp-a001-02-000000069089452,h,15,431,4,3307,3224,21
grp-a001-02-000000069089452,h,16,511,8,5944,3459,22
grp-a001-02-000000069089452,h,17,504,6,4843,3594,21
grp-a001-02-000000069089452,h,18,509,10,8121,3470,20
grp-a001-02-000000069089452,h,19,570,7,5561,3659,20
grp-a001-02-000000069089452,h,20,571,6,5103,4132,21
grp-a001-02-000000069089452,h,21,714,9,6861,5298,20
grp-a001-02-000000069089452,h,22,762,11,8248,6262,21
grp-a001-02-000000069089452,h,23,656,7,5544,5245,21
grp-a001-02-000000069089452,m,11068,847,7,5734,4824,22
grp-a001-02-000000069089452,m,27758,140,1,743,307,9
grp-a001-02-000000069089452,m,33421,1586,12,10055,13370,22
grp-a001-02-000000069089452,m,335738,67,1,858,480,17
grp-a001-02-000000069089452,m,341893,1574,35,24099,9122,22
grp-a001-02-000000069089452,m,341898,126,2,1665,260,8
grp-a001-02-000000069089452,m,370822,12,1,550,43,6
grp-a001-02-000000069089452,m,684924,280,1,856,280,7
grp-a001-02-000000069089452,m,684925,77,0,0,77,4
grp-a001-02-000000069089452,m,684926,2039,14,10644,20530,22
grp-a001-02-000000069089452,m,684927,402,2,1069,4919,20
grp-a001-02-000000069089452,m,787479,1,0,0,7,1
grp-a001-02-000000069089452,m,805759,2,0,0,43,2
grp-a001-02-000000069089452,m,8753,2670,53,44435,16320,22
grp-a001-02-000000069089452,r,00,50,0,0,353,13
grp-a001-02-000000069089452,r,01,245,3,2428,1576,21
grp-a001-02-000000069089452,r,02,2440,33,26110,17946,22
grp-a001-02-000000069089452,r,03,338,4,3368,2387,22
grp-a001-02-000000069089452,r,04,327,10,7565,2508,19
grp-a001-02-000000069089452,r,05,210,0,0,1186,8
grp-a001-02-000000069089452,r,06,327,7,5738,2350,19
grp-a001-02-000000069089452,r,07,176,2,1719,1194,19
grp-a001-02-000000069089452,r,08,495,6,4027,3528,21
grp-a001-02-000000069089452,r,09,2407,26,19444,17689,22
grp-a001-02-000000069089452,r,10,149,3,2238,1064,20
grp-a001-02-000000069089452,r,11,564,10,8258,4132,22
grp-a001-02-000000069089452,r,12,184,2,1717,1355,9
grp-a001-02-000000069089452,r,13,226,1,880,1589,22
grp-a001-02-000000069089452,r,14,49,0,0,366,14
grp-a001-02-000000069089452,r,15,324,3,2531,2357,22
grp-a001-02-000000069089452,r,16,248,9,7224,1798,22
grp-a001-02-000000069089452,r,17,79,1,550,541,13
grp-a001-02-000000069089452,r,18,70,1,548,850,13
grp-a001-02-000000069089452,r,99,915,8,6363,5813,21
grp-a001-02-000000069089465,h,00,186,4,3289,1021,17
grp-a001-02-000000069089465,h,01,84,2,1423,327,9
grp-a001-02-000000069089465,h,02,60,0,0,247,9
grp-a001-02-000000069089465,h,03,52,0,0,188,7
grp-a001-02-000000069089465,h,04,35,0,0,127,8
grp-a001-02-000000069089465,h,05,28,1,777,96,7
grp-a001-02-000000069089465,h,06,35,2,1691,153,8
grp-a001-02-000000069089465,h,07,74,1,793,351,10
grp-a001-02-000000069089465,h,08,80,0,0,437,12
grp-a001-02-000000069089465,h,09,107,1,798,483,12
grp-a001-02-000000069089465,h,10,92,1,669,541,10
grp-a001-02-000000069089465,h,11,111,1,812,568,10
grp-a001-02-000000069089465,h,12,96,0,0,489,9
grp-a001-02-000000069089465,h,13,90,2,1685,440,9
grp-a001-02-000000069089465,h,14,96,2,1609,432,10
grp-a001-02-000000069089465,h,15,128,0,0,566,15
grp-a001-02-000000069089465,h,16,109,0,0,518,16
grp-a001-02-000000069089465,h,17,170,1,880,850,17
grp-a001-02-000000069089465,h,18,132,1,763,572,12
grp-a001-02-000000069089465,h,19,165,3,2374,650,16
grp-a001-02-000000069089465,h,20,164,2,1591,634,13
grp-a001-02-000000069089465,h,21,179,1,791,820,16
grp-a001-02-000000069089465,h,22,219,3,2358,1085,17
grp-a001-02-000000069089465,h,23,173,3,2357,880,16
grp-a001-02-000000069089465,m,11068,305,1,805,1658,13
grp-a001-02-000000069089465,m,27758,177,1,833,298,7
grp-a001-02-000000069089465,m,33421,253,2,1401,1409,12
grp-a001-02-000000069089465,m,341893,483,2,1654,2398,22
grp-a001-02-000000069089465,m,341898,99,0,0,151,7
grp-a001-02-000000069089465,m,370822,6,0,0,25,4
grp-a001-02-000000069089465,m,684924,52,1,798,52,7
grp-a001-02-000000069089465,m,684925,14,0,0,14,4
grp-a001-02-000000069089465,m,684926,446,3,2410,2891,20
grp-a001-02-000000069089465,m,684927,70,0,0,600,13
grp-a001-02-000000069089465,m,8753,760,21,16759,2979,9
grp-a001-02-000000069089465,r,00,19,1,861,102,7
grp-a001-02-000000069089465,r,01,85,1,807,327,11
grp-a001-02-000000069089465,r,02,616,9,7056,2836,22
grp-a001-02-000000069089465,r,03,110,2,1622,497,13
grp-a001-02-000000069089465,r,04,119,1,763,513,12
grp-a001-02-000000069089465,r,05,44,0,0,196,8
grp-a001-02-000000069089465,r,06,81,1,795,344,9
grp-a001-02-000000069089465,r,07,44,1,805,250,12
grp-a001-02-000000069089465,r,08,103,1,793,530,16
grp-a001-02-000000069089465,r,09,563,7,5579,2611,21
grp-a001-02-000000069089465,r,10,61,1,780,306,10
grp-a001-02-000000069089465,r,11,119,1,830,635,15
grp-a001-02-000000069089465,r,12,73,1,841,301,10
grp-a001-02-000000069089465,r,13,55,0,0,339,15
grp-a001-02-000000069089465,r,14,8,0,0,17,4
grp-a001-02-000000069089465,r,15,85,1,798,458,19
grp-a001-02-000000069089465,r,16,62,0,0,265,13
grp-a001-02-000000069089465,r,17,28,0,0,129,7
grp-a001-02-000000069089465,r,18,6,0,0,79,4
grp-a001-02-000000069089465,r,99,384,3,2330,1740,13
grp-a001-02-000000069089475,h,00,229,3,2300,1126,21
grp-a001-02-000000069089475,h,01,193,5,3277,935,20
grp-a001-02-000000069089475,h,02,102,1,637,505,15
grp-a001-02-000000069089475,h,03,64,2,1236,277,16
grp-a001-02-000000069089475,h,04,61,1,770,224,12
grp-a001-02-000000069089475,h,05,67,1,653,284,12
grp-a001-02-000000069089475,h,06,60,0,0,298,16
grp-a001-02-000000069089475,h,07,108,3,1758,524,21
grp-a001-02-000000069089475,h,08,160,1,827,803,20
grp-a001-02-000000069089475,h,09,148,2,1215,653,17
grp-a001-02-000000069089475,h,10,116,2,1300,653,19
grp-a001-02-000000069089475,h,11,141,4,2529,671,19
grp-a001-02-000000069089475,h,12,183,2,1482,980,20
grp-a001-02-000000069089475,h,13,171,1,820,798,21
grp-a001-02-000000069089475,h,14,216,3,2132,1075,20
grp-a001-02-000000069089475,h,15,230,4,2813,1127,21
grp-a001-02-000000069089475,h,16,259,6,4397,1184,22
grp-a001-02-000000069089475,h,17,219,4,2922,1246,20
grp-a001-02-000000069089475,h,18,249,8,5642,1097,20
grp-a001-02-000000069089475,h,19,261,6,3849,1293,21
grp-a001-02-000000069089475,h,20,229,7,4216,1121,21
grp-a001-02-000000069089475,h,21,281,7,4288,1401,21
grp-a001-02-000000069089475,h,22,336,8,4629,1644,21
grp-a001-02-000000069089475,h,23,279,6,4732,1537,21
grp-a001-02-000000069089475,m,11068,360,3,2198,2140,18
grp-a001-02-000000069089475,m,27758,84,4,1780,123,17
grp-a001-02-000000069089475,m,33421,668,5,3711,4551,22
grp-a001-02-000000069089475,m,335738,2,0,0,14,1
grp-a001-02-000000069089475,m,341893,607,4,2858,2421,20
grp-a001-02-000000069089475,m,341898,183,3,2146,351,17
grp-a001-02-000000069089475,m,370822,50,3,1825,143,13
grp-a001-02-000000069089475,m,684924,124,1,791,124,18
grp-a001-02-000000069089475,m,684925,60,0,0,60,6
grp-a001-02-000000069089475,m,684926,693,13,7867,3350,22
grp-a001-02-000000069089475,m,684927,107,3,1856,686,21
grp-a001-02-000000069089475,m,8753,1424,48,33392,7493,22
grp-a001-02-000000069089475,r,-1,1,0,0,1,1
grp-a001-02-000000069089475,r,00,31,0,0,147,13
grp-a001-02-000000069089475,r,01,110,3,1899,518,20
grp-a001-02-000000069089475,r,02,1059,29,19134,5429,22
grp-a001-02-000000069089475,r,03,208,5,2889,952,21
grp-a001-02-000000069089475,r,04,137,3,1953,733,21
grp-a001-02-000000069089475,r,05,67,1,641,320,8
grp-a001-02-000000069089475,r,06,135,2,1531,633,21
grp-a001-02-000000069089475,r,07,98,2,1589,433,19
grp-a001-02-000000069089475,r,08,240,4,2127,1154,20
grp-a001-02-000000069089475,r,09,1016,18,13059,5107,22
grp-a001-02-000000069089475,r,10,68,3,2301,411,19
grp-a001-02-000000069089475,r,11,221,6,3650,1072,21
grp-a001-02-000000069089475,r,12,66,2,1208,295,9
grp-a001-02-000000069089475,r,13,83,1,660,433,19
grp-a001-02-000000069089475,r,14,30,0,0,139,14
grp-a001-02-000000069089475,r,15,179,2,1460,825,22
grp-a001-02-000000069089475,r,16,74,3,2138,459,19
grp-a001-02-000000069089475,r,17,28,0,0,140,14
grp-a001-02-000000069089475,r,18,69,0,0,327,12
grp-a001-02-000000069089475,r,99,442,3,2185,1928,22
grp-a001-02-000000070108611,h,00,73,1,880,144,5
grp-a001-02-000000070108611,h,01,77,1,846,175,6
grp-a001-02-000000070108611,h,02,44,0,0,106,6
grp-a001-02-000000070108611,h,03,44,0,0,81,5
grp-a001-02-000000070108611,h,04,32,0,0,61,6
grp-a001-02-000000070108611,h,05,34,0,0,82,6
grp-a001-02-000000070108611,h,06,25,1,1691,58,4
grp-a001-02-000000070108611,h,07,41,0,0,73,5
grp-a001-02-000000070108611,h,08,131,2,1703,274,6
grp-a001-02-000000070108611,h,09,174,5,6577,375,6
grp-a001-02-000000070108611,h,10,210,4,3921,571,6
grp-a001-02-000000070108611,h,11,217,5,6522,613,6
grp-a001-02-000000070108611,h,12,141,3,4731,387,6
grp-a001-02-000000070108611,h,13,168,2,3492,554,5
grp-a001-02-000000070108611,h,14,190,3,3550,470,5
grp-a001-02-000000070108611,h,15,161,2,2448,438,5
grp-a001-02-000000070108611,h,16,213,3,2965,444,6
grp-a001-02-000000070108611,h,17,242,7,7665,498,6
grp-a001-02-000000070108611,h,18,127,0,0,269,6
grp-a001-02-000000070108611,h,19,81,3,3334,171,6
grp-a001-02-000000070108611,h,20,46,1,1129,128,5
grp-a001-02-000000070108611,h,21,80,1,1307,238,5
grp-a001-02-000000070108611,h,22,47,1,845,126,5
grp-a001-02-000000070108611,h,23,67,1,1483,255,5
grp-a001-02-000000070108611,m,11068,567,7,8594,2028,7
grp-a001-02-000000070108611,m,118495,1,1,805,1,1
grp-a001-02-000000070108611,m,27758,948,31,39149,1617,7
grp-a001-02-000000070108611,m,335738,32,0,0,125,5
grp-a001-02-000000070108611,m,370822,123,1,1515,199,7
grp-a001-02-000000070108611,m,556927,21,0,0,21,6
grp-a001-02-000000070108611,m,612593,10,0,0,29,4
grp-a001-02-000000070108611,m,684925,346,0,0,346,3
grp-a001-02-000000070108611,m,684927,613,6,5026,2218,7
grp-a001-02-000000070108611,m,684931,3,0,0,3,1
grp-a001-02-000000070108611,m,787480,1,0,0,4,1
grp-a001-02-000000070108611,r,00,17,0,0,47,5
grp-a001-02-000000070108611,r,01,101,1,1485,295,7
grp-a001-02-000000070108611,r,02,751,12,14827,1824,7
grp-a001-02-000000070108611,r,03,105,1,1284,250,6
grp-a001-02-000000070108611,r,04,42,0,0,109,5
grp-a001-02-000000070108611,r,06,92,3,3561,203,6
grp-a001-02-000000070108611,r,07,63,1,1205,150,7
grp-a001-02-000000070108611,r,08,93,2,1712,191,7
grp-a001-02-000000070108611,r,09,865,14,17661,2266,7
grp-a001-02-000000070108611,r,10,34,2,2578,96,5
grp-a001-02-000000070108611,r,11,192,5,4891,467,7
grp-a001-02-000000070108611,r,13,37,1,1691,67,6
grp-a001-02-000000070108611,r,14,12,0,0,20,4
grp-a001-02-000000070108611,r,15,67,3,2945,164,7
grp-a001-02-000000070108611,r,16,46,0,0,75,7
grp-a001-02-000000070108611,r,17,7,0,0,25,3
grp-a001-02-000000070108611,r,18,126,1,1249,305,6
grp-a001-02-000000070108611,r,99,15,0,0,37,4
grp-a001-02-000000070109616,h,00,661,13,11190,2128,5
grp-a001-02-000000070109616,h,01,371,9,7903,1270,7
grp-a001-02-000000070109616,h,02,285,2,2362,1102,7
grp-a001-02-000000070109616,h,03,203,4,3111,750,7
grp-a001-02-000000070109616,h,04,189,2,2261,650,7
grp-a001-02-000000070109616,h,05,197,3,2746,718,7
grp-a001-02-000000070109616,h,06,263,3,3779,923,7
grp-a001-02-000000070109616,h,07,395,9,12103,1559,7
grp-a001-02-000000070109616,h,08,476,9,9715,1898,7
grp-a001-02-000000070109616,h,09,479,9,9942,2066,6
grp-a001-02-000000070109616,h,10,540,6,6364,2396,6
grp-a001-02-000000070109616,h,11,640,16,15659,2566,6
grp-a001-02-000000070109616,h,12,699,19,20117,2776,6
grp-a001-02-000000070109616,h,13,716,14,12018,2853,6
grp-a001-02-000000070109616,h,14,763,17,17501,2833,6
grp-a001-02-000000070109616,h,15,919,18,17208,3100,6
grp-a001-02-000000070109616,h,16,1050,27,23963,3288,6
grp-a001-02-000000070109616,h,17,921,12,10977,3035,7
grp-a001-02-000000070109616,h,18,980,24,24017,2722,7
grp-a001-02-000000070109616,h,19,847,24,21340,2646,7
grp-a001-02-000000070109616,h,20,908,20,17227,3079,5
grp-a001-02-000000070109616,h,21,969,19,16893,3447,5
grp-a001-02-000000070109616,h,22,984,19,17065,3612,5
grp-a001-02-000000070109616,h,23,773,12,10276,3018,5
grp-a001-02-000000070109616,m,33421,1991,21,20882,10447,8
grp-a001-02-000000070109616,m,341893,2020,31,27501,5015,8
grp-a001-02-000000070109616,m,341898,441,4,3212,693,8
grp-a001-02-000000070109616,m,612594,52,1,1566,160,6
grp-a001-02-000000070109616,m,684924,543,3,3060,543,8
grp-a001-02-000000070109616,m,684926,2457,25,24452,12757,8
grp-a001-02-000000070109616,m,805760,6,0,0,30,3
grp-a001-02-000000070109616,m,8753,7718,225,215064,24790,8
grp-a001-02-000000070109616,r,00,106,1,643,351,8
grp-a001-02-000000070109616,r,01,398,11,10838,1302,8
grp-a001-02-000000070109616,r,02,3804,69,66468,13749,8
grp-a001-02-000000070109616,r,03,801,26,24598,2837,8
grp-a001-02-000000070109616,r,04,507,13,12435,1692,8
grp-a001-02-000000070109616,r,06,514,7,6793,1830,8
grp-a001-02-000000070109616,r,07,375,2,1701,1331,8
grp-a001-02-000000070109616,r,08,791,19,17848,2856,8
grp-a001-02-000000070109616,r,09,3782,81,77405,13371,8
grp-a001-02-000000070109616,r,10,274,11,10026,930,8
grp-a001-02-000000070109616,r,11,708,13,10825,2535,8
grp-a001-02-000000070109616,r,13,406,9,8126,1505,8
grp-a001-02-000000070109616,r,14,106,4,4980,393,8
grp-a001-02-000000070109616,r,15,516,9,9283,1776,8
grp-a001-02-000000070109616,r,16,380,6,5122,1439,8
grp-a001-02-000000070109616,r,17,115,2,1748,405,8
grp-a001-02-000000070109616,r,18,832,20,19985,2923,8
grp-a001-02-000000070109616,r,99,813,7,6913,3210,8
grp-a001-02-000000070451363,h,00,1104,32,39958,4417,26
grp-a001-02-000000070451363,h,01,639,9,12231,2710,26
grp-a001-02-000000070451363,h,02,270,6,8005,1366,25
grp-a001-02-000000070451363,h,03,180,2,2731,976,26
grp-a001-02-000000070451363,h,04,180,3,4161,917,23
grp-a001-02-000000070451363,h,05,269,8,9705,1280,26
grp-a001-02-000000070451363,h,06,359,2,2672,1837,26
grp-a001-02-000000070451363,h,07,484,10,12843,2626,26
grp-a001-02-000000070451363,h,08,619,15,17468,3262,27
grp-a001-02-000000070451363,h,09,725,6,6912,4077,28
grp-a001-02-000000070451363,h,10,768,15,17849,5131,28
grp-a001-02-000000070451363,h,11,825,14,16282,4444,27
grp-a001-02-000000070451363,h,12,853,17,20568,4932,27
grp-a001-02-000000070451363,h,13,966,19,23187,4770,27
grp-a001-02-000000070451363,h,14,1091,18,21371,5650,28
grp-a001-02-000000070451363,h,15,1262,21,25167,6632,28
grp-a001-02-000000070451363,h,16,1594,22,27506,8385,28
grp-a001-02-000000070451363,h,17,1296,18,23586,7906,28
grp-a001-02-000000070451363,h,18,1296,22,27376,7414,28
grp-a001-02-000000070451363,h,19,1447,26,29328,8778,29
grp-a001-02-000000070451363,h,20,1919,34,43657,12360,29
grp-a001-02-000000070451363,h,21,1722,26,30800,9617,28
grp-a001-02-000000070451363,h,22,1573,30,38465,8093,27
grp-a001-02-000000070451363,h,23,1524,30,38843,7384,27
grp-a001-02-000000070451363,m,11068,1312,23,27280,6841,29
grp-a001-02-000000070451363,m,122876,354,2,1500,664,4
grp-a001-02-000000070451363,m,27758,1407,51,64195,2492,29
grp-a001-02-000000070451363,m,33421,2694,33,40485,19366,29
grp-a001-02-000000070451363,m,335738,1,0,0,8,1
grp-a001-02-000000070451363,m,341893,1252,3,3985,5650,25
grp-a001-02-000000070451363,m,341898,264,2,2176,549,24
grp-a001-02-000000070451363,m,370822,165,1,1184,410,23
grp-a001-02-000000070451363,m,684924,2104,18,22253,2104,28
grp-a001-02-000000070451363,m,684925,453,5,5260,453,22
grp-a001-02-000000070451363,m,684926,3674,59,65997,24916,28
grp-a001-02-000000070451363,m,684927,733,9,10904,5008,28
grp-a001-02-000000070451363,m,787479,2,0,0,12,1
grp-a001-02-000000070451363,m,787481,4,0,0,4,3
grp-a001-02-000000070451363,m,8753,8546,199,255452,56487,29
grp-a001-02-000000070451363,r,00,187,0,0,853,27
grp-a001-02-000000070451363,r,01,587,14,16588,2807,28
grp-a001-02-000000070451363,r,02,6030,105,127747,31710,29
grp-a001-02-000000070451363,r,03,1055,17,20554,5850,29
grp-a001-02-000000070451363,r,04,895,11,15046,5243,29
grp-a001-02-000000070451363,r,06,817,13,15657,5041,29
grp-a001-02-000000070451363,r,07,527,7,8793,3127,29
grp-a001-02-000000070451363,r,08,1051,17,21065,5861,28
grp-a001-02-000000070451363,r,09,5162,80,100534,28549,29
grp-a001-02-000000070451363,r,10,389,7,9084,2385,28
grp-a001-02-000000070451363,r,11,1224,22,28016,6707,29
grp-a001-02-000000070451363,r,13,615,19,22452,3485,29
grp-a001-02-000000070451363,r,14,129,3,3796,707,25
grp-a001-02-000000070451363,r,15,817,24,32507,4226,29
grp-a001-02-000000070451363,r,16,671,16,17972,3466,29
grp-a001-02-000000070451363,r,17,158,3,4006,932,25
grp-a001-02-000000070451363,r,18,1077,30,36401,6384,29
grp-a001-02-000000070451363,r,99,1574,17,20453,7631,29
grp-a001-02-000000070523564,h,00,2047,63,67325,5970,23
grp-a001-02-000000070523564,h,01,1230,47,59497,3281,26
grp-a001-02-000000070523564,h,02,799,34,49124,2364,25
grp-a001-02-000000070523564,h,03,503,18,25794,1448,25
grp-a001-02-000000070523564,h,04,459,15,21358,1349,26
grp-a001-02-000000070523564,h,05,535,20,26250,1725,23
grp-a001-02-000000070523564,h,06,946,44,61224,2637,25
grp-a001-02-000000070523564,h,07,1491,52,66785,4773,26
grp-a001-02-000000070523564,h,08,2215,93,124116,6513,25
grp-a001-02-000000070523564,h,09,2219,69,86477,6952,27
grp-a001-02-000000070523564,h,10,2818,73,83753,8563,27
grp-a001-02-000000070523564,h,11,3644,105,140372,9813,26
grp-a001-02-000000070523564,h,12,3666,115,151578,10384,26
grp-a001-02-000000070523564,h,13,4079,165,208431,10573,26
grp-a001-02-000000070523564,h,14,4589,177,226091,12073,27
grp-a001-02-000000070523564,h,15,4814,150,188945,12546,27
grp-a001-02-000000070523564,h,16,4761,177,212464,13965,27
grp-a001-02-000000070523564,h,17,4511,110,135242,13316,26
grp-a001-02-000000070523564,h,18,3967,126,151272,12145,26
grp-a001-02-000000070523564,h,19,4424,124,151129,14829,26
grp-a001-02-000000070523564,h,20,5511,156,187560,18952,26
grp-a001-02-000000070523564,h,21,4238,130,147365,16026,26
grp-a001-02-000000070523564,h,22,3903,105,115527,14446,26
grp-a001-02-000000070523564,h,23,3530,99,110759,11547,24
grp-a001-02-000000070523564,m,11068,2310,87,102530,7540,28
grp-a001-02-000000070523564,m,27758,6445,398,483504,9634,27
grp-a001-02-000000070523564,m,33421,5483,169,204910,24528,28
grp-a001-02-000000070523564,m,341893,5537,166,179784,14248,24
grp-a001-02-000000070523564,m,341898,1141,12,14034,1751,23
grp-a001-02-000000070523564,m,370822,346,4,4038,674,22
grp-a001-02-000000070523564,m,424040,2,1,1083,2,1
grp-a001-02-000000070523564,m,556927,33,0,0,33,12
grp-a001-02-000000070523564,m,684924,6498,49,62008,6498,28
grp-a001-02-000000070523564,m,684925,3567,56,68433,3567,25
grp-a001-02-000000070523564,m,684926,7908,251,299993,36647,27
grp-a001-02-000000070523564,m,684927,1483,51,56304,6557,28
grp-a001-02-000000070523564,m,684930,53,0,0,86,11
grp-a001-02-000000070523564,m,684931,37,0,0,64,5
grp-a001-02-000000070523564,m,787479,4,0,0,13,3
grp-a001-02-000000070523564,m,787481,5,0,0,6,4
grp-a001-02-000000070523564,m,8753,30047,1023,1321817,104342,28
grp-a001-02-000000070523564,r,-1,1,0,0,2,1
grp-a001-02-000000070523564,r,00,647,17,19925,1703,26
grp-a001-02-000000070523564,r,01,1902,70,87118,5362,27
grp-a001-02-000000070523564,r,02,18487,606,748017,56898,28
grp-a001-02-000000070523564,r,03,3298,112,138916,9879,28
grp-a001-02-000000070523564,r,04,2748,88,115548,8292,26
grp-a001-02-000000070523564,r,06,2564,67,83290,8083,27
grp-a001-02-000000070523564,r,07,1614,52,62412,5141,26
grp-a001-02-000000070523564,r,08,3357,100,120685,10516,28
grp-a001-02-000000070523564,r,09,15973,508,629148,48920,28
grp-a001-02-000000070523564,r,10,1423,50,60557,4673,27
grp-a001-02-000000070523564,r,11,3977,120,153606,12049,28
grp-a001-02-000000070523564,r,13,1850,56,69012,5827,27
grp-a001-02-000000070523564,r,14,512,12,14233,1339,27
grp-a001-02-000000070523564,r,15,2902,112,133166,8403,27
grp-a001-02-000000070523564,r,16,1889,53,68217,5621,27
grp-a001-02-000000070523564,r,17,433,14,17511,1384,25
grp-a001-02-000000070523564,r,18,3645,122,148096,11740,27
grp-a001-02-000000070523564,r,99,3677,108,128981,10358,27
grp-a001-02-000000070523694,h,00,390,7,9034,1741,25
grp-a001-02-000000070523694,h,01,265,1,2004,978,24
grp-a001-02-000000070523694,h,02,144,2,3263,662,24
grp-a001-02-000000070523694,h,03,104,2,3024,482,20
grp-a001-02-000000070523694,h,04,126,0,0,604,23
grp-a001-02-000000070523694,h,05,141,5,8003,644,21
grp-a001-02-000000070523694,h,06,205,5,7450,798,25
grp-a001-02-000000070523694,h,07,214,6,8589,845,26
grp-a001-02-000000070523694,h,08,338,5,7926,1398,26
grp-a001-02-000000070523694,h,09,461,7,11714,2271,27
grp-a001-02-000000070523694,h,10,497,3,3060,2109,27
grp-a001-02-000000070523694,h,11,501,9,14245,2810,27
grp-a001-02-000000070523694,h,12,405,6,11887,1819,26
grp-a001-02-000000070523694,h,13,475,8,13510,2279,26
grp-a001-02-000000070523694,h,14,447,12,18370,2161,26
grp-a001-02-000000070523694,h,15,498,18,31522,2437,27
grp-a001-02-000000070523694,h,16,2684,16,22744,5708,26
grp-a001-02-000000070523694,h,17,565,12,17752,2520,27
grp-a001-02-000000070523694,h,18,523,8,14268,2563,27
grp-a001-02-000000070523694,h,19,490,9,14232,2269,26
grp-a001-02-000000070523694,h,20,436,8,12046,2194,27
grp-a001-02-000000070523694,h,21,505,11,18250,2543,26
grp-a001-02-000000070523694,h,22,546,12,16421,2268,26
grp-a001-02-000000070523694,h,23,531,16,22793,2263,26
grp-a001-02-000000070523694,m,11068,1023,11,17870,4549,28
grp-a001-02-000000070523694,m,27758,775,4,5453,1328,20
grp-a001-02-000000070523694,m,33421,1910,12,19756,13248,28
grp-a001-02-000000070523694,m,341893,811,15,16174,2782,22
grp-a001-02-000000070523694,m,341898,156,1,1045,274,22
grp-a001-02-000000070523694,m,370822,93,4,4718,160,17
grp-a001-02-000000070523694,m,556927,4,0,0,4,3
grp-a001-02-000000070523694,m,684924,700,0,0,700,18
grp-a001-02-000000070523694,m,684925,249,0,0,249,11
grp-a001-02-000000070523694,m,684926,1533,22,30310,9593,27
grp-a001-02-000000070523694,m,684927,324,4,5081,2165,26
grp-a001-02-000000070523694,m,787479,2,0,0,4,1
grp-a001-02-000000070523694,m,787481,2,0,0,4,2
grp-a001-02-000000070523694,m,8753,3909,115,191700,11306,28
grp-a001-02-000000070523694,r,00,93,0,0,227,19
grp-a001-02-000000070523694,r,01,278,8,12131,1155,26
grp-a001-02-000000070523694,r,02,2840,50,78163,11011,28
grp-a001-02-000000070523694,r,03,477,5,5213,1694,28
grp-a001-02-000000070523694,r,04,422,9,15289,1830,28
grp-a001-02-000000070523694,r,06,374,6,10244,1383,27
grp-a001-02-000000070523694,r,07,205,2,3073,743,27
grp-a001-02-000000070523694,r,08,540,10,15516,2194,27
grp-a001-02-000000070523694,r,09,3036,39,57782,13130,28
grp-a001-02-000000070523694,r,10,187,4,5886,678,25
grp-a001-02-000000070523694,r,11,636,7,13245,2270,28
grp-a001-02-000000070523694,r,13,236,5,8334,878,26
grp-a001-02-000000070523694,r,14,75,4,7690,246,18
grp-a001-02-000000070523694,r,15,402,8,13850,1569,27
grp-a001-02-000000070523694,r,16,250,5,7498,999,28
grp-a001-02-000000070523694,r,17,54,1,1216,195,17
grp-a001-02-000000070523694,r,18,528,11,16334,2163,28
grp-a001-02-000000070523694,r,99,858,14,20643,4001,27
grp-a001-02-000000070833125,h,00,30,0,0,114,3
grp-a001-02-000000070833125,h,01,29,0,0,93,3
grp-a001-02-000000070833125,h,02,14,1,1024,93,3
grp-a001-02-000000070833125,h,03,8,0,0,31,3
grp-a001-02-000000070833125,h,04,10,0,0,50,2
grp-a001-02-000000070833125,h,05,13,0,0,49,3
grp-a001-02-000000070833125,h,06,18,0,0,99,3
grp-a001-02-000000070833125,h,07,35,0,0,167,3
grp-a001-02-000000070833125,h,08,34,0,0,189,3
grp-a001-02-000000070833125,h,09,42,1,628,162,3
grp-a001-02-000000070833125,h,10,31,0,0,177,3
grp-a001-02-000000070833125,h,11,25,0,0,97,2
grp-a001-02-000000070833125,h,12,40,0,0,130,2
grp-a001-02-000000070833125,h,13,27,2,1327,100,2
grp-a001-02-000000070833125,h,14,24,0,0,69,2
grp-a001-02-000000070833125,h,15,24,1,662,102,2
grp-a001-02-000000070833125,h,16,20,0,0,79,2
grp-a001-02-000000070833125,h,17,36,0,0,160,2
grp-a001-02-000000070833125,h,18,41,0,0,177,2
grp-a001-02-000000070833125,h,19,31,0,0,128,2
grp-a001-02-000000070833125,h,20,28,0,0,143,2
grp-a001-02-000000070833125,h,21,38,0,0,158,2
grp-a001-02-000000070833125,h,22,58,1,839,321,2
grp-a001-02-000000070833125,h,23,46,1,998,134,2
grp-a001-02-000000070833125,m,11068,9,0,0,89,2
grp-a001-02-000000070833125,m,137281,43,1,672,47,3
grp-a001-02-000000070833125,m,172112,4,0,0,12,1
grp-a001-02-000000070833125,m,23123,2,0,0,10,1
grp-a001-02-000000070833125,m,248824,3,0,0,7,2
grp-a001-02-000000070833125,m,27758,11,2,1317,24,3
grp-a001-02-000000070833125,m,291244,8,0,0,29,2
grp-a001-02-000000070833125,m,33421,150,1,998,885,3
grp-a001-02-000000070833125,m,529514,137,0,0,396,3
grp-a001-02-000000070833125,m,612593,2,0,0,4,2
grp-a001-02-000000070833125,m,612594,5,0,0,23,3
grp-a001-02-000000070833125,m,684924,49,0,0,49,3
grp-a001-02-000000070833125,m,684925,7,0,0,7,2
grp-a001-02-000000070833125,m,684926,47,1,1024,455,3
grp-a001-02-000000070833125,m,684927,1,0,0,9,1
grp-a001-02-000000070833125,m,791888,1,0,0,4,1
grp-a001-02-000000070833125,m,798056,2,0,0,4,1
grp-a001-02-000000070833125,m,8753,148,2,1467,673,3
grp-a001-02-000000070833125,m,87620,12,0,0,42,3
grp-a001-02-000000070833125,m,98128,61,0,0,253,3
grp-a001-02-000000070833125,r,00,6,0,0,18,2
grp-a001-02-000000070833125,r,01,16,0,0,85,3
grp-a001-02-000000070833125,r,02,201,4,3305,859,3
grp-a001-02-000000070833125,r,03,19,0,0,96,3
grp-a001-02-000000070833125,r,04,34,0,0,164,2
grp-a001-02-000000070833125,r,06,24,1,672,91,3
grp-a001-02-000000070833125,r,07,14,0,0,43,2
grp-a001-02-000000070833125,r,08,33,0,0,132,2
grp-a001-02-000000070833125,r,09,159,2,1501,641,3
grp-a001-02-000000070833125,r,10,15,0,0,73,3
grp-a001-02-000000070833125,r,11,43,0,0,201,3
grp-a001-02-000000070833125,r,13,8,0,0,47,2
grp-a001-02-000000070833125,r,14,5,0,0,16,2
grp-a001-02-000000070833125,r,15,16,0,0,74,3
grp-a001-02-000000070833125,r,16,14,0,0,123,3
grp-a001-02-000000070833125,r,17,1,0,0,2,1
grp-a001-02-000000070833125,r,18,19,0,0,65,3
grp-a001-02-000000070833125,r,99,75,0,0,292,3
grp-a001-02-000000070833126,h,00,193,0,0,757,3
grp-a001-02-000000070833126,h,01,161,0,0,525,3
grp-a001-02-000000070833126,h,02,55,0,0,320,3
grp-a001-02-000000070833126,h,03,31,0,0,125,3
grp-a001-02-000000070833126,h,04,22,0,0,167,3
grp-a001-02-000000070833126,h,05,28,1,55,167,3
grp-a001-02-000000070833126,h,06,42,0,0,293,3
grp-a001-02-000000070833126,h,07,59,0,0,328,3
grp-a001-02-000000070833126,h,08,76,0,0,469,3
grp-a001-02-000000070833126,h,09,147,0,0,510,3
grp-a001-02-000000070833126,h,10,191,1,1062,679,3
grp-a001-02-000000070833126,h,11,138,0,0,546,2
grp-a001-02-000000070833126,h,12,190,0,0,577,2
grp-a001-02-000000070833126,h,13,185,2,2259,560,2
grp-a001-02-000000070833126,h,14,182,0,0,602,2
grp-a001-02-000000070833126,h,15,192,1,1123,631,2
grp-a001-02-000000070833126,h,16,212,0,0,672,2
grp-a001-02-000000070833126,h,17,186,0,0,594,2
grp-a001-02-000000070833126,h,18,276,1,1130,878,2
grp-a001-02-000000070833126,h,19,211,1,1166,815,2
grp-a001-02-000000070833126,h,20,281,2,1659,1008,2
grp-a001-02-000000070833126,h,21,206,3,3351,1086,2
grp-a001-02-000000070833126,h,22,264,3,2803,1296,2
grp-a001-02-000000070833126,h,23,238,2,1982,1127,2
grp-a001-02-000000070833126,m,11068,58,0,0,362,3
grp-a001-02-000000070833126,m,137281,125,0,0,240,3
grp-a001-02-000000070833126,m,172112,4,0,0,8,1
grp-a001-02-000000070833126,m,23123,10,0,0,35,2
grp-a001-02-000000070833126,m,248824,3,0,0,10,2
grp-a001-02-000000070833126,m,27758,58,1,638,121,3
grp-a001-02-000000070833126,m,291244,11,0,0,29,3
grp-a001-02-000000070833126,m,33421,426,2,2189,2784,3
grp-a001-02-000000070833126,m,341893,1,0,0,2,1
grp-a001-02-000000070833126,m,529514,1645,0,0,3058,3
grp-a001-02-000000070833126,m,612593,4,0,0,28,2
grp-a001-02-000000070833126,m,612594,9,0,0,40,3
grp-a001-02-000000070833126,m,684924,78,0,0,78,2
grp-a001-02-000000070833126,m,684925,15,0,0,15,1
grp-a001-02-000000070833126,m,684926,399,0,0,3536,3
grp-a001-02-000000070833126,m,684927,62,0,0,702,3
grp-a001-02-000000070833126,m,791888,16,1,493,40,3
grp-a001-02-000000070833126,m,791889,3,0,0,13,2
grp-a001-02-000000070833126,m,798056,2,0,0,6,1
grp-a001-02-000000070833126,m,8753,745,12,13215,3326,3
grp-a001-02-000000070833126,m,87620,19,1,55,79,3
grp-a001-02-000000070833126,m,98128,73,0,0,220,3
grp-a001-02-000000070833126,r,00,19,0,0,79,2
grp-a001-02-000000070833126,r,01,62,0,0,244,3
grp-a001-02-000000070833126,r,02,822,6,5924,3306,3
grp-a001-02-000000070833126,r,03,115,0,0,518,3
grp-a001-02-000000070833126,r,04,134,1,1166,568,3
grp-a001-02-000000070833126,r,06,130,0,0,507,3
grp-a001-02-000000070833126,r,07,108,0,0,357,3
grp-a001-02-000000070833126,r,08,158,0,0,626,3
grp-a001-02-000000070833126,r,09,1001,7,6071,3671,3
grp-a001-02-000000070833126,r,10,55,0,0,205,3
grp-a001-02-000000070833126,r,11,177,1,1123,806,3
grp-a001-02-000000070833126,r,13,79,0,0,362,3
grp-a001-02-000000070833126,r,14,21,0,0,51,2
grp-a001-02-000000070833126,r,15,88,0,0,386,3
grp-a001-02-000000070833126,r,16,95,1,1150,508,3
grp-a001-02-000000070833126,r,17,33,0,0,107,3
grp-a001-02-000000070833126,r,18,145,1,1156,634,3
grp-a001-02-000000070833126,r,99,524,0,0,1797,3
grp-a001-02-000000070833127,h,00,258,2,1794,981,3
grp-a001-02-000000070833127,h,01,199,0,0,600,3
grp-a001-02-000000070833127,h,02,124,1,928,422,3
grp-a001-02-000000070833127,h,03,66,1,1177,196,3
grp-a001-02-000000070833127,h,04,69,3,3146,332,3
grp-a001-02-000000070833127,h,05,81,1,1008,247,3
grp-a001-02-000000070833127,h,06,127,0,0,445,3
grp-a001-02-000000070833127,h,07,183,2,2012,614,3
grp-a001-02-000000070833127,h,08,262,5,4530,996,3
grp-a001-02-000000070833127,h,09,218,1,1177,630,3
grp-a001-02-000000070833127,h,10,262,0,0,822,3
grp-a001-02-000000070833127,h,11,195,3,3146,615,2
grp-a001-02-000000070833127,h,12,155,1,809,534,2
grp-a001-02-000000070833127,h,13,108,0,0,405,2
grp-a001-02-000000070833127,h,14,147,2,2160,666,2
grp-a001-02-000000070833127,h,15,173,1,1206,630,2
grp-a001-02-000000070833127,h,16,270,0,0,744,2
grp-a001-02-000000070833127,h,17,230,5,4703,587,2
grp-a001-02-000000070833127,h,18,343,1,1193,882,2
grp-a001-02-000000070833127,h,19,289,1,1151,867,2
grp-a001-02-000000070833127,h,20,396,2,1950,1179,2
grp-a001-02-000000070833127,h,21,421,8,9061,1649,2
grp-a001-02-000000070833127,h,22,527,3,3047,1742,2
grp-a001-02-000000070833127,h,23,444,5,5933,1474,2
grp-a001-02-000000070833127,m,11068,75,3,2480,552,3
grp-a001-02-000000070833127,m,137281,173,0,0,234,3
grp-a001-02-000000070833127,m,172112,4,0,0,4,1
grp-a001-02-000000070833127,m,23123,11,0,0,37,3
grp-a001-02-000000070833127,m,248824,3,0,0,3,2
grp-a001-02-000000070833127,m,27758,89,5,3737,179,3
grp-a001-02-000000070833127,m,291244,15,0,0,43,3
grp-a001-02-000000070833127,m,33421,614,5,5749,3588,3
grp-a001-02-000000070833127,m,335738,1,0,0,10,1
grp-a001-02-000000070833127,m,341893,1,0,0,5,1
grp-a001-02-000000070833127,m,529514,1876,0,0,2011,3
grp-a001-02-000000070833127,m,612593,3,0,0,26,2
grp-a001-02-000000070833127,m,612594,19,0,0,58,3
grp-a001-02-000000070833127,m,684924,446,1,928,446,3
grp-a001-02-000000070833127,m,684925,39,0,0,39,2
grp-a001-02-000000070833127,m,684926,623,9,10281,4761,3
grp-a001-02-000000070833127,m,684927,89,1,751,923,3
grp-a001-02-000000070833127,m,791888,15,0,0,23,3
grp-a001-02-000000070833127,m,791889,4,0,0,16,2
grp-a001-02-000000070833127,m,798056,4,0,0,4,2
grp-a001-02-000000070833127,m,8753,1315,23,25159,5011,3
grp-a001-02-000000070833127,m,87620,24,1,1046,88,3
grp-a001-02-000000070833127,m,98128,104,0,0,198,3
grp-a001-02-000000070833127,r,00,36,0,0,123,3
grp-a001-02-000000070833127,r,01,111,2,2239,412,3
grp-a001-02-000000070833127,r,02,1236,14,14181,4151,3
grp-a001-02-000000070833127,r,03,204,2,1866,749,3
grp-a001-02-000000070833127,r,04,195,3,3282,679,3
grp-a001-02-000000070833127,r,06,176,5,4612,647,3
grp-a001-02-000000070833127,r,07,143,1,913,354,3
grp-a001-02-000000070833127,r,08,226,2,2364,748,3
grp-a001-02-000000070833127,r,09,1405,6,6192,4449,3
grp-a001-02-000000070833127,r,10,98,0,0,225,3
grp-a001-02-000000070833127,r,11,291,2,1874,944,3
grp-a001-02-000000070833127,r,13,99,0,0,394,3
grp-a001-02-000000070833127,r,14,27,0,0,125,3
grp-a001-02-000000070833127,r,15,156,2,2327,536,3
grp-a001-02-000000070833127,r,16,127,2,2334,566,3
grp-a001-02-000000070833127,r,17,50,0,0,126,3
grp-a001-02-000000070833127,r,18,229,2,2387,812,3
grp-a001-02-000000070833127,r,99,738,5,5560,2219,3
grp-a001-02-000000070991863,h,00,1035,26,26470,3691,11
grp-a001-02-000000070991863,h,01,920,20,26320,3163,17
grp-a001-02-000000070991863,h,02,721,22,24464,2562,17
grp-a001-02-000000070991863,h,03,522,14,18625,1865,17
grp-a001-02-000000070991863,h,04,455,5,5762,1708,17
grp-a001-02-000000070991863,h,05,503,6,8090,2025,17
grp-a001-02-000000070991863,h,06,878,15,18288,3398,17
grp-a001-02-000000070991863,h,07,1057,37,42415,4045,17
grp-a001-02-000000070991863,h,08,1493,34,37984,5077,17
grp-a001-02-000000070991863,h,09,1779,52,62024,6331,18
grp-a001-02-000000070991863,h,10,2419,57,69247,8703,18
grp-a001-02-000000070991863,h,11,2520,61,69458,8720,18
grp-a001-02-000000070991863,h,12,2475,54,63589,7767,18
grp-a001-02-000000070991863,h,13,2722,99,114088,8562,18
grp-a001-02-000000070991863,h,14,2743,93,101877,7977,17
grp-a001-02-000000070991863,h,15,2717,87,95014,8174,18
grp-a001-02-000000070991863,h,16,2704,84,84619,8383,18
grp-a001-02-000000070991863,h,17,2483,76,75687,6858,17
grp-a001-02-000000070991863,h,18,2253,71,76759,6841,16
grp-a001-02-000000070991863,h,19,2203,60,65075,6888,16
grp-a001-02-000000070991863,h,20,2030,56,59229,6334,16
grp-a001-02-000000070991863,h,21,1860,53,55330,5858,15
grp-a001-02-000000070991863,h,22,1833,66,72226,6002,14
grp-a001-02-000000070991863,h,23,1414,51,55356,4518,12
grp-a001-02-000000070991863,m,11068,1648,38,41801,7186,19
grp-a001-02-000000070991863,m,27758,4166,217,247821,6480,19
grp-a001-02-000000070991863,m,33421,4538,55,62196,25606,19
grp-a001-02-000000070991863,m,335738,25,0,0,86,4
grp-a001-02-000000070991863,m,341893,2888,72,68929,12336,19
grp-a001-02-000000070991863,m,341898,402,4,4555,767,18
grp-a001-02-000000070991863,m,370822,265,2,1775,521,17
grp-a001-02-000000070991863,m,424040,3,0,0,5,2
grp-a001-02-000000070991863,m,556927,23,0,0,23,8
grp-a001-02-000000070991863,m,684924,3622,25,24459,3622,19
grp-a001-02-000000070991863,m,684925,1123,6,5476,1123,19
grp-a001-02-000000070991863,m,684926,4824,143,149023,27556,19
grp-a001-02-000000070991863,m,684927,1136,31,31359,5775,19
grp-a001-02-000000070991863,m,684931,4,0,0,5,3
grp-a001-02-000000070991863,m,8753,17072,606,690602,44359,19
grp-a001-02-000000070991863,r,00,447,11,11156,1110,19
grp-a001-02-000000070991863,r,01,1152,41,45436,3613,19
grp-a001-02-000000070991863,r,02,10239,295,329806,33389,19
grp-a001-02-000000070991863,r,03,1802,64,69247,5223,19
grp-a001-02-000000070991863,r,04,1456,38,41091,4881,19
grp-a001-02-000000070991863,r,06,1260,35,36183,3804,19
grp-a001-02-000000070991863,r,07,831,20,22109,2636,19
grp-a001-02-000000070991863,r,08,1908,54,56720,6006,19
grp-a001-02-000000070991863,r,09,9572,253,285977,32652,19
grp-a001-02-000000070991863,r,10,743,19,24661,2127,19
grp-a001-02-000000070991863,r,11,2315,71,77298,7203,19
grp-a001-02-000000070991863,r,13,984,25,27863,2987,19
grp-a001-02-000000070991863,r,14,329,9,8423,939,19
grp-a001-02-000000070991863,r,15,1645,61,66833,5203,19
grp-a001-02-000000070991863,r,16,1122,30,32163,3498,19
grp-a001-02-000000070991863,r,17,236,12,12785,834,19
grp-a001-02-000000070991863,r,18,1906,71,78819,6400,19
grp-a001-02-000000070991863,r,99,3792,90,101426,12945,19
grp-a001-02-000000070992078,h,00,426,8,6521,3475,16
grp-a001-02-000000070992078,h,01,248,4,2896,2399,17
grp-a001-02-000000070992078,h,02,136,0,0,1212,17
grp-a001-02-000000070992078,h,03,115,0,0,928,17
grp-a001-02-000000070992078,h,04,83,1,1049,734,17
grp-a001-02-000000070992078,h,05,108,1,1085,1124,17
grp-a001-02-000000070992078,h,06,157,4,3025,1373,17
grp-a001-02-000000070992078,h,07,198,2,1793,1347,17
grp-a001-02-000000070992078,h,08,240,0,0,1884,17
grp-a001-02-000000070992078,h,09,290,2,1278,2976,17
grp-a001-02-000000070992078,h,10,522,2,1509,6029,18
grp-a001-02-000000070992078,h,11,420,7,4701,3800,18
grp-a001-02-000000070992078,h,12,381,5,3875,3491,18
grp-a001-02-000000070992078,h,13,394,9,6857,3801,18
grp-a001-02-000000070992078,h,14,430,3,2215,3595,18
grp-a001-02-000000070992078,h,15,460,7,6395,4006,19
grp-a001-02-000000070992078,h,16,563,7,5308,5880,19
grp-a001-02-000000070992078,h,17,502,4,2262,4793,19
grp-a001-02-000000070992078,h,18,499,10,6891,4190,19
grp-a001-02-000000070992078,h,19,506,5,3974,4462,19
grp-a001-02-000000070992078,h,20,685,9,6560,6360,19
grp-a001-02-000000070992078,h,21,584,6,4139,5767,18
grp-a001-02-000000070992078,h,22,627,13,8669,5742,17
grp-a001-02-000000070992078,h,23,659,14,10011,5930,17
grp-a001-02-000000070992078,m,11068,595,5,3456,6272,19
grp-a001-02-000000070992078,m,27758,226,6,4986,373,18
grp-a001-02-000000070992078,m,33421,1731,12,8683,15577,19
grp-a001-02-000000070992078,m,335738,6,0,0,31,3
grp-a001-02-000000070992078,m,341893,1240,21,15939,8403,18
grp-a001-02-000000070992078,m,341898,38,0,0,116,10
grp-a001-02-000000070992078,m,370822,30,0,0,128,10
grp-a001-02-000000070992078,m,556927,1,0,0,1,1
grp-a001-02-000000070992078,m,684924,353,3,1732,353,19
grp-a001-02-000000070992078,m,684925,79,0,0,79,15
grp-a001-02-000000070992078,m,684926,2231,23,13236,29183,19
grp-a001-02-000000070992078,m,684927,825,7,5148,10292,19
grp-a001-02-000000070992078,m,787479,1,0,0,4,1
grp-a001-02-000000070992078,m,787481,2,0,0,4,1
grp-a001-02-000000070992078,m,8753,1875,46,37833,14482,19
grp-a001-02-000000070992078,r,00,123,3,2396,640,17
grp-a001-02-000000070992078,r,01,247,7,5987,1982,19
grp-a001-02-000000070992078,r,02,2203,32,26174,20522,19
grp-a001-02-000000070992078,r,03,328,6,4596,3123,19
grp-a001-02-000000070992078,r,04,287,2,207,2895,19
grp-a001-02-000000070992078,r,06,283,2,1633,2780,19
grp-a001-02-000000070992078,r,07,201,1,1016,1993,19
grp-a001-02-000000070992078,r,08,359,5,1966,3298,19
grp-a001-02-000000070992078,r,09,2377,21,14994,21887,19
grp-a001-02-000000070992078,r,10,139,2,1789,1312,18
grp-a001-02-000000070992078,r,11,480,11,8730,4261,19
grp-a001-02-000000070992078,r,13,228,6,5189,1952,19
grp-a001-02-000000070992078,r,14,59,0,0,664,15
grp-a001-02-000000070992078,r,15,299,3,2616,2994,19
grp-a001-02-000000070992078,r,16,233,8,5750,1827,19
grp-a001-02-000000070992078,r,17,40,2,1483,330,17
grp-a001-02-000000070992078,r,18,510,9,5475,5203,19
grp-a001-02-000000070992078,r,99,837,3,1012,7635,19
grp-a001-02-000000070992116,h,00,338,6,6026,2312,16
grp-a001-02-000000070992116,h,01,221,0,0,2253,17
grp-a001-02-000000070992116,h,02,133,2,2267,1507,16
grp-a001-02-000000070992116,h,03,96,0,0,696,16
grp-a001-02-000000070992116,h,04,159,1,1089,1438,17
grp-a001-02-000000070992116,h,05,149,1,982,1382,17
grp-a001-02-000000070992116,h,06,202,4,4512,1458,16
grp-a001-02-000000070992116,h,07,129,0,0,1043,17
grp-a001-02-000000070992116,h,08,232,5,5092,1511,17
grp-a001-02-000000070992116,h,09,327,1,1112,2604,18
grp-a001-02-000000070992116,h,10,495,6,5971,5982,18
grp-a001-02-000000070992116,h,11,475,6,5876,6095,18
grp-a001-02-000000070992116,h,12,342,11,9987,3144,18
grp-a001-02-000000070992116,h,13,394,5,4111,2751,18
grp-a001-02-000000070992116,h,14,348,3,3363,2579,18
grp-a001-02-000000070992116,h,15,540,6,5276,4629,19
grp-a001-02-000000070992116,h,16,432,7,6236,4128,19
grp-a001-02-000000070992116,h,17,469,10,10397,4159,19
grp-a001-02-000000070992116,h,18,361,4,4094,2455,19
grp-a001-02-000000070992116,h,19,441,4,3827,2865,19
grp-a001-02-000000070992116,h,20,385,4,2856,2756,19
grp-a001-02-000000070992116,h,21,438,3,2869,2798,18
grp-a001-02-000000070992116,h,22,399,5,4846,2694,17
grp-a001-02-000000070992116,h,23,413,4,3626,2595,17
grp-a001-02-000000070992116,m,11068,614,7,7213,5365,19
grp-a001-02-000000070992116,m,27758,170,4,3737,289,17
grp-a001-02-000000070992116,m,33421,1817,8,8683,22229,19
grp-a001-02-000000070992116,m,335738,10,0,0,51,5
grp-a001-02-000000070992116,m,341893,1043,19,17671,6907,17
grp-a001-02-000000070992116,m,341898,65,0,0,175,16
grp-a001-02-000000070992116,m,370822,49,1,1006,163,11
grp-a001-02-000000070992116,m,684924,935,12,9656,935,19
grp-a001-02-000000070992116,m,684925,114,1,982,114,16
grp-a001-02-000000070992116,m,684926,1177,14,14409,9682,19
grp-a001-02-000000070992116,m,684927,788,2,2206,15501,18
grp-a001-02-000000070992116,m,787479,1,0,0,3,1
grp-a001-02-000000070992116,m,8753,1135,30,28852,4420,19
grp-a001-02-000000070992116,r,00,31,0,0,77,11
grp-a001-02-000000070992116,r,01,229,4,4216,1569,19
grp-a001-02-000000070992116,r,02,1781,24,22356,13666,19
grp-a001-02-000000070992116,r,03,279,3,3365,2058,19
grp-a001-02-000000070992116,r,04,327,4,4154,2960,19
grp-a001-02-000000070992116,r,06,198,5,3928,1592,19
grp-a001-02-000000070992116,r,07,140,2,2080,1213,18
grp-a001-02-000000070992116,r,08,289,8,7833,2155,19
grp-a001-02-000000070992116,r,09,1919,19,17732,14955,19
grp-a001-02-000000070992116,r,10,144,2,1878,1078,18
grp-a001-02-000000070992116,r,11,317,4,4215,2506,19
grp-a001-02-000000070992116,r,13,197,4,3416,1421,18
grp-a001-02-000000070992116,r,14,45,0,0,450,14
grp-a001-02-000000070992116,r,15,287,4,4096,2694,19
grp-a001-02-000000070992116,r,16,197,3,3176,1560,19
grp-a001-02-000000070992116,r,17,37,0,0,246,15
grp-a001-02-000000070992116,r,18,453,7,6648,3716,19
grp-a001-02-000000070992116,r,99,1048,5,5322,11918,19
