계산서번호,구분,발주번호,SKU번호,SKU명,입고반출일자,물류센터,수량,단가,총단가,지급일
26391293,발주,108972295,40840087,"오하이 전면 3D 풀커버 TPU 지문방지 + 무광택 휴대폰 액정보호필름 3p + 부착 가이드툴, 아이폰15프로, 1세트",2025-07-28 10:09:50,CHW1,10,"9,540","95,400",2025-09-26
26391293,발주,108972295,41670004,"오하이 전면 3D 풀커버 TPU 지문방지 + 무광택 휴대폰 액정보호필름 3p + 부착 가이드툴, 갤럭시 S24, 1세트",2025-07-28 10:09:50,CHW1,3,"9,540","28,620",2025-09-26
26391293,발주,108972295,41670004,"오하이 전면 3D 풀커버 TPU 지문방지 + 무광택 휴대폰 액정보호필름 3p + 부착 가이드툴, 갤럭시 S24, 1세트",2025-07-28 10:14:40,CHW1,11,"9,540","104,940",2025-09-26
26391293,발주,108982275,31762099,"오하이 전면 3D 풀커버 TPU 지문방지 + 무광택 휴대폰 액정보호필름 3p + 부착 가이드툴, 갤럭시S23울트라, 1세트",2025-07-28 13:50:56,GWJ2,50,"9,540","477,000",2025-09-26
26391293,발주,108982275,41670010,"오하이 전면 3D 풀커버 TPU 지문방지 + 무광택 휴대폰 액정보호필름 3p + 부착 가이드툴, 갤럭시 S24울트라, 1세트",2025-07-28 01:15:38,GWJ2,21,"9,540","200,340",2025-09-26
26391293,발주,108982275,55707338,"오하이 전면 3D 풀커버 TPU 지문방지 + 무광택 휴대폰 액정보호필름 3p + 부착 가이드툴, 삼성 갤럭시 S25울트라, 1세트",2025-07-28 01:12:06,GWJ2,34,"9,060","308,040",2025-09-26
26391293,발주,108983260,31762099,"오하이 전면 3D 풀커버 TPU 지문방지 + 무광택 휴대폰 액정보호필름 3p + 부착 가이드툴, 갤럭시S23울트라, 1세트",2025-07-28 19:41:10,CHW4,30,"9,540","286,200",2025-09-26
26391293,발주,108983260,31762099,"오하이 전면 3D 풀커버 TPU 지문방지 + 무광택 휴대폰 액정보호필름 3p + 부착 가이드툴, 갤럭시S23울트라, 1세트",2025-07-28 19:47:27,CHW4,19,"9,540","181,260",2025-09-26
26391293,발주,108983260,50428036,"오하이 전면 3D 풀커버 TPU 지문방지 + 무광택 휴대폰 액정보호필름 3p + 부착 가이드툴, 아이폰16, 1세트",2025-07-28 19:41:10,CHW4,10,"9,540","95,400",2025-09-26
26391293,발주,108983826,55707340,"오하이 전면 3D 풀커버 TPU 지문방지 + 무광택 휴대폰 액정보호필름 3p + 부착 가이드툴, 삼성 갤럭시 S25, 1세트",2025-07-28 03:24:30,GWJ4,61,"9,060","552,660",2025-09-26
26391293,발주,108984115,13906334,"오하이 전면 3D 풀커버 TPU 지문방지 + 무광택 휴대폰 액정보호필름 3p + 부착 가이드툴, 갤럭시노트20, 1세트",2025-07-28 15:51:26,INC36,18,"9,540","171,720",2025-09-26
26391293,발주,108984115,13906334,"오하이 전면 3D 풀커버 TPU 지문방지 + 무광택 휴대폰 액정보호필름 3p + 부착 가이드툴, 갤럭시노트20, 1세트",2025-07-28 16:36:03,INC36,2,"9,540","19,080",2025-09-26
26391293,발주,108984115,41241005,"오하이 전면 3D 풀커버 TPU 지문방지 + 무광택 휴대폰 액정보호필름 3p + 부착 가이드툴, 아이폰 X/XS/11프로, 1세트",2025-07-28 16:36:03,INC36,3,"9,540","28,620",2025-09-26
26391293,발주,108984115,41670004,"오하이 전면 3D 풀커버 TPU 지문방지 + 무광택 휴대폰 액정보호필름 3p + 부착 가이드툴, 갤럭시 S24, 1세트",2025-07-28 15:59:35,INC36,13,"9,540","124,020",2025-09-26
26391293,발주,108984115,41670004,"오하이 전면 3D 풀커버 TPU 지문방지 + 무광택 휴대폰 액정보호필름 3p + 부착 가이드툴, 갤럭시 S24, 1세트",2025-07-28 16:13:32,INC36,1,"9,540","9,540",2025-09-26
26391293,발주,108984115,50428038,"오하이 전면 3D 풀커버 TPU 지문방지 + 무광택 휴대폰 액정보호필름 3p + 부착 가이드툴, 아이폰16프로, 1세트",2025-07-28 15:59:35,INC36,12,"9,540","114,480",2025-09-26
26391293,발주,108984115,55707339,"오하이 전면 3D 풀커버 TPU 지문방지 + 무광택 휴대폰 액정보호필름 3p + 부착 가이드툴, 삼성 갤럭시 S25플러스, 1세트",2025-07-28 16:13:32,INC36,29,"9,540","276,660",2025-09-26
26391293,발주,108984115,60043362,"오하이 전면 3D 풀커버 TPU 지문방지 + 무광택 휴대폰 액정보호필름 3p + 부착 가이드툴, 갤럭시 S25엣지, 1세트",2025-07-28 15:59:35,INC36,11,"9,540","104,940",2025-09-26
26391293,발주,108985671,31762097,"오하이 전면 3D 풀커버 TPU 지문방지 + 무광택 휴대폰 액정보호필름 3p + 부착 가이드툴, 갤럭시S23, 1세트",2025-07-28 15:48:13,DAE6,66,"9,540","629,640",2025-09-26
26391293,발주,108985671,31762097,"오하이 전면 3D 풀커버 TPU 지문방지 + 무광택 휴대폰 액정보호필름 3p + 부착 가이드툴, 갤럭시S23, 1세트",2025-07-28 15:50:21,DAE6,65,"9,540","620,100",2025-09-26
26391293,발주,108985860,31762099,"오하이 전면 3D 풀커버 TPU 지문방지 + 무광택 휴대폰 액정보호필름 3p + 부착 가이드툴, 갤럭시S23울트라, 1세트",2025-07-28 16:17:43,YAS1,2,"9,540","19,080",2025-09-26
26391293,발주,108985860,39374831,"오하이 전면 3D 풀커버 TPU 지문방지 + 무광택 휴대폰 액정보호필름 3p + 부착 가이드툴, 갤럭시 S20FE, 1세트",2025-07-28 16:08:28,YAS1,2,"9,540","19,080",2025-09-26
26391293,발주,108985860,39374850,"오하이 전면 3D 풀커버 TPU 지문방지 + 무광택 휴대폰 액정보호필름 3p + 부착 가이드툴, 삼성 갤럭시 S20울트라, 1세트",2025-07-28 16:08:28,YAS1,7,"9,540","66,780",2025-09-26
26391293,발주,108985860,40840056,"오하이 전면 3D 풀커버 TPU 지문방지 + 무광택 휴대폰 액정보호필름 3p + 부착 가이드툴, 아이폰12/12프로, 1세트",2025-07-28 16:08:28,YAS1,6,"9,540","57,240",2025-09-26
26391293,발주,108985860,40840059,"오하이 전면 3D 풀커버 TPU 지문방지 + 무광택 휴대폰 액정보호필름 3p + 부착 가이드툴, 아이폰12미니, 1세트",2025-07-28 16:08:28,YAS1,6,"9,540","57,240",2025-09-26
26391293,발주,108985860,40840063,"오하이 전면 3D 풀커버 TPU 지문방지 + 무광택 휴대폰 액정보호필름 3p + 부착 가이드툴, 아이폰12프로맥스, 1세트",2025-07-28 16:08:28,YAS1,4,"9,540","38,160",2025-09-26
26391293,발주,108985860,40840065,"오하이 전면 3D 풀커버 TPU 지문방지 + 무광택 휴대폰 액정보호필름 3p + 부착 가이드툴, 아이폰13/13프로, 1세트",2025-07-28 16:08:28,YAS1,12,"9,540","114,480",2025-09-26
26391293,발주,108985860,40840066,"오하이 전면 3D 풀커버 TPU 지문방지 + 무광택 휴대폰 액정보호필름 3p + 부착 가이드툴, 아이폰13미니, 1세트",2025-07-28 16:08:28,YAS1,4,"9,540","38,160",2025-09-26
26391293,발주,108985860,40840069,"오하이 전면 3D 풀커버 TPU 지문방지 + 무광택 휴대폰 액정보호필름 3p + 부착 가이드툴, 아이폰13프로맥스, 1세트",2025-07-28 16:08:28,YAS1,2,"9,540","19,080",2025-09-26
26391293,발주,108985860,40840077,"오하이 전면 3D 풀커버 TPU 지문방지 + 무광택 휴대폰 액정보호필름 3p + 부착 가이드툴, 아이폰14, 1세트",2025-07-28 16:08:28,YAS1,2,"9,540","19,080",2025-09-26
26391293,발주,108985860,40840079,"오하이 전면 3D 풀커버 TPU 지문방지 + 무광택 휴대폰 액정보호필름 3p + 부착 가이드툴, 아이폰14프로, 1세트",2025-07-28 15:59:32,YAS1,13,"9,540","124,020",2025-09-26
26391293,발주,108985860,40840081,"오하이 전면 3D 풀커버 TPU 지문방지 + 무광택 휴대폰 액정보호필름 3p + 부착 가이드툴, 아이폰14프로맥스, 1세트",2025-07-28 16:08:28,YAS1,3,"9,540","28,620",2025-09-26
26391293,발주,108985860,40840085,"오하이 전면 3D 풀커버 TPU 지문방지 + 무광택 휴대폰 액정보호필름 3p + 부착 가이드툴, 아이폰15, 1세트",2025-07-28 15:59:32,YAS1,14,"9,540","133,560",2025-09-26
26391293,발주,108985860,40840089,"오하이 전면 3D 풀커버 TPU 지문방지 + 무광택 휴대폰 액정보호필름 3p + 부착 가이드툴, 아이폰15프로맥스, 1세트",2025-07-28 15:59:32,YAS1,11,"9,558","105,138",2025-09-26
26391293,발주,108985860,41241011,"오하이 전면 3D 풀커버 TPU 지문방지 + 무광택 휴대폰 액정보호필름 3p + 부착 가이드툴, 아이폰SE2/SE3, 1세트",2025-07-28 15:59:32,YAS1,4,"9,540","38,160",2025-09-26
26391293,발주,108985860,41241023,"오하이 전면 3D 풀커버 TPU 지문방지 + 무광택 휴대폰 액정보호필름 3p + 부착 가이드툴, 아이폰XR/11, 1세트",2025-07-28 15:59:32,YAS1,2,"9,540","19,080",2025-09-26
26391293,발주,108985860,41669998,"오하이 전면 3D 풀커버 TPU 지문방지 + 무광택 휴대폰 액정보호필름 3p + 부착 가이드툴, 갤럭시 A24, 1세트",2025-07-28 16:08:28,YAS1,6,"9,540","57,240",2025-09-26
26391293,발주,108985860,41670010,"오하이 전면 3D 풀커버 TPU 지문방지 + 무광택 휴대폰 액정보호필름 3p + 부착 가이드툴, 갤럭시 S24울트라, 1세트",2025-07-28 20:30:32,YAS1,20,"9,540","190,800",2025-09-26
26391293,발주,108985860,41670033,"오하이 전면 3D 풀커버 TPU 지문방지 + 무광택 휴대폰 액정보호필름 3p + 부착 가이드툴, 갤럭시 S23FE, 1세트",2025-07-28 15:59:32,YAS1,8,"9,540","76,320",2025-09-26
26391293,발주,108985860,41670057,"오하이 전면 3D 풀커버 TPU 지문방지 + 무광택 휴대폰 액정보호필름 3p + 부착 가이드툴, 갤럭시 A34, 1세트",2025-07-28 20:14:28,YAS1,6,"9,540","57,240",2025-09-26
26391293,발주,108985860,42671049,"오하이 전면 3D 풀커버 TPU 지문방지 + 무광택 휴대폰 액정보호필름 3p + 부착 가이드툴, 갤럭시 A33, 1세트",2025-07-28 15:59:32,YAS1,2,"9,540","19,080",2025-09-26
26391293,발주,108985860,42671052,"오하이 전면 3D 풀커버 TPU 지문방지 + 무광택 휴대폰 액정보호필름 3p + 부착 가이드툴, 갤럭시 A23, 1세트",2025-07-28 20:16:09,YAS1,2,"9,540","19,080",2025-09-26
26391293,발주,108985860,42671224,"오하이 전면 3D 풀커버 TPU 지문방지 + 무광택 휴대폰 액정보호필름 3p + 부착 가이드툴, 삼성 갤럭시 S8, 1세트",2025-07-28 20:16:09,YAS1,2,"9,540","19,080",2025-09-26
26391293,발주,108985860,48183125,"오하이 전면 3D 풀커버 TPU 지문방지 + 무광택 휴대폰 액정보호필름 3p + 부착 가이드툴, 갤럭시 A35, 1세트",2025-07-28 20:03:42,YAS1,11,"9,540","104,940",2025-09-26
26391293,발주,108985860,48183126,"오하이 전면 3D 풀커버 TPU 지문방지 + 무광택 휴대폰 액정보호필름 3p + 부착 가이드툴, 갤럭시 A55, 1세트",2025-07-28 20:06:43,YAS1,3,"9,540","28,620",2025-09-26
26391293,발주,108985860,48183127,"오하이 전면 3D 풀커버 TPU 지문방지 + 무광택 휴대폰 액정보호필름 3p + 부착 가이드툴, 갤럭시 A15, 1세트",2025-07-28 20:14:28,YAS1,7,"9,540","66,780",2025-09-26
26391293,발주,108985860,50428037,"오하이 전면 3D 풀커버 TPU 지문방지 + 무광택 휴대폰 액정보호필름 3p + 부착 가이드툴, 아이폰16플러스, 1세트",2025-07-28 20:16:09,YAS1,2,"9,540","19,080",2025-09-26
26391293,발주,108985860,55707338,"오하이 전면 3D 풀커버 TPU 지문방지 + 무광택 휴대폰 액정보호필름 3p + 부착 가이드툴, 삼성 갤럭시 S25울트라, 1세트",2025-07-28 03:18:29,YAS1,34,"9,060","308,040",2025-09-26
26391293,발주,108985860,59459681,"오하이 지문방지 무광택 액정보호 필름 삼성 갤럭시 Z폴드SE (스페셜 에디션), 1세트",2025-07-28 20:03:42,YAS1,2,"11,940","23,880",2025-09-26
26391293,발주,108985860,60043362,"오하이 전면 3D 풀커버 TPU 지문방지 + 무광택 휴대폰 액정보호필름 3p + 부착 가이드툴, 갤럭시 S25엣지, 1세트",2025-07-28 03:18:29,YAS1,11,"9,540","104,940",2025-09-26
26391293,발주,108986654,40840083,"오하이 전면 3D 풀커버 TPU 지문방지 + 무광택 휴대폰 액정보호필름 3p + 부착 가이드툴, 아이폰14플러스, 1세트",2025-07-28 20:05:01,YAS1,2,"9,540","19,080",2025-09-26
26391293,발주,108986654,40840096,"오하이 전면 3D 풀커버 TPU 지문방지 + 무광택 휴대폰 액정보호필름 3p + 부착 가이드툴, 아이폰15플러스, 1세트",2025-07-28 03:18:29,YAS1,2,"9,540","19,080",2025-09-26
26391293,발주,108986654,41241022,"오하이 전면 3D 풀커버 TPU 지문방지 + 무광택 휴대폰 액정보호필름 3p + 부착 가이드툴, 아이폰XS맥스/11프로맥스, 1세트",2025-07-28 03:18:29,YAS1,2,"9,540","19,080",2025-09-26
26391293,발주,108986654,42671041,"오하이 전면 3D 풀커버 TPU 지문방지 + 무광택 휴대폰 액정보호필름 3p + 부착 가이드툴, 갤럭시 A53, 1세트",2025-07-28 03:18:29,YAS1,2,"9,540","19,080",2025-09-26
26391293,발주,108986654,42671137,"오하이 전면 3D 풀커버 TPU 지문방지 + 무광택 휴대폰 액정보호필름 3p + 부착 가이드툴, 삼성 갤럭시 노트8/9, 1세트",2025-07-28 03:18:29,YAS1,2,"9,540","19,080",2025-09-26
26391293,발주,108986654,42671147,"오하이 전면 3D 풀커버 TPU 지문방지 + 무광택 휴대폰 액정보호필름 3p + 부착 가이드툴, 삼성 갤럭시 S9, 1세트",2025-07-28 03:18:29,YAS1,2,"9,540","19,080",2025-09-26
26391293,발주,108986654,48183128,"오하이 전면 3D 풀커버 TPU 지문방지 + 무광택 휴대폰 액정보호필름 3p + 부착 가이드툴, 갤럭시 A25, 1세트",2025-07-28 03:18:29,YAS1,2,"9,540","19,080",2025-09-26
26415643,발주,109165595,41555864,"오하이 EZ툴 풀커버 사생활보호 프라이버시 강화유리 휴대폰 액정보호필름 2매, 아이폰 15, 1세트",2025-07-30 12:46:46,INC4,10,"11,940","119,400",2025-09-26
26415643,발주,109165595,41555878,"오하이 EZ툴 풀커버 사생활보호 프라이버시 강화유리 휴대폰 액정보호필름 2매, 아이폰 15 플러스, 1세트",2025-07-30 12:46:46,INC4,5,"11,940","59,700",2025-09-26
26415643,발주,109165595,50344698,"오하이 EZ툴 풀커버 사생활보호 프라이버시 강화유리 휴대폰 액정보호필름 2매, 아이폰 16 프로맥스, 1세트",2025-07-30 12:38:36,INC4,10,"11,940","119,400",2025-09-26
26415643,발주,109165595,50344700,"오하이 EZ툴 풀커버 사생활보호 프라이버시 강화유리 휴대폰 액정보호필름 2매, 아이폰 16, 1세트",2025-07-30 12:46:46,INC4,12,"11,940","143,280",2025-09-26
26415643,발주,109165595,55701818,"오하이 풀커버 강화유리 액정보호필름 + 이지솔루션 제공, 2매1세트, 갤럭시S25",2025-07-30 12:46:46,INC4,2,"10,740","21,480",2025-09-26
26415643,발주,109166849,54737734,"오하이 아이패드 갤럭시탭 6H 유리코팅 방탄강화 블루라이트 차단 고투명 PET 액정보호필름 간편부착 2매, 갤럭시탭 S9FE 플러스 12.4인치, 1개",2025-07-30 13:32:04,INC4,1,"10,140","10,140",2025-09-26
26415643,발주,109167144,54737741,"오하이 아이패드 갤럭시탭 6H 유리코팅 방탄강화 블루라이트 차단 고투명 PET 액정보호필름 간편부착 2매, 갤럭시탭 S9플러스 12.4인치, 1개",2025-07-30 13:32:04,INC4,2,"10,140","20,280",2025-09-26
26415643,발주,109167144,54737749,"오하이 아이패드 갤럭시탭 6H 유리코팅 방탄강화 블루라이트 차단 고투명 PET 액정보호필름 간편부착 2매, 갤럭시탭 S8플러스 12.4인치, 1개",2025-07-30 13:32:04,INC4,2,"10,140","20,280",2025-09-26
26415643,발주,109167144,54737753,"오하이 아이패드 갤럭시탭 6H 유리코팅 방탄강화 블루라이트 차단 고투명 PET 액정보호필름 간편부착 2매, 갤럭시탭 S9 11인치, 1개",2025-07-30 13:32:04,INC4,2,"10,140","20,280",2025-09-26
26415643,발주,109167144,54787332,"오하이 아이패드 갤럭시탭 6H 유리코팅 방탄강화 블루라이트 차단 고투명 PET 액정보호필름 간편부착 2매, 아이패드 에어 4/5세대 10.9인치, 1개",2025-07-30 13:32:04,INC4,2,"10,140","20,280",2025-09-26
26522336,발주,109955885,54737738,"오하이 아이패드 갤럭시탭 6H 유리코팅 방탄강화 블루라이트 차단 고투명 PET 액정보호필름 간편부착 2매, 갤럭시탭 S7 11인치, 1개",2025-08-07 14:01:47,INC4,1,"10,140","10,140",2025-10-02
26522336,발주,109955885,54737752,"오하이 아이패드 갤럭시탭 6H 유리코팅 방탄강화 블루라이트 차단 고투명 PET 액정보호필름 간편부착 2매, 갤럭시탭 S10울트라 14.6인치, 1개",2025-08-07 14:01:47,INC4,2,"10,140","20,280",2025-10-02
26522336,발주,109956071,31729103,"오하이 지문방지 PET 무광필름 2매, 갤럭시S23, 1세트",2025-08-07 13:33:06,INC4,2,"9,600","19,200",2025-10-02
26522336,발주,109956071,31729104,"오하이 지문방지 PET 무광필름 2매, 갤럭시S23플러스, 1세트",2025-08-07 13:33:06,INC4,2,"9,600","19,200",2025-10-02
26522336,발주,109956071,39760251,"오하이 지문방지 PET 무광필름 2매, 갤럭시노트20, 1세트",2025-08-07 13:33:06,INC4,4,"9,600","38,400",2025-10-02
26522336,발주,109956071,40840096,"오하이 전면 3D 풀커버 TPU 지문방지 + 무광택 휴대폰 액정보호필름 3p + 부착 가이드툴, 아이폰15플러스, 1세트",2025-08-07 13:33:06,INC4,1,"9,540","9,540",2025-10-02
26522336,발주,109956071,41269832,"오하이 사생활보호 프라이버시 TPU 지문인식 휴대폰 액정보호필름 2매+간편부착 툴, 애플 아이폰 15프로, 1세트",2025-08-07 13:33:06,INC4,1,"6,705","6,705",2025-10-02
26522336,발주,109956071,41911893,"오하이 지문방지 PET 무광필름 2매, 갤럭시 S24플러스, 1세트",2025-08-07 13:33:06,INC4,6,"9,600","57,600",2025-10-02
26522336,발주,109956071,41911904,"오하이 지문방지 PET 무광필름 2매, 갤럭시 S24울트라, 1세트",2025-08-07 13:01:15,INC4,3,"9,600","28,800",2025-10-02
26522336,발주,109956071,41941973,"오하이 지문방지 PET 무광필름 2매, 아이폰15프로, 1세트",2025-08-07 13:01:15,INC4,2,"9,600","19,200",2025-10-02
26522336,발주,109956071,41941977,"오하이 지문방지 PET 무광필름 2매, 아이폰15프로맥스, 1세트",2025-08-07 13:33:06,INC4,2,"9,600","19,200",2025-10-02
26522336,발주,109956071,52723709,"오하이 지문방지 PET 무광필름 2매, 갤럭시 S24FE, 1세트",2025-08-07 14:09:04,INC4,2,"9,600","19,200",2025-10-02
26522336,발주,109956264,36758768,"오하이 지문방지 PET 무광필름 2매, 아이폰13프로맥스, 1세트",2025-08-07 13:01:15,INC4,2,"9,600","19,200",2025-10-02
26522336,발주,109956264,36758773,"오하이 지문방지 PET 무광필름 2매, 아이폰14프로, 1세트",2025-08-07 14:01:47,INC4,2,"9,600","19,200",2025-10-02
26522336,발주,109956264,36758775,"오하이 지문방지 PET 무광필름 2매, 아이폰14, 1세트",2025-08-07 13:19:40,INC4,2,"9,600","19,200",2025-10-02
26522336,발주,109956264,36758776,"오하이 지문방지 PET 무광필름 2매, 아이폰14플러스, 1세트",2025-08-07 13:01:15,INC4,2,"9,600","19,200",2025-10-02
26522336,발주,109956264,39760292,"오하이 지문방지 PET 무광필름 2매, 아이폰12미니, 1세트",2025-08-07 13:33:06,INC4,2,"9,600","19,200",2025-10-02
26522336,발주,109956264,41911911,"오하이 지문방지 PET 무광필름 2매, 갤럭시 S24, 1세트",2025-08-07 13:01:15,INC4,2,"9,600","19,200",2025-10-02
26522336,발주,109956264,41911918,"오하이 지문방지 PET 무광필름 2매, 아이폰15플러스, 1세트",2025-08-07 13:01:15,INC4,2,"9,600","19,200",2025-10-02
26522336,발주,109956264,41941966,"오하이 지문방지 PET 무광필름 2매, 아이폰15, 1세트",2025-08-07 13:01:15,INC4,2,"9,600","19,200",2025-10-02
26522336,발주,109956264,54175430,"오하이 지문방지 PET 무광필름 2매, 아이폰16프로, 1세트",2025-08-07 13:33:06,INC4,2,"9,600","19,200",2025-10-02
26522336,발주,109956264,54175431,"오하이 지문방지 PET 무광필름 2매, 아이폰16프로맥스, 1세트",2025-08-07 13:01:15,INC4,2,"9,600","19,200",2025-10-02
26522336,발주,109956264,54175432,"오하이 지문방지 PET 무광필름 2매, 아이폰16플러스, 1세트",2025-08-07 13:33:06,INC4,2,"9,600","19,200",2025-10-02
26522336,발주,109956264,54175433,"오하이 지문방지 PET 무광필름 2매, 아이폰16, 1세트",2025-08-07 13:01:15,INC4,2,"9,600","19,200",2025-10-02
26522336,발주,109956484,54737745,"오하이 아이패드 갤럭시탭 6H 유리코팅 방탄강화 블루라이트 차단 고투명 PET 액정보호필름 간편부착 2매, 아이패드 프로 7세대(M4) 13인치, 1개",2025-08-07 14:01:47,INC4,2,"10,140","20,280",2025-10-02
26522336,발주,110102520,35373955,"오하이 EZ툴 아이폰 풀커버 사생활보호 프라이버시 강화유리필름 2매, 아이폰 14 프로, 1세트",2025-08-07 21:34:53,SEL1,2,"11,940","23,880",2025-10-02
26522336,발주,110103354,35373955,"오하이 EZ툴 아이폰 풀커버 사생활보호 프라이버시 강화유리필름 2매, 아이폰 14 프로, 1세트",2025-08-07 21:32:37,KKW3,2,"11,940","23,880",2025-10-02
26522336,발주,110103354,40840066,"오하이 전면 3D 풀커버 TPU 지문방지 + 무광택 휴대폰 액정보호필름 3p + 부착 가이드툴, 아이폰13미니, 1세트",2025-08-07 21:32:37,KKW3,2,"9,540","19,080",2025-10-02
26536706,발주,109786280,62921998,"오하이 폴드,플립 지문방지 무광택 액정보호 필름 + 부착 안내문, 삼성 갤럭시 Z플립7, 1세트 투명",2025-08-08 08:29:37,GOY1,80,"10,700","856,000",2025-10-02
26536706,발주,109786280,62921998,"오하이 폴드,플립 지문방지 무광택 액정보호 필름 + 부착 안내문, 삼성 갤럭시 Z플립7, 1세트 투명",2025-08-08 08:53:52,GOY1,80,"10,700","856,000",2025-10-02
26536706,발주,109786280,62921998,"오하이 폴드,플립 지문방지 무광택 액정보호 필름 + 부착 안내문, 삼성 갤럭시 Z플립7, 1세트 투명",2025-08-08 09:43:58,GOY1,64,"10,700","684,800",2025-10-02
26536706,발주,109786280,62922000,"오하이 폴드,플립 지문방지 무광택 액정보호 필름 + 부착 안내문, 삼성 갤럭시 Z폴드7, 1세트 투명",2025-08-08 08:52:20,GOY1,60,"12,000","720,000",2025-10-02
26536706,발주,109786280,62922000,"오하이 폴드,플립 지문방지 무광택 액정보호 필름 + 부착 안내문, 삼성 갤럭시 Z폴드7, 1세트 투명",2025-08-08 08:53:34,GOY1,60,"12,000","720,000",2025-10-02
26536706,발주,109786280,62922000,"오하이 폴드,플립 지문방지 무광택 액정보호 필름 + 부착 안내문, 삼성 갤럭시 Z폴드7, 1세트 투명",2025-08-08 08:58:56,GOY1,72,"12,000","864,000",2025-10-02
26536706,발주,109786280,62922000,"오하이 폴드,플립 지문방지 무광택 액정보호 필름 + 부착 안내문, 삼성 갤럭시 Z폴드7, 1세트 투명",2025-08-08 09:11:07,GOY1,55,"12,000","660,000",2025-10-02
26536706,발주,109786280,62922000,"오하이 폴드,플립 지문방지 무광택 액정보호 필름 + 부착 안내문, 삼성 갤럭시 Z폴드7, 1세트 투명",2025-08-08 09:13:14,GOY1,45,"12,000","540,000",2025-10-02
26536706,발주,109786280,62922000,"오하이 폴드,플립 지문방지 무광택 액정보호 필름 + 부착 안내문, 삼성 갤럭시 Z폴드7, 1세트 투명",2025-08-08 11:57:38,GOY1,29,"12,000","348,000",2025-10-02
26536706,발주,109786280,62922000,"오하이 폴드,플립 지문방지 무광택 액정보호 필름 + 부착 안내문, 삼성 갤럭시 Z폴드7, 1세트 투명",2025-08-08 12:27:15,GOY1,56,"12,000","672,000",2025-10-02
26536706,발주,109786280,62922000,"오하이 폴드,플립 지문방지 무광택 액정보호 필름 + 부착 안내문, 삼성 갤럭시 Z폴드7, 1세트 투명",2025-08-08 12:31:50,GOY1,34,"12,000","408,000",2025-10-02
26536706,발주,109786280,62922000,"오하이 폴드,플립 지문방지 무광택 액정보호 필름 + 부착 안내문, 삼성 갤럭시 Z폴드7, 1세트 투명",2025-08-08 14:15:45,GOY1,50,"12,000","600,000",2025-10-02
26536706,발주,109786280,62922000,"오하이 폴드,플립 지문방지 무광택 액정보호 필름 + 부착 안내문, 삼성 갤럭시 Z폴드7, 1세트 투명",2025-08-08 14:18:17,GOY1,60,"12,000","720,000",2025-10-02
26536706,발주,109786280,62922000,"오하이 폴드,플립 지문방지 무광택 액정보호 필름 + 부착 안내문, 삼성 갤럭시 Z폴드7, 1세트 투명",2025-08-08 14:22:44,GOY1,40,"12,000","480,000",2025-10-02
26536706,발주,109786280,62922000,"오하이 폴드,플립 지문방지 무광택 액정보호 필름 + 부착 안내문, 삼성 갤럭시 Z폴드7, 1세트 투명",2025-08-08 14:25:55,GOY1,40,"12,000","480,000",2025-10-02
26564877,발주,109741064,55701817,"오하이 풀커버 강화유리 액정보호필름 + 이지솔루션 제공, 2매1세트, 갤럭시S25 울트라",2025-08-10 17:48:19,CHW3,8,"10,740","85,920",2025-10-02
26564877,발주,109832476,41269792,"오하이 사생활보호 프라이버시 TPU 지문인식 휴대폰 액정보호필름 2매+간편부착 툴, 삼성 갤럭시 S22울트라, 1세트",2025-08-10 03:02:17,INC32,3,"6,705","20,115",2025-10-02
26564877,발주,109832476,55705544,"오하이 지문방지 PET 무광필름 2매, 갤럭시 S25울트라, 1세트",2025-08-10 03:10:53,INC32,3,"9,600","28,800",2025-10-02
26564877,발주,109832476,55705545,"오하이 지문방지 PET 무광필름 2매, 갤럭시 S25플러스, 1세트",2025-08-10 03:10:53,INC32,3,"9,600","28,800",2025-10-02
26564877,발주,109832476,55705546,"오하이 지문방지 PET 무광필름 2매, 갤럭시 S25, 1세트",2025-08-10 03:10:53,INC32,5,"9,600","48,000",2025-10-02
26564877,발주,109907103,54737735,"오하이 아이패드 갤럭시탭 6H 유리코팅 방탄강화 블루라이트 차단 고투명 PET 액정보호필름 간편부착 2매, 갤럭시탭 S7FE 12.4인치, 1개",2025-08-10 03:04:50,INC32,2,"10,140","20,280",2025-10-02
26564877,발주,109907103,54737737,"오하이 아이패드 갤럭시탭 6H 유리코팅 방탄강화 블루라이트 차단 고투명 PET 액정보호필름 간편부착 2매, 갤럭시탭 S9FE 11인치, 1개",2025-08-10 03:04:50,INC32,2,"10,140","20,280",2025-10-02
26564877,발주,109907103,54737740,"오하이 아이패드 갤럭시탭 6H 유리코팅 방탄강화 블루라이트 차단 고투명 PET 액정보호필름 간편부착 2매, 아이패드 에어 6세대(M2) 11인치, 1개",2025-08-10 03:08:46,INC32,2,"10,140","20,280",2025-10-02
26564877,발주,109907103,54737744,"오하이 아이패드 갤럭시탭 6H 유리코팅 방탄강화 블루라이트 차단 고투명 PET 액정보호필름 간편부착 2매, 아이패드 미니 6/7세대 8.3인치, 1개",2025-08-10 03:08:46,INC32,2,"10,140","20,280",2025-10-02
26564877,발주,109907103,54737747,"오하이 아이패드 갤럭시탭 6H 유리코팅 방탄강화 블루라이트 차단 고투명 PET 액정보호필름 간편부착 2매, 갤럭시탭 S8울트라 14.6인치, 1개",2025-08-10 03:11:54,INC32,2,"10,140","20,280",2025-10-02
26564877,발주,109907103,54737748,"오하이 아이패드 갤럭시탭 6H 유리코팅 방탄강화 블루라이트 차단 고투명 PET 액정보호필름 간편부착 2매, 갤럭시탭 S8 11인치, 1개",2025-08-10 03:11:54,INC32,2,"10,140","20,280",2025-10-02
26564877,발주,109907103,54737754,"오하이 아이패드 갤럭시탭 6H 유리코팅 방탄강화 블루라이트 차단 고투명 PET 액정보호필름 간편부착 2매, 갤럭시탭 S9울트라 14.6인치, 1개",2025-08-10 03:21:50,INC32,2,"10,140","20,280",2025-10-02
26564877,발주,109907583,41670025,"오하이 전면 3D 풀커버 TPU 지문방지 무광택 필름 3p + 부착 가이드툴, 갤럭시 S24플러스, 1세트",2025-08-10 03:02:17,INC32,40,"9,540","381,600",2025-10-02
26564877,발주,109907583,41670025,"오하이 전면 3D 풀커버 TPU 지문방지 무광택 필름 3p + 부착 가이드툴, 갤럭시 S24플러스, 1세트",2025-08-10 03:02:26,INC32,4,"9,540","38,160",2025-10-02
26564877,발주,109907583,48183128,"오하이 전면 3D 풀커버 TPU 지문방지 + 무광택 휴대폰 액정보호필름 3p + 부착 가이드툴, 갤럭시 A25, 1세트",2025-08-10 03:10:53,INC32,3,"9,540","28,620",2025-10-02
26564877,발주,109907583,55701377,"오하이 사생활보호 프라이버시 TPU 지문인식 휴대폰 액정보호필름 2매+간편부착 툴, 삼성 갤럭시 S25플러스, 1세트",2025-08-10 03:10:53,INC32,1,"6,705","6,705",2025-10-02
26564877,발주,109949643,40840085,"오하이 전면 3D 풀커버 TPU 지문방지 + 무광택 휴대폰 액정보호필름 3p + 부착 가이드툴, 아이폰15, 1세트",2025-08-10 15:05:56,KKW3,10,"9,540","95,400",2025-10-02
26564877,발주,109949643,40840085,"오하이 전면 3D 풀커버 TPU 지문방지 + 무광택 휴대폰 액정보호필름 3p + 부착 가이드툴, 아이폰15, 1세트",2025-08-10 15:25:50,KKW3,4,"9,540","38,160",2025-10-02
26564877,발주,109986763,50344700,"오하이 EZ툴 풀커버 사생활보호 프라이버시 강화유리 휴대폰 액정보호필름 2매, 아이폰 16, 1세트",2025-08-10 21:19:39,YAS1,10,"11,940","119,400",2025-10-02
26564877,발주,110158456,36684361,"오하이 전면 3D 풀커버 TPU 지문방지 + 무광택 휴대폰 액정보호필름 3p + 부착 가이드툴, 갤럭시노트20울트라, 1세트",2025-08-10 15:25:50,KKW3,1,"9,540","9,540",2025-10-02
26564877,발주,110158456,55701818,"오하이 풀커버 강화유리 액정보호필름 + 이지솔루션 제공, 2매1세트, 갤럭시S25",2025-08-10 15:05:56,KKW3,7,"10,740","75,180",2025-10-02
26564877,발주,110254996,50428035,"오하이 전면 3D 풀커버 TPU 지문방지 + 무광택 휴대폰 액정보호필름 3p + 부착 가이드툴, 아이폰16프로맥스, 1세트",2025-08-10 15:05:56,KKW3,1,"9,540","9,540",2025-10-02
26564877,발주,110255053,41670004,"오하이 전면 3D 풀커버 TPU 지문방지 + 무광택 휴대폰 액정보호필름 3p + 부착 가이드툴, 갤럭시 S24, 1세트",2025-08-10 17:48:19,CHW3,5,"9,540","47,700",2025-10-02
26564877,발주,110255053,41670010,"오하이 전면 3D 풀커버 TPU 지문방지 + 무광택 휴대폰 액정보호필름 3p + 부착 가이드툴, 갤럭시 S24울트라, 1세트",2025-08-10 17:48:19,CHW3,3,"9,540","28,620",2025-10-02
26564877,발주,110255053,55707338,"오하이 전면 3D 풀커버 TPU 지문방지 + 무광택 휴대폰 액정보호필름 3p + 부착 가이드툴, 삼성 갤럭시 S25울트라, 1세트",2025-08-10 17:48:19,CHW3,8,"9,060","72,480",2025-10-02
26564877,발주,110303163,55707338,"오하이 전면 3D 풀커버 TPU 지문방지 + 무광택 휴대폰 액정보호필름 3p + 부착 가이드툴, 삼성 갤럭시 S25울트라, 1세트",2025-08-10 17:48:19,CHW3,13,"9,060","117,780",2025-10-02
26564877,발주,110304518,40840087,"오하이 전면 3D 풀커버 TPU 지문방지 + 무광택 휴대폰 액정보호필름 3p + 부착 가이드툴, 아이폰15프로, 1세트",2025-08-10 15:05:56,KKW3,6,"9,540","57,240",2025-10-02
26564877,발주,110304518,40840087,"오하이 전면 3D 풀커버 TPU 지문방지 + 무광택 휴대폰 액정보호필름 3p + 부착 가이드툴, 아이폰15프로, 1세트",2025-08-10 15:25:50,KKW3,13,"9,540","124,020",2025-10-02
26564877,발주,110341738,40840079,"오하이 전면 3D 풀커버 TPU 지문방지 + 무광택 휴대폰 액정보호필름 3p + 부착 가이드툴, 아이폰14프로, 1세트",2025-08-10 02:31:35,DAEGU2,4,"9,540","38,160",2025-10-02
26564877,발주,110341738,55707340,"오하이 전면 3D 풀커버 TPU 지문방지 + 무광택 휴대폰 액정보호필름 3p + 부착 가이드툴, 삼성 갤럭시 S25, 1세트",2025-08-10 02:31:35,DAEGU2,42,"9,060","380,520",2025-10-02
26657486,발주,110302974,40840081,"오하이 전면 3D 풀커버 TPU 지문방지 + 무광택 휴대폰 액정보호필름 3p + 부착 가이드툴, 아이폰14프로맥스, 1세트",2025-08-19 17:38:58,KKW3,1,"9,540","9,540",2025-10-17
26657486,발주,110302974,41241011,"오하이 전면 3D 풀커버 TPU 지문방지 + 무광택 휴대폰 액정보호필름 3p + 부착 가이드툴, 아이폰SE2/SE3, 1세트",2025-08-19 17:38:58,KKW3,2,"9,540","19,080",2025-10-17
26657486,발주,110302974,53854611,"오하이 전면 3D 풀커버 TPU 지문방지 + 무광택 휴대폰 액정보호필름 3p + 부착 가이드툴, 갤럭시 A16 5G, 1세트",2025-08-19 17:38:58,KKW3,6,"9,540","57,240",2025-10-17
26657486,발주,110481364,41670010,"오하이 전면 3D 풀커버 TPU 지문방지 + 무광택 휴대폰 액정보호필름 3p + 부착 가이드툴, 갤럭시 S24울트라, 1세트",2025-08-19 16:24:03,DAE6,36,"9,540","343,440",2025-10-17
26657486,발주,110482424,19454771,"오하이 풀커버 강화유리 액정보호필름2개 + EZ툴 제공, 아이폰12/12프로",2025-08-19 18:31:37,DON1,10,"10,740","107,400",2025-10-17
26657486,발주,110482424,35373955,"오하이 EZ툴 아이폰 풀커버 사생활보호 프라이버시 강화유리필름 2매, 아이폰 14 프로, 1세트",2025-08-19 18:31:37,DON1,4,"11,940","47,760",2025-10-17
26657486,발주,110482424,41555864,"오하이 EZ툴 풀커버 사생활보호 프라이버시 강화유리 휴대폰 액정보호필름 2매, 아이폰 15, 1세트",2025-08-19 18:34:38,DON1,1,"11,940","11,940",2025-10-17
26657486,발주,110482424,41670010,"오하이 전면 3D 풀커버 TPU 지문방지 + 무광택 휴대폰 액정보호필름 3p + 부착 가이드툴, 갤럭시 S24울트라, 1세트",2025-08-19 18:22:39,DON1,37,"9,540","352,980",2025-10-17
26657486,발주,110482424,41670033,"오하이 전면 3D 풀커버 TPU 지문방지 + 무광택 휴대폰 액정보호필름 3p + 부착 가이드툴, 갤럭시 S23FE, 1세트",2025-08-19 18:23:51,DON1,4,"9,540","38,160",2025-10-17
26657486,발주,110482424,50344700,"오하이 EZ툴 풀커버 사생활보호 프라이버시 강화유리 휴대폰 액정보호필름 2매, 아이폰 16, 1세트",2025-08-19 18:34:38,DON1,16,"11,940","191,040",2025-10-17
26657486,발주,110482424,50428036,"오하이 전면 3D 풀커버 TPU 지문방지 + 무광택 휴대폰 액정보호필름 3p + 부착 가이드툴, 아이폰16, 1세트",2025-08-19 18:23:51,DON1,10,"9,540","95,400",2025-10-17
26657486,발주,110482424,55701817,"오하이 풀커버 강화유리 액정보호필름 + 이지솔루션 제공, 2매1세트, 갤럭시S25 울트라",2025-08-19 18:34:35,DON1,6,"10,740","64,440",2025-10-17
26657486,발주,110482501,35373955,"오하이 EZ툴 아이폰 풀커버 사생활보호 프라이버시 강화유리필름 2매, 아이폰 14 프로, 1세트",2025-08-19 17:38:58,KKW3,4,"11,940","47,760",2025-10-17
26657486,발주,110482501,40840079,"오하이 전면 3D 풀커버 TPU 지문방지 + 무광택 휴대폰 액정보호필름 3p + 부착 가이드툴, 아이폰14프로, 1세트",2025-08-19 17:38:58,KKW3,8,"9,540","76,320",2025-10-17
26657486,발주,110482501,50344701,"오하이 EZ툴 아이폰 풀커버 사생활보호 프라이버시 강화유리필름 2매, 아이폰 16 프로, 1세트",2025-08-19 17:39:08,KKW3,59,"11,940","704,460",2025-10-17
26657486,발주,110482501,50428038,"오하이 전면 3D 풀커버 TPU 지문방지 + 무광택 휴대폰 액정보호필름 3p + 부착 가이드툴, 아이폰16프로, 1세트",2025-08-19 17:38:58,KKW3,9,"9,540","85,860",2025-10-17
26657486,발주,110537755,48562240,"[10매]오하이 버디필름 장타 비거리스티커 드라이버 우드 헤드 보호 슬라이스방지 골프필름, 드라이버용, 1세트, 드라이버용 10매 95*48mm 단일색상",2025-08-19 01:57:57,INC36,2,"9,000","18,000",2025-10-17
26657486,발주,110537755,48562249,"[10매]오하이 버디필름 장타 비거리스티커 드라이버 우드 헤드 보호 슬라이스방지 골프필름, 우드용, 1세트, 우드용 10매 88*30mm 단일색상",2025-08-19 01:54:29,INC36,2,"9,000","18,000",2025-10-17
26657486,발주,110537755,53305588,"[20매]오하이 버디필름 장타 비거리스티커 드라이버 우드 헤드 보호 슬라이스방지 골프필름, 드라이버용, 1세트, 드라이버용 20매 95*48mm 단일색상",2025-08-19 01:49:21,INC36,2,"14,000","28,000",2025-10-17
26657486,발주,110537755,53305589,"[20매]오하이 버디필름 장타 비거리스티커 드라이버 우드 헤드 보호 슬라이스방지 골프필름, 우드용, 1세트, 우드용 20매 88*30mm 단일색상",2025-08-19 01:49:21,INC36,2,"14,000","28,000",2025-10-17
26657486,발주,110538013,31729104,"오하이 지문방지 PET 무광필름 2매, 갤럭시S23플러스, 1세트",2025-08-19 02:05:17,INC36,1,"9,600","9,600",2025-10-17
26657486,발주,110538013,48472776,"오하이 풀커버 강화유리 액정보호필름2개 + EZ툴 제공, 갤럭시S24 플러스",2025-08-19 01:54:29,INC36,2,"10,740","21,480",2025-10-17
26657486,발주,110596976,41555864,"오하이 EZ툴 풀커버 사생활보호 프라이버시 강화유리 휴대폰 액정보호필름 2매, 아이폰 15, 1세트",2025-08-19 17:38:58,KKW3,2,"11,940","23,880",2025-10-17
26657486,발주,110633795,48562240,"[10매]오하이 버디필름 장타 비거리스티커 드라이버 우드 헤드 보호 슬라이스방지 골프필름, 드라이버용, 1세트, 드라이버용 10매 95*48mm 단일색상",2025-08-19 01:32:13,INC36,42,"9,000","378,000",2025-10-17
26657486,발주,110633795,48562240,"[10매]오하이 버디필름 장타 비거리스티커 드라이버 우드 헤드 보호 슬라이스방지 골프필름, 드라이버용, 1세트, 드라이버용 10매 95*48mm 단일색상",2025-08-19 01:32:18,INC36,40,"9,000","360,000",2025-10-17
26657486,발주,110747612,41670004,"오하이 전면 3D 풀커버 TPU 지문방지 + 무광택 휴대폰 액정보호필름 3p + 부착 가이드툴, 갤럭시 S24, 1세트",2025-08-19 17:38:58,KKW3,2,"9,540","19,080",2025-10-17
26657486,발주,110747612,63185983,오하이 3Way 다용도 스마트폰 방수팩 크로스 + 스트랩 + 석션컵 블랙 1개,2025-08-19 17:38:46,KKW3,2,"8,940","17,880",2025-10-17
26657486,발주,110747781,55013233,"[전기종]오하이 도어락 지문방지 사생활보호 범죄예방 문캅스필름 2매+간편부착, 1세트, 사생활보호 지문방지필름 단일상품",2025-08-19 16:30:00,DAE6,2,"9,000","18,000",2025-10-17
26657486,발주,110751625,48562249,"[10매]오하이 버디필름 장타 비거리스티커 드라이버 우드 헤드 보호 슬라이스방지 골프필름, 우드용, 1세트, 우드용 10매 88*30mm 단일색상",2025-08-19 16:26:20,DAE6,1,"9,000","9,000",2025-10-17
26683072,발주,110689197,52723709,"오하이 지문방지 PET 무광필름 2매, 갤럭시 S24FE, 1세트",2025-08-21 10:02:04,CHW4,1,"9,600","9,600",2025-10-20
26683072,발주,110689197,57316038,"오하이 일미리 케이스 1mm 변색 없는 PC 하드 케이스, 아이폰 15프로",2025-08-21 10:02:04,CHW4,1,"8,000","8,000",2025-10-20
26683072,발주,110747517,18371038,"오하이 풀커버 강화유리 액정보호필름2개 + EZ툴 제공, 아이폰13/13프로",2025-08-21 15:10:34,ECH4,10,"10,740","107,400",2025-10-20
26683072,발주,110747517,50344699,"오하이 EZ툴 풀커버 사생활보호 프라이버시 강화유리 휴대폰 액정보호필름 2매, 아이폰 16 플러스, 1세트",2025-08-21 14:29:48,ECH4,1,"11,940","11,940",2025-10-20
26683072,발주,110747517,59459681,"오하이 지문방지 무광택 액정보호 필름 삼성 갤럭시 Z폴드SE (스페셜 에디션), 1세트",2025-08-21 14:29:48,ECH4,1,"11,940","11,940",2025-10-20
26683072,발주,110747517,62921998,"오하이 폴드,플립 지문방지 무광택 액정보호 필름 + 부착 안내문, 삼성 갤럭시 Z플립7, 1세트 투명",2025-08-21 14:29:48,ECH4,22,"10,700","235,400",2025-10-20
26683072,발주,110748572,55701817,"오하이 풀커버 강화유리 액정보호필름 + 이지솔루션 제공, 2매1세트, 갤럭시S25 울트라",2025-08-21 14:29:48,ECH4,19,"10,740","204,060",2025-10-20
26683072,발주,110750337,13906334,"오하이 전면 3D 풀커버 TPU 지문방지 + 무광택 휴대폰 액정보호필름 3p + 부착 가이드툴, 갤럭시노트20, 1세트",2025-08-21 01:41:02,ECH2,2,"9,540","19,080",2025-10-20
26683072,발주,110750337,50342952,"오하이 풀커버 강화유리 액정보호필름2개 + EZ툴 제공, 아이폰16",2025-08-21 02:15:45,ECH2,11,"10,740","118,140",2025-10-20
26683072,발주,110750337,55707338,"오하이 전면 3D 풀커버 TPU 지문방지 + 무광택 휴대폰 액정보호필름 3p + 부착 가이드툴, 삼성 갤럭시 S25울트라, 1세트",2025-08-21 01:42:59,ECH2,13,"9,060","117,780",2025-10-20
26683072,발주,110750337,55707338,"오하이 전면 3D 풀커버 TPU 지문방지 + 무광택 휴대폰 액정보호필름 3p + 부착 가이드툴, 삼성 갤럭시 S25울트라, 1세트",2025-08-21 01:46:07,ECH2,10,"9,060","90,600",2025-10-20
26683072,발주,110750337,55707339,"오하이 전면 3D 풀커버 TPU 지문방지 + 무광택 휴대폰 액정보호필름 3p + 부착 가이드툴, 삼성 갤럭시 S25플러스, 1세트",2025-08-21 01:44:16,ECH2,10,"9,540","95,400",2025-10-20
26683072,발주,110750337,55707340,"오하이 전면 3D 풀커버 TPU 지문방지 + 무광택 휴대폰 액정보호필름 3p + 부착 가이드툴, 삼성 갤럭시 S25, 1세트",2025-08-21 01:45:19,ECH2,17,"9,060","154,020",2025-10-20
26683072,발주,110913541,41555864,"오하이 EZ툴 풀커버 사생활보호 프라이버시 강화유리 휴대폰 액정보호필름 2매, 아이폰 15, 1세트",2025-08-21 19:06:14,INC32,4,"11,940","47,760",2025-10-20
26683072,발주,110913666,52723709,"오하이 지문방지 PET 무광필름 2매, 갤럭시 S24FE, 1세트",2025-08-21 15:34:10,INC4,3,"9,600","28,800",2025-10-20
26683072,발주,110913666,57316038,"오하이 일미리 케이스 1mm 변색 없는 PC 하드 케이스, 아이폰 15프로",2025-08-21 16:16:37,INC4,3,"8,000","24,000",2025-10-20
26683072,발주,110914049,35373956,"오하이 EZ툴 아이폰 풀커버 사생활보호 프라이버시 강화유리필름 2매, 아이폰 13 프로맥스, 1세트",2025-08-21 17:35:15,KKW3,2,"11,940","23,880",2025-10-20
26683072,발주,110914049,63220118,오하이 아이폰 갤럭시 맥세이프 가죽 카드지갑 케이스 브라운 1개,2025-08-21 17:35:15,KKW3,13,"9,300","120,900",2025-10-20
26683072,발주,110914049,63220119,오하이 아이폰 갤럭시 맥세이프 가죽 카드지갑 케이스 오렌지 1개,2025-08-21 17:35:15,KKW3,13,"9,300","120,900",2025-10-20
26683072,발주,111107109,41911904,"오하이 지문방지 PET 무광필름 2매, 갤럭시 S24울트라, 1세트",2025-08-21 19:54:49,ECH2,1,"9,600","9,600",2025-10-20
26683072,발주,111107109,55705545,"오하이 지문방지 PET 무광필름 2매, 갤럭시 S25플러스, 1세트",2025-08-21 19:54:49,ECH2,3,"9,600","28,800",2025-10-20
26683072,발주,111107109,63064491,오하이 아이폰 갤럭시 맥세이프 가죽 카드지갑 케이스 다크 그린 1개,2025-08-21 19:54:49,ECH2,1,"9,800","9,800",2025-10-20
26763693,발주,111154240,27686155,"오하이 풀커버 강화유리 액정보호필름 + 이지솔루션 제공, 2개, 아이폰14프로",2025-08-27 03:43:53,GOY1,17,"10,740","182,580",2025-10-24
26763693,발주,111154240,27686155,"오하이 풀커버 강화유리 액정보호필름 + 이지솔루션 제공, 2개, 아이폰14프로",2025-08-27 03:49:11,GOY1,10,"10,740","107,400",2025-10-24
26763693,발주,111154240,27686155,"오하이 풀커버 강화유리 액정보호필름 + 이지솔루션 제공, 2개, 아이폰14프로",2025-08-27 03:53:25,GOY1,14,"10,740","150,360",2025-10-24
26763693,발주,111154240,41670010,"오하이 전면 3D 풀커버 TPU 지문방지 + 무광택 휴대폰 액정보호필름 3p + 부착 가이드툴, 갤럭시 S24울트라, 1세트",2025-08-27 10:51:25,GOY1,37,"9,540","352,980",2025-10-24
26763693,발주,111154240,50342950,"오하이 풀커버 강화유리 액정보호필름2개 + EZ툴 제공, 아이폰16프로맥스",2025-08-27 03:26:28,GOY1,15,"10,740","161,100",2025-10-24
26763693,발주,111154240,50342950,"오하이 풀커버 강화유리 액정보호필름2개 + EZ툴 제공, 아이폰16프로맥스",2025-08-27 03:31:59,GOY1,14,"10,740","150,360",2025-10-24
26763693,발주,111154240,50342952,"오하이 풀커버 강화유리 액정보호필름2개 + EZ툴 제공, 아이폰16",2025-08-27 03:20:40,GOY1,23,"10,740","247,020",2025-10-24
26763693,발주,111258351,50342949,"오하이 풀커버 강화유리 액정보호필름2개 + EZ툴 제공, 아이폰16프로",2025-08-27 10:37:17,GOY1,37,"10,740","397,380",2025-10-24
26763693,발주,111258351,55707338,"오하이 전면 3D 풀커버 TPU 지문방지 + 무광택 휴대폰 액정보호필름 3p + 부착 가이드툴, 삼성 갤럭시 S25울트라, 1세트",2025-08-27 10:51:25,GOY1,13,"9,060","117,780",2025-10-24
26763693,발주,111259728,50428035,"오하이 전면 3D 풀커버 TPU 지문방지 + 무광택 휴대폰 액정보호필름 3p + 부착 가이드툴, 아이폰16프로맥스, 1세트",2025-08-27 01:35:15,SEL1,1,"9,540","9,540",2025-10-24
26763693,발주,111259728,55707338,"오하이 전면 3D 풀커버 TPU 지문방지 + 무광택 휴대폰 액정보호필름 3p + 부착 가이드툴, 삼성 갤럭시 S25울트라, 1세트",2025-08-27 01:35:15,SEL1,1,"9,060","9,060",2025-10-24
26763693,발주,111307563,63064491,오하이 아이폰 갤럭시 맥세이프 가죽 카드지갑 케이스 다크 그린 1개,2025-08-27 11:11:34,SIH2,3,"9,800","29,400",2025-10-24
26763693,발주,111350018,50342952,"오하이 풀커버 강화유리 액정보호필름2개 + EZ툴 제공, 아이폰16",2025-08-27 11:10:57,SIH2,6,"10,740","64,440",2025-10-24
26763693,발주,111350018,50342952,"오하이 풀커버 강화유리 액정보호필름2개 + EZ툴 제공, 아이폰16",2025-08-27 11:11:23,SIH2,6,"10,740","64,440",2025-10-24
26763693,발주,111351632,39017747,"오하이 풀커버 강화유리 액정보호필름 + 이지솔루션 제공, 2개, 아이폰15",2025-08-27 00:47:04,KKW1,26,"10,740","279,240",2025-10-24
26763693,발주,111351632,50342949,"오하이 풀커버 강화유리 액정보호필름2개 + EZ툴 제공, 아이폰16프로",2025-08-27 00:45:34,KKW1,14,"10,740","150,360",2025-10-24
26763693,발주,111416537,55707338,"오하이 전면 3D 풀커버 TPU 지문방지 + 무광택 휴대폰 액정보호필름 3p + 부착 가이드툴, 삼성 갤럭시 S25울트라, 1세트",2025-08-27 10:51:25,GOY1,40,"9,060","362,400",2025-10-24
26817808,발주,111351046,50342949,"오하이 풀커버 강화유리 액정보호필름2개 + EZ툴 제공, 아이폰16프로",2025-08-31 16:57:30,GOY1,10,"10,740","107,400",2025-10-24
26836679,발주,111351046,50342949,"오하이 풀커버 강화유리 액정보호필름2개 + EZ툴 제공, 아이폰16프로",2025-09-01 11:28:42,GOY1,25,"10,740","268,500",2025-10-24
26849976,발주,111680930,18371038,"오하이 풀커버 강화유리 액정보호필름2개 + EZ툴 제공, 아이폰13/13프로",2025-09-02 14:59:04,KKW3,23,"10,740","247,020",2025-10-31
26849976,발주,111680930,18371042,"오하이 풀커버 강화유리 액정보호필름2개 + EZ툴 제공, 아이폰13프로맥스",2025-09-02 14:59:04,KKW3,3,"10,740","32,220",2025-10-31
26849976,발주,111680930,19454772,"오하이 풀커버 강화유리 액정보호필름2개 + EZ툴 제공, 아이폰12프로맥스",2025-09-02 16:52:17,KKW3,3,"10,740","32,220",2025-10-31
26849976,발주,111680930,27686155,"오하이 풀커버 강화유리 액정보호필름 + 이지솔루션 제공, 2개, 아이폰14프로",2025-09-02 10:14:41,KKW3,28,"10,740","300,720",2025-10-31
26849976,발주,111680930,35373954,"오하이 EZ툴 아이폰 풀커버 사생활보호 프라이버시 강화유리필름 2매, 아이폰 13/13프로, 1세트",2025-09-02 16:52:17,KKW3,3,"11,940","35,820",2025-10-31
26849976,발주,111680930,39017749,"오하이 풀커버 강화유리 액정보호필름 + 이지솔루션 제공, 2개, 아이폰15프로",2025-09-02 09:38:21,KKW3,28,"10,740","300,720",2025-10-31
26849976,발주,111680930,39017751,"오하이 풀커버 강화유리 액정보호필름 + 이지솔루션 제공, 2개, 아이폰15플러스",2025-09-02 16:57:40,KKW3,1,"10,740","10,740",2025-10-31
26849976,발주,111680930,48472776,"오하이 풀커버 강화유리 액정보호필름2개 + EZ툴 제공, 갤럭시S24 플러스",2025-09-02 09:41:40,KKW3,3,"10,740","32,220",2025-10-31
26849976,발주,111680930,50342949,"오하이 풀커버 강화유리 액정보호필름2개 + EZ툴 제공, 아이폰16프로",2025-09-02 10:21:00,KKW3,28,"10,740","300,720",2025-10-31
26849976,발주,111680930,50342950,"오하이 풀커버 강화유리 액정보호필름2개 + EZ툴 제공, 아이폰16프로맥스",2025-09-02 15:03:02,KKW3,7,"10,740","75,180",2025-10-31
26849976,발주,111680930,50342952,"오하이 풀커버 강화유리 액정보호필름2개 + EZ툴 제공, 아이폰16",2025-09-02 09:41:40,KKW3,17,"10,740","182,580",2025-10-31
26849976,발주,111680930,52729614,"오하이 전면 3D 풀커버 TPU 지문방지 + 무광택 휴대폰 액정보호필름 3p + 부착 가이드툴, 삼성 갤럭시 S24FE, 1세트",2025-09-02 16:52:17,KKW3,4,"9,540","38,160",2025-10-31
26849976,발주,111680930,55701376,"오하이 사생활보호 프라이버시 TPU 지문인식 휴대폰 액정보호필름 2매+간편부착 툴, 삼성 갤럭시 S25울트라, 1세트",2025-09-02 16:52:17,KKW3,6,"6,705","40,230",2025-10-31
26849976,발주,111681196,18371042,"오하이 풀커버 강화유리 액정보호필름2개 + EZ툴 제공, 아이폰13프로맥스",2025-09-02 17:36:08,CHW4,1,"10,740","10,740",2025-10-31
26849976,발주,111681196,31729104,"오하이 지문방지 PET 무광필름 2매, 갤럭시S23플러스, 1세트",2025-09-02 17:46:58,CHW4,3,"9,600","28,800",2025-10-31
26849976,발주,111681196,36684361,"오하이 전면 3D 풀커버 TPU 지문방지 + 무광택 휴대폰 액정보호필름 3p + 부착 가이드툴, 갤럭시노트20울트라, 1세트",2025-09-02 21:13:02,CHW4,3,"9,540","28,620",2025-10-31
26849976,발주,111681196,39017751,"오하이 풀커버 강화유리 액정보호필름 + 이지솔루션 제공, 2개, 아이폰15플러스",2025-09-02 19:52:16,CHW4,2,"10,740","21,480",2025-10-31
26849976,발주,111681196,40840065,"오하이 전면 3D 풀커버 TPU 지문방지 + 무광택 휴대폰 액정보호필름 3p + 부착 가이드툴, 아이폰13/13프로, 1세트",2025-09-02 20:45:45,CHW4,2,"9,540","19,080",2025-10-31
26849976,발주,111681196,40840069,"오하이 전면 3D 풀커버 TPU 지문방지 + 무광택 휴대폰 액정보호필름 3p + 부착 가이드툴, 아이폰13프로맥스, 1세트",2025-09-02 21:21:04,CHW4,3,"9,540","28,620",2025-10-31
26849976,발주,111681196,40840085,"오하이 전면 3D 풀커버 TPU 지문방지 + 무광택 휴대폰 액정보호필름 3p + 부착 가이드툴, 아이폰15, 1세트",2025-09-02 20:34:15,CHW4,2,"9,540","19,080",2025-10-31
26849976,발주,111681196,41555864,"오하이 EZ툴 풀커버 사생활보호 프라이버시 강화유리 휴대폰 액정보호필름 2매, 아이폰 15, 1세트",2025-09-02 17:26:52,CHW4,3,"11,940","35,820",2025-10-31
26849976,발주,111681196,42015245,"오하이 사생활보호 프라이버시 TPU 지문인식 휴대폰 액정보호필름 2매+간편부착 툴, 삼성 갤럭시 S24플러스, 1세트",2025-09-02 20:09:20,CHW4,2,"6,705","13,410",2025-10-31
26849976,발주,111681196,42015245,"오하이 사생활보호 프라이버시 TPU 지문인식 휴대폰 액정보호필름 2매+간편부착 툴, 삼성 갤럭시 S24플러스, 1세트",2025-09-02 20:18:34,CHW4,1,"6,705","6,705",2025-10-31
26849976,발주,111681196,42671049,"오하이 전면 3D 풀커버 TPU 지문방지 + 무광택 휴대폰 액정보호필름 3p + 부착 가이드툴, 갤럭시 A33, 1세트",2025-09-02 19:52:16,CHW4,3,"9,540","28,620",2025-10-31
26849976,발주,111681196,42671052,"오하이 전면 3D 풀커버 TPU 지문방지 + 무광택 휴대폰 액정보호필름 3p + 부착 가이드툴, 갤럭시 A23, 1세트",2025-09-02 19:56:56,CHW4,3,"9,540","28,620",2025-10-31
26849976,발주,111681196,49343788,"오하이 사생활보호 프라이버시 TPU 지문인식 휴대폰 액정보호필름 2매+간편부착 툴, 삼성 갤럭시노트 20울트라, 1세트",2025-09-02 20:56:10,CHW4,3,"6,705","20,115",2025-10-31
26849976,발주,111681196,49343790,"오하이 사생활보호 프라이버시 TPU 지문인식 휴대폰 액정보호필름 2매+간편부착 툴, 삼성 갤럭시 S21울트라, 1세트",2025-09-02 20:30:33,CHW4,1,"6,705","6,705",2025-10-31
26849976,발주,111681196,49343795,"오하이 사생활보호 프라이버시 TPU 지문인식 휴대폰 액정보호필름 2매+간편부착 툴, 삼성 갤럭시노트 20, 1세트",2025-09-02 19:59:30,CHW4,1,"6,705","6,705",2025-10-31
26849976,발주,111681196,50342952,"오하이 풀커버 강화유리 액정보호필름2개 + EZ툴 제공, 아이폰16",2025-09-02 19:47:49,CHW4,1,"10,740","10,740",2025-10-31
26849976,발주,111681196,50344700,"오하이 EZ툴 풀커버 사생활보호 프라이버시 강화유리 휴대폰 액정보호필름 2매, 아이폰 16, 1세트",2025-09-02 17:32:48,CHW4,7,"11,940","83,580",2025-10-31
26849976,발주,111681196,50428037,"오하이 전면 3D 풀커버 TPU 지문방지 + 무광택 휴대폰 액정보호필름 3p + 부착 가이드툴, 아이폰16플러스, 1세트",2025-09-02 20:12:05,CHW4,3,"9,540","28,620",2025-10-31
26849976,발주,111681196,55701816,"오하이 풀커버 강화유리 액정보호필름2개 + EZ툴 제공, 갤럭시S25 플러스",2025-09-02 19:56:56,CHW4,2,"10,740","21,480",2025-10-31
26849976,발주,111681196,55705546,"오하이 지문방지 PET 무광필름 2매, 갤럭시 S25, 1세트",2025-09-02 20:53:13,CHW4,2,"9,600","19,200",2025-10-31
26849976,발주,111681196,63073467,"오하이 전면 3D 풀커버 TPU 지문방지 + 무광택 필름 + 부착 가이드툴, 갤럭시S23플러스, 1세트",2025-09-02 17:39:48,CHW4,6,"9,540","57,240",2025-10-31
26849976,발주,111681844,50342949,"오하이 풀커버 강화유리 액정보호필름2개 + EZ툴 제공, 아이폰16프로",2025-09-02 15:21:49,CHW1,34,"10,740","365,160",2025-10-31
26849976,발주,111681855,18371042,"오하이 풀커버 강화유리 액정보호필름2개 + EZ툴 제공, 아이폰13프로맥스",2025-09-02 21:47:58,INC32,6,"10,740","64,440",2025-10-31
26849976,발주,111681855,27686155,"오하이 풀커버 강화유리 액정보호필름 + 이지솔루션 제공, 2개, 아이폰14프로",2025-09-02 21:47:58,INC32,4,"10,740","42,960",2025-10-31
26849976,발주,111681855,35373955,"오하이 EZ툴 아이폰 풀커버 사생활보호 프라이버시 강화유리필름 2매, 아이폰 14 프로, 1세트",2025-09-02 21:47:58,INC32,2,"11,940","23,880",2025-10-31
26849976,발주,111681855,39017749,"오하이 풀커버 강화유리 액정보호필름 + 이지솔루션 제공, 2개, 아이폰15프로",2025-09-02 21:47:58,INC32,20,"10,740","214,800",2025-10-31
26849976,발주,111681855,39017749,"오하이 풀커버 강화유리 액정보호필름 + 이지솔루션 제공, 2개, 아이폰15프로",2025-09-02 22:03:08,INC32,19,"10,740","204,060",2025-10-31
26849976,발주,111681855,39017751,"오하이 풀커버 강화유리 액정보호필름 + 이지솔루션 제공, 2개, 아이폰15플러스",2025-09-02 21:47:58,INC32,1,"10,740","10,740",2025-10-31
26849976,발주,111681855,50342949,"오하이 풀커버 강화유리 액정보호필름2개 + EZ툴 제공, 아이폰16프로",2025-09-02 22:03:08,INC32,23,"10,740","247,020",2025-10-31
26849976,발주,111681855,50342949,"오하이 풀커버 강화유리 액정보호필름2개 + EZ툴 제공, 아이폰16프로",2025-09-02 22:05:43,INC32,6,"10,740","64,440",2025-10-31
26849976,발주,111681855,50342949,"오하이 풀커버 강화유리 액정보호필름2개 + EZ툴 제공, 아이폰16프로",2025-09-02 22:13:27,INC32,25,"10,740","268,500",2025-10-31
26849976,발주,111681855,50342950,"오하이 풀커버 강화유리 액정보호필름2개 + EZ툴 제공, 아이폰16프로맥스",2025-09-02 22:20:29,INC32,17,"10,740","182,580",2025-10-31
26849976,발주,111681855,50342952,"오하이 풀커버 강화유리 액정보호필름2개 + EZ툴 제공, 아이폰16",2025-09-02 22:05:43,INC32,1,"10,740","10,740",2025-10-31
26849976,발주,111681855,60043362,"오하이 전면 3D 풀커버 TPU 지문방지 + 무광택 휴대폰 액정보호필름 3p + 부착 가이드툴, 갤럭시 S25엣지, 1세트",2025-09-02 22:09:05,INC32,10,"9,540","95,400",2025-10-31
26849976,발주,111682335,18371038,"오하이 풀커버 강화유리 액정보호필름2개 + EZ툴 제공, 아이폰13/13프로",2025-09-02 16:33:55,DAE6,23,"10,740","247,020",2025-10-31
26849976,발주,111682335,27686154,"오하이 풀커버 강화유리 액정보호필름 + 이지솔루션 제공, 2개, 아이폰14",2025-09-02 16:29:45,DAE6,16,"10,740","171,840",2025-10-31
26849976,발주,111682335,27686157,"오하이 풀커버 강화유리 액정보호필름 + 이지솔루션 제공, 2개, 아이폰14프로맥스",2025-09-02 16:29:45,DAE6,12,"10,740","128,880",2025-10-31
26849976,발주,111682335,39017754,"오하이 풀커버 강화유리 액정보호필름 + 이지솔루션 제공, 2개, 아이폰15프로맥스",2025-09-02 16:33:55,DAE6,23,"10,740","247,020",2025-10-31
26849976,발주,111682335,41555857,"오하이 EZ툴 풀커버 사생활보호 프라이버시 강화유리 휴대폰 액정보호필름 2매, 아이폰 15 프로, 1세트",2025-09-02 16:36:54,DAE6,15,"11,940","179,100",2025-10-31
26849976,발주,111682335,55701818,"오하이 풀커버 강화유리 액정보호필름 + 이지솔루션 제공, 2매1세트, 갤럭시S25",2025-09-02 16:36:54,DAE6,8,"10,740","85,920",2025-10-31
26849976,발주,111682335,62921998,"오하이 폴드,플립 지문방지 무광택 액정보호 필름 + 부착 안내문, 삼성 갤럭시 Z플립7, 1세트 투명",2025-09-02 17:42:50,DAE6,41,"10,700","438,700",2025-10-31
26849976,발주,111682394,18371042,"오하이 풀커버 강화유리 액정보호필름2개 + EZ툴 제공, 아이폰13프로맥스",2025-09-02 21:36:24,ECH4,3,"10,740","32,220",2025-10-31
26849976,발주,111682394,35373955,"오하이 EZ툴 아이폰 풀커버 사생활보호 프라이버시 강화유리필름 2매, 아이폰 14 프로, 1세트",2025-09-02 21:25:09,ECH4,1,"11,940","11,940",2025-10-31
26849976,발주,111682432,18371026,"오하이 풀커버 강화유리 액정보호필름2개 + EZ툴 제공, 아이폰13미니",2025-09-02 09:19:04,SIH2,4,"10,740","42,960",2025-10-31
26849976,발주,111682432,18371042,"오하이 풀커버 강화유리 액정보호필름2개 + EZ툴 제공, 아이폰13프로맥스",2025-09-02 09:19:04,SIH2,5,"10,740","53,700",2025-10-31
26849976,발주,111682432,35373955,"오하이 EZ툴 아이폰 풀커버 사생활보호 프라이버시 강화유리필름 2매, 아이폰 14 프로, 1세트",2025-09-02 09:20:27,SIH2,2,"11,940","23,880",2025-10-31
26849976,발주,111682432,50342949,"오하이 풀커버 강화유리 액정보호필름2개 + EZ툴 제공, 아이폰16프로",2025-09-02 09:20:27,SIH2,8,"10,740","85,920",2025-10-31
26849976,발주,111682432,50342950,"오하이 풀커버 강화유리 액정보호필름2개 + EZ툴 제공, 아이폰16프로맥스",2025-09-02 09:20:27,SIH2,2,"10,740","21,480",2025-10-31
26849976,발주,111682432,50342952,"오하이 풀커버 강화유리 액정보호필름2개 + EZ툴 제공, 아이폰16",2025-09-02 09:19:04,SIH2,2,"10,740","21,480",2025-10-31
26849976,발주,111682874,39017749,"오하이 풀커버 강화유리 액정보호필름 + 이지솔루션 제공, 2개, 아이폰15프로",2025-09-02 16:03:03,ECH2,15,"10,740","161,100",2025-10-31
26849976,발주,111682874,50342949,"오하이 풀커버 강화유리 액정보호필름2개 + EZ툴 제공, 아이폰16프로",2025-09-02 16:00:04,ECH2,35,"10,740","375,900",2025-10-31
26849976,발주,111682874,50342949,"오하이 풀커버 강화유리 액정보호필름2개 + EZ툴 제공, 아이폰16프로",2025-09-02 16:01:46,ECH2,36,"10,740","386,640",2025-10-31
26849976,발주,111682874,50342952,"오하이 풀커버 강화유리 액정보호필름2개 + EZ툴 제공, 아이폰16",2025-09-02 16:04:04,ECH2,17,"10,740","182,580",2025-10-31
26849976,발주,111769031,60043362,"오하이 전면 3D 풀커버 TPU 지문방지 + 무광택 휴대폰 액정보호필름 3p + 부착 가이드툴, 갤럭시 S25엣지, 1세트",2025-09-02 18:32:57,DAE6,5,"9,540","47,700",2025-10-31
26849976,발주,111770670,35373957,"오하이 EZ툴 아이폰 풀커버 사생활보호 프라이버시 강화유리필름 2매, 아이폰 13 미니, 1세트",2025-09-02 19:59:30,CHW4,1,"11,940","11,940",2025-10-31
26849976,발주,111770670,35373961,"오하이 EZ툴 아이폰 풀커버 사생활보호 프라이버시 강화유리필름 2매, 아이폰 14, 1세트",2025-09-02 17:51:07,CHW4,1,"11,940","11,940",2025-10-31
26849976,발주,111770670,36684361,"오하이 전면 3D 풀커버 TPU 지문방지 + 무광택 휴대폰 액정보호필름 3p + 부착 가이드툴, 갤럭시노트20울트라, 1세트",2025-09-02 21:18:31,CHW4,3,"9,540","28,620",2025-10-31
26849976,발주,111770670,40840065,"오하이 전면 3D 풀커버 TPU 지문방지 + 무광택 휴대폰 액정보호필름 3p + 부착 가이드툴, 아이폰13/13프로, 1세트",2025-09-02 20:49:26,CHW4,4,"9,540","38,160",2025-10-31
26849976,발주,111770670,40840085,"오하이 전면 3D 풀커버 TPU 지문방지 + 무광택 휴대폰 액정보호필름 3p + 부착 가이드툴, 아이폰15, 1세트",2025-09-02 21:27:46,CHW4,4,"9,540","38,160",2025-10-31
26849976,발주,111770670,41670033,"오하이 전면 3D 풀커버 TPU 지문방지 + 무광택 휴대폰 액정보호필름 3p + 부착 가이드툴, 갤럭시 S23FE, 1세트",2025-09-02 20:30:33,CHW4,1,"9,540","9,540",2025-10-31
26849976,발주,111770670,41670057,"오하이 전면 3D 풀커버 TPU 지문방지 + 무광택 휴대폰 액정보호필름 3p + 부착 가이드툴, 갤럭시 A34, 1세트",2025-09-02 20:39:46,CHW4,3,"9,540","28,620",2025-10-31
26849976,발주,111770670,48472778,"오하이 풀커버 강화유리 액정보호필름2개 + EZ툴 제공, 갤럭시S24 울트라",2025-09-02 17:39:48,CHW4,3,"10,740","32,220",2025-10-31
26849976,발주,111770670,55705545,"오하이 지문방지 PET 무광필름 2매, 갤럭시 S25플러스, 1세트",2025-09-02 17:32:48,CHW4,3,"9,600","28,800",2025-10-31
26849976,발주,111770670,57316036,"오하이 일미리 케이스 1mm 변색 없는 PC 하드 케이스, 아이폰 14프로",2025-09-02 16:59:41,CHW4,2,"8,000","16,000",2025-10-31
26849976,발주,111770730,18371042,"오하이 풀커버 강화유리 액정보호필름2개 + EZ툴 제공, 아이폰13프로맥스",2025-09-02 22:05:43,INC32,1,"10,740","10,740",2025-10-31
26849976,발주,111770730,39017749,"오하이 풀커버 강화유리 액정보호필름 + 이지솔루션 제공, 2개, 아이폰15프로",2025-09-02 22:03:08,INC32,30,"10,740","322,200",2025-10-31
26849976,발주,111770730,40840079,"오하이 전면 3D 풀커버 TPU 지문방지 + 무광택 휴대폰 액정보호필름 3p + 부착 가이드툴, 아이폰14프로, 1세트",2025-09-02 21:49:59,INC32,5,"9,540","47,700",2025-10-31
26849976,발주,111770730,41241011,"오하이 전면 3D 풀커버 TPU 지문방지 + 무광택 휴대폰 액정보호필름 3p + 부착 가이드툴, 아이폰SE2/SE3, 1세트",2025-09-02 21:49:59,INC32,3,"9,540","28,620",2025-10-31
26849976,발주,111770730,50342949,"오하이 풀커버 강화유리 액정보호필름2개 + EZ툴 제공, 아이폰16프로",2025-09-02 22:13:27,INC32,49,"10,740","526,260",2025-10-31
26849976,발주,111770730,63221829,오하이 아이폰 갤럭시 맥세이프 가죽 카드지갑 케이스 블랙 1개,2025-09-02 21:49:59,INC32,3,"9,300","27,900",2025-10-31
26849976,발주,111770770,18371042,"오하이 풀커버 강화유리 액정보호필름2개 + EZ툴 제공, 아이폰13프로맥스",2025-09-02 14:59:04,KKW3,1,"10,740","10,740",2025-10-31
26849976,발주,111770770,19454771,"오하이 풀커버 강화유리 액정보호필름2개 + EZ툴 제공, 아이폰12/12프로",2025-09-02 14:59:12,KKW3,10,"10,740","107,400",2025-10-31
26849976,발주,111770770,27686154,"오하이 풀커버 강화유리 액정보호필름 + 이지솔루션 제공, 2개, 아이폰14",2025-09-02 10:14:41,KKW3,15,"10,740","161,100",2025-10-31
26849976,발주,111770770,27686155,"오하이 풀커버 강화유리 액정보호필름 + 이지솔루션 제공, 2개, 아이폰14프로",2025-09-02 14:59:04,KKW3,2,"10,740","21,480",2025-10-31
26849976,발주,111770770,31729103,"오하이 지문방지 PET 무광필름 2매, 갤럭시S23, 1세트",2025-09-02 16:52:17,KKW3,3,"9,600","28,800",2025-10-31
26849976,발주,111770770,39017749,"오하이 풀커버 강화유리 액정보호필름 + 이지솔루션 제공, 2개, 아이폰15프로",2025-09-02 10:21:00,KKW3,11,"10,740","118,140",2025-10-31
26849976,발주,111770770,40840069,"오하이 전면 3D 풀커버 TPU 지문방지 + 무광택 휴대폰 액정보호필름 3p + 부착 가이드툴, 아이폰13프로맥스, 1세트",2025-09-02 16:52:17,KKW3,3,"9,540","28,620",2025-10-31
26849976,발주,111770770,41269792,"오하이 사생활보호 프라이버시 TPU 지문인식 휴대폰 액정보호필름 2매+간편부착 툴, 삼성 갤럭시 S22울트라, 1세트",2025-09-02 16:52:17,KKW3,3,"6,705","20,115",2025-10-31
26849976,발주,111770770,41555857,"오하이 EZ툴 풀커버 사생활보호 프라이버시 강화유리 휴대폰 액정보호필름 2매, 아이폰 15 프로, 1세트",2025-09-02 14:59:04,KKW3,3,"11,940","35,820",2025-10-31
26849976,발주,111770770,50342949,"오하이 풀커버 강화유리 액정보호필름2개 + EZ툴 제공, 아이폰16프로",2025-09-02 14:59:12,KKW3,5,"10,740","53,700",2025-10-31
26849976,발주,111770770,50428038,"오하이 전면 3D 풀커버 TPU 지문방지 + 무광택 휴대폰 액정보호필름 3p + 부착 가이드툴, 아이폰16프로, 1세트",2025-09-02 16:52:17,KKW3,8,"9,540","76,320",2025-10-31
26849976,발주,111851319,42671041,"오하이 전면 3D 풀커버 TPU 지문방지 + 무광택 휴대폰 액정보호필름 3p + 부착 가이드툴, 갤럭시 A53, 1세트",2025-09-02 21:49:59,INC32,3,"9,540","28,620",2025-10-31
26849976,발주,111851689,40840077,"오하이 전면 3D 풀커버 TPU 지문방지 + 무광택 휴대폰 액정보호필름 3p + 부착 가이드툴, 아이폰14, 1세트",2025-09-02 21:14:56,CHW4,2,"9,540","19,080",2025-10-31
26849976,발주,111851689,41269795,"오하이 사생활보호 프라이버시 TPU 지문인식 휴대폰 액정보호필름 2매+간편부착 툴, 삼성 갤럭시 S22플러스, 1세트",2025-09-02 20:04:33,CHW4,2,"6,705","13,410",2025-10-31
26849976,발주,111851689,41269804,"오하이 사생활보호 프라이버시 TPU 지문인식 휴대폰 액정보호필름 2매+간편부착 툴, 삼성 갤럭시 S23플러스, 1세트",2025-09-02 21:31:29,CHW4,2,"6,705","13,410",2025-10-31
26849976,발주,111851689,41269832,"오하이 사생활보호 프라이버시 TPU 지문인식 휴대폰 액정보호필름 2매+간편부착 툴, 애플 아이폰 15프로, 1세트",2025-09-02 17:26:52,CHW4,1,"6,705","6,705",2025-10-31
26849976,발주,111851689,41911911,"오하이 지문방지 PET 무광필름 2매, 갤럭시 S24, 1세트",2025-09-02 20:16:02,CHW4,1,"9,600","9,600",2025-10-31
26849976,발주,111851689,49343793,"오하이 사생활보호 프라이버시 TPU 지문인식 휴대폰 액정보호필름 2매+간편부착 툴, 삼성 갤럭시 S21, 1세트",2025-09-02 17:51:07,CHW4,3,"6,705","20,115",2025-10-31
26849976,발주,111851689,57316031,"오하이 일미리 케이스 1mm 변색 없는 PC 하드 케이스, 아이폰 15프로맥스",2025-09-02 17:26:52,CHW4,1,"8,000","8,000",2025-10-31
26849976,발주,111876325,35373955,"오하이 EZ툴 아이폰 풀커버 사생활보호 프라이버시 강화유리필름 2매, 아이폰 14 프로, 1세트",2025-09-02 16:52:17,KKW3,2,"11,940","23,880",2025-10-31
26849976,발주,111876325,39017747,"오하이 풀커버 강화유리 액정보호필름 + 이지솔루션 제공, 2개, 아이폰15",2025-09-02 15:04:57,KKW3,12,"10,740","128,880",2025-10-31
26849976,발주,111876325,39017749,"오하이 풀커버 강화유리 액정보호필름 + 이지솔루션 제공, 2개, 아이폰15프로",2025-09-02 09:41:40,KKW3,9,"10,740","96,660",2025-10-31
26849976,발주,111876325,39017749,"오하이 풀커버 강화유리 액정보호필름 + 이지솔루션 제공, 2개, 아이폰15프로",2025-09-02 15:03:02,KKW3,11,"10,740","118,140",2025-10-31
26849976,발주,111876325,40840059,"오하이 전면 3D 풀커버 TPU 지문방지 + 무광택 휴대폰 액정보호필름 3p + 부착 가이드툴, 아이폰12미니, 1세트",2025-09-02 16:52:17,KKW3,1,"9,540","9,540",2025-10-31
26849976,발주,111876325,41555886,"오하이 EZ툴 풀커버 사생활보호 프라이버시 강화유리 휴대폰 액정보호필름 2매, 아이폰 15 프로맥스, 1세트",2025-09-02 14:59:12,KKW3,12,"11,940","143,280",2025-10-31
26849976,발주,111876325,50342949,"오하이 풀커버 강화유리 액정보호필름2개 + EZ툴 제공, 아이폰16프로",2025-09-02 15:03:02,KKW3,7,"10,740","75,180",2025-10-31
26849976,발주,111876325,50342950,"오하이 풀커버 강화유리 액정보호필름2개 + EZ툴 제공, 아이폰16프로맥스",2025-09-02 15:03:02,KKW3,5,"10,740","53,700",2025-10-31
26849976,발주,111876325,50342950,"오하이 풀커버 강화유리 액정보호필름2개 + EZ툴 제공, 아이폰16프로맥스",2025-09-02 16:52:17,KKW3,7,"10,740","75,180",2025-10-31
26849976,발주,111876325,50342952,"오하이 풀커버 강화유리 액정보호필름2개 + EZ툴 제공, 아이폰16",2025-09-02 14:59:12,KKW3,2,"10,740","21,480",2025-10-31
26849976,발주,111876325,50344701,"오하이 EZ툴 아이폰 풀커버 사생활보호 프라이버시 강화유리필름 2매, 아이폰 16 프로, 1세트",2025-09-02 09:33:47,KKW3,30,"11,940","358,200",2025-10-31
26849976,발주,111876325,50344701,"오하이 EZ툴 아이폰 풀커버 사생활보호 프라이버시 강화유리필름 2매, 아이폰 16 프로, 1세트",2025-09-02 09:38:21,KKW3,13,"11,940","155,220",2025-10-31
26849976,발주,111877080,35373955,"오하이 EZ툴 아이폰 풀커버 사생활보호 프라이버시 강화유리필름 2매, 아이폰 14 프로, 1세트",2025-09-02 09:20:27,SIH2,1,"11,940","11,940",2025-10-31
26849976,발주,111877447,35373955,"오하이 EZ툴 아이폰 풀커버 사생활보호 프라이버시 강화유리필름 2매, 아이폰 14 프로, 1세트",2025-09-02 17:36:08,CHW4,2,"11,940","23,880",2025-10-31
26849976,발주,111877447,42671041,"오하이 전면 3D 풀커버 TPU 지문방지 + 무광택 휴대폰 액정보호필름 3p + 부착 가이드툴, 갤럭시 A53, 1세트",2025-09-02 19:47:49,CHW4,2,"9,540","19,080",2025-10-31
26849976,발주,111877447,59459681,"오하이 지문방지 무광택 액정보호 필름 삼성 갤럭시 Z폴드SE (스페셜 에디션), 1세트",2025-09-02 20:56:10,CHW4,2,"11,940","23,880",2025-10-31
26849976,발주,111877453,41670025,"오하이 전면 3D 풀커버 TPU 지문방지 무광택 필름 3p + 부착 가이드툴, 갤럭시 S24플러스, 1세트",2025-09-02 11:28:18,CHW3,1,"9,540","9,540",2025-10-31
26849976,발주,111877534,35373955,"오하이 EZ툴 아이폰 풀커버 사생활보호 프라이버시 강화유리필름 2매, 아이폰 14 프로, 1세트",2025-09-02 21:47:58,INC32,1,"11,940","11,940",2025-10-31
26849976,발주,111877534,39017749,"오하이 풀커버 강화유리 액정보호필름 + 이지솔루션 제공, 2개, 아이폰15프로",2025-09-02 22:03:08,INC32,20,"10,740","214,800",2025-10-31
26849976,발주,111877534,40840079,"오하이 전면 3D 풀커버 TPU 지문방지 + 무광택 휴대폰 액정보호필름 3p + 부착 가이드툴, 아이폰14프로, 1세트",2025-09-02 21:49:59,INC32,1,"9,540","9,540",2025-10-31
26849976,발주,111877534,50342949,"오하이 풀커버 강화유리 액정보호필름2개 + EZ툴 제공, 아이폰16프로",2025-09-02 22:13:27,INC32,26,"10,740","279,240",2025-10-31
26849976,발주,111877534,50428038,"오하이 전면 3D 풀커버 TPU 지문방지 + 무광택 휴대폰 액정보호필름 3p + 부착 가이드툴, 아이폰16프로, 1세트",2025-09-02 21:49:59,INC32,3,"9,540","28,620",2025-10-31
26849976,발주,112000986,31762099,"오하이 전면 3D 풀커버 TPU 지문방지 + 무광택 휴대폰 액정보호필름 3p + 부착 가이드툴, 갤럭시S23울트라, 1세트",2025-09-02 16:45:43,DAEGU2,6,"9,540","57,240",2025-10-31
26849976,발주,112000986,35373955,"오하이 EZ툴 아이폰 풀커버 사생활보호 프라이버시 강화유리필름 2매, 아이폰 14 프로, 1세트",2025-09-02 16:45:43,DAEGU2,1,"11,940","11,940",2025-10-31
26849976,발주,112000986,41555857,"오하이 EZ툴 풀커버 사생활보호 프라이버시 강화유리 휴대폰 액정보호필름 2매, 아이폰 15 프로, 1세트",2025-09-02 16:33:42,DAEGU2,11,"11,940","131,340",2025-10-31
26849976,발주,112000986,41670010,"오하이 전면 3D 풀커버 TPU 지문방지 + 무광택 휴대폰 액정보호필름 3p + 부착 가이드툴, 갤럭시 S24울트라, 1세트",2025-09-02 17:14:03,DAEGU2,18,"9,540","171,720",2025-10-31
26849976,발주,112000986,55701818,"오하이 풀커버 강화유리 액정보호필름 + 이지솔루션 제공, 2매1세트, 갤럭시S25",2025-09-02 16:16:54,DAEGU2,8,"10,740","85,920",2025-10-31
26849976,발주,112000986,55707340,"오하이 전면 3D 풀커버 TPU 지문방지 + 무광택 휴대폰 액정보호필름 3p + 부착 가이드툴, 삼성 갤럭시 S25, 1세트",2025-09-02 16:33:42,DAEGU2,14,"9,060","126,840",2025-10-31
26849976,발주,112000986,62921998,"오하이 폴드,플립 지문방지 무광택 액정보호 필름 + 부착 안내문, 삼성 갤럭시 Z플립7, 1세트 투명",2025-09-02 18:39:13,DAEGU2,68,"10,700","727,600",2025-10-31
26849976,발주,112001812,40840056,"오하이 전면 3D 풀커버 TPU 지문방지 + 무광택 휴대폰 액정보호필름 3p + 부착 가이드툴, 아이폰12/12프로, 1세트",2025-09-02 14:55:00,ECH2,1,"9,540","9,540",2025-10-31
26849976,발주,112001812,40840065,"오하이 전면 3D 풀커버 TPU 지문방지 + 무광택 휴대폰 액정보호필름 3p + 부착 가이드툴, 아이폰13/13프로, 1세트",2025-09-02 15:33:32,ECH2,9,"9,540","85,860",2025-10-31
26849976,발주,112001812,40840066,"오하이 전면 3D 풀커버 TPU 지문방지 + 무광택 휴대폰 액정보호필름 3p + 부착 가이드툴, 아이폰13미니, 1세트",2025-09-02 15:32:56,ECH2,5,"9,540","47,700",2025-10-31
26849976,발주,112001812,40840085,"오하이 전면 3D 풀커버 TPU 지문방지 + 무광택 휴대폰 액정보호필름 3p + 부착 가이드툴, 아이폰15, 1세트",2025-09-02 15:34:37,ECH2,10,"9,540","95,400",2025-10-31
26849976,발주,112001812,40840089,"오하이 전면 3D 풀커버 TPU 지문방지 + 무광택 휴대폰 액정보호필름 3p + 부착 가이드툴, 아이폰15프로맥스, 1세트",2025-09-02 15:34:03,ECH2,8,"9,558","76,464",2025-10-31
26849976,발주,112001812,48183127,"오하이 전면 3D 풀커버 TPU 지문방지 + 무광택 휴대폰 액정보호필름 3p + 부착 가이드툴, 갤럭시 A15, 1세트",2025-09-02 15:35:09,ECH2,6,"9,540","57,240",2025-10-31
26849976,발주,112001812,50428035,"오하이 전면 3D 풀커버 TPU 지문방지 + 무광택 휴대폰 액정보호필름 3p + 부착 가이드툴, 아이폰16프로맥스, 1세트",2025-09-02 15:36:08,ECH2,9,"9,540","85,860",2025-10-31
26849976,발주,112001812,52729614,"오하이 전면 3D 풀커버 TPU 지문방지 + 무광택 휴대폰 액정보호필름 3p + 부착 가이드툴, 삼성 갤럭시 S24FE, 1세트",2025-09-02 15:32:58,ECH2,5,"9,540","47,700",2025-10-31
26849976,발주,112001812,52729614,"오하이 전면 3D 풀커버 TPU 지문방지 + 무광택 휴대폰 액정보호필름 3p + 부착 가이드툴, 삼성 갤럭시 S24FE, 1세트",2025-09-02 15:35:41,ECH2,10,"9,540","95,400",2025-10-31
26849976,발주,112002019,40840087,"오하이 전면 3D 풀커버 TPU 지문방지 + 무광택 휴대폰 액정보호필름 3p + 부착 가이드툴, 아이폰15프로, 1세트",2025-09-02 11:39:15,CHW3,18,"9,540","171,720",2025-10-31
26849976,발주,112002019,40840087,"오하이 전면 3D 풀커버 TPU 지문방지 + 무광택 휴대폰 액정보호필름 3p + 부착 가이드툴, 아이폰15프로, 1세트",2025-09-02 11:53:32,CHW3,1,"9,540","9,540",2025-10-31
26849976,발주,112002019,41555857,"오하이 EZ툴 풀커버 사생활보호 프라이버시 강화유리 휴대폰 액정보호필름 2매, 아이폰 15 프로, 1세트",2025-09-02 11:28:18,CHW3,11,"11,940","131,340",2025-10-31
26849976,발주,112002019,41670004,"오하이 전면 3D 풀커버 TPU 지문방지 + 무광택 휴대폰 액정보호필름 3p + 부착 가이드툴, 갤럭시 S24, 1세트",2025-09-02 11:39:15,CHW3,10,"9,540","95,400",2025-10-31
26849976,발주,112002019,55707340,"오하이 전면 3D 풀커버 TPU 지문방지 + 무광택 휴대폰 액정보호필름 3p + 부착 가이드툴, 삼성 갤럭시 S25, 1세트",2025-09-02 11:39:15,CHW3,28,"9,060","253,680",2025-10-31
26849976,발주,112002019,60043362,"오하이 전면 3D 풀커버 TPU 지문방지 + 무광택 휴대폰 액정보호필름 3p + 부착 가이드툴, 갤럭시 S25엣지, 1세트",2025-09-02 11:44:08,CHW3,37,"9,540","352,980",2025-10-31
26849976,발주,112002019,62921998,"오하이 폴드,플립 지문방지 무광택 액정보호 필름 + 부착 안내문, 삼성 갤럭시 Z플립7, 1세트 투명",2025-09-02 11:28:18,CHW3,31,"10,700","331,700",2025-10-31
26849976,발주,112002019,62921998,"오하이 폴드,플립 지문방지 무광택 액정보호 필름 + 부착 안내문, 삼성 갤럭시 Z플립7, 1세트 투명",2025-09-02 11:53:32,CHW3,3,"10,700","32,100",2025-10-31
26849976,발주,112002352,54737752,"오하이 아이패드 갤럭시탭 6H 유리코팅 방탄강화 블루라이트 차단 고투명 PET 액정보호필름 간편부착 2매, 갤럭시탭 S10울트라 14.6인치, 1개",2025-09-02 14:49:17,ECH2,1,"10,140","10,140",2025-10-31
26849976,발주,112002530,31762099,"오하이 전면 3D 풀커버 TPU 지문방지 + 무광택 휴대폰 액정보호필름 3p + 부착 가이드툴, 갤럭시S23울트라, 1세트",2025-09-02 09:20:27,SIH2,1,"9,540","9,540",2025-10-31
26849976,발주,112002530,35373955,"오하이 EZ툴 아이폰 풀커버 사생활보호 프라이버시 강화유리필름 2매, 아이폰 14 프로, 1세트",2025-09-02 09:20:27,SIH2,7,"11,940","83,580",2025-10-31
26849976,발주,112002530,41670010,"오하이 전면 3D 풀커버 TPU 지문방지 + 무광택 휴대폰 액정보호필름 3p + 부착 가이드툴, 갤럭시 S24울트라, 1세트",2025-09-02 09:19:04,SIH2,11,"9,540","104,940",2025-10-31
26849976,발주,112002530,55707338,"오하이 전면 3D 풀커버 TPU 지문방지 + 무광택 휴대폰 액정보호필름 3p + 부착 가이드툴, 삼성 갤럭시 S25울트라, 1세트",2025-09-02 09:38:03,SIH2,12,"9,060","108,720",2025-10-31
26849976,발주,112002739,41670025,"오하이 전면 3D 풀커버 TPU 지문방지 무광택 필름 3p + 부착 가이드툴, 갤럭시 S24플러스, 1세트",2025-09-02 11:53:32,CHW3,4,"9,540","38,160",2025-10-31
26849976,발주,112003024,48562240,"[10매]오하이 버디필름 장타 비거리스티커 드라이버 우드 헤드 보호 슬라이스방지 골프필름, 드라이버용, 1세트, 드라이버용 10매 95*48mm 단일색상",2025-09-02 14:56:25,ECH2,14,"9,000","126,000",2025-10-31
26849976,발주,112003024,48562249,"[10매]오하이 버디필름 장타 비거리스티커 드라이버 우드 헤드 보호 슬라이스방지 골프필름, 우드용, 1세트, 우드용 10매 88*30mm 단일색상",2025-09-02 14:57:25,ECH2,27,"9,000","243,000",2025-10-31
26849976,발주,112003024,53305588,"[20매]오하이 버디필름 장타 비거리스티커 드라이버 우드 헤드 보호 슬라이스방지 골프필름, 드라이버용, 1세트, 드라이버용 20매 95*48mm 단일색상",2025-09-02 14:54:12,ECH2,18,"14,000","252,000",2025-10-31
26849976,발주,112003024,53305589,"[20매]오하이 버디필름 장타 비거리스티커 드라이버 우드 헤드 보호 슬라이스방지 골프필름, 우드용, 1세트, 우드용 20매 88*30mm 단일색상",2025-09-02 14:54:45,ECH2,13,"14,000","182,000",2025-10-31
26849976,발주,112003373,53305588,"[20매]오하이 버디필름 장타 비거리스티커 드라이버 우드 헤드 보호 슬라이스방지 골프필름, 드라이버용, 1세트, 드라이버용 20매 95*48mm 단일색상",2025-09-02 18:23:15,DAEGU2,18,"14,000","252,000",2025-10-31
26849976,발주,112066726,62921998,"오하이 폴드,플립 지문방지 무광택 액정보호 필름 + 부착 안내문, 삼성 갤럭시 Z플립7, 1세트 투명",2025-09-02 21:25:09,ECH4,51,"10,700","545,700",2025-10-31
26849976,발주,112068111,55707340,"오하이 전면 3D 풀커버 TPU 지문방지 + 무광택 휴대폰 액정보호필름 3p + 부착 가이드툴, 삼성 갤럭시 S25, 1세트",2025-09-02 17:42:50,DAE6,14,"9,060","126,840",2025-10-31
26863070,발주,111681196,41269792,"오하이 사생활보호 프라이버시 TPU 지문인식 휴대폰 액정보호필름 2매+간편부착 툴, 삼성 갤럭시 S22울트라, 1세트",2025-09-03 10:00:14,CHW4,3,"6,705","20,115",2025-10-31
26863070,발주,111681196,41269801,"오하이 사생활보호 프라이버시 TPU 지문인식 휴대폰 액정보호필름 2매+간편부착 툴, 삼성 갤럭시 S23울트라, 1세트",2025-09-03 10:00:02,CHW4,5,"6,705","33,525",2025-10-31
26863070,발주,111770730,27686155,"오하이 풀커버 강화유리 액정보호필름 + 이지솔루션 제공, 2개, 아이폰14프로",2025-09-03 18:47:51,INC32,4,"10,740","42,960",2025-10-31
26863070,발주,111876325,39017749,"오하이 풀커버 강화유리 액정보호필름 + 이지솔루션 제공, 2개, 아이폰15프로",2025-09-03 21:28:47,KKW3,17,"10,740","182,580",2025-10-31
26863070,발주,111877534,50342949,"오하이 풀커버 강화유리 액정보호필름2개 + EZ툴 제공, 아이폰16프로",2025-09-03 18:51:35,INC32,3,"10,740","32,220",2025-10-31
26863070,발주,111877534,50342950,"오하이 풀커버 강화유리 액정보호필름2개 + EZ툴 제공, 아이폰16프로맥스",2025-09-03 18:51:35,INC32,17,"10,740","182,580",2025-10-31
26863070,발주,111877534,50342952,"오하이 풀커버 강화유리 액정보호필름2개 + EZ툴 제공, 아이폰16",2025-09-03 18:47:51,INC32,1,"10,740","10,740",2025-10-31
26863071,발주,111681855,27686155,"오하이 풀커버 강화유리 액정보호필름 + 이지솔루션 제공, 2개, 아이폰14프로",2025-09-03 18:47:51,INC32,19,"10,740","204,060",2025-10-31
26863071,발주,111681855,39017747,"오하이 풀커버 강화유리 액정보호필름 + 이지솔루션 제공, 2개, 아이폰15",2025-09-03 18:40:20,INC32,12,"10,740","128,880",2025-10-31
26863071,발주,111681855,50342950,"오하이 풀커버 강화유리 액정보호필름2개 + EZ툴 제공, 아이폰16프로맥스",2025-09-03 18:40:20,INC32,18,"10,740","193,320",2025-10-31
26863071,발주,111681855,50342952,"오하이 풀커버 강화유리 액정보호필름2개 + EZ툴 제공, 아이폰16",2025-09-03 18:47:51,INC32,26,"10,740","279,240",2025-10-31
26863071,발주,111682239,18371042,"오하이 풀커버 강화유리 액정보호필름2개 + EZ툴 제공, 아이폰13프로맥스",2025-09-03 13:33:50,SEL1,3,"10,740","32,220",2025-10-31
26863071,발주,111682239,19454771,"오하이 풀커버 강화유리 액정보호필름2개 + EZ툴 제공, 아이폰12/12프로",2025-09-03 16:22:26,SEL1,23,"10,740","247,020",2025-10-31
26863071,발주,111682239,27686154,"오하이 풀커버 강화유리 액정보호필름 + 이지솔루션 제공, 2개, 아이폰14",2025-09-03 20:10:25,SEL1,16,"10,740","171,840",2025-10-31
26863071,발주,111682239,35373955,"오하이 EZ툴 아이폰 풀커버 사생활보호 프라이버시 강화유리필름 2매, 아이폰 14 프로, 1세트",2025-09-03 13:44:11,SEL1,4,"11,940","47,760",2025-10-31
26863071,발주,111682239,35373957,"오하이 EZ툴 아이폰 풀커버 사생활보호 프라이버시 강화유리필름 2매, 아이폰 13 미니, 1세트",2025-09-03 12:10:22,SEL1,3,"11,940","35,820",2025-10-31
26863071,발주,111682239,39017747,"오하이 풀커버 강화유리 액정보호필름 + 이지솔루션 제공, 2개, 아이폰15",2025-09-03 20:14:37,SEL1,12,"10,740","128,880",2025-10-31
26863071,발주,111682239,39017749,"오하이 풀커버 강화유리 액정보호필름 + 이지솔루션 제공, 2개, 아이폰15프로",2025-09-03 15:52:31,SEL1,68,"10,740","730,320",2025-10-31
26863071,발주,111682239,39017749,"오하이 풀커버 강화유리 액정보호필름 + 이지솔루션 제공, 2개, 아이폰15프로",2025-09-03 16:22:26,SEL1,11,"10,740","118,140",2025-10-31
26863071,발주,111682239,39017751,"오하이 풀커버 강화유리 액정보호필름 + 이지솔루션 제공, 2개, 아이폰15플러스",2025-09-03 13:33:50,SEL1,1,"10,740","10,740",2025-10-31
26863071,발주,111682239,40840079,"오하이 전면 3D 풀커버 TPU 지문방지 + 무광택 휴대폰 액정보호필름 3p + 부착 가이드툴, 아이폰14프로, 1세트",2025-09-03 12:10:22,SEL1,19,"9,540","181,260",2025-10-31
26863071,발주,111682239,41555857,"오하이 EZ툴 풀커버 사생활보호 프라이버시 강화유리 휴대폰 액정보호필름 2매, 아이폰 15 프로, 1세트",2025-09-03 20:10:25,SEL1,1,"11,940","11,940",2025-10-31
26863071,발주,111682239,41670025,"오하이 전면 3D 풀커버 TPU 지문방지 무광택 필름 3p + 부착 가이드툴, 갤럭시 S24플러스, 1세트",2025-09-03 12:10:22,SEL1,19,"9,540","181,260",2025-10-31
26863071,발주,111682239,41670033,"오하이 전면 3D 풀커버 TPU 지문방지 + 무광택 휴대폰 액정보호필름 3p + 부착 가이드툴, 갤럭시 S23FE, 1세트",2025-09-03 12:10:22,SEL1,2,"9,540","19,080",2025-10-31
26863071,발주,111682239,50342948,"오하이 풀커버 강화유리 액정보호필름2개 + EZ툴 제공, 아이폰16플러스",2025-09-03 13:33:50,SEL1,8,"10,740","85,920",2025-10-31
26863071,발주,111682239,50342949,"오하이 풀커버 강화유리 액정보호필름2개 + EZ툴 제공, 아이폰16프로",2025-09-03 19:52:34,SEL1,50,"10,740","537,000",2025-10-31
26863071,발주,111682239,50342949,"오하이 풀커버 강화유리 액정보호필름2개 + EZ툴 제공, 아이폰16프로",2025-09-03 20:10:25,SEL1,45,"10,740","483,300",2025-10-31
26863071,발주,111682239,50342950,"오하이 풀커버 강화유리 액정보호필름2개 + EZ툴 제공, 아이폰16프로맥스",2025-09-03 13:33:50,SEL1,1,"10,740","10,740",2025-10-31
26863071,발주,111682239,50342950,"오하이 풀커버 강화유리 액정보호필름2개 + EZ툴 제공, 아이폰16프로맥스",2025-09-03 20:23:21,SEL1,14,"10,740","150,360",2025-10-31
26863071,발주,111682239,50342952,"오하이 풀커버 강화유리 액정보호필름2개 + EZ툴 제공, 아이폰16",2025-09-03 20:14:37,SEL1,26,"10,740","279,240",2025-10-31
26863071,발주,111682239,62921998,"오하이 폴드,플립 지문방지 무광택 액정보호 필름 + 부착 안내문, 삼성 갤럭시 Z플립7, 1세트 투명",2025-09-03 13:45:21,SEL1,41,"10,700","438,700",2025-10-31
26863071,발주,111770612,41555864,"오하이 EZ툴 풀커버 사생활보호 프라이버시 강화유리 휴대폰 액정보호필름 2매, 아이폰 15, 1세트",2025-09-03 12:10:22,SEL1,6,"11,940","71,640",2025-10-31
26863071,발주,111770612,48472776,"오하이 풀커버 강화유리 액정보호필름2개 + EZ툴 제공, 갤럭시S24 플러스",2025-09-03 20:14:37,SEL1,3,"10,740","32,220",2025-10-31
26863071,발주,111877498,35373955,"오하이 EZ툴 아이폰 풀커버 사생활보호 프라이버시 강화유리필름 2매, 아이폰 14 프로, 1세트",2025-09-03 13:44:11,SEL1,1,"11,940","11,940",2025-10-31
26863071,발주,111877498,35373961,"오하이 EZ툴 아이폰 풀커버 사생활보호 프라이버시 강화유리필름 2매, 아이폰 14, 1세트",2025-09-03 12:10:22,SEL1,2,"11,940","23,880",2025-10-31
26863071,발주,111877498,48472778,"오하이 풀커버 강화유리 액정보호필름2개 + EZ툴 제공, 갤럭시S24 울트라",2025-09-03 20:14:37,SEL1,6,"10,740","64,440",2025-10-31
26863071,발주,111877498,50342950,"오하이 풀커버 강화유리 액정보호필름2개 + EZ툴 제공, 아이폰16프로맥스",2025-09-03 20:23:21,SEL1,1,"10,740","10,740",2025-10-31
26863071,발주,111877498,50344700,"오하이 EZ툴 풀커버 사생활보호 프라이버시 강화유리 휴대폰 액정보호필름 2매, 아이폰 16, 1세트",2025-09-03 19:52:34,SEL1,5,"11,940","59,700",2025-10-31
26863071,발주,112003557,31762099,"오하이 전면 3D 풀커버 TPU 지문방지 + 무광택 휴대폰 액정보호필름 3p + 부착 가이드툴, 갤럭시S23울트라, 1세트",2025-09-03 13:45:21,SEL1,3,"9,540","28,620",2025-10-31
26863071,발주,112003557,36684361,"오하이 전면 3D 풀커버 TPU 지문방지 + 무광택 휴대폰 액정보호필름 3p + 부착 가이드툴, 갤럭시노트20울트라, 1세트",2025-09-03 13:55:45,SEL1,12,"9,540","114,480",2025-10-31
26863071,발주,112003557,41670010,"오하이 전면 3D 풀커버 TPU 지문방지 + 무광택 휴대폰 액정보호필름 3p + 부착 가이드툴, 갤럭시 S24울트라, 1세트",2025-09-03 11:58:03,SEL1,24,"9,540","228,960",2025-10-31
26863071,발주,112003557,55707338,"오하이 전면 3D 풀커버 TPU 지문방지 + 무광택 휴대폰 액정보호필름 3p + 부착 가이드툴, 삼성 갤럭시 S25울트라, 1세트",2025-09-03 11:58:03,SEL1,7,"9,060","63,420",2025-10-31
26863071,발주,112004232,48562240,"[10매]오하이 버디필름 장타 비거리스티커 드라이버 우드 헤드 보호 슬라이스방지 골프필름, 드라이버용, 1세트, 드라이버용 10매 95*48mm 단일색상",2025-09-03 13:55:45,SEL1,14,"9,000","126,000",2025-10-31
26863071,반출,609301,55013233,"[전기종]오하이 도어락 지문방지 사생활보호 범죄예방 문캅스필름 2매+간편부착, 1세트, 사생활보호 지문방지필름 단일상품",2025-09-03 12:54:36,CHW3,5,"-9,000","-45,000",2025-10-31
26877190,발주,111537815,48472777,"오하이 풀커버 강화유리 액정보호필름2개 + EZ툴 제공, 갤럭시S24",2025-09-04 23:47:08,INC28,1,"10,740","10,740",2025-11-03
26877190,발주,111682639,39017749,"오하이 풀커버 강화유리 액정보호필름 + 이지솔루션 제공, 2개, 아이폰15프로",2025-09-04 20:27:19,GWJ2,15,"10,740","161,100",2025-11-03
26877190,발주,111682639,39017749,"오하이 풀커버 강화유리 액정보호필름 + 이지솔루션 제공, 2개, 아이폰15프로",2025-09-04 21:21:18,GWJ2,1,"10,740","10,740",2025-11-03
26877190,발주,111682639,50342950,"오하이 풀커버 강화유리 액정보호필름2개 + EZ툴 제공, 아이폰16프로맥스",2025-09-04 21:00:42,GWJ2,15,"10,740","161,100",2025-11-03
26877190,발주,111682639,50342952,"오하이 풀커버 강화유리 액정보호필름2개 + EZ툴 제공, 아이폰16",2025-09-04 20:58:44,GWJ2,10,"10,740","107,400",2025-11-03
26877190,발주,111682874,50342950,"오하이 풀커버 강화유리 액정보호필름2개 + EZ툴 제공, 아이폰16프로맥스",2025-09-04 02:52:14,ECH2,17,"10,740","182,580",2025-11-03
26877190,발주,111768737,19454771,"오하이 풀커버 강화유리 액정보호필름2개 + EZ툴 제공, 아이폰12/12프로",2025-09-04 09:24:19,CHW3,10,"10,740","107,400",2025-11-03
26877190,발주,111768737,27686155,"오하이 풀커버 강화유리 액정보호필름 + 이지솔루션 제공, 2개, 아이폰14프로",2025-09-04 09:24:19,CHW3,1,"10,740","10,740",2025-11-03
26877190,발주,111768737,39017749,"오하이 풀커버 강화유리 액정보호필름 + 이지솔루션 제공, 2개, 아이폰15프로",2025-09-04 09:24:19,CHW3,12,"10,740","128,880",2025-11-03
26877190,발주,111877453,19454771,"오하이 풀커버 강화유리 액정보호필름2개 + EZ툴 제공, 아이폰12/12프로",2025-09-04 09:24:19,CHW3,7,"10,740","75,180",2025-11-03
26877190,발주,111999192,31762099,"오하이 전면 3D 풀커버 TPU 지문방지 + 무광택 휴대폰 액정보호필름 3p + 부착 가이드툴, 갤럭시S23울트라, 1세트",2025-09-04 21:21:18,GWJ2,31,"9,540","295,740",2025-11-03
26877190,발주,111999192,31762099,"오하이 전면 3D 풀커버 TPU 지문방지 + 무광택 휴대폰 액정보호필름 3p + 부착 가이드툴, 갤럭시S23울트라, 1세트",2025-09-04 21:33:57,GWJ2,7,"9,540","66,780",2025-11-03
26877190,발주,111999391,50428038,"오하이 전면 3D 풀커버 TPU 지문방지 + 무광택 휴대폰 액정보호필름 3p + 부착 가이드툴, 아이폰16프로, 1세트",2025-09-04 23:24:29,YAS1,20,"9,540","190,800",2025-11-03
26877190,발주,111999391,50428038,"오하이 전면 3D 풀커버 TPU 지문방지 + 무광택 휴대폰 액정보호필름 3p + 부착 가이드툴, 아이폰16프로, 1세트",2025-09-04 23:25:34,YAS1,21,"9,540","200,340",2025-11-03
26877190,발주,111999391,53854611,"오하이 전면 3D 풀커버 TPU 지문방지 + 무광택 휴대폰 액정보호필름 3p + 부착 가이드툴, 갤럭시 A16 5G, 1세트",2025-09-04 23:24:29,YAS1,14,"9,540","133,560",2025-11-03
26877190,발주,111999391,57316045,"오하이 일미리 케이스 1mm 변색 없는 PC 하드 케이스, 아이폰 16프로",2025-09-04 23:24:29,YAS1,3,"8,000","24,000",2025-11-03
26877190,발주,112001625,35373956,"오하이 EZ툴 아이폰 풀커버 사생활보호 프라이버시 강화유리필름 2매, 아이폰 13 프로맥스, 1세트",2025-09-04 02:57:30,ECH2,3,"11,940","35,820",2025-11-03
26877190,발주,112001625,35373965,"오하이 EZ툴 아이폰 풀커버 사생활보호 프라이버시 강화유리필름 2매, 아이폰 14 플러스, 1세트",2025-09-04 02:57:30,ECH2,2,"11,940","23,880",2025-11-03
26877190,발주,112001625,48472778,"오하이 풀커버 강화유리 액정보호필름2개 + EZ툴 제공, 갤럭시S24 울트라",2025-09-04 02:57:35,ECH2,3,"10,740","32,220",2025-11-03
26877190,발주,112001812,35373955,"오하이 EZ툴 아이폰 풀커버 사생활보호 프라이버시 강화유리필름 2매, 아이폰 14 프로, 1세트",2025-09-04 02:57:30,ECH2,3,"11,940","35,820",2025-11-03
26877190,발주,112001812,50344698,"오하이 EZ툴 풀커버 사생활보호 프라이버시 강화유리 휴대폰 액정보호필름 2매, 아이폰 16 프로맥스, 1세트",2025-09-04 02:57:35,ECH2,25,"11,940","298,500",2025-11-03
26877190,발주,112001812,57316038,"오하이 일미리 케이스 1mm 변색 없는 PC 하드 케이스, 아이폰 15프로",2025-09-04 02:57:30,ECH2,6,"8,000","48,000",2025-11-03
26877190,발주,112001812,57316040,"오하이 일미리 케이스 1mm 변색 없는 PC 하드 케이스, 갤럭시 S25",2025-09-04 02:57:30,ECH2,3,"8,000","24,000",2025-11-03
26877190,발주,112001812,59459681,"오하이 지문방지 무광택 액정보호 필름 삼성 갤럭시 Z폴드SE (스페셜 에디션), 1세트",2025-09-04 02:57:30,ECH2,4,"11,940","47,760",2025-11-03
26877190,발주,112001812,62921998,"오하이 폴드,플립 지문방지 무광택 액정보호 필름 + 부착 안내문, 삼성 갤럭시 Z플립7, 1세트 투명",2025-09-04 02:57:30,ECH2,17,"10,700","181,900",2025-11-03
26877190,발주,112002019,55701817,"오하이 풀커버 강화유리 액정보호필름 + 이지솔루션 제공, 2매1세트, 갤럭시S25 울트라",2025-09-04 09:24:19,CHW3,10,"10,740","107,400",2025-11-03
26877190,반출,609303,55013233,"[전기종]오하이 도어락 지문방지 사생활보호 범죄예방 문캅스필름 2매+간편부착, 1세트, 사생활보호 지문방지필름 단일상품",2025-09-04 16:12:59,DAE6,2,"-9,000","-18,000",2025-11-03
26890948,발주,111681196,18371042,"오하이 풀커버 강화유리 액정보호필름2개 + EZ툴 제공, 아이폰13프로맥스",2025-09-05 21:03:01,CHW4,12,"10,740","128,880",2025-11-04
26890948,발주,111681196,39017747,"오하이 풀커버 강화유리 액정보호필름 + 이지솔루션 제공, 2개, 아이폰15",2025-09-05 13:39:54,CHW4,12,"10,740","128,880",2025-11-04
26890948,발주,111681196,39017749,"오하이 풀커버 강화유리 액정보호필름 + 이지솔루션 제공, 2개, 아이폰15프로",2025-09-05 13:33:37,CHW4,30,"10,740","322,200",2025-11-04
26890948,발주,111681196,39017749,"오하이 풀커버 강화유리 액정보호필름 + 이지솔루션 제공, 2개, 아이폰15프로",2025-09-05 13:36:00,CHW4,10,"10,740","107,400",2025-11-04
26890948,발주,111681196,50342949,"오하이 풀커버 강화유리 액정보호필름2개 + EZ툴 제공, 아이폰16프로",2025-09-05 13:46:08,CHW4,20,"10,740","214,800",2025-11-04
26890948,발주,111681196,50342949,"오하이 풀커버 강화유리 액정보호필름2개 + EZ툴 제공, 아이폰16프로",2025-09-05 13:48:11,CHW4,28,"10,740","300,720",2025-11-04
26890948,발주,111681196,50342950,"오하이 풀커버 강화유리 액정보호필름2개 + EZ툴 제공, 아이폰16프로맥스",2025-09-05 20:57:25,CHW4,13,"10,740","139,620",2025-11-04
26890948,발주,111681196,50344698,"오하이 EZ툴 풀커버 사생활보호 프라이버시 강화유리 휴대폰 액정보호필름 2매, 아이폰 16 프로맥스, 1세트",2025-09-05 21:49:43,CHW4,18,"11,940","214,920",2025-11-04
26890948,발주,111681196,55701816,"오하이 풀커버 강화유리 액정보호필름2개 + EZ툴 제공, 갤럭시S25 플러스",2025-09-05 21:41:18,CHW4,4,"10,740","42,960",2025-11-04
26890948,발주,111681196,55701817,"오하이 풀커버 강화유리 액정보호필름 + 이지솔루션 제공, 2매1세트, 갤럭시S25 울트라",2025-09-05 22:07:05,CHW4,49,"10,740","526,260",2025-11-04
26890948,발주,111681288,54737752,"오하이 아이패드 갤럭시탭 6H 유리코팅 방탄강화 블루라이트 차단 고투명 PET 액정보호필름 간편부착 2매, 갤럭시탭 S10울트라 14.6인치, 1개",2025-09-05 17:39:18,CHW4,1,"10,140","10,140",2025-11-04
26890948,발주,111681288,54737755,"오하이 아이패드 갤럭시탭 6H 유리코팅 방탄강화 블루라이트 차단 고투명 PET 액정보호필름 간편부착 2매, 갤럭시탭 A9플러스 11인치, 1개",2025-09-05 17:34:47,CHW4,3,"10,140","30,420",2025-11-04
26890948,발주,111682625,27686155,"오하이 풀커버 강화유리 액정보호필름 + 이지솔루션 제공, 2개, 아이폰14프로",2025-09-05 00:34:01,YAS1,8,"10,740","85,920",2025-11-04
26890948,발주,111682625,27686155,"오하이 풀커버 강화유리 액정보호필름 + 이지솔루션 제공, 2개, 아이폰14프로",2025-09-05 01:22:17,YAS1,11,"10,740","118,140",2025-11-04
26890948,발주,111682625,39017749,"오하이 풀커버 강화유리 액정보호필름 + 이지솔루션 제공, 2개, 아이폰15프로",2025-09-05 00:34:01,YAS1,25,"10,740","268,500",2025-11-04
26890948,발주,111682625,50342950,"오하이 풀커버 강화유리 액정보호필름2개 + EZ툴 제공, 아이폰16프로맥스",2025-09-05 00:36:52,YAS1,6,"10,740","64,440",2025-11-04
26890948,발주,111682625,50342952,"오하이 풀커버 강화유리 액정보호필름2개 + EZ툴 제공, 아이폰16",2025-09-05 00:31:23,YAS1,34,"10,740","365,160",2025-11-04
26890948,발주,111877174,39017749,"오하이 풀커버 강화유리 액정보호필름 + 이지솔루션 제공, 2개, 아이폰15프로",2025-09-05 00:36:52,YAS1,31,"10,740","332,940",2025-11-04
26890948,발주,111998493,62922000,"오하이 폴드,플립 지문방지 무광택 액정보호 필름 + 부착 안내문, 삼성 갤럭시 Z폴드7, 1세트 투명",2025-09-05 03:04:18,GWJ4,61,"12,000","732,000",2025-11-04
26890948,발주,111999391,40840059,"오하이 전면 3D 풀커버 TPU 지문방지 + 무광택 휴대폰 액정보호필름 3p + 부착 가이드툴, 아이폰12미니, 1세트",2025-09-05 19:29:22,YAS1,4,"9,540","38,160",2025-11-04
26890948,발주,111999391,40840079,"오하이 전면 3D 풀커버 TPU 지문방지 + 무광택 휴대폰 액정보호필름 3p + 부착 가이드툴, 아이폰14프로, 1세트",2025-09-05 16:58:09,YAS1,27,"9,540","257,580",2025-11-04
26890948,발주,111999391,41241011,"오하이 전면 3D 풀커버 TPU 지문방지 + 무광택 휴대폰 액정보호필름 3p + 부착 가이드툴, 아이폰SE2/SE3, 1세트",2025-09-05 17:01:14,YAS1,6,"9,540","57,240",2025-11-04
26890948,발주,111999391,41555864,"오하이 EZ툴 풀커버 사생활보호 프라이버시 강화유리 휴대폰 액정보호필름 2매, 아이폰 15, 1세트",2025-09-05 16:59:48,YAS1,6,"11,940","71,640",2025-11-04
26890948,발주,111999391,41669998,"오하이 전면 3D 풀커버 TPU 지문방지 + 무광택 휴대폰 액정보호필름 3p + 부착 가이드툴, 갤럭시 A24, 1세트",2025-09-05 19:29:22,YAS1,4,"9,540","38,160",2025-11-04
26890948,발주,111999391,41670010,"오하이 전면 3D 풀커버 TPU 지문방지 + 무광택 휴대폰 액정보호필름 3p + 부착 가이드툴, 갤럭시 S24울트라, 1세트",2025-09-05 19:25:40,YAS1,20,"9,540","190,800",2025-11-04
26890948,발주,111999391,41670033,"오하이 전면 3D 풀커버 TPU 지문방지 + 무광택 휴대폰 액정보호필름 3p + 부착 가이드툴, 갤럭시 S23FE, 1세트",2025-09-05 19:29:22,YAS1,8,"9,540","76,320",2025-11-04
26890948,발주,111999391,41670057,"오하이 전면 3D 풀커버 TPU 지문방지 + 무광택 휴대폰 액정보호필름 3p + 부착 가이드툴, 갤럭시 A34, 1세트",2025-09-05 19:27:16,YAS1,9,"9,540","85,860",2025-11-04
26890948,발주,111999391,42015231,"오하이 사생활보호 프라이버시 TPU 지문인식 휴대폰 액정보호필름 2매+간편부착 툴, 삼성 갤럭시 S24울트라, 1세트",2025-09-05 19:29:22,YAS1,3,"6,705","20,115",2025-11-04
26890948,발주,111999391,48183128,"오하이 전면 3D 풀커버 TPU 지문방지 + 무광택 휴대폰 액정보호필름 3p + 부착 가이드툴, 갤럭시 A25, 1세트",2025-09-05 19:29:22,YAS1,3,"9,540","28,620",2025-11-04
26890948,발주,111999391,50344700,"오하이 EZ툴 풀커버 사생활보호 프라이버시 강화유리 휴대폰 액정보호필름 2매, 아이폰 16, 1세트",2025-09-05 01:22:12,YAS1,29,"11,940","346,260",2025-11-04
26890948,발주,111999391,50428036,"오하이 전면 3D 풀커버 TPU 지문방지 + 무광택 휴대폰 액정보호필름 3p + 부착 가이드툴, 아이폰16, 1세트",2025-09-05 19:26:41,YAS1,11,"9,540","104,940",2025-11-04
26890948,발주,112000252,48562240,"[10매]오하이 버디필름 장타 비거리스티커 드라이버 우드 헤드 보호 슬라이스방지 골프필름, 드라이버용, 1세트, 드라이버용 10매 95*48mm 단일색상",2025-09-05 13:52:15,YAS1,56,"9,000","504,000",2025-11-04
26890948,발주,112000252,53305588,"[20매]오하이 버디필름 장타 비거리스티커 드라이버 우드 헤드 보호 슬라이스방지 골프필름, 드라이버용, 1세트, 드라이버용 20매 95*48mm 단일색상",2025-09-05 16:58:09,YAS1,18,"14,000","252,000",2025-11-04
26890948,발주,112000252,53305589,"[20매]오하이 버디필름 장타 비거리스티커 드라이버 우드 헤드 보호 슬라이스방지 골프필름, 우드용, 1세트, 우드용 20매 88*30mm 단일색상",2025-09-05 16:59:48,YAS1,13,"14,000","182,000",2025-11-04
26890948,발주,112003842,19454772,"오하이 풀커버 강화유리 액정보호필름2개 + EZ툴 제공, 아이폰12프로맥스",2025-09-05 13:49:31,YAS1,1,"10,740","10,740",2025-11-04
26890948,발주,112003842,35373961,"오하이 EZ툴 아이폰 풀커버 사생활보호 프라이버시 강화유리필름 2매, 아이폰 14, 1세트",2025-09-05 13:49:31,YAS1,3,"11,940","35,820",2025-11-04
26890948,발주,112003842,35373963,"오하이 EZ툴 아이폰 풀커버 사생활보호 프라이버시 강화유리필름 2매, 아이폰 12/12프로, 1세트",2025-09-05 13:49:31,YAS1,2,"11,940","23,880",2025-11-04
26890948,발주,112003842,35373969,"오하이 EZ툴 아이폰 풀커버 사생활보호 프라이버시 강화유리필름 2매, 아이폰 14 프로맥스, 1세트",2025-09-05 13:49:31,YAS1,1,"11,940","11,940",2025-11-04
26890948,발주,112003842,48472777,"오하이 풀커버 강화유리 액정보호필름2개 + EZ툴 제공, 갤럭시S24",2025-09-05 13:49:31,YAS1,1,"10,740","10,740",2025-11-04
26890948,발주,112003842,63073467,"오하이 전면 3D 풀커버 TPU 지문방지 + 무광택 필름 + 부착 가이드툴, 갤럭시S23플러스, 1세트",2025-09-05 17:01:14,YAS1,9,"9,540","85,860",2025-11-04
26890948,발주,112048422,50342949,"오하이 풀커버 강화유리 액정보호필름2개 + EZ툴 제공, 아이폰16프로",2025-09-05 21:23:29,GWJ2,35,"10,740","375,900",2025-11-04
26890948,발주,112048422,50342949,"오하이 풀커버 강화유리 액정보호필름2개 + EZ툴 제공, 아이폰16프로",2025-09-05 21:26:11,GWJ2,36,"10,740","386,640",2025-11-04
26890948,발주,112048422,50342952,"오하이 풀커버 강화유리 액정보호필름2개 + EZ툴 제공, 아이폰16",2025-09-05 21:20:49,GWJ2,17,"10,740","182,580",2025-11-04
26890948,반출,609302,55013233,"[전기종]오하이 도어락 지문방지 사생활보호 범죄예방 문캅스필름 2매+간편부착, 1세트, 사생활보호 지문방지필름 단일상품",2025-09-05 02:45:10,INC14,44,"-9,000","-396,000",2025-11-04
26904274,발주,111770670,18371042,"오하이 풀커버 강화유리 액정보호필름2개 + EZ툴 제공, 아이폰13프로맥스",2025-09-06 02:30:44,CHW4,1,"10,740","10,740",2025-10-31
26904274,발주,111770670,55701816,"오하이 풀커버 강화유리 액정보호필름2개 + EZ툴 제공, 갤럭시S25 플러스",2025-09-06 02:30:34,CHW4,2,"10,740","21,480",2025-10-31
26915996,발주,111682998,27686157,"오하이 풀커버 강화유리 액정보호필름 + 이지솔루션 제공, 2개, 아이폰14프로맥스",2025-09-07 03:33:03,INC36,12,"10,740","128,880",2025-11-06
26915996,발주,111682998,39017747,"오하이 풀커버 강화유리 액정보호필름 + 이지솔루션 제공, 2개, 아이폰15",2025-09-07 03:38:39,INC36,6,"10,740","64,440",2025-11-06
26915996,발주,111682998,39017747,"오하이 풀커버 강화유리 액정보호필름 + 이지솔루션 제공, 2개, 아이폰15",2025-09-07 10:22:54,INC36,18,"10,740","193,320",2025-11-06
26915996,발주,111682998,39017754,"오하이 풀커버 강화유리 액정보호필름 + 이지솔루션 제공, 2개, 아이폰15프로맥스",2025-09-07 10:25:23,INC36,23,"10,740","247,020",2025-11-06
26915996,발주,111682998,41555857,"오하이 EZ툴 풀커버 사생활보호 프라이버시 강화유리 휴대폰 액정보호필름 2매, 아이폰 15 프로, 1세트",2025-09-07 10:15:18,INC36,15,"11,940","179,100",2025-11-06
26915996,발주,111682998,42671224,"오하이 전면 3D 풀커버 TPU 지문방지 + 무광택 휴대폰 액정보호필름 3p + 부착 가이드툴, 삼성 갤럭시 S8, 1세트",2025-09-07 03:35:50,INC36,3,"9,540","28,620",2025-11-06
26915996,발주,111682998,50344701,"오하이 EZ툴 아이폰 풀커버 사생활보호 프라이버시 강화유리필름 2매, 아이폰 16 프로, 1세트",2025-09-07 03:40:48,INC36,8,"11,940","95,520",2025-11-06
26915996,발주,111682998,50428036,"오하이 전면 3D 풀커버 TPU 지문방지 + 무광택 휴대폰 액정보호필름 3p + 부착 가이드툴, 아이폰16, 1세트",2025-09-07 03:37:09,INC36,1,"9,540","9,540",2025-11-06
26915996,발주,111682998,52723709,"오하이 지문방지 PET 무광필름 2매, 갤럭시 S24FE, 1세트",2025-09-07 03:37:09,INC36,3,"9,600","28,800",2025-11-06
26915996,발주,111770865,18371042,"오하이 풀커버 강화유리 액정보호필름2개 + EZ툴 제공, 아이폰13프로맥스",2025-09-07 03:34:13,INC36,5,"10,740","53,700",2025-11-06
26915996,발주,111770865,31729104,"오하이 지문방지 PET 무광필름 2매, 갤럭시S23플러스, 1세트",2025-09-07 03:35:50,INC36,3,"9,600","28,800",2025-11-06
26915996,발주,111770865,35373955,"오하이 EZ툴 아이폰 풀커버 사생활보호 프라이버시 강화유리필름 2매, 아이폰 14 프로, 1세트",2025-09-07 03:34:13,INC36,2,"11,940","23,880",2025-11-06
26915996,발주,111770865,50344700,"오하이 EZ툴 풀커버 사생활보호 프라이버시 강화유리 휴대폰 액정보호필름 2매, 아이폰 16, 1세트",2025-09-07 03:38:39,INC36,3,"11,940","35,820",2025-11-06
26915996,발주,111770865,50344700,"오하이 EZ툴 풀커버 사생활보호 프라이버시 강화유리 휴대폰 액정보호필름 2매, 아이폰 16, 1세트",2025-09-07 03:39:50,INC36,3,"11,940","35,820",2025-11-06
26915996,발주,111770865,52723709,"오하이 지문방지 PET 무광필름 2매, 갤럭시 S24FE, 1세트",2025-09-07 03:37:09,INC36,3,"9,600","28,800",2025-11-06
26915996,발주,111770865,52729614,"오하이 전면 3D 풀커버 TPU 지문방지 + 무광택 휴대폰 액정보호필름 3p + 부착 가이드툴, 삼성 갤럭시 S24FE, 1세트",2025-09-07 03:37:09,INC36,1,"9,540","9,540",2025-11-06
26915996,발주,111770865,55701818,"오하이 풀커버 강화유리 액정보호필름 + 이지솔루션 제공, 2매1세트, 갤럭시S25",2025-09-07 03:39:50,INC36,1,"10,740","10,740",2025-11-06
26915996,발주,111851505,41269788,"오하이 사생활보호 프라이버시 TPU 지문인식 휴대폰 액정보호필름 2매+간편부착 툴, 삼성 갤럭시 S22, 1세트",2025-09-07 03:35:50,INC36,3,"6,705","20,115",2025-11-06
26915996,발주,111851505,49343794,"오하이 사생활보호 프라이버시 TPU 지문인식 휴대폰 액정보호필름 2매+간편부착 툴, 삼성 갤럭시 S20울트라, 1세트",2025-09-07 03:37:09,INC36,3,"6,705","20,115",2025-11-06
26915996,발주,111851505,57316037,"오하이 일미리 케이스 1mm 변색 없는 PC 하드 케이스, 갤럭시 S24 울트라",2025-09-07 03:39:50,INC36,1,"8,000","8,000",2025-11-06
26915996,발주,111851505,57316044,"오하이 일미리 케이스 1mm 변색 없는 PC 하드 케이스, 갤럭시 S25 울트라",2025-09-07 03:35:50,INC36,1,"8,000","8,000",2025-11-06
26915996,발주,111877273,39017747,"오하이 풀커버 강화유리 액정보호필름 + 이지솔루션 제공, 2개, 아이폰15",2025-09-07 10:22:54,INC36,12,"10,740","128,880",2025-11-06
26915996,발주,111877273,50428035,"오하이 전면 3D 풀커버 TPU 지문방지 + 무광택 휴대폰 액정보호필름 3p + 부착 가이드툴, 아이폰16프로맥스, 1세트",2025-09-07 03:37:09,INC36,1,"9,540","9,540",2025-11-06
26915996,발주,111877273,55701818,"오하이 풀커버 강화유리 액정보호필름 + 이지솔루션 제공, 2매1세트, 갤럭시S25",2025-09-07 03:40:48,INC36,7,"10,740","75,180",2025-11-06
26915996,발주,111877273,57316042,"오하이 일미리 케이스 1mm 변색 없는 PC 하드 케이스, 아이폰 16플러스",2025-09-07 03:34:13,INC36,2,"8,000","16,000",2025-11-06
26915996,발주,111998493,40840087,"오하이 전면 3D 풀커버 TPU 지문방지 + 무광택 휴대폰 액정보호필름 3p + 부착 가이드툴, 아이폰15프로, 1세트",2025-09-07 16:13:10,GWJ4,19,"9,540","181,260",2025-11-06
26915996,발주,111998493,41670004,"오하이 전면 3D 풀커버 TPU 지문방지 + 무광택 휴대폰 액정보호필름 3p + 부착 가이드툴, 갤럭시 S24, 1세트",2025-09-07 16:13:09,GWJ4,10,"9,540","95,400",2025-11-06
26915996,발주,111998493,55707339,"오하이 전면 3D 풀커버 TPU 지문방지 + 무광택 휴대폰 액정보호필름 3p + 부착 가이드툴, 삼성 갤럭시 S25플러스, 1세트",2025-09-07 16:13:09,GWJ4,31,"9,540","295,740",2025-11-06
26915996,발주,111998493,55707340,"오하이 전면 3D 풀커버 TPU 지문방지 + 무광택 휴대폰 액정보호필름 3p + 부착 가이드툴, 삼성 갤럭시 S25, 1세트",2025-09-07 16:13:09,GWJ4,28,"9,060","253,680",2025-11-06
26915996,발주,112066905,52404711,"오하이 태블릿 지문방지 필름 2매, 아이패드 프로 7세대(M4) 11인치 투명",2025-09-07 03:36:45,INC36,1,"9,540","9,540",2025-11-06
26915996,발주,112067540,54737749,"오하이 아이패드 갤럭시탭 6H 유리코팅 방탄강화 블루라이트 차단 고투명 PET 액정보호필름 간편부착 2매, 갤럭시탭 S8플러스 12.4인치, 1개",2025-09-07 03:34:11,INC36,1,"10,140","10,140",2025-11-06
26915996,발주,112067540,54737753,"오하이 아이패드 갤럭시탭 6H 유리코팅 방탄강화 블루라이트 차단 고투명 PET 액정보호필름 간편부착 2매, 갤럭시탭 S9 11인치, 1개",2025-09-07 03:36:45,INC36,1,"10,140","10,140",2025-11-06
26915996,발주,112067746,35373959,"오하이 EZ툴 아이폰 풀커버 사생활보호 프라이버시 강화유리필름 2매, 아이폰 12 프로맥스, 1세트",2025-09-07 03:38:39,INC36,1,"11,940","11,940",2025-11-06
26915996,발주,112067836,35373955,"오하이 EZ툴 아이폰 풀커버 사생활보호 프라이버시 강화유리필름 2매, 아이폰 14 프로, 1세트",2025-09-07 03:38:39,INC36,10,"11,940","119,400",2025-11-06
26915996,발주,112067836,41241022,"오하이 전면 3D 풀커버 TPU 지문방지 + 무광택 휴대폰 액정보호필름 3p + 부착 가이드툴, 아이폰XS맥스/11프로맥스, 1세트",2025-09-07 03:48:54,INC36,1,"9,540","9,540",2025-11-06
26915996,발주,112067836,41241023,"오하이 전면 3D 풀커버 TPU 지문방지 + 무광택 휴대폰 액정보호필름 3p + 부착 가이드툴, 아이폰XR/11, 1세트",2025-09-07 03:48:54,INC36,1,"9,540","9,540",2025-11-06
26915996,발주,112067836,41269809,"오하이 사생활보호 프라이버시 TPU 지문인식 휴대폰 액정보호필름 2매+간편부착 툴, 애플 아이폰 14, 1세트",2025-09-07 03:35:50,INC36,3,"6,705","20,115",2025-11-06
26915996,발주,112067836,41555857,"오하이 EZ툴 풀커버 사생활보호 프라이버시 강화유리 휴대폰 액정보호필름 2매, 아이폰 15 프로, 1세트",2025-09-07 10:15:18,INC36,22,"11,940","262,680",2025-11-06
26915996,발주,112067836,56759288,"오하이 전면 3D 풀커버 TPU 지문방지 + 무광택 휴대폰 액정보호필름 3p + 부착 가이드툴, 아이폰 16e (SE4), 1세트",2025-09-07 03:48:54,INC36,1,"9,540","9,540",2025-11-06
26915996,발주,112067836,57316037,"오하이 일미리 케이스 1mm 변색 없는 PC 하드 케이스, 갤럭시 S24 울트라",2025-09-07 03:39:50,INC36,4,"8,000","32,000",2025-11-06
26915996,발주,112067836,57316043,"오하이 일미리 케이스 1mm 변색 없는 PC 하드 케이스, 갤럭시 S25 플러스",2025-09-07 03:38:39,INC36,6,"8,000","48,000",2025-11-06
26915996,발주,112067836,57316044,"오하이 일미리 케이스 1mm 변색 없는 PC 하드 케이스, 갤럭시 S25 울트라",2025-09-07 03:39:50,INC36,3,"8,000","24,000",2025-11-06
26915996,발주,112067836,57316047,"오하이 일미리 케이스 1mm 변색 없는 PC 하드 케이스, 아이폰 16프로맥스",2025-09-07 03:34:13,INC36,3,"8,000","24,000",2025-11-06
26915996,발주,112067836,57316058,"오하이 일미리 케이스 1mm 변색 없는 PC 하드 케이스, 아이폰 14플러스",2025-09-07 03:34:13,INC36,3,"8,000","24,000",2025-11-06
26915996,발주,112127102,48472777,"오하이 풀커버 강화유리 액정보호필름2개 + EZ툴 제공, 갤럭시S24",2025-09-07 17:15:06,YAS1,5,"10,740","53,700",2025-11-06
26942427,발주,111770865,39017747,"오하이 풀커버 강화유리 액정보호필름 + 이지솔루션 제공, 2개, 아이폰15",2025-09-09 11:15:26,INC36,6,"10,740","64,440",2025-11-07
26942427,발주,112175576,35373961,"오하이 EZ툴 아이폰 풀커버 사생활보호 프라이버시 강화유리필름 2매, 아이폰 14, 1세트",2025-09-09 16:11:26,KKW3,1,"11,940","11,940",2025-11-07
26942427,발주,112597865,41670004,"오하이 전면 3D 풀커버 TPU 지문방지 + 무광택 휴대폰 액정보호필름 3p + 부착 가이드툴, 갤럭시 S24, 1세트",2025-09-09 15:45:37,CHW3,10,"9,540","95,400",2025-11-07
26942427,발주,112597865,41670025,"오하이 전면 3D 풀커버 TPU 지문방지 무광택 필름 3p + 부착 가이드툴, 갤럭시 S24플러스, 1세트",2025-09-09 15:45:37,CHW3,30,"9,540","286,200",2025-11-07
26942427,발주,112597865,50428038,"오하이 전면 3D 풀커버 TPU 지문방지 + 무광택 휴대폰 액정보호필름 3p + 부착 가이드툴, 아이폰16프로, 1세트",2025-09-09 15:45:37,CHW3,10,"9,540","95,400",2025-11-07
26942427,발주,112597865,55707339,"오하이 전면 3D 풀커버 TPU 지문방지 + 무광택 휴대폰 액정보호필름 3p + 부착 가이드툴, 삼성 갤럭시 S25플러스, 1세트",2025-09-09 15:48:13,CHW3,23,"9,540","219,420",2025-11-07
26942427,발주,112597865,55707340,"오하이 전면 3D 풀커버 TPU 지문방지 + 무광택 휴대폰 액정보호필름 3p + 부착 가이드툴, 삼성 갤럭시 S25, 1세트",2025-09-09 15:45:37,CHW3,17,"9,060","154,020",2025-11-07
26942427,발주,112597865,60043362,"오하이 전면 3D 풀커버 TPU 지문방지 + 무광택 휴대폰 액정보호필름 3p + 부착 가이드툴, 갤럭시 S25엣지, 1세트",2025-09-09 15:45:37,CHW3,14,"9,540","133,560",2025-11-07
26942427,발주,112599218,37350956,오하이 갤럭시 Z플립 5 저반사 지문방지 풀커버 액정보호필름 내부3매+외부3매 1세트,2025-09-09 19:57:23,DAE6,4,"10,700","42,800",2025-11-07
26942427,발주,112599819,31762099,"오하이 전면 3D 풀커버 TPU 지문방지 + 무광택 휴대폰 액정보호필름 3p + 부착 가이드툴, 갤럭시S23울트라, 1세트",2025-09-09 19:57:23,DAE6,11,"9,540","104,940",2025-11-07
26942427,발주,112599819,41670004,"오하이 전면 3D 풀커버 TPU 지문방지 + 무광택 휴대폰 액정보호필름 3p + 부착 가이드툴, 갤럭시 S24, 1세트",2025-09-09 19:53:09,DAE6,10,"9,540","95,400",2025-11-07
26942427,발주,112599819,55707338,"오하이 전면 3D 풀커버 TPU 지문방지 + 무광택 휴대폰 액정보호필름 3p + 부착 가이드툴, 삼성 갤럭시 S25울트라, 1세트",2025-09-09 19:53:09,DAE6,6,"9,060","54,360",2025-11-07
26942427,발주,112599819,60043362,"오하이 전면 3D 풀커버 TPU 지문방지 + 무광택 휴대폰 액정보호필름 3p + 부착 가이드툴, 갤럭시 S25엣지, 1세트",2025-09-09 19:53:09,DAE6,14,"9,540","133,560",2025-11-07
26942427,발주,112599819,62922000,"오하이 폴드,플립 지문방지 무광택 액정보호 필름 + 부착 안내문, 삼성 갤럭시 Z폴드7, 1세트 투명",2025-09-09 19:53:09,DAE6,5,"12,000","60,000",2025-11-07
26942427,발주,112659269,63220120,오하이 아이폰 갤럭시 맥세이프 가죽 카드지갑 케이스 라벤더 1개,2025-09-09 19:50:46,ECH2,2,"9,300","18,600",2025-11-07
26942427,발주,112659362,17185168,오하이 저반사 지문방지 풀커버 액정보호필름 전면 3매+내부 3매 +option+ 갤럭시 Z폴드3 ::,2025-09-09 19:50:46,ECH2,2,"12,000","24,000",2025-11-07
26942427,발주,112659362,27217829,오하이 저반사 지문방지 풀커버 내부액정보호필름 내부3매+외부 3매 +option+ 갤럭시 Z플립4 ::,2025-09-09 19:50:38,ECH2,2,"10,700","21,400",2025-11-07
26942427,발주,112659362,37350957,오하이 지문방지 풀커버 저반사 매트 액정보호필름 전면 3매+내부 3매 +option+ 갤럭시 Z폴드5 ::,2025-09-09 19:50:38,ECH2,2,"12,000","24,000",2025-11-07
26942427,발주,112661843,54737735,"오하이 아이패드 갤럭시탭 6H 유리코팅 방탄강화 블루라이트 차단 고투명 PET 액정보호필름 간편부착 2매, 갤럭시탭 S7FE 12.4인치, 1개",2025-09-09 19:50:38,ECH2,2,"10,140","20,280",2025-11-07
26942427,발주,112661843,54737750,"오하이 아이패드 갤럭시탭 6H 유리코팅 방탄강화 블루라이트 차단 고투명 PET 액정보호필름 간편부착 2매, 갤럭시탭 A9 8.7인치, 1개",2025-09-09 19:50:38,ECH2,2,"10,140","20,280",2025-11-07
26942427,발주,112661939,40840096,"오하이 전면 3D 풀커버 TPU 지문방지 + 무광택 휴대폰 액정보호필름 3p + 부착 가이드툴, 아이폰15플러스, 1세트",2025-09-09 19:50:46,ECH2,3,"9,540","28,620",2025-11-07
26942427,발주,112661939,42015229,"오하이 사생활보호 프라이버시 TPU 지문인식 휴대폰 액정보호필름 2매+간편부착 툴, 삼성 갤럭시 S24, 1세트",2025-09-09 19:50:46,ECH2,3,"6,705","20,115",2025-11-07
26942427,발주,112661939,49343795,"오하이 사생활보호 프라이버시 TPU 지문인식 휴대폰 액정보호필름 2매+간편부착 툴, 삼성 갤럭시노트 20, 1세트",2025-09-09 19:50:46,ECH2,3,"6,705","20,115",2025-11-07
26942427,발주,112661939,57316037,"오하이 일미리 케이스 1mm 변색 없는 PC 하드 케이스, 갤럭시 S24 울트라",2025-09-09 19:50:46,ECH2,2,"8,000","16,000",2025-11-07
26942427,발주,112661939,63185983,오하이 3Way 다용도 스마트폰 방수팩 크로스 + 스트랩 + 석션컵 블랙 1개,2025-09-09 19:50:38,ECH2,3,"8,940","26,820",2025-11-07
26956674,발주,112326509,27686154,"오하이 풀커버 강화유리 액정보호필름 + 이지솔루션 제공, 2개, 아이폰14",2025-09-10 17:52:46,KKW1,5,"10,740","53,700",2025-11-07
26956674,발주,112326509,27686155,"오하이 풀커버 강화유리 액정보호필름 + 이지솔루션 제공, 2개, 아이폰14프로",2025-09-10 17:52:46,KKW1,7,"10,740","75,180",2025-11-07
26956674,발주,112326509,50342949,"오하이 풀커버 강화유리 액정보호필름2개 + EZ툴 제공, 아이폰16프로",2025-09-10 17:43:54,KKW1,32,"10,740","343,680",2025-11-07
26956674,발주,112326509,50344699,"오하이 EZ툴 풀커버 사생활보호 프라이버시 강화유리 휴대폰 액정보호필름 2매, 아이폰 16 플러스, 1세트",2025-09-10 17:52:46,KKW1,1,"11,940","11,940",2025-11-07
26956674,발주,112341908,48562240,"[10매]오하이 버디필름 장타 비거리스티커 드라이버 우드 헤드 보호 슬라이스방지 골프필름, 드라이버용, 1세트, 드라이버용 10매 95*48mm 단일색상",2025-09-10 17:52:46,KKW1,11,"9,000","99,000",2025-11-07
26956674,발주,112446255,41269832,"오하이 사생활보호 프라이버시 TPU 지문인식 휴대폰 액정보호필름 2매+간편부착 툴, 애플 아이폰 15프로, 1세트",2025-09-10 17:52:46,KKW1,1,"6,705","6,705",2025-11-07
26956674,발주,112456174,35373961,"오하이 EZ툴 아이폰 풀커버 사생활보호 프라이버시 강화유리필름 2매, 아이폰 14, 1세트",2025-09-10 17:52:46,KKW1,2,"11,940","23,880",2025-11-07
26956674,발주,112456174,39017754,"오하이 풀커버 강화유리 액정보호필름 + 이지솔루션 제공, 2개, 아이폰15프로맥스",2025-09-10 17:52:52,KKW1,2,"10,740","21,480",2025-11-07
26956674,발주,112456174,40840081,"오하이 전면 3D 풀커버 TPU 지문방지 + 무광택 휴대폰 액정보호필름 3p + 부착 가이드툴, 아이폰14프로맥스, 1세트",2025-09-10 17:52:46,KKW1,3,"9,540","28,620",2025-11-07
26956674,발주,112456174,55701817,"오하이 풀커버 강화유리 액정보호필름 + 이지솔루션 제공, 2매1세트, 갤럭시S25 울트라",2025-09-10 17:43:54,KKW1,2,"10,740","21,480",2025-11-07
26956674,발주,112547203,19454769,"오하이 풀커버 강화유리 액정보호필름2개 + EZ툴 제공, 아이폰12미니",2025-09-10 17:52:52,KKW1,3,"10,740","32,220",2025-11-07
26956674,발주,112547203,41670025,"오하이 전면 3D 풀커버 TPU 지문방지 무광택 필름 3p + 부착 가이드툴, 갤럭시 S24플러스, 1세트",2025-09-10 17:52:46,KKW1,6,"9,540","57,240",2025-11-07
26956674,발주,112547203,50342950,"오하이 풀커버 강화유리 액정보호필름2개 + EZ툴 제공, 아이폰16프로맥스",2025-09-10 17:52:52,KKW1,10,"10,740","107,400",2025-11-07
26956674,발주,112597676,55701817,"오하이 풀커버 강화유리 액정보호필름 + 이지솔루션 제공, 2매1세트, 갤럭시S25 울트라",2025-09-10 20:21:30,DON1,23,"10,740","247,020",2025-11-07
26956674,발주,112597865,39017747,"오하이 풀커버 강화유리 액정보호필름 + 이지솔루션 제공, 2개, 아이폰15",2025-09-10 17:28:54,CHW3,50,"10,740","537,000",2025-11-07
26956674,발주,112599819,19454771,"오하이 풀커버 강화유리 액정보호필름2개 + EZ툴 제공, 아이폰12/12프로",2025-09-10 21:57:51,DAE6,5,"10,740","53,700",2025-11-07
26956674,발주,112599819,50342950,"오하이 풀커버 강화유리 액정보호필름2개 + EZ툴 제공, 아이폰16프로맥스",2025-09-10 22:15:09,DAE6,2,"10,740","21,480",2025-11-07
26956674,발주,112599819,50344701,"오하이 EZ툴 아이폰 풀커버 사생활보호 프라이버시 강화유리필름 2매, 아이폰 16 프로, 1세트",2025-09-10 21:57:59,DAE6,40,"11,940","477,600",2025-11-07
26956674,발주,112599819,50344701,"오하이 EZ툴 아이폰 풀커버 사생활보호 프라이버시 강화유리필름 2매, 아이폰 16 프로, 1세트",2025-09-10 22:00:01,DAE6,43,"11,940","513,420",2025-11-07
26956674,발주,112670705,48562249,"[10매]오하이 버디필름 장타 비거리스티커 드라이버 우드 헤드 보호 슬라이스방지 골프필름, 우드용, 1세트, 우드용 10매 88*30mm 단일색상",2025-09-10 15:01:47,KKW3,29,"9,000","261,000",2025-11-07
26956674,발주,112687135,39017749,"오하이 풀커버 강화유리 액정보호필름 + 이지솔루션 제공, 2개, 아이폰15프로",2025-09-10 13:59:28,INC32,100,"10,740","1,074,000",2025-11-07
26956674,발주,112744448,27217841,오하이 갤럭시 Z폴드4 지문방지 풀커버 저반사 매트 액정보호필름 전면 3매+내부 3매 1세트,2025-09-10 12:15:13,KKW3,9,"12,000","108,000",2025-11-07
26956674,발주,112744728,48102855,오하이 갤럭시 Z폴드6 저반사 지문방지 풀커버 액정보호필름 외부3매+내부 3매 1세트,2025-09-10 19:49:42,DON1,10,"12,000","120,000",2025-11-07
26970627,발주,112175389,39017749,"오하이 풀커버 강화유리 액정보호필름 + 이지솔루션 제공, 2개, 아이폰15프로",2025-09-11 14:44:53,CHW3,7,"10,740","75,180",2025-11-10
26970627,발주,112177117,50342949,"오하이 풀커버 강화유리 액정보호필름2개 + EZ툴 제공, 아이폰16프로",2025-09-11 17:25:43,CHW1,10,"10,740","107,400",2025-11-10
26970627,발주,112177117,50342949,"오하이 풀커버 강화유리 액정보호필름2개 + EZ툴 제공, 아이폰16프로",2025-09-11 17:28:34,CHW1,3,"10,740","32,220",2025-11-10
26970627,발주,112185913,52404710,"오하이 태블릿 지문방지 필름 2매, 갤럭시탭 S10 울트라 투명",2025-09-11 11:01:36,INC36,1,"9,540","9,540",2025-11-10
26970627,발주,112326412,50342949,"오하이 풀커버 강화유리 액정보호필름2개 + EZ툴 제공, 아이폰16프로",2025-09-11 17:25:43,CHW1,10,"10,740","107,400",2025-11-10
26970627,발주,112326412,50342949,"오하이 풀커버 강화유리 액정보호필름2개 + EZ툴 제공, 아이폰16프로",2025-09-11 17:28:34,CHW1,3,"10,740","32,220",2025-11-10
26970627,발주,112446117,52404710,"오하이 태블릿 지문방지 필름 2매, 갤럭시탭 S10 울트라 투명",2025-09-11 11:01:36,INC36,1,"9,540","9,540",2025-11-10
26970627,발주,112456086,50342949,"오하이 풀커버 강화유리 액정보호필름2개 + EZ툴 제공, 아이폰16프로",2025-09-11 17:25:43,CHW1,12,"10,740","128,880",2025-11-10
26970627,발주,112456086,50342949,"오하이 풀커버 강화유리 액정보호필름2개 + EZ툴 제공, 아이폰16프로",2025-09-11 17:28:34,CHW1,3,"10,740","32,220",2025-11-10
26970627,발주,112488241,22295482,"오하이 태블릿 지문방지 필름 2매, 아이패드 에어4/5 투명",2025-09-11 01:13:03,YAS1,1,"9,540","9,540",2025-11-10
26970627,발주,112488515,17185165,오하이 갤럭시 Z플립 3 저반사 지문방지 풀커버 액정보호필름 내부3매+외부3매 1세트,2025-09-11 01:18:27,YAS1,2,"10,700","21,400",2025-11-10
26970627,발주,112488515,27217841,오하이 갤럭시 Z폴드4 지문방지 풀커버 저반사 매트 액정보호필름 전면 3매+내부 3매 1세트,2025-09-11 01:18:27,YAS1,2,"12,000","24,000",2025-11-10
26970627,발주,112488515,48102855,오하이 갤럭시 Z폴드6 저반사 지문방지 풀커버 액정보호필름 외부3매+내부 3매 1세트,2025-09-11 01:18:27,YAS1,2,"12,000","24,000",2025-11-10
26970627,발주,112546523,19454771,"오하이 풀커버 강화유리 액정보호필름2개 + EZ툴 제공, 아이폰12/12프로",2025-09-11 14:44:53,CHW3,23,"10,740","247,020",2025-11-10
26970627,발주,112546523,39017749,"오하이 풀커버 강화유리 액정보호필름 + 이지솔루션 제공, 2개, 아이폰15프로",2025-09-11 14:44:53,CHW3,22,"10,740","236,280",2025-11-10
26970627,발주,112546523,50342950,"오하이 풀커버 강화유리 액정보호필름2개 + EZ툴 제공, 아이폰16프로맥스",2025-09-11 14:49:45,CHW3,11,"10,740","118,140",2025-11-10
26970627,발주,112546523,50344698,"오하이 EZ툴 풀커버 사생활보호 프라이버시 강화유리 휴대폰 액정보호필름 2매, 아이폰 16 프로맥스, 1세트",2025-09-11 14:49:45,CHW3,9,"11,940","107,460",2025-11-10
26970627,발주,112546618,57316039,"오하이 일미리 케이스 1mm 변색 없는 PC 하드 케이스, 아이폰 15",2025-09-11 01:18:27,YAS1,1,"8,000","8,000",2025-11-10
26970627,발주,112547111,50342949,"오하이 풀커버 강화유리 액정보호필름2개 + EZ툴 제공, 아이폰16프로",2025-09-11 17:28:16,CHW1,37,"10,740","397,380",2025-11-10
26970627,발주,112547111,50342949,"오하이 풀커버 강화유리 액정보호필름2개 + EZ툴 제공, 아이폰16프로",2025-09-11 17:28:34,CHW1,10,"10,740","107,400",2025-11-10
26970627,발주,112588046,63073467,"오하이 전면 3D 풀커버 TPU 지문방지 + 무광택 필름 + 부착 가이드툴, 갤럭시S23플러스, 1세트",2025-09-11 01:18:27,YAS1,6,"9,540","57,240",2025-11-10
26970627,발주,112588227,35373954,"오하이 EZ툴 아이폰 풀커버 사생활보호 프라이버시 강화유리필름 2매, 아이폰 13/13프로, 1세트",2025-09-11 01:18:27,YAS1,1,"11,940","11,940",2025-11-10
26970627,발주,112588227,35373959,"오하이 EZ툴 아이폰 풀커버 사생활보호 프라이버시 강화유리필름 2매, 아이폰 12 프로맥스, 1세트",2025-09-11 01:18:27,YAS1,1,"11,940","11,940",2025-11-10
26970627,발주,112588227,39374831,"오하이 전면 3D 풀커버 TPU 지문방지 + 무광택 휴대폰 액정보호필름 3p + 부착 가이드툴, 갤럭시 S20FE, 1세트",2025-09-11 01:18:27,YAS1,3,"9,540","28,620",2025-11-10
26970627,발주,112588227,41555864,"오하이 EZ툴 풀커버 사생활보호 프라이버시 강화유리 휴대폰 액정보호필름 2매, 아이폰 15, 1세트",2025-09-11 01:18:27,YAS1,9,"11,940","107,460",2025-11-10
26970627,발주,112588227,41670033,"오하이 전면 3D 풀커버 TPU 지문방지 + 무광택 휴대폰 액정보호필름 3p + 부착 가이드툴, 갤럭시 S23FE, 1세트",2025-09-11 01:18:27,YAS1,3,"9,540","28,620",2025-11-10
26970627,발주,112588227,42015231,"오하이 사생활보호 프라이버시 TPU 지문인식 휴대폰 액정보호필름 2매+간편부착 툴, 삼성 갤럭시 S24울트라, 1세트",2025-09-11 01:18:27,YAS1,1,"6,705","6,705",2025-11-10
26970627,발주,112588227,48472778,"오하이 풀커버 강화유리 액정보호필름2개 + EZ툴 제공, 갤럭시S24 울트라",2025-09-11 01:18:27,YAS1,7,"10,740","75,180",2025-11-10
26970627,발주,112588227,52729614,"오하이 전면 3D 풀커버 TPU 지문방지 + 무광택 휴대폰 액정보호필름 3p + 부착 가이드툴, 삼성 갤럭시 S24FE, 1세트",2025-09-11 01:13:03,YAS1,11,"9,540","104,940",2025-11-10
26970627,발주,112588227,55701816,"오하이 풀커버 강화유리 액정보호필름2개 + EZ툴 제공, 갤럭시S25 플러스",2025-09-11 01:18:27,YAS1,6,"10,740","64,440",2025-11-10
26970627,발주,112588517,48562249,"[10매]오하이 버디필름 장타 비거리스티커 드라이버 우드 헤드 보호 슬라이스방지 골프필름, 우드용, 1세트, 우드용 10매 88*30mm 단일색상",2025-09-11 01:18:27,YAS1,11,"9,000","99,000",2025-11-10
26970627,발주,112588517,53305588,"[20매]오하이 버디필름 장타 비거리스티커 드라이버 우드 헤드 보호 슬라이스방지 골프필름, 드라이버용, 1세트, 드라이버용 20매 95*48mm 단일색상",2025-09-11 01:18:27,YAS1,2,"14,000","28,000",2025-11-10
26970627,발주,112588885,17185165,오하이 갤럭시 Z플립 3 저반사 지문방지 풀커버 액정보호필름 내부3매+외부3매 1세트,2025-09-11 11:01:36,INC36,9,"10,700","96,300",2025-11-10
26970627,발주,112597865,18371038,"오하이 풀커버 강화유리 액정보호필름2개 + EZ툴 제공, 아이폰13/13프로",2025-09-11 14:55:55,CHW3,13,"10,740","139,620",2025-11-10
26970627,발주,112597865,18371038,"오하이 풀커버 강화유리 액정보호필름2개 + EZ툴 제공, 아이폰13/13프로",2025-09-11 16:11:27,CHW3,100,"10,740","1,074,000",2025-11-10
26970627,발주,112597865,27686154,"오하이 풀커버 강화유리 액정보호필름 + 이지솔루션 제공, 2개, 아이폰14",2025-09-11 14:44:53,CHW3,10,"10,740","107,400",2025-11-10
26970627,발주,112597865,50344700,"오하이 EZ툴 풀커버 사생활보호 프라이버시 강화유리 휴대폰 액정보호필름 2매, 아이폰 16, 1세트",2025-09-11 14:44:53,CHW3,5,"11,940","59,700",2025-11-10
26970627,발주,112598460,48562249,"[10매]오하이 버디필름 장타 비거리스티커 드라이버 우드 헤드 보호 슬라이스방지 골프필름, 우드용, 1세트, 우드용 10매 88*30mm 단일색상",2025-09-11 11:01:36,INC36,11,"9,000","99,000",2025-11-10
26970627,발주,112598644,27686154,"오하이 풀커버 강화유리 액정보호필름 + 이지솔루션 제공, 2개, 아이폰14",2025-09-11 17:28:34,CHW1,11,"10,740","118,140",2025-11-10
26970627,발주,112598644,27686155,"오하이 풀커버 강화유리 액정보호필름 + 이지솔루션 제공, 2개, 아이폰14프로",2025-09-11 09:38:31,CHW1,7,"10,740","75,180",2025-11-10
26970627,발주,112598644,27686155,"오하이 풀커버 강화유리 액정보호필름 + 이지솔루션 제공, 2개, 아이폰14프로",2025-09-11 10:02:43,CHW1,25,"10,740","268,500",2025-11-10
26970627,발주,112598644,41670004,"오하이 전면 3D 풀커버 TPU 지문방지 + 무광택 휴대폰 액정보호필름 3p + 부착 가이드툴, 갤럭시 S24, 1세트",2025-09-11 17:25:43,CHW1,16,"9,540","152,640",2025-11-10
26970627,발주,112598644,41670004,"오하이 전면 3D 풀커버 TPU 지문방지 + 무광택 휴대폰 액정보호필름 3p + 부착 가이드툴, 갤럭시 S24, 1세트",2025-09-11 17:28:34,CHW1,4,"9,540","38,160",2025-11-10
26970627,발주,112598644,50342949,"오하이 풀커버 강화유리 액정보호필름2개 + EZ툴 제공, 아이폰16프로",2025-09-11 17:11:20,CHW1,20,"10,740","214,800",2025-11-10
26970627,발주,112598644,50342949,"오하이 풀커버 강화유리 액정보호필름2개 + EZ툴 제공, 아이폰16프로",2025-09-11 17:14:00,CHW1,80,"10,740","859,200",2025-11-10
26970627,발주,112598644,50342949,"오하이 풀커버 강화유리 액정보호필름2개 + EZ툴 제공, 아이폰16프로",2025-09-11 17:16:02,CHW1,80,"10,740","859,200",2025-11-10
26970627,발주,112598644,50342949,"오하이 풀커버 강화유리 액정보호필름2개 + EZ툴 제공, 아이폰16프로",2025-09-11 17:18:05,CHW1,100,"10,740","1,074,000",2025-11-10
26970627,발주,112598644,50342949,"오하이 풀커버 강화유리 액정보호필름2개 + EZ툴 제공, 아이폰16프로",2025-09-11 17:22:15,CHW1,83,"10,740","891,420",2025-11-10
26970627,발주,112598644,50342949,"오하이 풀커버 강화유리 액정보호필름2개 + EZ툴 제공, 아이폰16프로",2025-09-11 17:33:16,CHW1,20,"10,740","214,800",2025-11-10
26970627,발주,112598644,50342949,"오하이 풀커버 강화유리 액정보호필름2개 + EZ툴 제공, 아이폰16프로",2025-09-11 17:46:00,CHW1,50,"10,740","537,000",2025-11-10
26970627,발주,112598644,50342949,"오하이 풀커버 강화유리 액정보호필름2개 + EZ툴 제공, 아이폰16프로",2025-09-11 17:50:54,CHW1,50,"10,740","537,000",2025-11-10
26970627,발주,112598644,55707338,"오하이 전면 3D 풀커버 TPU 지문방지 + 무광택 휴대폰 액정보호필름 3p + 부착 가이드툴, 삼성 갤럭시 S25울트라, 1세트",2025-09-11 17:28:34,CHW1,2,"9,060","18,120",2025-11-10
26970627,발주,112829673,22295493,"오하이 태블릿 지문방지 필름 2매, 갤럭시탭S7 투명",2025-09-11 11:01:06,ECH4,1,"9,540","9,540",2025-11-10
26970627,발주,112829673,22295494,"오하이 태블릿 지문방지 필름 2매, 갤럭시탭S7플러스 투명",2025-09-11 11:01:06,ECH4,1,"9,540","9,540",2025-11-10
26970627,발주,112829673,22295495,"오하이 태블릿 지문방지 필름 2매, 갤럭시탭S7FE 투명",2025-09-11 11:01:06,ECH4,1,"9,540","9,540",2025-11-10
26970627,발주,112829673,38265696,"오하이 태블릿 지문방지 필름 2매, 갤럭시탭S9플러스 투명",2025-09-11 11:01:06,ECH4,1,"9,540","9,540",2025-11-10
26970627,발주,112829673,52404705,"오하이 태블릿 지문방지 필름 2매, 아이패드 에어 6세대(M2) 13인치 투명",2025-09-11 10:03:47,ECH4,1,"9,540","9,540",2025-11-10
26970627,발주,112829673,52420641,"오하이 태블릿 지문방지 필름 2매, 갤럭시탭 S9FE 플러스 투명",2025-09-11 10:03:47,ECH4,1,"9,540","9,540",2025-11-10
26970627,발주,112829673,53760719,"오하이 태블릿 지문방지 필름 2매, 뮤패드 K13 OLED 투명",2025-09-11 10:03:47,ECH4,1,"9,540","9,540",2025-11-10
27034204,발주,112597489,27686154,"오하이 풀커버 강화유리 액정보호필름 + 이지솔루션 제공, 2개, 아이폰14",2025-09-16 14:13:14,GWJ4,11,"10,740","118,140",2025-11-14
27034204,발주,112597489,39017754,"오하이 풀커버 강화유리 액정보호필름 + 이지솔루션 제공, 2개, 아이폰15프로맥스",2025-09-16 13:45:11,GWJ4,30,"10,740","322,200",2025-11-14
27034204,발주,112597489,39017754,"오하이 풀커버 강화유리 액정보호필름 + 이지솔루션 제공, 2개, 아이폰15프로맥스",2025-09-16 14:13:14,GWJ4,54,"10,740","579,960",2025-11-14
27034204,발주,112902250,39017749,"오하이 풀커버 강화유리 액정보호필름 + 이지솔루션 제공, 2개, 아이폰15프로",2025-09-16 21:00:05,INC32,19,"10,740","204,060",2025-11-14
27034204,발주,113109550,41269832,"오하이 사생활보호 프라이버시 TPU 지문인식 휴대폰 액정보호필름 2매+간편부착 툴, 애플 아이폰 15프로, 1세트",2025-09-16 20:50:30,ECH2,1,"6,705","6,705",2025-11-14
27034204,발주,113109550,42671041,"오하이 전면 3D 풀커버 TPU 지문방지 + 무광택 휴대폰 액정보호필름 3p + 부착 가이드툴, 갤럭시 A53, 1세트",2025-09-16 20:50:30,ECH2,3,"9,540","28,620",2025-11-14
27034204,발주,113109550,49343790,"오하이 사생활보호 프라이버시 TPU 지문인식 휴대폰 액정보호필름 2매+간편부착 툴, 삼성 갤럭시 S21울트라, 1세트",2025-09-16 20:50:30,ECH2,1,"6,705","6,705",2025-11-14
27034204,발주,113109550,49343792,"오하이 사생활보호 프라이버시 TPU 지문인식 휴대폰 액정보호필름 2매+간편부착 툴, 삼성 갤럭시 S20, 1세트",2025-09-16 20:50:30,ECH2,1,"6,705","6,705",2025-11-14
27034204,발주,113109550,55701377,"오하이 사생활보호 프라이버시 TPU 지문인식 휴대폰 액정보호필름 2매+간편부착 툴, 삼성 갤럭시 S25플러스, 1세트",2025-09-16 20:46:54,ECH2,1,"6,705","6,705",2025-11-14
27034204,발주,113127996,27217829,오하이 저반사 지문방지 풀커버 내부액정보호필름 내부3매+외부 3매 +option+ 갤럭시 Z플립4 ::,2025-09-16 20:45:46,ECH2,10,"10,700","107,000",2025-11-14
27034204,발주,113127996,39017749,"오하이 풀커버 강화유리 액정보호필름 + 이지솔루션 제공, 2개, 아이폰15프로",2025-09-16 21:12:41,ECH2,50,"10,740","537,000",2025-11-14
27034204,발주,113127996,39017749,"오하이 풀커버 강화유리 액정보호필름 + 이지솔루션 제공, 2개, 아이폰15프로",2025-09-16 21:12:49,ECH2,50,"10,740","537,000",2025-11-14
27034204,발주,113127996,41670025,"오하이 전면 3D 풀커버 TPU 지문방지 무광택 필름 3p + 부착 가이드툴, 갤럭시 S24플러스, 1세트",2025-09-16 20:48:03,ECH2,16,"9,540","152,640",2025-11-14
27034204,발주,113127996,42015231,"오하이 사생활보호 프라이버시 TPU 지문인식 휴대폰 액정보호필름 2매+간편부착 툴, 삼성 갤럭시 S24울트라, 1세트",2025-09-16 20:50:30,ECH2,3,"6,705","20,115",2025-11-14
27034204,발주,113127996,48472778,"오하이 풀커버 강화유리 액정보호필름2개 + EZ툴 제공, 갤럭시S24 울트라",2025-09-16 21:32:52,ECH2,3,"10,740","32,220",2025-11-14
27034204,발주,113127996,50342949,"오하이 풀커버 강화유리 액정보호필름2개 + EZ툴 제공, 아이폰16프로",2025-09-16 22:45:30,ECH2,50,"10,740","537,000",2025-11-14
27034204,발주,113127996,50342949,"오하이 풀커버 강화유리 액정보호필름2개 + EZ툴 제공, 아이폰16프로",2025-09-16 22:46:53,ECH2,50,"10,740","537,000",2025-11-14
27034204,발주,113127996,50428036,"오하이 전면 3D 풀커버 TPU 지문방지 + 무광택 휴대폰 액정보호필름 3p + 부착 가이드툴, 아이폰16, 1세트",2025-09-16 20:46:54,ECH2,6,"9,540","57,240",2025-11-14
27034204,발주,113127996,50428038,"오하이 전면 3D 풀커버 TPU 지문방지 + 무광택 휴대폰 액정보호필름 3p + 부착 가이드툴, 아이폰16프로, 1세트",2025-09-16 20:46:54,ECH2,5,"9,540","47,700",2025-11-14
27034204,발주,113127996,55701816,"오하이 풀커버 강화유리 액정보호필름2개 + EZ툴 제공, 갤럭시S25 플러스",2025-09-16 20:50:30,ECH2,15,"10,740","161,100",2025-11-14
27034204,발주,113127996,55707339,"오하이 전면 3D 풀커버 TPU 지문방지 + 무광택 휴대폰 액정보호필름 3p + 부착 가이드툴, 삼성 갤럭시 S25플러스, 1세트",2025-09-16 20:45:46,ECH2,12,"9,540","114,480",2025-11-14
27034204,발주,113127996,55707340,"오하이 전면 3D 풀커버 TPU 지문방지 + 무광택 휴대폰 액정보호필름 3p + 부착 가이드툴, 삼성 갤럭시 S25, 1세트",2025-09-16 20:48:03,ECH2,12,"9,060","108,720",2025-11-14
27034204,발주,113127996,62921998,"오하이 폴드,플립 지문방지 무광택 액정보호 필름 + 부착 안내문, 삼성 갤럭시 Z플립7, 1세트 투명",2025-09-16 20:48:03,ECH2,8,"10,700","85,600",2025-11-14
27034204,발주,113127996,62922000,"오하이 폴드,플립 지문방지 무광택 액정보호 필름 + 부착 안내문, 삼성 갤럭시 Z폴드7, 1세트 투명",2025-09-16 20:46:54,ECH2,13,"12,000","156,000",2025-11-14
27034204,발주,113127996,63073467,"오하이 전면 3D 풀커버 TPU 지문방지 + 무광택 필름 + 부착 가이드툴, 갤럭시S23플러스, 1세트",2025-09-16 20:35:03,ECH2,5,"9,540","47,700",2025-11-14
27034204,발주,113128051,35373955,"오하이 EZ툴 아이폰 풀커버 사생활보호 프라이버시 강화유리필름 2매, 아이폰 14 프로, 1세트",2025-09-16 21:13:02,INC32,5,"11,940","59,700",2025-11-14
27034204,발주,113128051,35373959,"오하이 EZ툴 아이폰 풀커버 사생활보호 프라이버시 강화유리필름 2매, 아이폰 12 프로맥스, 1세트",2025-09-16 21:13:02,INC32,3,"11,940","35,820",2025-11-14
27034204,발주,113128051,41555886,"오하이 EZ툴 풀커버 사생활보호 프라이버시 강화유리 휴대폰 액정보호필름 2매, 아이폰 15 프로맥스, 1세트",2025-09-16 21:00:05,INC32,11,"11,940","131,340",2025-11-14
27034204,발주,113128051,48472777,"오하이 풀커버 강화유리 액정보호필름2개 + EZ툴 제공, 갤럭시S24",2025-09-16 21:05:18,INC32,3,"10,740","32,220",2025-11-14
27034204,발주,113128051,50342949,"오하이 풀커버 강화유리 액정보호필름2개 + EZ툴 제공, 아이폰16프로",2025-09-16 21:05:18,INC32,61,"10,740","655,140",2025-11-14
27034204,발주,113128051,55701817,"오하이 풀커버 강화유리 액정보호필름 + 이지솔루션 제공, 2매1세트, 갤럭시S25 울트라",2025-09-16 21:01:15,INC32,14,"10,740","150,360",2025-11-14
27034204,발주,113131499,54737752,"오하이 아이패드 갤럭시탭 6H 유리코팅 방탄강화 블루라이트 차단 고투명 PET 액정보호필름 간편부착 2매, 갤럭시탭 S10울트라 14.6인치, 1개",2025-09-16 20:35:34,ECH2,1,"10,140","10,140",2025-11-14
27034204,발주,113131499,58677249,"오하이 태블릿 지문방지 필름 2매, 아이패드 에어 7세대(M3) 13인치 투명",2025-09-16 20:35:34,ECH2,1,"9,540","9,540",2025-11-14
27034204,발주,113200617,31762097,"오하이 전면 3D 풀커버 TPU 지문방지 + 무광택 휴대폰 액정보호필름 3p + 부착 가이드툴, 갤럭시S23, 1세트",2025-09-16 21:01:15,INC32,12,"9,540","114,480",2025-11-14
27034204,발주,113200617,41670025,"오하이 전면 3D 풀커버 TPU 지문방지 무광택 필름 3p + 부착 가이드툴, 갤럭시 S24플러스, 1세트",2025-09-16 21:01:15,INC32,21,"9,540","200,340",2025-11-14
27034204,발주,113201233,31762099,"오하이 전면 3D 풀커버 TPU 지문방지 + 무광택 휴대폰 액정보호필름 3p + 부착 가이드툴, 갤럭시S23울트라, 1세트",2025-09-16 20:35:03,ECH2,1,"9,540","9,540",2025-11-14
27034204,발주,113201233,55707338,"오하이 전면 3D 풀커버 TPU 지문방지 + 무광택 휴대폰 액정보호필름 3p + 부착 가이드툴, 삼성 갤럭시 S25울트라, 1세트",2025-09-16 20:35:03,ECH2,5,"9,060","45,300",2025-11-14
27034204,발주,113247562,48562240,"[10매]오하이 버디필름 장타 비거리스티커 드라이버 우드 헤드 보호 슬라이스방지 골프필름, 드라이버용, 1세트, 드라이버용 10매 95*48mm 단일색상",2025-09-16 17:19:27,ECH2,120,"9,000","1,080,000",2025-11-14
27034204,발주,113247880,31762099,"오하이 전면 3D 풀커버 TPU 지문방지 + 무광택 휴대폰 액정보호필름 3p + 부착 가이드툴, 갤럭시S23울트라, 1세트",2025-09-16 21:16:19,ECH2,70,"9,540","667,800",2025-11-14
27034204,발주,113247880,31762099,"오하이 전면 3D 풀커버 TPU 지문방지 + 무광택 휴대폰 액정보호필름 3p + 부착 가이드툴, 갤럭시S23울트라, 1세트",2025-09-16 21:16:22,ECH2,65,"9,540","620,100",2025-11-14
27034204,발주,113247880,55707338,"오하이 전면 3D 풀커버 TPU 지문방지 + 무광택 휴대폰 액정보호필름 3p + 부착 가이드툴, 삼성 갤럭시 S25울트라, 1세트",2025-09-16 21:19:32,ECH2,62,"9,060","561,720",2025-11-14
27034204,발주,113247880,55707338,"오하이 전면 3D 풀커버 TPU 지문방지 + 무광택 휴대폰 액정보호필름 3p + 부착 가이드툴, 삼성 갤럭시 S25울트라, 1세트",2025-09-16 21:19:38,ECH2,60,"9,060","543,600",2025-11-14
27034204,발주,113247880,62922000,"오하이 폴드,플립 지문방지 무광택 액정보호 필름 + 부착 안내문, 삼성 갤럭시 Z폴드7, 1세트 투명",2025-09-16 17:10:40,ECH2,40,"12,000","480,000",2025-11-14
27034204,발주,113247880,62922000,"오하이 폴드,플립 지문방지 무광택 액정보호 필름 + 부착 안내문, 삼성 갤럭시 Z폴드7, 1세트 투명",2025-09-16 17:10:46,ECH2,40,"12,000","480,000",2025-11-14
27034204,발주,113247880,62922000,"오하이 폴드,플립 지문방지 무광택 액정보호 필름 + 부착 안내문, 삼성 갤럭시 Z폴드7, 1세트 투명",2025-09-16 17:17:33,ECH2,44,"12,000","528,000",2025-11-14
27034204,발주,113247880,62922000,"오하이 폴드,플립 지문방지 무광택 액정보호 필름 + 부착 안내문, 삼성 갤럭시 Z폴드7, 1세트 투명",2025-09-16 20:34:56,ECH2,25,"12,000","300,000",2025-11-14
27034204,발주,113247880,62922000,"오하이 폴드,플립 지문방지 무광택 액정보호 필름 + 부착 안내문, 삼성 갤럭시 Z폴드7, 1세트 투명",2025-09-16 20:36:01,ECH2,30,"12,000","360,000",2025-11-14
27034204,발주,113247880,62922000,"오하이 폴드,플립 지문방지 무광택 액정보호 필름 + 부착 안내문, 삼성 갤럭시 Z폴드7, 1세트 투명",2025-09-16 20:37:01,ECH2,25,"12,000","300,000",2025-11-14
27045947,발주,113131204,22295489,"오하이 태블릿 지문방지 필름 2매, 아이패드 프로11인치 투명",2025-09-17 00:05:23,INC32,1,"9,540","9,540",2025-11-14
27045947,발주,113131204,22295493,"오하이 태블릿 지문방지 필름 2매, 갤럭시탭S7 투명",2025-09-17 00:05:23,INC32,3,"9,540","28,620",2025-11-14
27045947,발주,113131204,22295494,"오하이 태블릿 지문방지 필름 2매, 갤럭시탭S7플러스 투명",2025-09-17 00:05:23,INC32,3,"9,540","28,620",2025-11-14
27045947,발주,113131204,22295495,"오하이 태블릿 지문방지 필름 2매, 갤럭시탭S7FE 투명",2025-09-17 00:05:23,INC32,2,"9,540","19,080",2025-11-14
27045947,발주,113131204,38265696,"오하이 태블릿 지문방지 필름 2매, 갤럭시탭S9플러스 투명",2025-09-17 00:03:49,INC32,3,"9,540","28,620",2025-11-14
27045947,발주,113131204,38265698,"오하이 태블릿 지문방지 필름 2매, 갤럭시탭S9울트라 투명",2025-09-17 00:03:49,INC32,1,"9,540","9,540",2025-11-14
27045947,발주,113131204,51606929,"오하이 태블릿용 종이질감 필름 2매입, 갤럭시탭 S10플러스, 투명, 2매",2025-09-17 00:03:49,INC32,1,"9,540","9,540",2025-11-14
27045947,발주,113131204,51606930,"오하이 태블릿용 종이질감 필름 2매입, 갤럭시탭 S10울트라, 투명, 2매",2025-09-17 00:03:49,INC32,2,"9,540","19,080",2025-11-14
27045947,발주,113131204,52099270,"오하이 태블릿용 종이질감 필름 2매입, 아이패드 미니 7세대, 투명, 2매",2025-09-17 00:02:08,INC32,2,"9,540","19,080",2025-11-14
27045947,발주,113131204,52404705,"오하이 태블릿 지문방지 필름 2매, 아이패드 에어 6세대(M2) 13인치 투명",2025-09-17 00:02:08,INC32,2,"9,540","19,080",2025-11-14
27045947,발주,113131204,52404707,"오하이 태블릿 지문방지 필름 2매, 아이패드 에어 6세대(M2) 11인치 투명",2025-09-17 00:02:08,INC32,2,"9,540","19,080",2025-11-14
27045947,발주,113131204,52404710,"오하이 태블릿 지문방지 필름 2매, 갤럭시탭 S10 울트라 투명",2025-09-17 00:02:08,INC32,3,"9,540","28,620",2025-11-14
27045947,발주,113131204,52404711,"오하이 태블릿 지문방지 필름 2매, 아이패드 프로 7세대(M4) 11인치 투명",2025-09-17 00:01:59,INC32,3,"9,540","28,620",2025-11-14
27045947,발주,113131204,52420641,"오하이 태블릿 지문방지 필름 2매, 갤럭시탭 S9FE 플러스 투명",2025-09-17 00:01:59,INC32,2,"9,540","19,080",2025-11-14
27045947,발주,113131204,53760719,"오하이 태블릿 지문방지 필름 2매, 뮤패드 K13 OLED 투명",2025-09-17 00:59:52,INC32,2,"9,540","19,080",2025-11-14
27045947,발주,113131204,54737750,"오하이 아이패드 갤럭시탭 6H 유리코팅 방탄강화 블루라이트 차단 고투명 PET 액정보호필름 간편부착 2매, 갤럭시탭 A9 8.7인치, 1개",2025-09-17 00:59:52,INC32,1,"10,140","10,140",2025-11-14
27045947,발주,113131204,58675524,"오하이 아이패드 갤럭시탭 6H 유리코팅 방탄강화 블루라이트 차단 고투명 PET 액정보호필름 간편부착 2매, 아이패드 에어 7세대(M3) 13인치, 2개",2025-09-17 01:23:50,INC32,3,"10,140","30,420",2025-11-14
27045947,발주,113200617,55701817,"오하이 풀커버 강화유리 액정보호필름 + 이지솔루션 제공, 2매1세트, 갤럭시S25 울트라",2025-09-17 15:54:56,INC32,15,"10,740","161,100",2025-11-14
27059078,발주,112597489,39017754,"오하이 풀커버 강화유리 액정보호필름 + 이지솔루션 제공, 2개, 아이폰15프로맥스",2025-09-18 16:28:23,GWJ4,1,"10,740","10,740",2025-11-17
27059078,발주,112823525,63427938,오하이 일미리 맥세이프 케이스 1mm PC 하드 케이스 투명 아이폰 14프로,2025-09-18 14:42:37,SEL1,3,"10,080","30,240",2025-11-17
27059078,발주,112902454,18371042,"오하이 풀커버 강화유리 액정보호필름2개 + EZ툴 제공, 아이폰13프로맥스",2025-09-18 14:42:37,SEL1,10,"10,740","107,400",2025-11-17
27059078,발주,112902454,39017749,"오하이 풀커버 강화유리 액정보호필름 + 이지솔루션 제공, 2개, 아이폰15프로",2025-09-18 14:37:57,SEL1,9,"10,740","96,660",2025-11-17
27059078,발주,112902454,39017751,"오하이 풀커버 강화유리 액정보호필름 + 이지솔루션 제공, 2개, 아이폰15플러스",2025-09-18 14:42:37,SEL1,6,"10,740","64,440",2025-11-17
27059078,발주,112902454,41555864,"오하이 EZ툴 풀커버 사생활보호 프라이버시 강화유리 휴대폰 액정보호필름 2매, 아이폰 15, 1세트",2025-09-18 14:37:57,SEL1,3,"11,940","35,820",2025-11-17
27059078,발주,112902454,50428036,"오하이 전면 3D 풀커버 TPU 지문방지 + 무광택 휴대폰 액정보호필름 3p + 부착 가이드툴, 아이폰16, 1세트",2025-09-18 15:16:40,SEL1,1,"9,540","9,540",2025-11-17
27059078,발주,112902454,55707338,"오하이 전면 3D 풀커버 TPU 지문방지 + 무광택 휴대폰 액정보호필름 3p + 부착 가이드툴, 삼성 갤럭시 S25울트라, 1세트",2025-09-18 14:47:07,SEL1,5,"9,060","45,300",2025-11-17
27059078,발주,112902454,57316045,"오하이 일미리 케이스 1mm 변색 없는 PC 하드 케이스, 아이폰 16프로",2025-09-18 14:37:57,SEL1,6,"8,000","48,000",2025-11-17
27059078,발주,112903044,40840056,"오하이 전면 3D 풀커버 TPU 지문방지 + 무광택 휴대폰 액정보호필름 3p + 부착 가이드툴, 아이폰12/12프로, 1세트",2025-09-18 20:14:51,INC36,3,"9,540","28,620",2025-11-17
27059078,발주,112903243,39017749,"오하이 풀커버 강화유리 액정보호필름 + 이지솔루션 제공, 2개, 아이폰15프로",2025-09-18 14:02:19,KKW3,13,"10,740","139,620",2025-11-17
27059078,발주,112903243,50342952,"오하이 풀커버 강화유리 액정보호필름2개 + EZ툴 제공, 아이폰16",2025-09-18 14:09:07,KKW3,20,"10,740","214,800",2025-11-17
27059078,발주,112903243,50342952,"오하이 풀커버 강화유리 액정보호필름2개 + EZ툴 제공, 아이폰16",2025-09-18 14:09:16,KKW3,23,"10,740","247,020",2025-11-17
27059078,발주,112989888,27686157,"오하이 풀커버 강화유리 액정보호필름 + 이지솔루션 제공, 2개, 아이폰14프로맥스",2025-09-18 14:09:07,KKW3,19,"10,740","204,060",2025-11-17
27059078,발주,112989888,39017749,"오하이 풀커버 강화유리 액정보호필름 + 이지솔루션 제공, 2개, 아이폰15프로",2025-09-18 14:02:19,KKW3,23,"10,740","247,020",2025-11-17
27059078,발주,112990256,39017749,"오하이 풀커버 강화유리 액정보호필름 + 이지솔루션 제공, 2개, 아이폰15프로",2025-09-18 22:18:24,INC32,13,"10,740","139,620",2025-11-17
27059078,발주,112990256,40840089,"오하이 전면 3D 풀커버 TPU 지문방지 + 무광택 휴대폰 액정보호필름 3p + 부착 가이드툴, 아이폰15프로맥스, 1세트",2025-09-18 22:24:36,INC32,1,"9,558","9,558",2025-11-17
27059078,발주,113009929,49343789,"오하이 사생활보호 프라이버시 TPU 지문인식 휴대폰 액정보호필름 2매+간편부착 툴, 삼성 갤럭시 S20플러스, 1세트",2025-09-18 21:37:58,INC36,1,"6,705","6,705",2025-11-17
27059078,발주,113109424,36758776,"오하이 지문방지 PET 무광필름 2매, 아이폰14플러스, 1세트",2025-09-18 22:18:24,INC32,1,"9,600","9,600",2025-11-17
27059078,발주,113109424,39374831,"오하이 전면 3D 풀커버 TPU 지문방지 + 무광택 휴대폰 액정보호필름 3p + 부착 가이드툴, 갤럭시 S20FE, 1세트",2025-09-18 22:20:35,INC32,3,"9,540","28,620",2025-11-17
27059078,발주,113109424,39374850,"오하이 전면 3D 풀커버 TPU 지문방지 + 무광택 휴대폰 액정보호필름 3p + 부착 가이드툴, 삼성 갤럭시 S20울트라, 1세트",2025-09-18 22:24:36,INC32,1,"9,540","9,540",2025-11-17
27059078,발주,113109424,40840077,"오하이 전면 3D 풀커버 TPU 지문방지 + 무광택 휴대폰 액정보호필름 3p + 부착 가이드툴, 아이폰14, 1세트",2025-09-18 22:24:36,INC32,3,"9,540","28,620",2025-11-17
27059078,발주,113109424,40840083,"오하이 전면 3D 풀커버 TPU 지문방지 + 무광택 휴대폰 액정보호필름 3p + 부착 가이드툴, 아이폰14플러스, 1세트",2025-09-18 22:24:36,INC32,1,"9,540","9,540",2025-11-17
27059078,발주,113109424,41269788,"오하이 사생활보호 프라이버시 TPU 지문인식 휴대폰 액정보호필름 2매+간편부착 툴, 삼성 갤럭시 S22, 1세트",2025-09-18 22:18:24,INC32,3,"6,705","20,115",2025-11-17
27059078,발주,113109424,41941973,"오하이 지문방지 PET 무광필름 2매, 아이폰15프로, 1세트",2025-09-18 22:18:24,INC32,2,"9,600","19,200",2025-11-17
27059078,발주,113109424,42015229,"오하이 사생활보호 프라이버시 TPU 지문인식 휴대폰 액정보호필름 2매+간편부착 툴, 삼성 갤럭시 S24, 1세트",2025-09-18 22:20:35,INC32,3,"6,705","20,115",2025-11-17
27059078,발주,113109424,42015231,"오하이 사생활보호 프라이버시 TPU 지문인식 휴대폰 액정보호필름 2매+간편부착 툴, 삼성 갤럭시 S24울트라, 1세트",2025-09-18 22:20:35,INC32,1,"6,705","6,705",2025-11-17
27059078,발주,113109424,49343789,"오하이 사생활보호 프라이버시 TPU 지문인식 휴대폰 액정보호필름 2매+간편부착 툴, 삼성 갤럭시 S20플러스, 1세트",2025-09-18 22:20:35,INC32,1,"6,705","6,705",2025-11-17
27059078,발주,113127996,27686155,"오하이 풀커버 강화유리 액정보호필름 + 이지솔루션 제공, 2개, 아이폰14프로",2025-09-18 00:30:45,ECH2,3,"10,740","32,220",2025-11-17
27059078,발주,113127996,27686157,"오하이 풀커버 강화유리 액정보호필름 + 이지솔루션 제공, 2개, 아이폰14프로맥스",2025-09-18 01:30:24,ECH2,5,"10,740","53,700",2025-11-17
27059078,발주,113127996,35373955,"오하이 EZ툴 아이폰 풀커버 사생활보호 프라이버시 강화유리필름 2매, 아이폰 14 프로, 1세트",2025-09-18 00:28:29,ECH2,2,"11,940","23,880",2025-11-17
27059078,발주,113127996,39017749,"오하이 풀커버 강화유리 액정보호필름 + 이지솔루션 제공, 2개, 아이폰15프로",2025-09-18 00:30:45,ECH2,7,"10,740","75,180",2025-11-17
27059078,발주,113127996,39017749,"오하이 풀커버 강화유리 액정보호필름 + 이지솔루션 제공, 2개, 아이폰15프로",2025-09-18 00:31:56,ECH2,30,"10,740","322,200",2025-11-17
27059078,발주,113127996,39017749,"오하이 풀커버 강화유리 액정보호필름 + 이지솔루션 제공, 2개, 아이폰15프로",2025-09-18 00:32:57,ECH2,30,"10,740","322,200",2025-11-17
27059078,발주,113127996,41555857,"오하이 EZ툴 풀커버 사생활보호 프라이버시 강화유리 휴대폰 액정보호필름 2매, 아이폰 15 프로, 1세트",2025-09-18 00:28:29,ECH2,7,"11,940","83,580",2025-11-17
27059078,발주,113127996,50342948,"오하이 풀커버 강화유리 액정보호필름2개 + EZ툴 제공, 아이폰16플러스",2025-09-18 00:28:42,ECH2,2,"10,740","21,480",2025-11-17
27059078,발주,113127996,50342949,"오하이 풀커버 강화유리 액정보호필름2개 + EZ툴 제공, 아이폰16프로",2025-09-18 00:30:45,ECH2,7,"10,740","75,180",2025-11-17
27059078,발주,113128051,31762099,"오하이 전면 3D 풀커버 TPU 지문방지 + 무광택 휴대폰 액정보호필름 3p + 부착 가이드툴, 갤럭시S23울트라, 1세트",2025-09-18 22:18:24,INC32,1,"9,540","9,540",2025-11-17
27059078,발주,113128051,40840089,"오하이 전면 3D 풀커버 TPU 지문방지 + 무광택 휴대폰 액정보호필름 3p + 부착 가이드툴, 아이폰15프로맥스, 1세트",2025-09-18 22:24:36,INC32,4,"9,558","38,232",2025-11-17
27059078,발주,113128051,50428035,"오하이 전면 3D 풀커버 TPU 지문방지 + 무광택 휴대폰 액정보호필름 3p + 부착 가이드툴, 아이폰16프로맥스, 1세트",2025-09-18 22:20:35,INC32,3,"9,540","28,620",2025-11-17
27059078,발주,113128051,55705544,"오하이 지문방지 PET 무광필름 2매, 갤럭시 S25울트라, 1세트",2025-09-18 22:24:36,INC32,1,"9,600","9,600",2025-11-17
27059078,발주,113128263,31762099,"오하이 전면 3D 풀커버 TPU 지문방지 + 무광택 휴대폰 액정보호필름 3p + 부착 가이드툴, 갤럭시S23울트라, 1세트",2025-09-18 14:47:07,SEL1,6,"9,540","57,240",2025-11-17
27059078,발주,113128263,52729614,"오하이 전면 3D 풀커버 TPU 지문방지 + 무광택 휴대폰 액정보호필름 3p + 부착 가이드툴, 삼성 갤럭시 S24FE, 1세트",2025-09-18 14:42:37,SEL1,25,"9,540","238,500",2025-11-17
27059078,발주,113128263,53854611,"오하이 전면 3D 풀커버 TPU 지문방지 + 무광택 휴대폰 액정보호필름 3p + 부착 가이드툴, 갤럭시 A16 5G, 1세트",2025-09-18 15:16:40,SEL1,7,"9,540","66,780",2025-11-17
27059078,발주,113128263,59459681,"오하이 지문방지 무광택 액정보호 필름 삼성 갤럭시 Z폴드SE (스페셜 에디션), 1세트",2025-09-18 14:47:07,SEL1,7,"11,940","83,580",2025-11-17
27059078,발주,113200895,48562240,"[10매]오하이 버디필름 장타 비거리스티커 드라이버 우드 헤드 보호 슬라이스방지 골프필름, 드라이버용, 1세트, 드라이버용 10매 95*48mm 단일색상",2025-09-18 20:06:37,INC36,1,"9,000","9,000",2025-11-17
27059078,발주,113200895,48562240,"[10매]오하이 버디필름 장타 비거리스티커 드라이버 우드 헤드 보호 슬라이스방지 골프필름, 드라이버용, 1세트, 드라이버용 10매 95*48mm 단일색상",2025-09-18 20:14:29,INC36,14,"9,000","126,000",2025-11-17
27059078,발주,113201299,13906334,"오하이 전면 3D 풀커버 TPU 지문방지 + 무광택 휴대폰 액정보호필름 3p + 부착 가이드툴, 갤럭시노트20, 1세트",2025-09-18 20:14:51,INC36,3,"9,540","28,620",2025-11-17
27059078,발주,113201299,31762097,"오하이 전면 3D 풀커버 TPU 지문방지 + 무광택 휴대폰 액정보호필름 3p + 부착 가이드툴, 갤럭시S23, 1세트",2025-09-18 21:47:13,INC36,12,"9,540","114,480",2025-11-17
27059078,발주,113201299,40840079,"오하이 전면 3D 풀커버 TPU 지문방지 + 무광택 휴대폰 액정보호필름 3p + 부착 가이드툴, 아이폰14프로, 1세트",2025-09-18 21:20:24,INC36,10,"9,540","95,400",2025-11-17
27059078,발주,113201299,40840085,"오하이 전면 3D 풀커버 TPU 지문방지 + 무광택 휴대폰 액정보호필름 3p + 부착 가이드툴, 아이폰15, 1세트",2025-09-18 21:20:24,INC36,4,"9,540","38,160",2025-11-17
27059078,발주,113201299,40840089,"오하이 전면 3D 풀커버 TPU 지문방지 + 무광택 휴대폰 액정보호필름 3p + 부착 가이드툴, 아이폰15프로맥스, 1세트",2025-09-18 21:20:24,INC36,4,"9,558","38,232",2025-11-17
27059078,발주,113201299,41670025,"오하이 전면 3D 풀커버 TPU 지문방지 무광택 필름 3p + 부착 가이드툴, 갤럭시 S24플러스, 1세트",2025-09-18 21:28:09,INC36,21,"9,540","200,340",2025-11-17
27059078,발주,113201299,50428035,"오하이 전면 3D 풀커버 TPU 지문방지 + 무광택 휴대폰 액정보호필름 3p + 부착 가이드툴, 아이폰16프로맥스, 1세트",2025-09-18 21:18:27,INC36,9,"9,540","85,860",2025-11-17
27059078,발주,113201299,50428036,"오하이 전면 3D 풀커버 TPU 지문방지 + 무광택 휴대폰 액정보호필름 3p + 부착 가이드툴, 아이폰16, 1세트",2025-09-18 21:10:13,INC36,6,"9,540","57,240",2025-11-17
27059078,발주,113201299,53854611,"오하이 전면 3D 풀커버 TPU 지문방지 + 무광택 휴대폰 액정보호필름 3p + 부착 가이드툴, 갤럭시 A16 5G, 1세트",2025-09-18 20:14:29,INC36,10,"9,540","95,400",2025-11-17
27059078,발주,113201299,55701816,"오하이 풀커버 강화유리 액정보호필름2개 + EZ툴 제공, 갤럭시S25 플러스",2025-09-18 20:06:37,INC36,8,"10,740","85,920",2025-11-17
27059078,발주,113201299,55707339,"오하이 전면 3D 풀커버 TPU 지문방지 + 무광택 휴대폰 액정보호필름 3p + 부착 가이드툴, 삼성 갤럭시 S25플러스, 1세트",2025-09-18 20:06:37,INC36,5,"9,540","47,700",2025-11-17
27059078,발주,113201299,55707339,"오하이 전면 3D 풀커버 TPU 지문방지 + 무광택 휴대폰 액정보호필름 3p + 부착 가이드툴, 삼성 갤럭시 S25플러스, 1세트",2025-09-18 20:14:29,INC36,8,"9,540","76,320",2025-11-17
27059078,발주,113201299,60043362,"오하이 전면 3D 풀커버 TPU 지문방지 + 무광택 휴대폰 액정보호필름 3p + 부착 가이드툴, 갤럭시 S25엣지, 1세트",2025-09-18 20:06:37,INC36,6,"9,540","57,240",2025-11-17
27059078,발주,113201299,60043362,"오하이 전면 3D 풀커버 TPU 지문방지 + 무광택 휴대폰 액정보호필름 3p + 부착 가이드툴, 갤럭시 S25엣지, 1세트",2025-09-18 20:14:29,INC36,16,"9,540","152,640",2025-11-17
27059078,발주,113201485,48102856,오하이 갤럭시 Z플립 6 저반사 지문방지 풀커버 액정보호필름 내부3매+외부3매 1세트,2025-09-18 20:14:29,INC36,1,"10,700","10,700",2025-11-17
27059078,발주,113214267,41911911,"오하이 지문방지 PET 무광필름 2매, 갤럭시 S24, 1세트",2025-09-18 20:14:29,INC36,1,"9,600","9,600",2025-11-17
27059078,발주,113247880,41670004,"오하이 전면 3D 풀커버 TPU 지문방지 + 무광택 휴대폰 액정보호필름 3p + 부착 가이드툴, 갤럭시 S24, 1세트",2025-09-18 22:15:53,ECH2,19,"9,540","181,260",2025-11-17
27059078,발주,113247880,55707340,"오하이 전면 3D 풀커버 TPU 지문방지 + 무광택 휴대폰 액정보호필름 3p + 부착 가이드툴, 삼성 갤럭시 S25, 1세트",2025-09-18 22:15:57,ECH2,73,"9,060","661,380",2025-11-17
27074243,발주,111940765,63688990,오하이 EZ툴 풀커버 사생활보호 프라이버시 강화유리 휴대폰 액정보호필름 2p 세트 아이폰17프로 1세트,2025-09-19 14:10:58,ECH4,10,"11,940","119,400",2025-11-18
27074243,발주,111940768,62178967,오하이 풀커버 강화유리 휴대폰 액정보호필름 2p + EZ 툴 세트 아이폰17프로맥스 1세트,2025-09-19 14:10:58,ECH4,10,"10,740","107,400",2025-11-18
27074243,발주,111940768,62178969,오하이 풀커버 강화유리 휴대폰 액정보호필름 2p + EZ 툴 세트 아이폰 Air,2025-09-19 14:10:58,ECH4,10,"10,740","107,400",2025-11-18
27074243,발주,111940768,62178970,오하이 풀커버 강화유리 휴대폰 액정보호필름 2p + EZ 툴 세트 아이폰17프로 1세트,2025-09-19 14:10:58,ECH4,10,"10,740","107,400",2025-11-18
27074243,발주,111940768,62178971,오하이 풀커버 강화유리 휴대폰 액정보호필름 2p + EZ 툴 세트 아이폰17 1세트,2025-09-19 14:06:19,ECH4,10,"10,740","107,400",2025-11-18
27074243,발주,111940768,63688989,오하이 EZ툴 풀커버 사생활보호 프라이버시 강화유리 휴대폰 액정보호필름 2p 세트 아이폰17 1세트,2025-09-19 14:17:07,ECH4,10,"11,940","119,400",2025-11-18
27074243,발주,111940768,63688990,오하이 EZ툴 풀커버 사생활보호 프라이버시 강화유리 휴대폰 액정보호필름 2p 세트 아이폰17프로 1세트,2025-09-19 14:10:58,ECH4,10,"11,940","119,400",2025-11-18
27074243,발주,111940768,63688991,오하이 EZ툴 풀커버 사생활보호 프라이버시 강화유리 휴대폰 액정보호필름 2p 세트 아이폰17프로맥스 1세트,2025-09-19 14:17:07,ECH4,10,"11,940","119,400",2025-11-18
27074243,발주,111940768,63688993,오하이 EZ툴 풀커버 사생활보호 프라이버시 강화유리 휴대폰 액정보호필름 2p 세트 아이폰17에어 1세트,2025-09-19 14:17:07,ECH4,10,"11,940","119,400",2025-11-18
27074243,발주,113127142,39017749,"오하이 풀커버 강화유리 액정보호필름 + 이지솔루션 제공, 2개, 아이폰15프로",2025-09-19 16:56:37,CHW3,20,"10,740","214,800",2025-11-18
27074243,발주,113127142,39017749,"오하이 풀커버 강화유리 액정보호필름 + 이지솔루션 제공, 2개, 아이폰15프로",2025-09-19 17:04:24,CHW3,12,"10,740","128,880",2025-11-18
27074243,발주,113127142,39017749,"오하이 풀커버 강화유리 액정보호필름 + 이지솔루션 제공, 2개, 아이폰15프로",2025-09-19 17:08:20,CHW3,26,"10,740","279,240",2025-11-18
27074243,발주,113127142,50342949,"오하이 풀커버 강화유리 액정보호필름2개 + EZ툴 제공, 아이폰16프로",2025-09-19 17:04:24,CHW3,35,"10,740","375,900",2025-11-18
27074243,발주,113127142,50342949,"오하이 풀커버 강화유리 액정보호필름2개 + EZ툴 제공, 아이폰16프로",2025-09-19 17:08:20,CHW3,19,"10,740","204,060",2025-11-18
27087700,발주,112822456,18371042,"오하이 풀커버 강화유리 액정보호필름2개 + EZ툴 제공, 아이폰13프로맥스",2025-09-20 01:19:52,DON1,6,"10,740","64,440",2025-11-14
27087700,발주,113247676,19454772,"오하이 풀커버 강화유리 액정보호필름2개 + EZ툴 제공, 아이폰12프로맥스",2025-09-20 00:39:50,INC14,5,"10,740","53,700",2025-11-14
27087700,발주,113247676,27686157,"오하이 풀커버 강화유리 액정보호필름 + 이지솔루션 제공, 2개, 아이폰14프로맥스",2025-09-20 03:40:34,INC14,16,"10,740","171,840",2025-11-14
27087700,발주,113247676,27686157,"오하이 풀커버 강화유리 액정보호필름 + 이지솔루션 제공, 2개, 아이폰14프로맥스",2025-09-20 03:41:02,INC14,24,"10,740","257,760",2025-11-14
27087700,발주,113247676,39017749,"오하이 풀커버 강화유리 액정보호필름 + 이지솔루션 제공, 2개, 아이폰15프로",2025-09-20 00:41:27,INC14,50,"10,740","537,000",2025-11-14
27087700,발주,113247676,39017749,"오하이 풀커버 강화유리 액정보호필름 + 이지솔루션 제공, 2개, 아이폰15프로",2025-09-20 00:41:36,INC14,50,"10,740","537,000",2025-11-14
27087700,발주,113247676,41555857,"오하이 EZ툴 풀커버 사생활보호 프라이버시 강화유리 휴대폰 액정보호필름 2매, 아이폰 15 프로, 1세트",2025-09-20 00:39:50,INC14,15,"11,940","179,100",2025-11-14
27087700,발주,113247676,41670010,"오하이 전면 3D 풀커버 TPU 지문방지 + 무광택 휴대폰 액정보호필름 3p + 부착 가이드툴, 갤럭시 S24울트라, 1세트",2025-09-20 03:54:34,INC14,3,"9,540","28,620",2025-11-14
27087700,발주,113247676,41670010,"오하이 전면 3D 풀커버 TPU 지문방지 + 무광택 휴대폰 액정보호필름 3p + 부착 가이드툴, 갤럭시 S24울트라, 1세트",2025-09-20 03:54:43,INC14,33,"9,540","314,820",2025-11-14
27087700,발주,113247676,50344701,"오하이 EZ툴 아이폰 풀커버 사생활보호 프라이버시 강화유리필름 2매, 아이폰 16 프로, 1세트",2025-09-20 00:46:00,INC14,40,"11,940","477,600",2025-11-14
27087700,발주,113247676,50344701,"오하이 EZ툴 아이폰 풀커버 사생활보호 프라이버시 강화유리필름 2매, 아이폰 16 프로, 1세트",2025-09-20 00:46:06,INC14,40,"11,940","477,600",2025-11-14
27087700,발주,113247676,53854611,"오하이 전면 3D 풀커버 TPU 지문방지 + 무광택 휴대폰 액정보호필름 3p + 부착 가이드툴, 갤럭시 A16 5G, 1세트",2025-09-20 03:54:43,INC14,30,"9,540","286,200",2025-11-14
27087700,발주,113247676,62921998,"오하이 폴드,플립 지문방지 무광택 액정보호 필름 + 부착 안내문, 삼성 갤럭시 Z플립7, 1세트 투명",2025-09-20 08:29:59,INC14,50,"10,700","535,000",2025-11-14
27087700,발주,113247676,62921998,"오하이 폴드,플립 지문방지 무광택 액정보호 필름 + 부착 안내문, 삼성 갤럭시 Z플립7, 1세트 투명",2025-09-20 08:30:06,INC14,100,"10,700","1,070,000",2025-11-14
27087701,발주,113349931,40840085,"오하이 전면 3D 풀커버 TPU 지문방지 + 무광택 휴대폰 액정보호필름 3p + 부착 가이드툴, 아이폰15, 1세트",2025-09-20 20:55:48,KKW3,10,"9,540","95,400",2025-11-19
27087701,발주,113349931,41269801,"오하이 사생활보호 프라이버시 TPU 지문인식 휴대폰 액정보호필름 2매+간편부착 툴, 삼성 갤럭시 S23울트라, 1세트",2025-09-20 20:55:48,KKW3,6,"6,705","40,230",2025-11-19
27087701,발주,113349931,41670033,"오하이 전면 3D 풀커버 TPU 지문방지 + 무광택 휴대폰 액정보호필름 3p + 부착 가이드툴, 갤럭시 S23FE, 1세트",2025-09-20 20:55:48,KKW3,1,"9,540","9,540",2025-11-19
27087701,발주,113349931,50428035,"오하이 전면 3D 풀커버 TPU 지문방지 + 무광택 휴대폰 액정보호필름 3p + 부착 가이드툴, 아이폰16프로맥스, 1세트",2025-09-20 20:45:26,KKW3,9,"9,540","85,860",2025-11-19
27087701,발주,113351248,41670025,"오하이 전면 3D 풀커버 TPU 지문방지 무광택 필름 3p + 부착 가이드툴, 갤럭시 S24플러스, 1세트",2025-09-20 18:07:04,DAE6,5,"9,540","47,700",2025-11-19
27087701,발주,113351248,50344698,"오하이 EZ툴 풀커버 사생활보호 프라이버시 강화유리 휴대폰 액정보호필름 2매, 아이폰 16 프로맥스, 1세트",2025-09-20 18:10:02,DAE6,5,"11,940","59,700",2025-11-19
27087701,발주,113351248,50428038,"오하이 전면 3D 풀커버 TPU 지문방지 + 무광택 휴대폰 액정보호필름 3p + 부착 가이드툴, 아이폰16프로, 1세트",2025-09-20 18:07:16,DAE6,20,"9,540","190,800",2025-11-19
27087701,발주,113351248,52729614,"오하이 전면 3D 풀커버 TPU 지문방지 + 무광택 휴대폰 액정보호필름 3p + 부착 가이드툴, 삼성 갤럭시 S24FE, 1세트",2025-09-20 16:52:45,DAE6,19,"9,540","181,260",2025-11-19
27087701,발주,113466827,57316031,"오하이 일미리 케이스 1mm 변색 없는 PC 하드 케이스, 아이폰 15프로맥스",2025-09-20 20:45:26,KKW3,1,"8,000","8,000",2025-11-19
27087701,발주,113466843,39374850,"오하이 전면 3D 풀커버 TPU 지문방지 + 무광택 휴대폰 액정보호필름 3p + 부착 가이드툴, 삼성 갤럭시 S20울트라, 1세트",2025-09-20 16:34:46,SEL1,1,"9,540","9,540",2025-11-19
27087701,발주,113466843,41269824,"오하이 사생활보호 프라이버시 TPU 지문인식 휴대폰 액정보호필름 2매+간편부착 툴, 애플 아이폰 15프로맥스, 1세트",2025-09-20 16:34:46,SEL1,1,"6,705","6,705",2025-11-19
27087701,발주,113466843,41269832,"오하이 사생활보호 프라이버시 TPU 지문인식 휴대폰 액정보호필름 2매+간편부착 툴, 애플 아이폰 15프로, 1세트",2025-09-20 16:34:46,SEL1,1,"6,705","6,705",2025-11-19
27087701,발주,113466843,41269835,"오하이 사생활보호 프라이버시 TPU 지문인식 휴대폰 액정보호필름 2매+간편부착 툴, 애플 아이폰 15, 1세트",2025-09-20 16:24:50,SEL1,1,"6,705","6,705",2025-11-19
27087701,발주,113466843,55701377,"오하이 사생활보호 프라이버시 TPU 지문인식 휴대폰 액정보호필름 2매+간편부착 툴, 삼성 갤럭시 S25플러스, 1세트",2025-09-20 16:24:50,SEL1,1,"6,705","6,705",2025-11-19
27087701,발주,113584469,40840066,"오하이 전면 3D 풀커버 TPU 지문방지 + 무광택 휴대폰 액정보호필름 3p + 부착 가이드툴, 아이폰13미니, 1세트",2025-09-20 20:55:48,KKW3,3,"9,540","28,620",2025-11-19
27087701,발주,113584469,40840087,"오하이 전면 3D 풀커버 TPU 지문방지 + 무광택 휴대폰 액정보호필름 3p + 부착 가이드툴, 아이폰15프로, 1세트",2025-09-20 20:45:26,KKW3,11,"9,540","104,940",2025-11-19
27087701,발주,113584469,50428038,"오하이 전면 3D 풀커버 TPU 지문방지 + 무광택 휴대폰 액정보호필름 3p + 부착 가이드툴, 아이폰16프로, 1세트",2025-09-20 20:45:26,KKW3,11,"9,540","104,940",2025-11-19
27087701,발주,113585112,41670025,"오하이 전면 3D 풀커버 TPU 지문방지 무광택 필름 3p + 부착 가이드툴, 갤럭시 S24플러스, 1세트",2025-09-20 16:24:50,SEL1,18,"9,540","171,720",2025-11-19
27087701,발주,113585112,50428036,"오하이 전면 3D 풀커버 TPU 지문방지 + 무광택 휴대폰 액정보호필름 3p + 부착 가이드툴, 아이폰16, 1세트",2025-09-20 16:34:46,SEL1,13,"9,540","124,020",2025-11-19
27087701,발주,113585112,60043362,"오하이 전면 3D 풀커버 TPU 지문방지 + 무광택 휴대폰 액정보호필름 3p + 부착 가이드툴, 갤럭시 S25엣지, 1세트",2025-09-20 16:34:46,SEL1,4,"9,540","38,160",2025-11-19
27087701,발주,113585112,63073467,"오하이 전면 3D 풀커버 TPU 지문방지 + 무광택 필름 + 부착 가이드툴, 갤럭시S23플러스, 1세트",2025-09-20 16:24:50,SEL1,15,"9,540","143,100",2025-11-19
27087701,발주,113585553,35373955,"오하이 EZ툴 아이폰 풀커버 사생활보호 프라이버시 강화유리필름 2매, 아이폰 14 프로, 1세트",2025-09-20 18:07:04,DAE6,5,"11,940","59,700",2025-11-19
27087701,발주,113629218,63835702,오하이 1mm 변색 없는 PC 하드 케이스 투명 아이폰17,2025-09-20 20:45:26,KKW3,4,"7,680","30,720",2025-11-19
27087701,발주,113629218,63835705,오하이 1mm 변색 없는 PC 하드 케이스 투명 아이폰 Air,2025-09-20 20:45:26,KKW3,6,"7,680","46,080",2025-11-19
27098534,발주,113247200,48562249,"[10매]오하이 버디필름 장타 비거리스티커 드라이버 우드 헤드 보호 슬라이스방지 골프필름, 우드용, 1세트, 우드용 10매 88*30mm 단일색상",2025-09-21 01:43:19,INC14,43,"9,000","387,000",2025-11-17
27098534,발주,113247676,40840063,"오하이 전면 3D 풀커버 TPU 지문방지 + 무광택 휴대폰 액정보호필름 3p + 부착 가이드툴, 아이폰12프로맥스, 1세트",2025-09-21 01:50:11,INC14,1,"9,540","9,540",2025-11-17
27098534,발주,113247676,40840079,"오하이 전면 3D 풀커버 TPU 지문방지 + 무광택 휴대폰 액정보호필름 3p + 부착 가이드툴, 아이폰14프로, 1세트",2025-09-21 01:43:19,INC14,20,"9,540","190,800",2025-11-17
27098534,발주,113247676,41241005,"오하이 전면 3D 풀커버 TPU 지문방지 + 무광택 휴대폰 액정보호필름 3p + 부착 가이드툴, 아이폰 X/XS/11프로, 1세트",2025-09-21 01:43:19,INC14,1,"9,540","9,540",2025-11-17
27098534,발주,113247676,48183126,"오하이 전면 3D 풀커버 TPU 지문방지 + 무광택 휴대폰 액정보호필름 3p + 부착 가이드툴, 갤럭시 A55, 1세트",2025-09-21 01:50:11,INC14,1,"9,540","9,540",2025-11-17
27098534,발주,113247980,22295482,"오하이 태블릿 지문방지 필름 2매, 아이패드 에어4/5 투명",2025-09-21 01:45:16,INC14,2,"9,540","19,080",2025-11-17
27112069,발주,112823925,19454771,"오하이 풀커버 강화유리 액정보호필름2개 + EZ툴 제공, 아이폰12/12프로",2025-09-22 09:57:35,GOY1,17,"10,740","182,580",2025-11-14
27112069,발주,112823925,39017747,"오하이 풀커버 강화유리 액정보호필름 + 이지솔루션 제공, 2개, 아이폰15",2025-09-22 09:33:19,GOY1,34,"10,740","365,160",2025-11-14
27112069,발주,112823925,39017749,"오하이 풀커버 강화유리 액정보호필름 + 이지솔루션 제공, 2개, 아이폰15프로",2025-09-22 09:33:12,GOY1,10,"10,740","107,400",2025-11-14
27112069,발주,112823925,39017754,"오하이 풀커버 강화유리 액정보호필름 + 이지솔루션 제공, 2개, 아이폰15프로맥스",2025-09-22 09:47:41,GOY1,13,"10,740","139,620",2025-11-14
27112069,발주,112823925,50342952,"오하이 풀커버 강화유리 액정보호필름2개 + EZ툴 제공, 아이폰16",2025-09-22 09:28:47,GOY1,43,"10,740","461,820",2025-11-14
27112069,발주,112901669,27686157,"오하이 풀커버 강화유리 액정보호필름 + 이지솔루션 제공, 2개, 아이폰14프로맥스",2025-09-22 09:45:30,GOY1,9,"10,740","96,660",2025-11-14
27112069,발주,112901669,39017747,"오하이 풀커버 강화유리 액정보호필름 + 이지솔루션 제공, 2개, 아이폰15",2025-09-22 09:47:41,GOY1,9,"10,740","96,660",2025-11-14
27112069,발주,112901669,39017749,"오하이 풀커버 강화유리 액정보호필름 + 이지솔루션 제공, 2개, 아이폰15프로",2025-09-22 10:19:56,GOY1,12,"10,740","128,880",2025-11-14
27112069,발주,112901669,50342952,"오하이 풀커버 강화유리 액정보호필름2개 + EZ툴 제공, 아이폰16",2025-09-22 09:57:38,GOY1,6,"10,740","64,440",2025-11-14
27112069,발주,112901669,55707338,"오하이 전면 3D 풀커버 TPU 지문방지 + 무광택 휴대폰 액정보호필름 3p + 부착 가이드툴, 삼성 갤럭시 S25울트라, 1세트",2025-09-22 09:56:45,GOY1,3,"9,060","27,180",2025-11-14
27112069,발주,112990559,39017749,"오하이 풀커버 강화유리 액정보호필름 + 이지솔루션 제공, 2개, 아이폰15프로",2025-09-22 10:19:56,GOY1,12,"10,740","128,880",2025-11-14
27112069,발주,113127025,27686155,"오하이 풀커버 강화유리 액정보호필름 + 이지솔루션 제공, 2개, 아이폰14프로",2025-09-22 09:56:45,GOY1,19,"10,740","204,060",2025-11-14
27112069,발주,113127025,31762099,"오하이 전면 3D 풀커버 TPU 지문방지 + 무광택 휴대폰 액정보호필름 3p + 부착 가이드툴, 갤럭시S23울트라, 1세트",2025-09-22 09:52:24,GOY1,20,"9,540","190,800",2025-11-14
27112069,발주,113127025,39017749,"오하이 풀커버 강화유리 액정보호필름 + 이지솔루션 제공, 2개, 아이폰15프로",2025-09-22 09:33:12,GOY1,17,"10,740","182,580",2025-11-14
27112069,발주,113127025,39017749,"오하이 풀커버 강화유리 액정보호필름 + 이지솔루션 제공, 2개, 아이폰15프로",2025-09-22 10:19:56,GOY1,7,"10,740","75,180",2025-11-14
27112069,발주,113127025,50342949,"오하이 풀커버 강화유리 액정보호필름2개 + EZ툴 제공, 아이폰16프로",2025-09-22 09:45:30,GOY1,15,"10,740","161,100",2025-11-14
27112069,발주,113127025,50342949,"오하이 풀커버 강화유리 액정보호필름2개 + EZ툴 제공, 아이폰16프로",2025-09-22 09:47:41,GOY1,4,"10,740","42,960",2025-11-14
27112069,발주,113127025,62921998,"오하이 폴드,플립 지문방지 무광택 액정보호 필름 + 부착 안내문, 삼성 갤럭시 Z플립7, 1세트 투명",2025-09-22 09:57:35,GOY1,16,"10,700","171,200",2025-11-14
27112070,발주,113348416,63858199,오하이 일미리 맥세이프 변색 없는 PC 하드 휴대폰 케이스 투명 아이폰17,2025-09-22 19:42:55,INC32,3,"10,080","30,240",2025-11-20
27112070,발주,113351136,19454769,"오하이 풀커버 강화유리 액정보호필름2개 + EZ툴 제공, 아이폰12미니",2025-09-22 19:26:46,INC32,6,"10,740","64,440",2025-11-20
27112070,발주,113351136,40840081,"오하이 전면 3D 풀커버 TPU 지문방지 + 무광택 휴대폰 액정보호필름 3p + 부착 가이드툴, 아이폰14프로맥스, 1세트",2025-09-22 17:52:06,INC32,2,"9,540","19,080",2025-11-20
27112070,발주,113351136,40840081,"오하이 전면 3D 풀커버 TPU 지문방지 + 무광택 휴대폰 액정보호필름 3p + 부착 가이드툴, 아이폰14프로맥스, 1세트",2025-09-22 19:49:04,INC32,1,"9,540","9,540",2025-11-20
27112070,발주,113466828,41911911,"오하이 지문방지 PET 무광필름 2매, 갤럭시 S24, 1세트",2025-09-22 20:02:19,INC32,1,"9,600","9,600",2025-11-20
27112070,발주,113466828,63835702,오하이 1mm 변색 없는 PC 하드 케이스 투명 아이폰17,2025-09-22 19:42:55,INC32,2,"7,680","15,360",2025-11-20
27112070,발주,113466828,63835703,오하이 1mm 변색 없는 PC 하드 케이스 투명 아이폰17프로,2025-09-22 17:52:06,INC32,2,"7,680","15,360",2025-11-20
27112070,발주,113585443,36684361,"오하이 전면 3D 풀커버 TPU 지문방지 + 무광택 휴대폰 액정보호필름 3p + 부착 가이드툴, 갤럭시노트20울트라, 1세트",2025-09-22 19:45:21,INC32,2,"9,540","19,080",2025-11-20
27112070,발주,113585443,36684361,"오하이 전면 3D 풀커버 TPU 지문방지 + 무광택 휴대폰 액정보호필름 3p + 부착 가이드툴, 갤럭시노트20울트라, 1세트",2025-09-22 19:48:31,INC32,3,"9,540","28,620",2025-11-20
27112070,발주,113585443,41670004,"오하이 전면 3D 풀커버 TPU 지문방지 + 무광택 휴대폰 액정보호필름 3p + 부착 가이드툴, 갤럭시 S24, 1세트",2025-09-22 17:52:06,INC32,1,"9,540","9,540",2025-11-20
27112070,발주,113585443,41670033,"오하이 전면 3D 풀커버 TPU 지문방지 + 무광택 휴대폰 액정보호필름 3p + 부착 가이드툴, 갤럭시 S23FE, 1세트",2025-09-22 19:49:04,INC32,2,"9,540","19,080",2025-11-20
27112070,발주,113585443,52729614,"오하이 전면 3D 풀커버 TPU 지문방지 + 무광택 휴대폰 액정보호필름 3p + 부착 가이드툴, 삼성 갤럭시 S24FE, 1세트",2025-09-22 19:45:09,INC32,14,"9,540","133,560",2025-11-20
27112070,발주,113585443,57316038,"오하이 일미리 케이스 1mm 변색 없는 PC 하드 케이스, 아이폰 15프로",2025-09-22 19:42:55,INC32,6,"8,000","48,000",2025-11-20
27112070,발주,113665221,36758773,"오하이 지문방지 PET 무광필름 2매, 아이폰14프로, 1세트",2025-09-22 20:05:04,INC32,1,"9,600","9,600",2025-11-20
27112070,발주,113665221,41269804,"오하이 사생활보호 프라이버시 TPU 지문인식 휴대폰 액정보호필름 2매+간편부착 툴, 삼성 갤럭시 S23플러스, 1세트",2025-09-22 20:02:19,INC32,1,"6,705","6,705",2025-11-20
27112070,발주,113666535,13906334,"오하이 전면 3D 풀커버 TPU 지문방지 + 무광택 휴대폰 액정보호필름 3p + 부착 가이드툴, 갤럭시노트20, 1세트",2025-09-22 20:02:19,INC32,1,"9,540","9,540",2025-11-20
27112070,발주,113666535,36684361,"오하이 전면 3D 풀커버 TPU 지문방지 + 무광택 휴대폰 액정보호필름 3p + 부착 가이드툴, 갤럭시노트20울트라, 1세트",2025-09-22 20:02:19,INC32,1,"9,540","9,540",2025-11-20
27112070,발주,113666535,40840056,"오하이 전면 3D 풀커버 TPU 지문방지 + 무광택 휴대폰 액정보호필름 3p + 부착 가이드툴, 아이폰12/12프로, 1세트",2025-09-22 20:02:19,INC32,3,"9,540","28,620",2025-11-20
27112070,발주,113666535,40840059,"오하이 전면 3D 풀커버 TPU 지문방지 + 무광택 휴대폰 액정보호필름 3p + 부착 가이드툴, 아이폰12미니, 1세트",2025-09-22 19:48:31,INC32,3,"9,540","28,620",2025-11-20
27112070,발주,113666535,40840065,"오하이 전면 3D 풀커버 TPU 지문방지 + 무광택 휴대폰 액정보호필름 3p + 부착 가이드툴, 아이폰13/13프로, 1세트",2025-09-22 19:26:46,INC32,1,"9,540","9,540",2025-11-20
27112070,발주,113666535,40840066,"오하이 전면 3D 풀커버 TPU 지문방지 + 무광택 휴대폰 액정보호필름 3p + 부착 가이드툴, 아이폰13미니, 1세트",2025-09-22 19:48:31,INC32,3,"9,540","28,620",2025-11-20
27112070,발주,113666535,40840085,"오하이 전면 3D 풀커버 TPU 지문방지 + 무광택 휴대폰 액정보호필름 3p + 부착 가이드툴, 아이폰15, 1세트",2025-09-22 19:48:31,INC32,2,"9,540","19,080",2025-11-20
27112070,발주,113666535,41269801,"오하이 사생활보호 프라이버시 TPU 지문인식 휴대폰 액정보호필름 2매+간편부착 툴, 삼성 갤럭시 S23울트라, 1세트",2025-09-22 19:45:21,INC32,6,"6,705","40,230",2025-11-20
27112070,발주,113666535,41670004,"오하이 전면 3D 풀커버 TPU 지문방지 + 무광택 휴대폰 액정보호필름 3p + 부착 가이드툴, 갤럭시 S24, 1세트",2025-09-22 19:26:46,INC32,6,"9,540","57,240",2025-11-20
27112070,발주,113666535,41670010,"오하이 전면 3D 풀커버 TPU 지문방지 + 무광택 휴대폰 액정보호필름 3p + 부착 가이드툴, 갤럭시 S24울트라, 1세트",2025-09-22 20:02:19,INC32,2,"9,540","19,080",2025-11-20
27112070,발주,113666535,50428036,"오하이 전면 3D 풀커버 TPU 지문방지 + 무광택 휴대폰 액정보호필름 3p + 부착 가이드툴, 아이폰16, 1세트",2025-09-22 19:45:21,INC32,1,"9,540","9,540",2025-11-20
27112070,발주,113666535,50428038,"오하이 전면 3D 풀커버 TPU 지문방지 + 무광택 휴대폰 액정보호필름 3p + 부착 가이드툴, 아이폰16프로, 1세트",2025-09-22 17:52:06,INC32,8,"9,540","76,320",2025-11-20
27112070,발주,113666535,50428038,"오하이 전면 3D 풀커버 TPU 지문방지 + 무광택 휴대폰 액정보호필름 3p + 부착 가이드툴, 아이폰16프로, 1세트",2025-09-22 19:49:04,INC32,1,"9,540","9,540",2025-11-20
27112070,발주,113666535,52729614,"오하이 전면 3D 풀커버 TPU 지문방지 + 무광택 휴대폰 액정보호필름 3p + 부착 가이드툴, 삼성 갤럭시 S24FE, 1세트",2025-09-22 20:05:04,INC32,1,"9,540","9,540",2025-11-20
27112070,발주,113666535,60043362,"오하이 전면 3D 풀커버 TPU 지문방지 + 무광택 휴대폰 액정보호필름 3p + 부착 가이드툴, 갤럭시 S25엣지, 1세트",2025-09-22 19:45:21,INC32,5,"9,540","47,700",2025-11-20
27112070,발주,113666535,62921998,"오하이 폴드,플립 지문방지 무광택 액정보호 필름 + 부착 안내문, 삼성 갤럭시 Z플립7, 1세트 투명",2025-09-22 19:42:55,INC32,23,"10,700","246,100",2025-11-20
27112070,발주,113666535,63073467,"오하이 전면 3D 풀커버 TPU 지문방지 + 무광택 필름 + 부착 가이드툴, 갤럭시S23플러스, 1세트",2025-09-22 19:26:46,INC32,5,"9,540","47,700",2025-11-20
27112071,발주,113350832,35373959,"오하이 EZ툴 아이폰 풀커버 사생활보호 프라이버시 강화유리필름 2매, 아이폰 12 프로맥스, 1세트",2025-09-22 17:34:55,CHW4,3,"11,940","35,820",2025-11-21
27112071,발주,113350832,35373963,"오하이 EZ툴 아이폰 풀커버 사생활보호 프라이버시 강화유리필름 2매, 아이폰 12/12프로, 1세트",2025-09-22 17:37:53,CHW4,2,"11,940","23,880",2025-11-21
27112071,발주,113350832,36684361,"오하이 전면 3D 풀커버 TPU 지문방지 + 무광택 휴대폰 액정보호필름 3p + 부착 가이드툴, 갤럭시노트20울트라, 1세트",2025-09-22 17:40:56,CHW4,7,"9,540","66,780",2025-11-21
27112071,발주,113350832,40840063,"오하이 전면 3D 풀커버 TPU 지문방지 + 무광택 휴대폰 액정보호필름 3p + 부착 가이드툴, 아이폰12프로맥스, 1세트",2025-09-22 19:48:03,CHW4,1,"9,540","9,540",2025-11-21
27112071,발주,113350832,40840066,"오하이 전면 3D 풀커버 TPU 지문방지 + 무광택 휴대폰 액정보호필름 3p + 부착 가이드툴, 아이폰13미니, 1세트",2025-09-22 19:44:04,CHW4,3,"9,540","28,620",2025-11-21
27112071,발주,113350832,42015231,"오하이 사생활보호 프라이버시 TPU 지문인식 휴대폰 액정보호필름 2매+간편부착 툴, 삼성 갤럭시 S24울트라, 1세트",2025-09-22 17:37:53,CHW4,2,"6,705","13,410",2025-11-21
27112071,발주,113350832,48102856,오하이 갤럭시 Z플립 6 저반사 지문방지 풀커버 액정보호필름 내부3매+외부3매 1세트,2025-09-22 17:34:55,CHW4,4,"10,700","42,800",2025-11-21
27112071,발주,113350832,48183127,"오하이 전면 3D 풀커버 TPU 지문방지 + 무광택 휴대폰 액정보호필름 3p + 부착 가이드툴, 갤럭시 A15, 1세트",2025-09-22 17:47:37,CHW4,3,"9,540","28,620",2025-11-21
27112071,발주,113350832,48472777,"오하이 풀커버 강화유리 액정보호필름2개 + EZ툴 제공, 갤럭시S24",2025-09-22 17:31:33,CHW4,5,"10,740","53,700",2025-11-21
27112071,발주,113350832,50428036,"오하이 전면 3D 풀커버 TPU 지문방지 + 무광택 휴대폰 액정보호필름 3p + 부착 가이드툴, 아이폰16, 1세트",2025-09-22 17:43:26,CHW4,6,"9,540","57,240",2025-11-21
27112071,발주,113350832,52723709,"오하이 지문방지 PET 무광필름 2매, 갤럭시 S24FE, 1세트",2025-09-22 19:48:03,CHW4,3,"9,600","28,800",2025-11-21
27112071,발주,113350832,59459681,"오하이 지문방지 무광택 액정보호 필름 삼성 갤럭시 Z폴드SE (스페셜 에디션), 1세트",2025-09-22 19:40:28,CHW4,2,"11,940","23,880",2025-11-21
27112071,발주,113350832,63073467,"오하이 전면 3D 풀커버 TPU 지문방지 + 무광택 필름 + 부착 가이드툴, 갤럭시S23플러스, 1세트",2025-09-22 17:31:33,CHW4,12,"9,540","114,480",2025-11-21
27112071,발주,113466664,57316050,"오하이 일미리 케이스 1mm 변색 없는 PC 하드 케이스, 갤럭시 S24 플러스",2025-09-22 17:34:55,CHW4,1,"8,000","8,000",2025-11-21
27112071,발주,113466664,63427939,오하이 일미리 맥세이프 케이스 1mm PC 하드 케이스 투명 아이폰 14프로맥스,2025-09-22 17:37:53,CHW4,2,"10,080","20,160",2025-11-21
27126654,발주,112824008,18371042,"오하이 풀커버 강화유리 액정보호필름2개 + EZ툴 제공, 아이폰13프로맥스",2025-09-23 20:41:39,INC28,2,"10,740","21,480",2025-11-14
27126654,발주,112824008,39017751,"오하이 풀커버 강화유리 액정보호필름 + 이지솔루션 제공, 2개, 아이폰15플러스",2025-09-23 20:41:39,INC28,4,"10,740","42,960",2025-11-14
27126654,발주,113148188,35373969,"오하이 EZ툴 아이폰 풀커버 사생활보호 프라이버시 강화유리필름 2매, 아이폰 14 프로맥스, 1세트",2025-09-23 20:56:43,INC28,10,"11,940","119,400",2025-11-14
27126654,발주,113148188,41555878,"오하이 EZ툴 풀커버 사생활보호 프라이버시 강화유리 휴대폰 액정보호필름 2매, 아이폰 15 플러스, 1세트",2025-09-23 20:38:02,INC28,4,"11,940","47,760",2025-11-14
27126654,발주,113201018,41555857,"오하이 EZ툴 풀커버 사생활보호 프라이버시 강화유리 휴대폰 액정보호필름 2매, 아이폰 15 프로, 1세트",2025-09-23 20:53:10,INC28,30,"11,940","358,200",2025-11-14
27126654,발주,113201018,41670025,"오하이 전면 3D 풀커버 TPU 지문방지 무광택 필름 3p + 부착 가이드툴, 갤럭시 S24플러스, 1세트",2025-09-23 19:52:40,INC28,21,"9,540","200,340",2025-11-14
27126654,발주,113201018,50344701,"오하이 EZ툴 아이폰 풀커버 사생활보호 프라이버시 강화유리필름 2매, 아이폰 16 프로, 1세트",2025-09-23 20:38:02,INC28,4,"11,940","47,760",2025-11-14
27126654,발주,113201018,50344701,"오하이 EZ툴 아이폰 풀커버 사생활보호 프라이버시 강화유리필름 2매, 아이폰 16 프로, 1세트",2025-09-23 20:41:52,INC28,12,"11,940","143,280",2025-11-14
27126654,발주,113201018,50428038,"오하이 전면 3D 풀커버 TPU 지문방지 + 무광택 휴대폰 액정보호필름 3p + 부착 가이드툴, 아이폰16프로, 1세트",2025-09-23 19:52:49,INC28,49,"9,540","467,460",2025-11-14
27139912,발주,113148096,48102855,오하이 갤럭시 Z폴드6 저반사 지문방지 풀커버 액정보호필름 외부3매+내부 3매 1세트,2025-09-24 21:25:48,INC28,12,"12,000","144,000",2025-11-17
27139912,발주,113148188,40840066,"오하이 전면 3D 풀커버 TPU 지문방지 + 무광택 휴대폰 액정보호필름 3p + 부착 가이드툴, 아이폰13미니, 1세트",2025-09-24 21:25:48,INC28,9,"9,540","85,860",2025-11-17
27139912,발주,113201018,31762097,"오하이 전면 3D 풀커버 TPU 지문방지 + 무광택 휴대폰 액정보호필름 3p + 부착 가이드툴, 갤럭시S23, 1세트",2025-09-24 21:55:20,INC28,24,"9,540","228,960",2025-11-17
27139912,발주,113201018,40840079,"오하이 전면 3D 풀커버 TPU 지문방지 + 무광택 휴대폰 액정보호필름 3p + 부착 가이드툴, 아이폰14프로, 1세트",2025-09-24 21:36:42,INC28,20,"9,540","190,800",2025-11-17
27139912,발주,113201018,41670010,"오하이 전면 3D 풀커버 TPU 지문방지 + 무광택 휴대폰 액정보호필름 3p + 부착 가이드툴, 갤럭시 S24울트라, 1세트",2025-09-24 21:42:23,INC28,6,"9,540","57,240",2025-11-17
27139912,발주,113201018,53854611,"오하이 전면 3D 풀커버 TPU 지문방지 + 무광택 휴대폰 액정보호필름 3p + 부착 가이드툴, 갤럭시 A16 5G, 1세트",2025-09-24 21:42:23,INC28,9,"9,540","85,860",2025-11-17
27139912,발주,113201018,55707338,"오하이 전면 3D 풀커버 TPU 지문방지 + 무광택 휴대폰 액정보호필름 3p + 부착 가이드툴, 삼성 갤럭시 S25울트라, 1세트",2025-09-24 21:36:42,INC28,6,"9,060","54,360",2025-11-17
27139912,발주,113201018,55707340,"오하이 전면 3D 풀커버 TPU 지문방지 + 무광택 휴대폰 액정보호필름 3p + 부착 가이드툴, 삼성 갤럭시 S25, 1세트",2025-09-24 21:25:48,INC28,6,"9,060","54,360",2025-11-17
27139912,발주,113201018,55707340,"오하이 전면 3D 풀커버 TPU 지문방지 + 무광택 휴대폰 액정보호필름 3p + 부착 가이드툴, 삼성 갤럭시 S25, 1세트",2025-09-24 21:36:42,INC28,20,"9,060","181,200",2025-11-17
27139912,발주,113201406,48562240,"[10매]오하이 버디필름 장타 비거리스티커 드라이버 우드 헤드 보호 슬라이스방지 골프필름, 드라이버용, 1세트, 드라이버용 10매 95*48mm 단일색상",2025-09-24 21:42:23,INC28,30,"9,000","270,000",2025-11-17
27139914,발주,113349931,18371042,"오하이 풀커버 강화유리 액정보호필름2개 + EZ툴 제공, 아이폰13프로맥스",2025-09-24 14:41:24,KKW3,1,"10,740","10,740",2025-11-21
27139914,발주,113349931,27686154,"오하이 풀커버 강화유리 액정보호필름 + 이지솔루션 제공, 2개, 아이폰14",2025-09-24 14:45:07,KKW3,14,"10,740","150,360",2025-11-21
27139914,발주,113349931,35373969,"오하이 EZ툴 아이폰 풀커버 사생활보호 프라이버시 강화유리필름 2매, 아이폰 14 프로맥스, 1세트",2025-09-24 14:45:07,KKW3,9,"11,940","107,460",2025-11-21
27139914,발주,113350734,18371042,"오하이 풀커버 강화유리 액정보호필름2개 + EZ툴 제공, 아이폰13프로맥스",2025-09-24 16:30:00,CHW3,7,"10,740","75,180",2025-11-21
27139914,발주,113351136,50342952,"오하이 풀커버 강화유리 액정보호필름2개 + EZ툴 제공, 아이폰16",2025-09-24 16:55:49,INC32,14,"10,740","150,360",2025-11-21
27139914,발주,113351136,55701818,"오하이 풀커버 강화유리 액정보호필름 + 이지솔루션 제공, 2매1세트, 갤럭시S25",2025-09-24 16:39:18,INC32,5,"10,740","53,700",2025-11-21
27139914,발주,113351136,55701818,"오하이 풀커버 강화유리 액정보호필름 + 이지솔루션 제공, 2매1세트, 갤럭시S25",2025-09-24 16:55:49,INC32,44,"10,740","472,560",2025-11-21
27139914,발주,113351275,27686154,"오하이 풀커버 강화유리 액정보호필름 + 이지솔루션 제공, 2개, 아이폰14",2025-09-24 21:54:23,DON1,14,"10,740","150,360",2025-11-21
27139914,발주,113351275,39017754,"오하이 풀커버 강화유리 액정보호필름 + 이지솔루션 제공, 2개, 아이폰15프로맥스",2025-09-24 21:54:23,DON1,5,"10,740","53,700",2025-11-21
27139914,발주,113351275,50342952,"오하이 풀커버 강화유리 액정보호필름2개 + EZ툴 제공, 아이폰16",2025-09-24 23:10:04,DON1,40,"10,740","429,600",2025-11-21
27139914,발주,113351275,55701817,"오하이 풀커버 강화유리 액정보호필름 + 이지솔루션 제공, 2매1세트, 갤럭시S25 울트라",2025-09-24 21:54:23,DON1,8,"10,740","85,920",2025-11-21
27139914,발주,113584258,18371042,"오하이 풀커버 강화유리 액정보호필름2개 + EZ툴 제공, 아이폰13프로맥스",2025-09-24 16:30:00,CHW3,4,"10,740","42,960",2025-11-21
27139914,발주,113584469,19454769,"오하이 풀커버 강화유리 액정보호필름2개 + EZ툴 제공, 아이폰12미니",2025-09-24 14:41:24,KKW3,2,"10,740","21,480",2025-11-21
27139914,발주,113584469,35373954,"오하이 EZ툴 아이폰 풀커버 사생활보호 프라이버시 강화유리필름 2매, 아이폰 13/13프로, 1세트",2025-09-24 14:41:24,KKW3,4,"11,940","47,760",2025-11-21
27139914,발주,113584469,35373961,"오하이 EZ툴 아이폰 풀커버 사생활보호 프라이버시 강화유리필름 2매, 아이폰 14, 1세트",2025-09-24 14:41:24,KKW3,2,"11,940","23,880",2025-11-21
27139914,발주,113584469,35373963,"오하이 EZ툴 아이폰 풀커버 사생활보호 프라이버시 강화유리필름 2매, 아이폰 12/12프로, 1세트",2025-09-24 14:41:24,KKW3,2,"11,940","23,880",2025-11-21
27139914,발주,113584469,41555886,"오하이 EZ툴 풀커버 사생활보호 프라이버시 강화유리 휴대폰 액정보호필름 2매, 아이폰 15 프로맥스, 1세트",2025-09-24 14:41:24,KKW3,2,"11,940","23,880",2025-11-21
27139914,발주,113584469,50342952,"오하이 풀커버 강화유리 액정보호필름2개 + EZ툴 제공, 아이폰16",2025-09-24 14:45:07,KKW3,21,"10,740","225,540",2025-11-21
27139914,발주,113584469,50344698,"오하이 EZ툴 풀커버 사생활보호 프라이버시 강화유리 휴대폰 액정보호필름 2매, 아이폰 16 프로맥스, 1세트",2025-09-24 14:45:07,KKW3,10,"11,940","119,400",2025-11-21
27139914,발주,113584469,50344701,"오하이 EZ툴 아이폰 풀커버 사생활보호 프라이버시 강화유리필름 2매, 아이폰 16 프로, 1세트",2025-09-24 14:41:24,KKW3,13,"11,940","155,220",2025-11-21
27139914,발주,113585443,50342952,"오하이 풀커버 강화유리 액정보호필름2개 + EZ툴 제공, 아이폰16",2025-09-24 16:55:49,INC32,10,"10,740","107,400",2025-11-21
27139914,발주,113666535,50342952,"오하이 풀커버 강화유리 액정보호필름2개 + EZ툴 제공, 아이폰16",2025-09-24 16:55:49,INC32,25,"10,740","268,500",2025-11-21
27139914,발주,113783833,19454771,"오하이 풀커버 강화유리 액정보호필름2개 + EZ툴 제공, 아이폰12/12프로",2025-09-24 21:54:23,DON1,4,"10,740","42,960",2025-11-21
27139914,발주,113783833,40840087,"오하이 전면 3D 풀커버 TPU 지문방지 + 무광택 휴대폰 액정보호필름 3p + 부착 가이드툴, 아이폰15프로, 1세트",2025-09-24 21:49:05,DON1,68,"9,540","648,720",2025-11-21
27139914,발주,113783833,50344701,"오하이 EZ툴 아이폰 풀커버 사생활보호 프라이버시 강화유리필름 2매, 아이폰 16 프로, 1세트",2025-09-24 21:54:23,DON1,22,"11,940","262,680",2025-11-21
27139914,발주,113789377,27686154,"오하이 풀커버 강화유리 액정보호필름 + 이지솔루션 제공, 2개, 아이폰14",2025-09-24 21:25:41,DAEGU2,15,"10,740","161,100",2025-11-21
27139914,발주,113789377,31762097,"오하이 전면 3D 풀커버 TPU 지문방지 + 무광택 휴대폰 액정보호필름 3p + 부착 가이드툴, 갤럭시S23, 1세트",2025-09-24 22:00:16,DAEGU2,49,"9,540","467,460",2025-11-21
27139914,발주,113789377,31762099,"오하이 전면 3D 풀커버 TPU 지문방지 + 무광택 휴대폰 액정보호필름 3p + 부착 가이드툴, 갤럭시S23울트라, 1세트",2025-09-24 22:04:27,DAEGU2,1,"9,540","9,540",2025-11-21
27139914,발주,113789377,41670004,"오하이 전면 3D 풀커버 TPU 지문방지 + 무광택 휴대폰 액정보호필름 3p + 부착 가이드툴, 갤럭시 S24, 1세트",2025-09-24 21:25:41,DAEGU2,37,"9,540","352,980",2025-11-21
27139914,발주,113789377,41670010,"오하이 전면 3D 풀커버 TPU 지문방지 + 무광택 휴대폰 액정보호필름 3p + 부착 가이드툴, 갤럭시 S24울트라, 1세트",2025-09-24 21:38:08,DAEGU2,65,"9,540","620,100",2025-11-21
27139914,발주,113789377,41670010,"오하이 전면 3D 풀커버 TPU 지문방지 + 무광택 휴대폰 액정보호필름 3p + 부착 가이드툴, 갤럭시 S24울트라, 1세트",2025-09-24 22:04:27,DAEGU2,32,"9,540","305,280",2025-11-21
27139914,발주,113789377,41670025,"오하이 전면 3D 풀커버 TPU 지문방지 무광택 필름 3p + 부착 가이드툴, 갤럭시 S24플러스, 1세트",2025-09-24 21:54:42,DAEGU2,35,"9,540","333,900",2025-11-21
27139914,발주,113789377,41670057,"오하이 전면 3D 풀커버 TPU 지문방지 + 무광택 휴대폰 액정보호필름 3p + 부착 가이드툴, 갤럭시 A34, 1세트",2025-09-24 23:41:29,DAEGU2,6,"9,540","57,240",2025-11-21
27139914,발주,113789377,48183125,"오하이 전면 3D 풀커버 TPU 지문방지 + 무광택 휴대폰 액정보호필름 3p + 부착 가이드툴, 갤럭시 A35, 1세트",2025-09-24 21:43:47,DAEGU2,2,"9,540","19,080",2025-11-21
27139914,발주,113789377,48183127,"오하이 전면 3D 풀커버 TPU 지문방지 + 무광택 휴대폰 액정보호필름 3p + 부착 가이드툴, 갤럭시 A15, 1세트",2025-09-24 23:41:29,DAEGU2,3,"9,540","28,620",2025-11-21
27139914,발주,113789377,62921998,"오하이 폴드,플립 지문방지 무광택 액정보호 필름 + 부착 안내문, 삼성 갤럭시 Z플립7, 1세트 투명",2025-09-24 21:26:07,DAEGU2,127,"10,700","1,358,900",2025-11-21
27139914,발주,113789377,62922000,"오하이 폴드,플립 지문방지 무광택 액정보호 필름 + 부착 안내문, 삼성 갤럭시 Z폴드7, 1세트 투명",2025-09-24 22:11:45,DAEGU2,70,"12,000","840,000",2025-11-21
27139914,발주,113789377,62922000,"오하이 폴드,플립 지문방지 무광택 액정보호 필름 + 부착 안내문, 삼성 갤럭시 Z폴드7, 1세트 투명",2025-09-24 22:22:01,DAEGU2,81,"12,000","972,000",2025-11-21
27139914,발주,113789377,62922000,"오하이 폴드,플립 지문방지 무광택 액정보호 필름 + 부착 안내문, 삼성 갤럭시 Z폴드7, 1세트 투명",2025-09-24 23:58:43,DAEGU2,51,"12,000","612,000",2025-11-21
27152999,발주,113351136,18371042,"오하이 풀커버 강화유리 액정보호필름2개 + EZ툴 제공, 아이폰13프로맥스",2025-09-25 00:59:35,INC32,5,"10,740","53,700",2025-11-21
27152999,발주,113351136,48472778,"오하이 풀커버 강화유리 액정보호필름2개 + EZ툴 제공, 갤럭시S24 울트라",2025-09-25 01:05:14,INC32,6,"10,740","64,440",2025-11-21
27152999,발주,113351136,50344698,"오하이 EZ툴 풀커버 사생활보호 프라이버시 강화유리 휴대폰 액정보호필름 2매, 아이폰 16 프로맥스, 1세트",2025-09-25 00:59:35,INC32,2,"11,940","23,880",2025-11-21
27152999,발주,113351136,50344698,"오하이 EZ툴 풀커버 사생활보호 프라이버시 강화유리 휴대폰 액정보호필름 2매, 아이폰 16 프로맥스, 1세트",2025-09-25 01:52:16,INC32,1,"11,940","11,940",2025-11-21
27152999,발주,113351136,55701818,"오하이 풀커버 강화유리 액정보호필름 + 이지솔루션 제공, 2매1세트, 갤럭시S25",2025-09-25 00:57:44,INC32,100,"10,740","1,074,000",2025-11-21
27152999,발주,113351275,35373956,"오하이 EZ툴 아이폰 풀커버 사생활보호 프라이버시 강화유리필름 2매, 아이폰 13 프로맥스, 1세트",2025-09-25 00:25:16,DON1,3,"11,940","35,820",2025-11-21
27152999,발주,113584917,27686154,"오하이 풀커버 강화유리 액정보호필름 + 이지솔루션 제공, 2개, 아이폰14",2025-09-25 22:39:43,GOY1,14,"10,740","150,360",2025-11-21
27152999,발주,113584917,50344701,"오하이 EZ툴 아이폰 풀커버 사생활보호 프라이버시 강화유리필름 2매, 아이폰 16 프로, 1세트",2025-09-25 22:39:43,GOY1,13,"11,940","155,220",2025-11-21
27152999,발주,113585443,18371042,"오하이 풀커버 강화유리 액정보호필름2개 + EZ툴 제공, 아이폰13프로맥스",2025-09-25 00:59:35,INC32,1,"10,740","10,740",2025-11-21
27152999,발주,113585443,39017754,"오하이 풀커버 강화유리 액정보호필름 + 이지솔루션 제공, 2개, 아이폰15프로맥스",2025-09-25 00:54:32,INC32,1,"10,740","10,740",2025-11-21
27152999,발주,113666535,18371042,"오하이 풀커버 강화유리 액정보호필름2개 + EZ툴 제공, 아이폰13프로맥스",2025-09-25 00:59:35,INC32,3,"10,740","32,220",2025-11-21
27152999,발주,113666535,19454769,"오하이 풀커버 강화유리 액정보호필름2개 + EZ툴 제공, 아이폰12미니",2025-09-25 01:02:06,INC32,1,"10,740","10,740",2025-11-21
27152999,발주,113666535,27686154,"오하이 풀커버 강화유리 액정보호필름 + 이지솔루션 제공, 2개, 아이폰14",2025-09-25 00:54:32,INC32,3,"10,740","32,220",2025-11-21
27152999,발주,113666535,27686154,"오하이 풀커버 강화유리 액정보호필름 + 이지솔루션 제공, 2개, 아이폰14",2025-09-25 01:02:06,INC32,5,"10,740","53,700",2025-11-21
27152999,발주,113666535,27686155,"오하이 풀커버 강화유리 액정보호필름 + 이지솔루션 제공, 2개, 아이폰14프로",2025-09-25 23:53:10,INC32,10,"10,740","107,400",2025-11-21
27152999,발주,113666535,35373963,"오하이 EZ툴 아이폰 풀커버 사생활보호 프라이버시 강화유리필름 2매, 아이폰 12/12프로, 1세트",2025-09-25 01:05:14,INC32,1,"11,940","11,940",2025-11-21
27152999,발주,113666535,35373969,"오하이 EZ툴 아이폰 풀커버 사생활보호 프라이버시 강화유리필름 2매, 아이폰 14 프로맥스, 1세트",2025-09-25 01:02:06,INC32,4,"11,940","47,760",2025-11-21
27152999,발주,113666535,39017747,"오하이 풀커버 강화유리 액정보호필름 + 이지솔루션 제공, 2개, 아이폰15",2025-09-25 00:59:35,INC32,1,"10,740","10,740",2025-11-21
27152999,발주,113666535,39017747,"오하이 풀커버 강화유리 액정보호필름 + 이지솔루션 제공, 2개, 아이폰15",2025-09-25 01:02:06,INC32,5,"10,740","53,700",2025-11-21
27152999,발주,113666535,39017749,"오하이 풀커버 강화유리 액정보호필름 + 이지솔루션 제공, 2개, 아이폰15프로",2025-09-25 23:53:10,INC32,90,"10,740","966,600",2025-11-21
27152999,발주,113666535,39017754,"오하이 풀커버 강화유리 액정보호필름 + 이지솔루션 제공, 2개, 아이폰15프로맥스",2025-09-25 00:54:32,INC32,15,"10,740","161,100",2025-11-21
27152999,발주,113666535,41555886,"오하이 EZ툴 풀커버 사생활보호 프라이버시 강화유리 휴대폰 액정보호필름 2매, 아이폰 15 프로맥스, 1세트",2025-09-25 00:54:32,INC32,8,"11,940","95,520",2025-11-21
27152999,발주,113666535,41555886,"오하이 EZ툴 풀커버 사생활보호 프라이버시 강화유리 휴대폰 액정보호필름 2매, 아이폰 15 프로맥스, 1세트",2025-09-25 00:59:35,INC32,5,"11,940","59,700",2025-11-21
27152999,발주,113666535,48472777,"오하이 풀커버 강화유리 액정보호필름2개 + EZ툴 제공, 갤럭시S24",2025-09-25 01:05:14,INC32,2,"10,740","21,480",2025-11-21
27152999,발주,113666535,50342948,"오하이 풀커버 강화유리 액정보호필름2개 + EZ툴 제공, 아이폰16플러스",2025-09-25 00:59:35,INC32,3,"10,740","32,220",2025-11-21
27152999,발주,113666535,50342948,"오하이 풀커버 강화유리 액정보호필름2개 + EZ툴 제공, 아이폰16플러스",2025-09-25 01:02:06,INC32,2,"10,740","21,480",2025-11-21
27152999,발주,113782664,50428038,"오하이 전면 3D 풀커버 TPU 지문방지 + 무광택 휴대폰 액정보호필름 3p + 부착 가이드툴, 아이폰16프로, 1세트",2025-09-25 09:51:49,INC32,45,"9,540","429,300",2025-11-21
27152999,발주,113782664,55707340,"오하이 전면 3D 풀커버 TPU 지문방지 + 무광택 휴대폰 액정보호필름 3p + 부착 가이드툴, 삼성 갤럭시 S25, 1세트",2025-09-25 09:51:58,INC32,20,"9,060","181,200",2025-11-21
27152999,발주,113783220,41555878,"오하이 EZ툴 풀커버 사생활보호 프라이버시 강화유리 휴대폰 액정보호필름 2매, 아이폰 15 플러스, 1세트",2025-09-25 03:08:17,INC36,1,"11,940","11,940",2025-11-21
27152999,발주,113783220,41555886,"오하이 EZ툴 풀커버 사생활보호 프라이버시 강화유리 휴대폰 액정보호필름 2매, 아이폰 15 프로맥스, 1세트",2025-09-25 03:08:30,INC36,1,"11,940","11,940",2025-11-21
27152999,발주,113783220,50344698,"오하이 EZ툴 풀커버 사생활보호 프라이버시 강화유리 휴대폰 액정보호필름 2매, 아이폰 16 프로맥스, 1세트",2025-09-25 03:00:49,INC36,22,"11,940","262,680",2025-11-21
27152999,발주,113783220,50344700,"오하이 EZ툴 풀커버 사생활보호 프라이버시 강화유리 휴대폰 액정보호필름 2매, 아이폰 16, 1세트",2025-09-25 03:06:06,INC36,3,"11,940","35,820",2025-11-21
27152999,발주,113783220,50344701,"오하이 EZ툴 아이폰 풀커버 사생활보호 프라이버시 강화유리필름 2매, 아이폰 16 프로, 1세트",2025-09-25 02:57:37,INC36,33,"11,940","394,020",2025-11-21
27152999,발주,113783220,55701818,"오하이 풀커버 강화유리 액정보호필름 + 이지솔루션 제공, 2매1세트, 갤럭시S25",2025-09-25 03:04:01,INC36,40,"10,740","429,600",2025-11-21
27152999,발주,113964121,62178967,오하이 풀커버 강화유리 휴대폰 액정보호필름 2p + EZ 툴 세트 아이폰17프로맥스 1세트,2025-09-25 00:46:01,INC32,13,"10,740","139,620",2025-11-21
27152999,발주,113964121,62178971,오하이 풀커버 강화유리 휴대폰 액정보호필름 2p + EZ 툴 세트 아이폰17 1세트,2025-09-25 00:46:01,INC32,13,"10,740","139,620",2025-11-21
27152999,발주,113964121,63858202,오하이 일미리 맥세이프 변색 없는 PC 하드 휴대폰 케이스 투명 아이폰17에어,2025-09-25 00:46:01,INC32,2,"10,080","20,160",2025-11-21
27153000,발주,113350160,50344698,"오하이 EZ툴 풀커버 사생활보호 프라이버시 강화유리 휴대폰 액정보호필름 2매, 아이폰 16 프로맥스, 1세트",2025-09-25 13:44:33,SEL1,17,"11,940","202,980",2025-11-24
27153000,발주,113351248,18371042,"오하이 풀커버 강화유리 액정보호필름2개 + EZ툴 제공, 아이폰13프로맥스",2025-09-25 18:41:52,DAE6,13,"10,740","139,620",2025-11-24
27153000,발주,113351248,39017754,"오하이 풀커버 강화유리 액정보호필름 + 이지솔루션 제공, 2개, 아이폰15프로맥스",2025-09-25 18:41:52,DAE6,10,"10,740","107,400",2025-11-24
27153000,발주,113351248,50344698,"오하이 EZ툴 풀커버 사생활보호 프라이버시 강화유리 휴대폰 액정보호필름 2매, 아이폰 16 프로맥스, 1세트",2025-09-25 18:37:22,DAE6,12,"11,940","143,280",2025-11-24
27153000,발주,113351580,50342952,"오하이 풀커버 강화유리 액정보호필름2개 + EZ툴 제공, 아이폰16",2025-09-25 01:24:53,YAS1,21,"10,740","225,540",2025-11-24
27153000,발주,113585112,39017754,"오하이 풀커버 강화유리 액정보호필름 + 이지솔루션 제공, 2개, 아이폰15프로맥스",2025-09-25 12:10:49,SEL1,9,"10,740","96,660",2025-11-24
27153000,발주,113585112,48472777,"오하이 풀커버 강화유리 액정보호필름2개 + EZ툴 제공, 갤럭시S24",2025-09-25 13:44:33,SEL1,1,"10,740","10,740",2025-11-24
27153000,발주,113585112,50342948,"오하이 풀커버 강화유리 액정보호필름2개 + EZ툴 제공, 아이폰16플러스",2025-09-25 12:10:49,SEL1,5,"10,740","53,700",2025-11-24
27153000,발주,113585112,50342949,"오하이 풀커버 강화유리 액정보호필름2개 + EZ툴 제공, 아이폰16프로",2025-09-25 14:00:48,SEL1,50,"10,740","537,000",2025-11-24
27153000,발주,113585112,50342952,"오하이 풀커버 강화유리 액정보호필름2개 + EZ툴 제공, 아이폰16",2025-09-25 13:44:33,SEL1,19,"10,740","204,060",2025-11-24
27153000,발주,113585112,50344701,"오하이 EZ툴 아이폰 풀커버 사생활보호 프라이버시 강화유리필름 2매, 아이폰 16 프로, 1세트",2025-09-25 14:00:48,SEL1,13,"11,940","155,220",2025-11-24
27153000,발주,113585645,13906334,"오하이 전면 3D 풀커버 TPU 지문방지 + 무광택 휴대폰 액정보호필름 3p + 부착 가이드툴, 갤럭시노트20, 1세트",2025-09-25 01:22:38,YAS1,2,"9,540","19,080",2025-11-24
27153000,발주,113585645,35373969,"오하이 EZ툴 아이폰 풀커버 사생활보호 프라이버시 강화유리필름 2매, 아이폰 14 프로맥스, 1세트",2025-09-25 01:22:38,YAS1,11,"11,940","131,340",2025-11-24
27153000,발주,113585645,40840065,"오하이 전면 3D 풀커버 TPU 지문방지 + 무광택 휴대폰 액정보호필름 3p + 부착 가이드툴, 아이폰13/13프로, 1세트",2025-09-25 01:22:38,YAS1,6,"9,540","57,240",2025-11-24
27153000,발주,113585645,40840085,"오하이 전면 3D 풀커버 TPU 지문방지 + 무광택 휴대폰 액정보호필름 3p + 부착 가이드툴, 아이폰15, 1세트",2025-09-25 01:22:38,YAS1,1,"9,540","9,540",2025-11-24
27153000,발주,113585645,41269801,"오하이 사생활보호 프라이버시 TPU 지문인식 휴대폰 액정보호필름 2매+간편부착 툴, 삼성 갤럭시 S23울트라, 1세트",2025-09-25 01:22:38,YAS1,3,"6,705","20,115",2025-11-24
27153000,발주,113585645,42671224,"오하이 전면 3D 풀커버 TPU 지문방지 + 무광택 휴대폰 액정보호필름 3p + 부착 가이드툴, 삼성 갤럭시 S8, 1세트",2025-09-25 01:22:38,YAS1,3,"9,540","28,620",2025-11-24
27153000,발주,113585645,48102856,오하이 갤럭시 Z플립 6 저반사 지문방지 풀커버 액정보호필름 내부3매+외부3매 1세트,2025-09-25 01:22:38,YAS1,3,"10,700","32,100",2025-11-24
27153000,발주,113585645,48472778,"오하이 풀커버 강화유리 액정보호필름2개 + EZ툴 제공, 갤럭시S24 울트라",2025-09-25 01:29:41,YAS1,3,"10,740","32,220",2025-11-24
27153000,발주,113585645,50428035,"오하이 전면 3D 풀커버 TPU 지문방지 + 무광택 휴대폰 액정보호필름 3p + 부착 가이드툴, 아이폰16프로맥스, 1세트",2025-09-25 01:22:38,YAS1,1,"9,540","9,540",2025-11-24
27153000,발주,113722292,63835702,오하이 1mm 변색 없는 PC 하드 케이스 투명 아이폰17,2025-09-25 23:54:06,INC36,1,"7,680","7,680",2025-11-24
27153000,발주,113730231,35373969,"오하이 EZ툴 아이폰 풀커버 사생활보호 프라이버시 강화유리필름 2매, 아이폰 14 프로맥스, 1세트",2025-09-25 23:54:06,INC36,8,"11,940","95,520",2025-11-24
27153000,발주,113783220,19454771,"오하이 풀커버 강화유리 액정보호필름2개 + EZ툴 제공, 아이폰12/12프로",2025-09-25 23:52:55,INC36,20,"10,740","214,800",2025-11-24
27153000,발주,113783220,48472778,"오하이 풀커버 강화유리 액정보호필름2개 + EZ툴 제공, 갤럭시S24 울트라",2025-09-25 23:57:53,INC36,9,"10,740","96,660",2025-11-24
27153000,발주,113783220,55705546,"오하이 지문방지 PET 무광필름 2매, 갤럭시 S25, 1세트",2025-09-25 23:50:37,INC36,3,"9,600","28,800",2025-11-24
27153000,발주,113783220,55707339,"오하이 전면 3D 풀커버 TPU 지문방지 + 무광택 휴대폰 액정보호필름 3p + 부착 가이드툴, 삼성 갤럭시 S25플러스, 1세트",2025-09-25 23:50:37,INC36,36,"9,540","343,440",2025-11-24
27153000,발주,113783833,18371042,"오하이 풀커버 강화유리 액정보호필름2개 + EZ툴 제공, 아이폰13프로맥스",2025-09-25 21:34:47,DON1,40,"10,740","429,600",2025-11-24
27167942,발주,113351387,39017754,"오하이 풀커버 강화유리 액정보호필름 + 이지솔루션 제공, 2개, 아이폰15프로맥스",2025-09-26 11:22:54,SIH2,2,"10,740","21,480",2025-11-24
27167942,발주,113783439,27686157,"오하이 풀커버 강화유리 액정보호필름 + 이지솔루션 제공, 2개, 아이폰14프로맥스",2025-09-26 02:40:48,INC4,25,"10,740","268,500",2025-11-24
27167942,발주,113783439,27686157,"오하이 풀커버 강화유리 액정보호필름 + 이지솔루션 제공, 2개, 아이폰14프로맥스",2025-09-26 02:46:04,INC4,48,"10,740","515,520",2025-11-24
27167942,발주,113783439,41269792,"오하이 사생활보호 프라이버시 TPU 지문인식 휴대폰 액정보호필름 2매+간편부착 툴, 삼성 갤럭시 S22울트라, 1세트",2025-09-26 03:55:06,INC4,3,"6,705","20,115",2025-11-24
27167942,발주,113783439,41670010,"오하이 전면 3D 풀커버 TPU 지문방지 + 무광택 휴대폰 액정보호필름 3p + 부착 가이드툴, 갤럭시 S24울트라, 1세트",2025-09-26 02:40:48,INC4,39,"9,540","372,060",2025-11-24
27167942,발주,113789377,55707338,"오하이 전면 3D 풀커버 TPU 지문방지 + 무광택 휴대폰 액정보호필름 3p + 부착 가이드툴, 삼성 갤럭시 S25울트라, 1세트",2025-09-26 00:34:39,DAEGU2,59,"9,060","534,540",2025-11-24
27167942,발주,113789377,55707340,"오하이 전면 3D 풀커버 TPU 지문방지 + 무광택 휴대폰 액정보호필름 3p + 부착 가이드툴, 삼성 갤럭시 S25, 1세트",2025-09-26 00:48:16,DAEGU2,10,"9,060","90,600",2025-11-24
27167942,발주,113963840,63835704,오하이 1mm 변색 없는 PC 하드 케이스 투명 아이폰17프로맥스,2025-09-26 00:39:58,INC36,1,"7,680","7,680",2025-11-24
27167942,발주,113963932,62178970,오하이 풀커버 강화유리 휴대폰 액정보호필름 2p + EZ 툴 세트 아이폰17프로 1세트,2025-09-26 10:38:57,SIH2,12,"10,740","128,880",2025-11-24
27167942,발주,113963932,63835703,오하이 1mm 변색 없는 PC 하드 케이스 투명 아이폰17프로,2025-09-26 10:38:57,SIH2,3,"7,680","23,040",2025-11-24
27167942,발주,113963932,63858199,오하이 일미리 맥세이프 변색 없는 PC 하드 휴대폰 케이스 투명 아이폰17,2025-09-26 10:38:57,SIH2,1,"10,080","10,080",2025-11-24
27167942,발주,113963932,63858200,오하이 일미리 맥세이프 변색 없는 PC 하드 휴대폰 케이스 투명 아이폰17프로,2025-09-26 10:38:57,SIH2,17,"10,080","171,360",2025-11-24
27167942,발주,113963932,63858201,오하이 일미리 맥세이프 변색 없는 PC 하드 휴대폰 케이스 투명 아이폰17프로맥스,2025-09-26 10:38:57,SIH2,2,"10,080","20,160",2025-11-24
27167943,발주,113584917,27686154,"오하이 풀커버 강화유리 액정보호필름 + 이지솔루션 제공, 2개, 아이폰14",2025-09-26 11:23:54,GOY1,4,"10,740","42,960",2025-11-25
27167943,발주,113666433,35373955,"오하이 EZ툴 아이폰 풀커버 사생활보호 프라이버시 강화유리필름 2매, 아이폰 14 프로, 1세트",2025-09-26 09:32:46,CHW1,3,"11,940","35,820",2025-11-25
27167943,발주,113666433,39017749,"오하이 풀커버 강화유리 액정보호필름 + 이지솔루션 제공, 2개, 아이폰15프로",2025-09-26 10:26:28,CHW1,36,"10,740","386,640",2025-11-25
27167943,발주,113666433,41670025,"오하이 전면 3D 풀커버 TPU 지문방지 무광택 필름 3p + 부착 가이드툴, 갤럭시 S24플러스, 1세트",2025-09-26 09:32:46,CHW1,10,"9,540","95,400",2025-11-25
27167943,발주,113666433,50342949,"오하이 풀커버 강화유리 액정보호필름2개 + EZ툴 제공, 아이폰16프로",2025-09-26 09:58:20,CHW1,3,"10,740","32,220",2025-11-25
27167943,발주,113666433,55701818,"오하이 풀커버 강화유리 액정보호필름 + 이지솔루션 제공, 2매1세트, 갤럭시S25",2025-09-26 09:32:46,CHW1,2,"10,740","21,480",2025-11-25
27182174,발주,113351275,50428038,"오하이 전면 3D 풀커버 TPU 지문방지 + 무광택 휴대폰 액정보호필름 3p + 부착 가이드툴, 아이폰16프로, 1세트",2025-09-27 08:39:19,DON1,10,"9,540","95,400",2025-11-25
27182174,발주,113782664,27686156,"오하이 풀커버 강화유리 액정보호필름 + 이지솔루션 제공, 2개, 아이폰14맥스(플러스)",2025-09-27 16:40:02,INC32,2,"10,740","21,480",2025-11-25
27182174,발주,113782664,41241022,"오하이 전면 3D 풀커버 TPU 지문방지 + 무광택 휴대폰 액정보호필름 3p + 부착 가이드툴, 아이폰XS맥스/11프로맥스, 1세트",2025-09-27 16:32:02,INC32,1,"9,540","9,540",2025-11-25
27182174,발주,113782664,41555857,"오하이 EZ툴 풀커버 사생활보호 프라이버시 강화유리 휴대폰 액정보호필름 2매, 아이폰 15 프로, 1세트",2025-09-27 17:12:35,INC32,5,"11,940","59,700",2025-11-25
27182174,발주,113782664,48183128,"오하이 전면 3D 풀커버 TPU 지문방지 + 무광택 휴대폰 액정보호필름 3p + 부착 가이드툴, 갤럭시 A25, 1세트",2025-09-27 16:32:02,INC32,3,"9,540","28,620",2025-11-25
27182174,발주,113782664,55707338,"오하이 전면 3D 풀커버 TPU 지문방지 + 무광택 휴대폰 액정보호필름 3p + 부착 가이드툴, 삼성 갤럭시 S25울트라, 1세트",2025-09-27 16:40:02,INC32,25,"9,060","226,500",2025-11-25
27182174,발주,113782664,57316031,"오하이 일미리 케이스 1mm 변색 없는 PC 하드 케이스, 아이폰 15프로맥스",2025-09-27 16:40:02,INC32,1,"8,000","8,000",2025-11-25
27182174,발주,113782664,57316037,"오하이 일미리 케이스 1mm 변색 없는 PC 하드 케이스, 갤럭시 S24 울트라",2025-09-27 16:40:02,INC32,3,"8,000","24,000",2025-11-25
27182174,발주,113782664,57316038,"오하이 일미리 케이스 1mm 변색 없는 PC 하드 케이스, 아이폰 15프로",2025-09-27 16:40:02,INC32,3,"8,000","24,000",2025-11-25
27182174,발주,113782664,57316041,"오하이 일미리 케이스 1mm 변색 없는 PC 하드 케이스, 아이폰 15플러스",2025-09-27 16:40:02,INC32,2,"8,000","16,000",2025-11-25
27182174,발주,113782664,60043362,"오하이 전면 3D 풀커버 TPU 지문방지 + 무광택 휴대폰 액정보호필름 3p + 부착 가이드툴, 갤럭시 S25엣지, 1세트",2025-09-27 17:12:35,INC32,32,"9,540","305,280",2025-11-25
27182174,발주,113782664,62921998,"오하이 폴드,플립 지문방지 무광택 액정보호 필름 + 부착 안내문, 삼성 갤럭시 Z플립7, 1세트 투명",2025-09-27 16:32:02,INC32,28,"10,700","299,600",2025-11-25
27182174,발주,113783833,35373954,"오하이 EZ툴 아이폰 풀커버 사생활보호 프라이버시 강화유리필름 2매, 아이폰 13/13프로, 1세트",2025-09-27 08:39:19,DON1,4,"11,940","47,760",2025-11-25
27182174,발주,113783833,35373956,"오하이 EZ툴 아이폰 풀커버 사생활보호 프라이버시 강화유리필름 2매, 아이폰 13 프로맥스, 1세트",2025-09-27 08:39:19,DON1,3,"11,940","35,820",2025-11-25
27182174,발주,113783833,50428036,"오하이 전면 3D 풀커버 TPU 지문방지 + 무광택 휴대폰 액정보호필름 3p + 부착 가이드툴, 아이폰16, 1세트",2025-09-27 08:39:19,DON1,4,"9,540","38,160",2025-11-25
27182175,발주,113350832,35373954,"오하이 EZ툴 아이폰 풀커버 사생활보호 프라이버시 강화유리필름 2매, 아이폰 13/13프로, 1세트",2025-09-27 11:51:59,CHW4,11,"11,940","131,340",2025-11-26
27182175,발주,113350832,35373961,"오하이 EZ툴 아이폰 풀커버 사생활보호 프라이버시 강화유리필름 2매, 아이폰 14, 1세트",2025-09-27 10:44:52,CHW4,5,"11,940","59,700",2025-11-26
27182175,발주,113350832,41555886,"오하이 EZ툴 풀커버 사생활보호 프라이버시 강화유리 휴대폰 액정보호필름 2매, 아이폰 15 프로맥스, 1세트",2025-09-27 10:50:47,CHW4,7,"11,940","83,580",2025-11-26
27182175,발주,113584656,35373967,"오하이 EZ툴 아이폰 풀커버 사생활보호 프라이버시 강화유리필름 2매, 아이폰 12 미니, 1세트",2025-09-27 10:54:26,CHW4,6,"11,940","71,640",2025-11-26
27194085,발주,113351483,35373955,"오하이 EZ툴 아이폰 풀커버 사생활보호 프라이버시 강화유리필름 2매, 아이폰 14 프로, 1세트",2025-09-28 10:14:21,INC28,4,"11,940","47,760",2025-11-24
27194085,발주,113351483,39017754,"오하이 풀커버 강화유리 액정보호필름 + 이지솔루션 제공, 2개, 아이폰15프로맥스",2025-09-28 10:29:44,INC28,3,"10,740","32,220",2025-11-24
27194085,발주,113963657,62178969,오하이 풀커버 강화유리 휴대폰 액정보호필름 2p + EZ 툴 세트 아이폰 Air,2025-09-28 11:16:39,INC28,13,"10,740","139,620",2025-11-24
27194086,발주,113351136,35373954,"오하이 EZ툴 아이폰 풀커버 사생활보호 프라이버시 강화유리필름 2매, 아이폰 13/13프로, 1세트",2025-09-28 10:43:41,INC32,11,"11,940","131,340",2025-11-26
27194086,발주,113351136,50344698,"오하이 EZ툴 풀커버 사생활보호 프라이버시 강화유리 휴대폰 액정보호필름 2매, 아이폰 16 프로맥스, 1세트",2025-09-28 10:43:41,INC32,14,"11,940","167,160",2025-11-26
27194086,발주,113585443,39017749,"오하이 풀커버 강화유리 액정보호필름 + 이지솔루션 제공, 2개, 아이폰15프로",2025-09-28 10:43:41,INC32,20,"10,740","214,800",2025-11-26
27194086,발주,113585443,50342949,"오하이 풀커버 강화유리 액정보호필름2개 + EZ툴 제공, 아이폰16프로",2025-09-28 10:37:23,INC32,21,"10,740","225,540",2025-11-26
27194086,발주,113585443,50342949,"오하이 풀커버 강화유리 액정보호필름2개 + EZ툴 제공, 아이폰16프로",2025-09-28 10:43:41,INC32,20,"10,740","214,800",2025-11-26
27194086,발주,113666535,50344698,"오하이 EZ툴 풀커버 사생활보호 프라이버시 강화유리 휴대폰 액정보호필름 2매, 아이폰 16 프로맥스, 1세트",2025-09-28 10:45:31,INC32,3,"11,940","35,820",2025-11-26
27194086,발주,113666535,50344701,"오하이 EZ툴 아이폰 풀커버 사생활보호 프라이버시 강화유리필름 2매, 아이폰 16 프로, 1세트",2025-09-28 10:45:43,INC32,9,"11,940","107,460",2025-11-26
27216496,발주,113349334,41911911,"오하이 지문방지 PET 무광필름 2매, 갤럭시 S24, 1세트",2025-09-30 16:46:12,INC14,1,"9,600","9,600",2025-11-24
27216496,발주,113350948,18371042,"오하이 풀커버 강화유리 액정보호필름2개 + EZ툴 제공, 아이폰13프로맥스",2025-09-30 17:06:06,INC14,2,"10,740","21,480",2025-11-24
27216496,발주,113350948,18371042,"오하이 풀커버 강화유리 액정보호필름2개 + EZ툴 제공, 아이폰13프로맥스",2025-09-30 17:52:31,INC14,1,"10,740","10,740",2025-11-24
27216496,발주,113466773,41670037,"오하이 전면 3D 풀커버 TPU 지문방지 + 무광택 휴대폰 액정보호필름 3p + 부착 가이드툴, 갤럭시 A54, 1세트",2025-09-30 16:46:12,INC14,1,"9,540","9,540",2025-11-24
27216496,발주,113466773,54175430,"오하이 지문방지 PET 무광필름 2매, 아이폰16프로, 1세트",2025-09-30 16:46:12,INC14,2,"9,600","19,200",2025-11-24
27216496,발주,113466773,60136101,"오하이 사생활보호 프라이버시 TPU 지문인식 휴대폰 액정보호필름 2매+간편부착 툴, 삼성 갤럭시 S25엣지, 1세트",2025-09-30 16:46:12,INC14,3,"6,705","20,115",2025-11-24
27242879,발주,113919266,27686154,"오하이 풀커버 강화유리 액정보호필름 + 이지솔루션 제공, 2개, 아이폰14",2025-10-01 11:40:13,CHW3,10,"10,740","107,400",2025-11-28
27242879,발주,113919266,52729614,"오하이 전면 3D 풀커버 TPU 지문방지 + 무광택 휴대폰 액정보호필름 3p + 부착 가이드툴, 삼성 갤럭시 S24FE, 1세트",2025-10-01 11:59:17,CHW3,5,"9,540","47,700",2025-11-28
27242879,발주,113919588,40840066,"오하이 전면 3D 풀커버 TPU 지문방지 + 무광택 휴대폰 액정보호필름 3p + 부착 가이드툴, 아이폰13미니, 1세트",2025-10-01 16:20:45,KKW3,9,"9,540","85,860",2025-11-28
27242879,발주,113919588,40840079,"오하이 전면 3D 풀커버 TPU 지문방지 + 무광택 휴대폰 액정보호필름 3p + 부착 가이드툴, 아이폰14프로, 1세트",2025-10-01 16:20:45,KKW3,15,"9,540","143,100",2025-11-28
27242879,발주,113919588,60043362,"오하이 전면 3D 풀커버 TPU 지문방지 + 무광택 휴대폰 액정보호필름 3p + 부착 가이드툴, 갤럭시 S25엣지, 1세트",2025-10-01 16:20:45,KKW3,1,"9,540","9,540",2025-11-28
27242879,발주,113919901,13906334,"오하이 전면 3D 풀커버 TPU 지문방지 + 무광택 휴대폰 액정보호필름 3p + 부착 가이드툴, 갤럭시노트20, 1세트",2025-10-01 20:30:03,SEL1,3,"9,540","28,620",2025-11-28
27242879,발주,113919901,19454769,"오하이 풀커버 강화유리 액정보호필름2개 + EZ툴 제공, 아이폰12미니",2025-10-01 20:37:39,SEL1,13,"10,740","139,620",2025-11-28
27242879,발주,113919901,40840065,"오하이 전면 3D 풀커버 TPU 지문방지 + 무광택 휴대폰 액정보호필름 3p + 부착 가이드툴, 아이폰13/13프로, 1세트",2025-10-01 20:30:03,SEL1,3,"9,540","28,620",2025-11-28
27242879,발주,113919901,48472778,"오하이 풀커버 강화유리 액정보호필름2개 + EZ툴 제공, 갤럭시S24 울트라",2025-10-01 20:37:39,SEL1,12,"10,740","128,880",2025-11-28
27242879,발주,114050969,63835702,오하이 1mm 변색 없는 PC 하드 케이스 투명 아이폰17,2025-10-01 15:29:04,YAS1,1,"7,680","7,680",2025-11-28
27242879,발주,114053071,41670004,"오하이 전면 3D 풀커버 TPU 지문방지 + 무광택 휴대폰 액정보호필름 3p + 부착 가이드툴, 갤럭시 S24, 1세트",2025-10-01 20:45:37,SEL1,2,"9,540","19,080",2025-11-28
27242879,발주,114053071,41670033,"오하이 전면 3D 풀커버 TPU 지문방지 + 무광택 휴대폰 액정보호필름 3p + 부착 가이드툴, 갤럭시 S23FE, 1세트",2025-10-01 20:45:37,SEL1,2,"9,540","19,080",2025-11-28
27242879,발주,114053171,60043362,"오하이 전면 3D 풀커버 TPU 지문방지 + 무광택 휴대폰 액정보호필름 3p + 부착 가이드툴, 갤럭시 S25엣지, 1세트",2025-10-01 16:20:45,KKW3,7,"9,540","66,780",2025-11-28
27242879,발주,114053360,35373961,"오하이 EZ툴 아이폰 풀커버 사생활보호 프라이버시 강화유리필름 2매, 아이폰 14, 1세트",2025-10-01 15:29:04,YAS1,1,"11,940","11,940",2025-11-28
27242879,발주,114114513,57316036,"오하이 일미리 케이스 1mm 변색 없는 PC 하드 케이스, 아이폰 14프로",2025-10-01 16:20:45,KKW3,3,"8,000","24,000",2025-11-28
27242879,발주,114180357,63858200,오하이 일미리 맥세이프 변색 없는 PC 하드 휴대폰 케이스 투명 아이폰17프로,2025-10-01 20:35:48,DAEGU2,1,"10,080","10,080",2025-11-28
27242879,발주,114211370,36758773,"오하이 지문방지 PET 무광필름 2매, 아이폰14프로, 1세트",2025-10-01 23:44:59,DAEGU2,1,"9,600","9,600",2025-11-28
27242879,발주,114211370,39374850,"오하이 전면 3D 풀커버 TPU 지문방지 + 무광택 휴대폰 액정보호필름 3p + 부착 가이드툴, 삼성 갤럭시 S20울트라, 1세트",2025-10-01 21:08:10,DAEGU2,2,"9,540","19,080",2025-11-28
27242879,발주,114211370,41269804,"오하이 사생활보호 프라이버시 TPU 지문인식 휴대폰 액정보호필름 2매+간편부착 툴, 삼성 갤럭시 S23플러스, 1세트",2025-10-01 20:50:24,DAEGU2,1,"6,705","6,705",2025-11-28
27242879,발주,114211370,41941966,"오하이 지문방지 PET 무광필름 2매, 아이폰15, 1세트",2025-10-01 20:59:07,DAEGU2,1,"9,600","9,600",2025-11-28
27242879,발주,114211370,41941973,"오하이 지문방지 PET 무광필름 2매, 아이폰15프로, 1세트",2025-10-01 20:59:07,DAEGU2,1,"9,600","9,600",2025-11-28
27242879,발주,114211370,50427106,"오하이 사생활보호 프라이버시 TPU 지문인식 휴대폰 액정보호필름 2매+간편부착 툴, 애플 아이폰 16, 1세트",2025-10-01 21:20:12,DAEGU2,3,"6,705","20,115",2025-11-28
27242879,발주,114211370,54175430,"오하이 지문방지 PET 무광필름 2매, 아이폰16프로, 1세트",2025-10-01 20:35:48,DAEGU2,2,"9,600","19,200",2025-11-28
27242879,발주,114211370,54175433,"오하이 지문방지 PET 무광필름 2매, 아이폰16, 1세트",2025-10-01 20:35:48,DAEGU2,2,"9,600","19,200",2025-11-28
27242879,발주,114211370,57316040,"오하이 일미리 케이스 1mm 변색 없는 PC 하드 케이스, 갤럭시 S25",2025-10-01 20:35:48,DAEGU2,3,"8,000","24,000",2025-11-28
27242879,발주,114211370,63835704,오하이 1mm 변색 없는 PC 하드 케이스 투명 아이폰17프로맥스,2025-10-01 20:28:11,DAEGU2,2,"7,680","15,360",2025-11-28
27242879,발주,114211404,63858201,오하이 일미리 맥세이프 변색 없는 PC 하드 휴대폰 케이스 투명 아이폰17프로맥스,2025-10-01 16:20:45,KKW3,2,"10,080","20,160",2025-11-28
27242879,발주,114211404,63858202,오하이 일미리 맥세이프 변색 없는 PC 하드 휴대폰 케이스 투명 아이폰17에어,2025-10-01 16:20:45,KKW3,2,"10,080","20,160",2025-11-28
27242879,발주,114212128,48102856,오하이 갤럭시 Z플립 6 저반사 지문방지 풀커버 액정보호필름 내부3매+외부3매 1세트,2025-10-01 16:20:45,KKW3,9,"10,700","96,300",2025-11-28
27242879,발주,114212419,13906334,"오하이 전면 3D 풀커버 TPU 지문방지 + 무광택 휴대폰 액정보호필름 3p + 부착 가이드툴, 갤럭시노트20, 1세트",2025-10-01 20:50:24,DAEGU2,6,"9,540","57,240",2025-11-28
27242879,발주,114212419,19454769,"오하이 풀커버 강화유리 액정보호필름2개 + EZ툴 제공, 아이폰12미니",2025-10-01 20:19:20,DAEGU2,15,"10,740","161,100",2025-11-28
27242879,발주,114212419,35373961,"오하이 EZ툴 아이폰 풀커버 사생활보호 프라이버시 강화유리필름 2매, 아이폰 14, 1세트",2025-10-01 20:28:11,DAEGU2,4,"11,940","47,760",2025-11-28
27242879,발주,114212419,35373963,"오하이 EZ툴 아이폰 풀커버 사생활보호 프라이버시 강화유리필름 2매, 아이폰 12/12프로, 1세트",2025-10-01 20:28:11,DAEGU2,1,"11,940","11,940",2025-11-28
27242879,발주,114212419,40840081,"오하이 전면 3D 풀커버 TPU 지문방지 + 무광택 휴대폰 액정보호필름 3p + 부착 가이드툴, 아이폰14프로맥스, 1세트",2025-10-01 21:08:10,DAEGU2,3,"9,540","28,620",2025-11-28
27242879,발주,114212419,40840085,"오하이 전면 3D 풀커버 TPU 지문방지 + 무광택 휴대폰 액정보호필름 3p + 부착 가이드툴, 아이폰15, 1세트",2025-10-01 20:59:07,DAEGU2,8,"9,540","76,320",2025-11-28
27242879,발주,114212419,48183128,"오하이 전면 3D 풀커버 TPU 지문방지 + 무광택 휴대폰 액정보호필름 3p + 부착 가이드툴, 갤럭시 A25, 1세트",2025-10-01 20:50:24,DAEGU2,3,"9,540","28,620",2025-11-28
27242879,발주,114212448,55701378,"오하이 사생활보호 프라이버시 TPU 지문인식 휴대폰 액정보호필름 2매+간편부착 툴, 삼성 갤럭시 S25, 1세트",2025-10-01 20:30:03,SEL1,3,"6,705","20,115",2025-11-28
27242879,발주,114212448,60043362,"오하이 전면 3D 풀커버 TPU 지문방지 + 무광택 휴대폰 액정보호필름 3p + 부착 가이드툴, 갤럭시 S25엣지, 1세트",2025-10-01 20:30:03,SEL1,13,"9,540","124,020",2025-11-28
27242879,발주,114225854,62178967,오하이 풀커버 강화유리 휴대폰 액정보호필름 2p + EZ 툴 세트 아이폰17프로맥스 1세트,2025-10-01 20:17:26,DAEGU2,6,"10,740","64,440",2025-11-28
27242879,발주,114225854,62178971,오하이 풀커버 강화유리 휴대폰 액정보호필름 2p + EZ 툴 세트 아이폰17 1세트,2025-10-01 20:17:26,DAEGU2,6,"10,740","64,440",2025-11-28
27242879,발주,114247221,65076573,오하이 모션핏 맥세이프 미니 셀카봉 브이로그 삼각대 화이트 1개 모션핏_W,2025-10-01 17:17:53,INC4,2,"13,740","27,480",2025-11-28
27242879,발주,114247221,65076574,오하이 모션핏 맥세이프 미니 셀카봉 브이로그 삼각대 블랙 1개 모션핏_B,2025-10-01 17:17:48,INC4,2,"13,740","27,480",2025-11-28
27242879,발주,114351051,42671137,"오하이 전면 3D 풀커버 TPU 지문방지 + 무광택 휴대폰 액정보호필름 3p + 부착 가이드툴, 삼성 갤럭시 노트8/9, 1세트",2025-10-01 15:32:26,YAS1,1,"9,540","9,540",2025-11-28
27242879,발주,114512160,62178970,오하이 풀커버 강화유리 휴대폰 액정보호필름 2p + EZ 툴 세트 아이폰17프로 1세트,2025-10-01 18:45:55,DAEGU2,16,"10,740","171,840",2025-11-28
27242879,발주,114512160,63688993,오하이 EZ툴 풀커버 사생활보호 프라이버시 강화유리 휴대폰 액정보호필름 2p 세트 아이폰17에어 1세트,2025-10-01 18:45:55,DAEGU2,3,"11,940","35,820",2025-11-28
27242879,발주,114512160,63835703,오하이 1mm 변색 없는 PC 하드 케이스 투명 아이폰17프로,2025-10-01 18:45:55,DAEGU2,2,"7,680","15,360",2025-11-28
27242879,발주,114584229,62922000,"오하이 폴드,플립 지문방지 무광택 액정보호 필름 + 부착 안내문, 삼성 갤럭시 Z폴드7, 1세트 투명",2025-10-01 15:41:20,SIH2,3,"12,000","36,000",2025-11-28
27260871,발주,113845680,41555864,"오하이 EZ툴 풀커버 사생활보호 프라이버시 강화유리 휴대폰 액정보호필름 2매, 아이폰 15, 1세트",2025-10-02 23:50:54,KKW3,3,"11,940","35,820",2025-12-01
27260871,발주,113919440,27686154,"오하이 풀커버 강화유리 액정보호필름 + 이지솔루션 제공, 2개, 아이폰14",2025-10-02 20:52:32,DON1,10,"10,740","107,400",2025-12-01
27260871,발주,113919440,50342949,"오하이 풀커버 강화유리 액정보호필름2개 + EZ툴 제공, 아이폰16프로",2025-10-02 20:52:32,DON1,67,"10,740","719,580",2025-12-01
27260871,발주,113919440,50342950,"오하이 풀커버 강화유리 액정보호필름2개 + EZ툴 제공, 아이폰16프로맥스",2025-10-02 20:54:04,DON1,22,"10,740","236,280",2025-12-01
27260871,발주,113919588,18371038,"오하이 풀커버 강화유리 액정보호필름2개 + EZ툴 제공, 아이폰13/13프로",2025-10-02 16:57:56,KKW3,33,"10,740","354,420",2025-12-01
27260871,발주,113919588,35373955,"오하이 EZ툴 아이폰 풀커버 사생활보호 프라이버시 강화유리필름 2매, 아이폰 14 프로, 1세트",2025-10-02 16:51:59,KKW3,18,"11,940","214,920",2025-12-01
27260871,발주,113919588,39017747,"오하이 풀커버 강화유리 액정보호필름 + 이지솔루션 제공, 2개, 아이폰15",2025-10-02 16:58:16,KKW3,18,"10,740","193,320",2025-12-01
27260871,발주,113919588,50342948,"오하이 풀커버 강화유리 액정보호필름2개 + EZ툴 제공, 아이폰16플러스",2025-10-02 16:57:56,KKW3,1,"10,740","10,740",2025-12-01
27260871,발주,113919588,50342950,"오하이 풀커버 강화유리 액정보호필름2개 + EZ툴 제공, 아이폰16프로맥스",2025-10-02 22:35:58,KKW3,20,"10,740","214,800",2025-12-01
27260871,발주,113919588,50342950,"오하이 풀커버 강화유리 액정보호필름2개 + EZ툴 제공, 아이폰16프로맥스",2025-10-02 23:46:51,KKW3,30,"10,740","322,200",2025-12-01
27260871,발주,113919588,50342952,"오하이 풀커버 강화유리 액정보호필름2개 + EZ툴 제공, 아이폰16",2025-10-02 23:46:51,KKW3,20,"10,740","214,800",2025-12-01
27260871,발주,113919588,50342952,"오하이 풀커버 강화유리 액정보호필름2개 + EZ툴 제공, 아이폰16",2025-10-02 23:50:54,KKW3,16,"10,740","171,840",2025-12-01
27260871,발주,113919588,55701817,"오하이 풀커버 강화유리 액정보호필름 + 이지솔루션 제공, 2매1세트, 갤럭시S25 울트라",2025-10-02 16:51:59,KKW3,15,"10,740","161,100",2025-12-01
27260871,발주,113919901,35373955,"오하이 EZ툴 아이폰 풀커버 사생활보호 프라이버시 강화유리필름 2매, 아이폰 14 프로, 1세트",2025-10-02 16:52:25,SEL1,14,"11,940","167,160",2025-12-01
27260871,발주,113919901,35373961,"오하이 EZ툴 아이폰 풀커버 사생활보호 프라이버시 강화유리필름 2매, 아이폰 14, 1세트",2025-10-02 16:54:56,SEL1,11,"11,940","131,340",2025-12-01
27260871,발주,113919901,39017747,"오하이 풀커버 강화유리 액정보호필름 + 이지솔루션 제공, 2개, 아이폰15",2025-10-02 19:51:55,SEL1,48,"10,740","515,520",2025-12-01
27260871,발주,113919901,39017751,"오하이 풀커버 강화유리 액정보호필름 + 이지솔루션 제공, 2개, 아이폰15플러스",2025-10-02 19:34:50,SEL1,3,"10,740","32,220",2025-12-01
27260871,발주,113919901,39017754,"오하이 풀커버 강화유리 액정보호필름 + 이지솔루션 제공, 2개, 아이폰15프로맥스",2025-10-02 19:51:55,SEL1,14,"10,740","150,360",2025-12-01
27260871,발주,113919901,41555857,"오하이 EZ툴 풀커버 사생활보호 프라이버시 강화유리 휴대폰 액정보호필름 2매, 아이폰 15 프로, 1세트",2025-10-02 19:49:33,SEL1,31,"11,940","370,140",2025-12-01
27260871,발주,113919901,41555864,"오하이 EZ툴 풀커버 사생활보호 프라이버시 강화유리 휴대폰 액정보호필름 2매, 아이폰 15, 1세트",2025-10-02 19:58:46,SEL1,12,"11,940","143,280",2025-12-01
27260871,발주,113919901,50342950,"오하이 풀커버 강화유리 액정보호필름2개 + EZ툴 제공, 아이폰16프로맥스",2025-10-02 19:41:51,SEL1,59,"10,740","633,660",2025-12-01
27260871,발주,113919901,50342952,"오하이 풀커버 강화유리 액정보호필름2개 + EZ툴 제공, 아이폰16",2025-10-02 19:34:50,SEL1,23,"10,740","247,020",2025-12-01
27260871,발주,113920439,35373955,"오하이 EZ툴 아이폰 풀커버 사생활보호 프라이버시 강화유리필름 2매, 아이폰 14 프로, 1세트",2025-10-02 14:51:57,DAE6,18,"11,940","214,920",2025-12-01
27260871,발주,113920439,39017751,"오하이 풀커버 강화유리 액정보호필름 + 이지솔루션 제공, 2개, 아이폰15플러스",2025-10-02 14:52:20,DAE6,4,"10,740","42,960",2025-12-01
27260871,발주,113920439,63073467,"오하이 전면 3D 풀커버 TPU 지문방지 + 무광택 필름 + 부착 가이드툴, 갤럭시S23플러스, 1세트",2025-10-02 14:52:13,DAE6,17,"9,540","162,180",2025-12-01
27260871,발주,114051856,35373955,"오하이 EZ툴 아이폰 풀커버 사생활보호 프라이버시 강화유리필름 2매, 아이폰 14 프로, 1세트",2025-10-02 14:52:13,DAE6,2,"11,940","23,880",2025-12-01
27260871,발주,114053071,27686155,"오하이 풀커버 강화유리 액정보호필름 + 이지솔루션 제공, 2개, 아이폰14프로",2025-10-02 19:56:44,SEL1,1,"10,740","10,740",2025-12-01
27260871,발주,114053071,35373955,"오하이 EZ툴 아이폰 풀커버 사생활보호 프라이버시 강화유리필름 2매, 아이폰 14 프로, 1세트",2025-10-02 19:58:46,SEL1,1,"11,940","11,940",2025-12-01
27260871,발주,114053071,39017751,"오하이 풀커버 강화유리 액정보호필름 + 이지솔루션 제공, 2개, 아이폰15플러스",2025-10-02 19:34:50,SEL1,2,"10,740","21,480",2025-12-01
27260871,발주,114053071,55701817,"오하이 풀커버 강화유리 액정보호필름 + 이지솔루션 제공, 2매1세트, 갤럭시S25 울트라",2025-10-02 16:54:56,SEL1,15,"10,740","161,100",2025-12-01
27260871,발주,114053071,55701817,"오하이 풀커버 강화유리 액정보호필름 + 이지솔루션 제공, 2매1세트, 갤럭시S25 울트라",2025-10-02 19:49:33,SEL1,8,"10,740","85,920",2025-12-01
27260871,발주,114053171,18371038,"오하이 풀커버 강화유리 액정보호필름2개 + EZ툴 제공, 아이폰13/13프로",2025-10-02 16:57:56,KKW3,2,"10,740","21,480",2025-12-01
27260871,발주,114053171,41555857,"오하이 EZ툴 풀커버 사생활보호 프라이버시 강화유리 휴대폰 액정보호필름 2매, 아이폰 15 프로, 1세트",2025-10-02 23:50:54,KKW3,6,"11,940","71,640",2025-12-01
27260871,발주,114101394,35373965,"오하이 EZ툴 아이폰 풀커버 사생활보호 프라이버시 강화유리필름 2매, 아이폰 14 플러스, 1세트",2025-10-02 19:56:44,SEL1,1,"11,940","11,940",2025-12-01
27260871,발주,114114513,18371038,"오하이 풀커버 강화유리 액정보호필름2개 + EZ툴 제공, 아이폰13/13프로",2025-10-02 16:57:56,KKW3,4,"10,740","42,960",2025-12-01
27260871,발주,114114513,39017751,"오하이 풀커버 강화유리 액정보호필름 + 이지솔루션 제공, 2개, 아이폰15플러스",2025-10-02 16:58:16,KKW3,3,"10,740","32,220",2025-12-01
27260871,발주,114212448,39017754,"오하이 풀커버 강화유리 액정보호필름 + 이지솔루션 제공, 2개, 아이폰15프로맥스",2025-10-02 19:54:58,SEL1,1,"10,740","10,740",2025-12-01
27260871,발주,114309558,48562240,"[10매]오하이 버디필름 장타 비거리스티커 드라이버 우드 헤드 보호 슬라이스방지 골프필름, 드라이버용, 1세트, 드라이버용 10매 95*48mm 단일색상",2025-10-02 10:15:04,CHW3,14,"9,000","126,000",2025-12-01
27260871,발주,114310034,48562240,"[10매]오하이 버디필름 장타 비거리스티커 드라이버 우드 헤드 보호 슬라이스방지 골프필름, 드라이버용, 1세트, 드라이버용 10매 95*48mm 단일색상",2025-10-02 21:57:09,SEL1,17,"9,000","153,000",2025-12-01
27260871,발주,114310425,48562240,"[10매]오하이 버디필름 장타 비거리스티커 드라이버 우드 헤드 보호 슬라이스방지 골프필름, 드라이버용, 1세트, 드라이버용 10매 95*48mm 단일색상",2025-10-02 15:39:01,DAE6,2,"9,000","18,000",2025-12-01
27260871,발주,114369706,62922000,"오하이 폴드,플립 지문방지 무광택 액정보호 필름 + 부착 안내문, 삼성 갤럭시 Z폴드7, 1세트 투명",2025-10-02 10:15:04,CHW3,34,"12,000","408,000",2025-12-01
27260871,발주,114376095,62922000,"오하이 폴드,플립 지문방지 무광택 액정보호 필름 + 부착 안내문, 삼성 갤럭시 Z폴드7, 1세트 투명",2025-10-02 21:57:09,SEL1,30,"12,000","360,000",2025-12-01
27260871,발주,114376095,62922000,"오하이 폴드,플립 지문방지 무광택 액정보호 필름 + 부착 안내문, 삼성 갤럭시 Z폴드7, 1세트 투명",2025-10-02 22:53:17,SEL1,31,"12,000","372,000",2025-12-01
27260871,발주,114377606,48562240,"[10매]오하이 버디필름 장타 비거리스티커 드라이버 우드 헤드 보호 슬라이스방지 골프필름, 드라이버용, 1세트, 드라이버용 10매 95*48mm 단일색상",2025-10-02 10:15:04,CHW3,59,"9,000","531,000",2025-12-01
27260871,발주,114377606,48562249,"[10매]오하이 버디필름 장타 비거리스티커 드라이버 우드 헤드 보호 슬라이스방지 골프필름, 우드용, 1세트, 우드용 10매 88*30mm 단일색상",2025-10-02 10:15:04,CHW3,31,"9,000","279,000",2025-12-01
27260871,발주,114378965,48562240,"[10매]오하이 버디필름 장타 비거리스티커 드라이버 우드 헤드 보호 슬라이스방지 골프필름, 드라이버용, 1세트, 드라이버용 10매 95*48mm 단일색상",2025-10-02 21:57:09,SEL1,28,"9,000","252,000",2025-12-01
27260871,발주,114616447,41555857,"오하이 EZ툴 풀커버 사생활보호 프라이버시 강화유리 휴대폰 액정보호필름 2매, 아이폰 15 프로, 1세트",2025-10-02 11:21:23,DAE6,17,"11,940","202,980",2025-12-01
27260871,발주,114616447,62922000,"오하이 폴드,플립 지문방지 무광택 액정보호 필름 + 부착 안내문, 삼성 갤럭시 Z폴드7, 1세트 투명",2025-10-02 11:21:23,DAE6,43,"12,000","516,000",2025-12-01
27260871,발주,114632729,62178967,오하이 풀커버 강화유리 휴대폰 액정보호필름 2p + EZ 툴 세트 아이폰17프로맥스 1세트,2025-10-02 16:37:12,KKW3,1,"10,740","10,740",2025-12-01
27260871,발주,114632729,62178971,오하이 풀커버 강화유리 휴대폰 액정보호필름 2p + EZ 툴 세트 아이폰17 1세트,2025-10-02 16:37:12,KKW3,11,"10,740","118,140",2025-12-01
27260871,발주,114632729,63835703,오하이 1mm 변색 없는 PC 하드 케이스 투명 아이폰17프로,2025-10-02 16:37:12,KKW3,2,"7,680","15,360",2025-12-01
27273803,발주,114211267,40840096,"오하이 전면 3D 풀커버 TPU 지문방지 + 무광택 휴대폰 액정보호필름 3p + 부착 가이드툴, 아이폰15플러스, 1세트",2025-10-03 02:18:14,INC28,3,"9,540","28,620",2025-11-28
27273803,발주,114212353,41269792,"오하이 사생활보호 프라이버시 TPU 지문인식 휴대폰 액정보호필름 2매+간편부착 툴, 삼성 갤럭시 S22울트라, 1세트",2025-10-03 02:18:14,INC28,6,"6,705","40,230",2025-11-28
27273803,발주,114212353,50428035,"오하이 전면 3D 풀커버 TPU 지문방지 + 무광택 휴대폰 액정보호필름 3p + 부착 가이드툴, 아이폰16프로맥스, 1세트",2025-10-03 02:18:14,INC28,14,"9,540","133,560",2025-11-28
27273804,발주,113919440,18371038,"오하이 풀커버 강화유리 액정보호필름2개 + EZ툴 제공, 아이폰13/13프로",2025-10-03 02:26:54,DON1,31,"10,740","332,940",2025-12-01
27273804,발주,113919440,27686155,"오하이 풀커버 강화유리 액정보호필름 + 이지솔루션 제공, 2개, 아이폰14프로",2025-10-03 02:24:00,DON1,20,"10,740","214,800",2025-12-01
27273804,발주,113919440,27686155,"오하이 풀커버 강화유리 액정보호필름 + 이지솔루션 제공, 2개, 아이폰14프로",2025-10-03 02:25:01,DON1,20,"10,740","214,800",2025-12-01
27273804,발주,113919440,35373955,"오하이 EZ툴 아이폰 풀커버 사생활보호 프라이버시 강화유리필름 2매, 아이폰 14 프로, 1세트",2025-10-03 13:30:16,DON1,4,"11,940","47,760",2025-12-01
27273804,발주,113919440,35373967,"오하이 EZ툴 아이폰 풀커버 사생활보호 프라이버시 강화유리필름 2매, 아이폰 12 미니, 1세트",2025-10-03 02:30:14,DON1,3,"11,940","35,820",2025-12-01
27273804,발주,113919440,39017747,"오하이 풀커버 강화유리 액정보호필름 + 이지솔루션 제공, 2개, 아이폰15",2025-10-03 02:27:36,DON1,6,"10,740","64,440",2025-12-01
27273804,발주,113919440,39017751,"오하이 풀커버 강화유리 액정보호필름 + 이지솔루션 제공, 2개, 아이폰15플러스",2025-10-03 13:30:16,DON1,7,"10,740","75,180",2025-12-01
27273804,발주,113919440,39017754,"오하이 풀커버 강화유리 액정보호필름 + 이지솔루션 제공, 2개, 아이폰15프로맥스",2025-10-03 02:28:56,DON1,19,"10,740","204,060",2025-12-01
27273804,발주,113919440,41670004,"오하이 전면 3D 풀커버 TPU 지문방지 + 무광택 휴대폰 액정보호필름 3p + 부착 가이드툴, 갤럭시 S24, 1세트",2025-10-03 13:30:16,DON1,3,"9,540","28,620",2025-12-01
27273804,발주,113919440,50342952,"오하이 풀커버 강화유리 액정보호필름2개 + EZ툴 제공, 아이폰16",2025-10-03 13:30:16,DON1,1,"10,740","10,740",2025-12-01
27273804,발주,113919440,57316038,"오하이 일미리 케이스 1mm 변색 없는 PC 하드 케이스, 아이폰 15프로",2025-10-03 13:30:07,DON1,3,"8,000","24,000",2025-12-01
27273804,발주,113919588,27686154,"오하이 풀커버 강화유리 액정보호필름 + 이지솔루션 제공, 2개, 아이폰14",2025-10-03 01:50:46,KKW3,10,"10,740","107,400",2025-12-01
27273804,발주,113919588,27686155,"오하이 풀커버 강화유리 액정보호필름 + 이지솔루션 제공, 2개, 아이폰14프로",2025-10-03 01:49:35,KKW3,42,"10,740","451,080",2025-12-01
27273804,발주,113919588,39017754,"오하이 풀커버 강화유리 액정보호필름 + 이지솔루션 제공, 2개, 아이폰15프로맥스",2025-10-03 01:50:02,KKW3,43,"10,740","461,820",2025-12-01
27273804,발주,113920060,35373955,"오하이 EZ툴 아이폰 풀커버 사생활보호 프라이버시 강화유리필름 2매, 아이폰 14 프로, 1세트",2025-10-03 18:56:24,SIH2,7,"11,940","83,580",2025-12-01
27273804,발주,113920060,39017751,"오하이 풀커버 강화유리 액정보호필름 + 이지솔루션 제공, 2개, 아이폰15플러스",2025-10-03 18:32:01,SIH2,1,"10,740","10,740",2025-12-01
27273804,발주,114052964,18371038,"오하이 풀커버 강화유리 액정보호필름2개 + EZ툴 제공, 아이폰13/13프로",2025-10-03 13:30:16,DON1,2,"10,740","21,480",2025-12-01
27273804,발주,114052964,27686155,"오하이 풀커버 강화유리 액정보호필름 + 이지솔루션 제공, 2개, 아이폰14프로",2025-10-03 13:30:16,DON1,3,"10,740","32,220",2025-12-01
27273804,발주,114052964,50342949,"오하이 풀커버 강화유리 액정보호필름2개 + EZ툴 제공, 아이폰16프로",2025-10-03 13:30:16,DON1,3,"10,740","32,220",2025-12-01
27273804,발주,114052964,50428035,"오하이 전면 3D 풀커버 TPU 지문방지 + 무광택 휴대폰 액정보호필름 3p + 부착 가이드툴, 아이폰16프로맥스, 1세트",2025-10-03 13:30:07,DON1,2,"9,540","19,080",2025-12-01
27273804,발주,114053171,27686155,"오하이 풀커버 강화유리 액정보호필름 + 이지솔루션 제공, 2개, 아이폰14프로",2025-10-03 01:49:35,KKW3,5,"10,740","53,700",2025-12-01
27273804,발주,114084488,63688993,오하이 EZ툴 풀커버 사생활보호 프라이버시 강화유리 휴대폰 액정보호필름 2p 세트 아이폰17에어 1세트,2025-10-03 15:50:20,SIH2,4,"11,940","47,760",2025-12-01
27273804,발주,114379146,48562240,"[10매]오하이 버디필름 장타 비거리스티커 드라이버 우드 헤드 보호 슬라이스방지 골프필름, 드라이버용, 1세트, 드라이버용 10매 95*48mm 단일색상",2025-10-03 13:37:34,DON1,31,"9,000","279,000",2025-12-01
27273804,발주,114379146,48562249,"[10매]오하이 버디필름 장타 비거리스티커 드라이버 우드 헤드 보호 슬라이스방지 골프필름, 우드용, 1세트, 우드용 10매 88*30mm 단일색상",2025-10-03 13:59:10,DON1,31,"9,000","279,000",2025-12-01
27273804,발주,114379423,62922000,"오하이 폴드,플립 지문방지 무광택 액정보호 필름 + 부착 안내문, 삼성 갤럭시 Z폴드7, 1세트 투명",2025-10-03 19:26:06,INC28,18,"12,000","216,000",2025-12-01
27273804,발주,114451607,36684361,"오하이 전면 3D 풀커버 TPU 지문방지 + 무광택 휴대폰 액정보호필름 3p + 부착 가이드툴, 갤럭시노트20울트라, 1세트",2025-10-03 13:32:12,DON1,9,"9,540","85,860",2025-12-01
27273804,발주,114451607,50428038,"오하이 전면 3D 풀커버 TPU 지문방지 + 무광택 휴대폰 액정보호필름 3p + 부착 가이드툴, 아이폰16프로, 1세트",2025-10-03 13:32:12,DON1,43,"9,540","410,220",2025-12-01
27273804,발주,114492063,65199912,오하이 전면 3D 풀커버 TPU 지문방지 + 무광택 필름 + 부착 가이드툴 갤럭시 S25FE 1세트,2025-10-03 00:43:41,ECH4,2,"9,600","19,200",2025-12-01
27273804,발주,114598493,62178969,오하이 풀커버 강화유리 휴대폰 액정보호필름 2p + EZ 툴 세트 아이폰 Air,2025-10-03 02:40:11,INC36,27,"10,740","289,980",2025-12-01
27273804,발주,114598493,63688993,오하이 EZ툴 풀커버 사생활보호 프라이버시 강화유리 휴대폰 액정보호필름 2p 세트 아이폰17에어 1세트,2025-10-03 02:37:18,INC36,1,"11,940","11,940",2025-12-01
27286468,발주,113920984,35373955,"오하이 EZ툴 아이폰 풀커버 사생활보호 프라이버시 강화유리필름 2매, 아이폰 14 프로, 1세트",2025-10-04 01:31:23,INC28,7,"11,940","83,580",2025-12-01
27286468,발주,113920984,39017751,"오하이 풀커버 강화유리 액정보호필름 + 이지솔루션 제공, 2개, 아이폰15플러스",2025-10-04 01:34:44,INC28,2,"10,740","21,480",2025-12-01
27286468,발주,114052865,18371038,"오하이 풀커버 강화유리 액정보호필름2개 + EZ툴 제공, 아이폰13/13프로",2025-10-04 03:55:06,GOY1,6,"10,740","64,440",2025-12-01
27286468,발주,114052865,27686154,"오하이 풀커버 강화유리 액정보호필름 + 이지솔루션 제공, 2개, 아이폰14",2025-10-04 03:35:33,GOY1,2,"10,740","21,480",2025-12-01
27286468,발주,114052865,27686155,"오하이 풀커버 강화유리 액정보호필름 + 이지솔루션 제공, 2개, 아이폰14프로",2025-10-04 10:44:51,GOY1,7,"10,740","75,180",2025-12-01
27286468,발주,114052865,50342949,"오하이 풀커버 강화유리 액정보호필름2개 + EZ툴 제공, 아이폰16프로",2025-10-04 10:44:51,GOY1,15,"10,740","161,100",2025-12-01
27286468,발주,114052865,50342950,"오하이 풀커버 강화유리 액정보호필름2개 + EZ툴 제공, 아이폰16프로맥스",2025-10-04 11:35:37,GOY1,13,"10,740","139,620",2025-12-01
27286468,발주,114114718,18371038,"오하이 풀커버 강화유리 액정보호필름2개 + EZ툴 제공, 아이폰13/13프로",2025-10-04 11:35:37,GOY1,5,"10,740","53,700",2025-12-01
27286468,발주,114180713,63688993,오하이 EZ툴 풀커버 사생활보호 프라이버시 강화유리 휴대폰 액정보호필름 2p 세트 아이폰17에어 1세트,2025-10-04 02:30:56,INC28,11,"11,940","131,340",2025-12-01
27286468,발주,114211267,63688990,오하이 EZ툴 풀커버 사생활보호 프라이버시 강화유리 휴대폰 액정보호필름 2p 세트 아이폰17프로 1세트,2025-10-04 01:31:23,INC28,2,"11,940","23,880",2025-12-01
27286468,발주,114212353,35373954,"오하이 EZ툴 아이폰 풀커버 사생활보호 프라이버시 강화유리필름 2매, 아이폰 13/13프로, 1세트",2025-10-04 01:31:23,INC28,8,"11,940","95,520",2025-12-01
27286468,발주,114212353,39017754,"오하이 풀커버 강화유리 액정보호필름 + 이지솔루션 제공, 2개, 아이폰15프로맥스",2025-10-04 01:34:44,INC28,13,"10,740","139,620",2025-12-01
27286468,발주,114212353,41555864,"오하이 EZ툴 풀커버 사생활보호 프라이버시 강화유리 휴대폰 액정보호필름 2매, 아이폰 15, 1세트",2025-10-04 01:31:23,INC28,9,"11,940","107,460",2025-12-01
27286468,발주,114212353,48472778,"오하이 풀커버 강화유리 액정보호필름2개 + EZ툴 제공, 갤럭시S24 울트라",2025-10-04 01:39:15,INC28,21,"10,740","225,540",2025-12-01
27286468,발주,114309747,48562240,"[10매]오하이 버디필름 장타 비거리스티커 드라이버 우드 헤드 보호 슬라이스방지 골프필름, 드라이버용, 1세트, 드라이버용 10매 95*48mm 단일색상",2025-10-04 08:49:41,GOY1,14,"9,000","126,000",2025-12-01
27286468,발주,114349246,38265698,"오하이 태블릿 지문방지 필름 2매, 갤럭시탭S9울트라 투명",2025-10-04 03:52:40,GOY1,1,"9,540","9,540",2025-12-01
27286468,발주,114370547,62922000,"오하이 폴드,플립 지문방지 무광택 액정보호 필름 + 부착 안내문, 삼성 갤럭시 Z폴드7, 1세트 투명",2025-10-04 08:29:04,GOY1,21,"12,000","252,000",2025-12-01
27286468,발주,114379607,48562240,"[10매]오하이 버디필름 장타 비거리스티커 드라이버 우드 헤드 보호 슬라이스방지 골프필름, 드라이버용, 1세트, 드라이버용 10매 95*48mm 단일색상",2025-10-04 08:54:56,GOY1,43,"9,000","387,000",2025-12-01
27286468,발주,114379607,48562249,"[10매]오하이 버디필름 장타 비거리스티커 드라이버 우드 헤드 보호 슬라이스방지 골프필름, 우드용, 1세트, 우드용 10매 88*30mm 단일색상",2025-10-04 08:40:10,GOY1,31,"9,000","279,000",2025-12-01
27286468,발주,114491839,62178967,오하이 풀커버 강화유리 휴대폰 액정보호필름 2p + EZ 툴 세트 아이폰17프로맥스 1세트,2025-10-04 03:24:58,GOY1,25,"10,740","268,500",2025-12-01
27286468,발주,114491839,62178971,오하이 풀커버 강화유리 휴대폰 액정보호필름 2p + EZ 툴 세트 아이폰17 1세트,2025-10-04 03:17:27,GOY1,41,"10,740","440,340",2025-12-01
27286468,발주,114491839,63688991,오하이 EZ툴 풀커버 사생활보호 프라이버시 강화유리 휴대폰 액정보호필름 2p 세트 아이폰17프로맥스 1세트,2025-10-04 03:24:58,GOY1,1,"11,940","11,940",2025-12-01
27295680,발주,113919755,48102856,오하이 갤럭시 Z플립 6 저반사 지문방지 풀커버 액정보호필름 내부3매+외부3매 1세트,2025-10-05 00:55:58,INC32,15,"10,700","160,500",2025-12-01
27295680,발주,113919755,59459681,"오하이 지문방지 무광택 액정보호 필름 삼성 갤럭시 Z폴드SE (스페셜 에디션), 1세트",2025-10-05 00:55:58,INC32,4,"11,940","47,760",2025-12-01
27295680,발주,114052773,55701378,"오하이 사생활보호 프라이버시 TPU 지문인식 휴대폰 액정보호필름 2매+간편부착 툴, 삼성 갤럭시 S25, 1세트",2025-10-05 00:55:58,INC32,3,"6,705","20,115",2025-12-01
27295681,발주,113919087,50342949,"오하이 풀커버 강화유리 액정보호필름2개 + EZ툴 제공, 아이폰16프로",2025-10-05 01:27:08,ECH4,48,"10,740","515,520",2025-12-03
27295681,발주,114052029,50342949,"오하이 풀커버 강화유리 액정보호필름2개 + EZ툴 제공, 아이폰16프로",2025-10-05 01:27:08,ECH4,6,"10,740","64,440",2025-12-03
27295681,발주,114212322,27686155,"오하이 풀커버 강화유리 액정보호필름 + 이지솔루션 제공, 2개, 아이폰14프로",2025-10-05 03:22:35,CHW1,4,"10,740","42,960",2025-12-03
27295681,발주,114212322,41555857,"오하이 EZ툴 풀커버 사생활보호 프라이버시 강화유리 휴대폰 액정보호필름 2매, 아이폰 15 프로, 1세트",2025-10-05 03:22:35,CHW1,10,"11,940","119,400",2025-12-03
27295681,발주,114370547,27686154,"오하이 풀커버 강화유리 액정보호필름 + 이지솔루션 제공, 2개, 아이폰14",2025-10-05 14:18:34,GOY1,21,"10,740","225,540",2025-12-03
27295681,발주,114370547,39017747,"오하이 풀커버 강화유리 액정보호필름 + 이지솔루션 제공, 2개, 아이폰15",2025-10-05 14:16:38,GOY1,40,"10,740","429,600",2025-12-03
27295681,발주,114370547,39017754,"오하이 풀커버 강화유리 액정보호필름 + 이지솔루션 제공, 2개, 아이폰15프로맥스",2025-10-05 14:15:01,GOY1,31,"10,740","332,940",2025-12-03
27295681,발주,114370547,39017754,"오하이 풀커버 강화유리 액정보호필름 + 이지솔루션 제공, 2개, 아이폰15프로맥스",2025-10-05 14:57:17,GOY1,4,"10,740","42,960",2025-12-03
27295681,발주,114370547,50342949,"오하이 풀커버 강화유리 액정보호필름2개 + EZ툴 제공, 아이폰16프로",2025-10-05 14:14:18,GOY1,38,"10,740","408,120",2025-12-03
27295681,발주,114370547,50342949,"오하이 풀커버 강화유리 액정보호필름2개 + EZ툴 제공, 아이폰16프로",2025-10-05 17:17:43,GOY1,60,"10,740","644,400",2025-12-03
27295681,발주,114370547,50342949,"오하이 풀커버 강화유리 액정보호필름2개 + EZ툴 제공, 아이폰16프로",2025-10-05 17:18:43,GOY1,40,"10,740","429,600",2025-12-03
27295681,발주,114370547,50342950,"오하이 풀커버 강화유리 액정보호필름2개 + EZ툴 제공, 아이폰16프로맥스",2025-10-05 16:36:23,GOY1,28,"10,740","300,720",2025-12-03
27295681,발주,114370547,50342952,"오하이 풀커버 강화유리 액정보호필름2개 + EZ툴 제공, 아이폰16",2025-10-05 14:11:28,GOY1,41,"10,740","440,340",2025-12-03
27295681,발주,114370547,55701817,"오하이 풀커버 강화유리 액정보호필름 + 이지솔루션 제공, 2매1세트, 갤럭시S25 울트라",2025-10-05 14:10:24,GOY1,19,"10,740","204,060",2025-12-03
27295681,발주,114376922,39017747,"오하이 풀커버 강화유리 액정보호필름 + 이지솔루션 제공, 2개, 아이폰15",2025-10-05 12:21:01,SIH2,14,"10,740","150,360",2025-12-03
27295681,발주,114376922,39017747,"오하이 풀커버 강화유리 액정보호필름 + 이지솔루션 제공, 2개, 아이폰15",2025-10-05 13:41:10,SIH2,3,"10,740","32,220",2025-12-03
27295681,발주,114376922,39017751,"오하이 풀커버 강화유리 액정보호필름 + 이지솔루션 제공, 2개, 아이폰15플러스",2025-10-05 13:57:17,SIH2,2,"10,740","21,480",2025-12-03
27295681,발주,114376922,39017754,"오하이 풀커버 강화유리 액정보호필름 + 이지솔루션 제공, 2개, 아이폰15프로맥스",2025-10-05 12:21:01,SIH2,12,"10,740","128,880",2025-12-03
27295681,발주,114376922,50342949,"오하이 풀커버 강화유리 액정보호필름2개 + EZ툴 제공, 아이폰16프로",2025-10-05 12:21:01,SIH2,9,"10,740","96,660",2025-12-03
27295681,발주,114376922,50342950,"오하이 풀커버 강화유리 액정보호필름2개 + EZ툴 제공, 아이폰16프로맥스",2025-10-05 13:41:10,SIH2,11,"10,740","118,140",2025-12-03
27295681,발주,114376922,50342952,"오하이 풀커버 강화유리 액정보호필름2개 + EZ툴 제공, 아이폰16",2025-10-05 13:41:10,SIH2,17,"10,740","182,580",2025-12-03
27295681,발주,114376922,62922000,"오하이 폴드,플립 지문방지 무광택 액정보호 필름 + 부착 안내문, 삼성 갤럭시 Z폴드7, 1세트 투명",2025-10-05 14:05:26,SIH2,15,"12,000","180,000",2025-12-03
27295681,발주,114683031,62922000,"오하이 폴드,플립 지문방지 무광택 액정보호 필름 + 부착 안내문, 삼성 갤럭시 Z폴드7, 1세트 투명",2025-10-05 17:51:09,GOY1,12,"12,000","144,000",2025-12-03
27295681,발주,114683128,19454771,"오하이 풀커버 강화유리 액정보호필름2개 + EZ툴 제공, 아이폰12/12프로",2025-10-05 02:05:32,KKW3,10,"10,740","107,400",2025-12-03
27295681,발주,114683128,62922000,"오하이 폴드,플립 지문방지 무광택 액정보호 필름 + 부착 안내문, 삼성 갤럭시 Z폴드7, 1세트 투명",2025-10-05 02:05:32,KKW3,8,"12,000","96,000",2025-12-03
27295681,발주,114688607,65314216,"오하이 전면 3D 풀커버 TPU 지문방지 무광택 필름 + 부착 가이드툴, 아이폰 17, 3매입 1세트",2025-10-05 17:53:42,GOY1,2,"9,600","19,200",2025-12-03
27295681,발주,114688607,65314217,"오하이 전면 3D 풀커버 TPU 지문방지 무광택 필름 + 부착 가이드툴 아이폰 17 Pro, 3매입 1세트",2025-10-05 17:53:42,GOY1,2,"9,600","19,200",2025-12-03
27295681,발주,114688607,65314218,"오하이 전면 3D 풀커버 TPU 지문방지 무광택 필름 + 부착 가이드툴 아이폰 17 Pro Max, 3매입 1세트",2025-10-05 17:53:42,GOY1,2,"9,600","19,200",2025-12-03
27295681,발주,114688607,65314219,"오하이 전면 3D 풀커버 TPU 지문방지 무광택 필름 + 부착 가이드툴 아이폰 Air, 3매입 1세트",2025-10-05 17:53:42,GOY1,2,"9,600","19,200",2025-12-03
27302148,발주,113919755,18371038,"오하이 풀커버 강화유리 액정보호필름2개 + EZ툴 제공, 아이폰13/13프로",2025-10-06 19:05:34,INC32,34,"10,740","365,160",2025-12-02
27302148,발주,113919755,27686155,"오하이 풀커버 강화유리 액정보호필름 + 이지솔루션 제공, 2개, 아이폰14프로",2025-10-06 19:25:10,INC32,21,"10,740","225,540",2025-12-02
27302148,발주,113919755,35373955,"오하이 EZ툴 아이폰 풀커버 사생활보호 프라이버시 강화유리필름 2매, 아이폰 14 프로, 1세트",2025-10-06 19:30:17,INC32,7,"11,940","83,580",2025-12-02
27302148,발주,113919755,39017754,"오하이 풀커버 강화유리 액정보호필름 + 이지솔루션 제공, 2개, 아이폰15프로맥스",2025-10-06 19:12:40,INC32,52,"10,740","558,480",2025-12-02
27302148,발주,113919755,50342949,"오하이 풀커버 강화유리 액정보호필름2개 + EZ툴 제공, 아이폰16프로",2025-10-06 19:25:10,INC32,20,"10,740","214,800",2025-12-02
27302148,발주,113919755,50342949,"오하이 풀커버 강화유리 액정보호필름2개 + EZ툴 제공, 아이폰16프로",2025-10-06 19:27:45,INC32,80,"10,740","859,200",2025-12-02
27302148,발주,113919755,50342950,"오하이 풀커버 강화유리 액정보호필름2개 + EZ툴 제공, 아이폰16프로맥스",2025-10-06 19:09:01,INC32,20,"10,740","214,800",2025-12-02
27302148,발주,113919755,50342950,"오하이 풀커버 강화유리 액정보호필름2개 + EZ툴 제공, 아이폰16프로맥스",2025-10-06 19:12:39,INC32,80,"10,740","859,200",2025-12-02
27302148,발주,113919755,50342950,"오하이 풀커버 강화유리 액정보호필름2개 + EZ툴 제공, 아이폰16프로맥스",2025-10-06 19:25:10,INC32,7,"10,740","75,180",2025-12-02
27302148,발주,113919755,50342952,"오하이 풀커버 강화유리 액정보호필름2개 + EZ툴 제공, 아이폰16",2025-10-06 18:58:40,INC32,60,"10,740","644,400",2025-12-02
27302148,발주,113919755,50342952,"오하이 풀커버 강화유리 액정보호필름2개 + EZ툴 제공, 아이폰16",2025-10-06 19:05:34,INC32,5,"10,740","53,700",2025-12-02
27354329,발주,114831975,40840069,"오하이 전면 3D 풀커버 TPU 지문방지 + 무광택 휴대폰 액정보호필름 3p + 부착 가이드툴, 아이폰13프로맥스, 1세트",2025-10-15 17:55:22,KKW3,2,"9,540","19,080",2025-12-12
27354329,발주,114896040,65314216,"오하이 전면 3D 풀커버 TPU 지문방지 무광택 필름 + 부착 가이드툴, 아이폰 17, 3매입 1세트",2025-10-15 17:55:22,KKW3,13,"9,600","124,800",2025-12-12
27354329,발주,114896854,27686155,"오하이 풀커버 강화유리 액정보호필름 + 이지솔루션 제공, 2개, 아이폰14프로",2025-10-15 00:24:13,YAS1,11,"10,740","118,140",2025-12-12
27354329,발주,114896854,50342949,"오하이 풀커버 강화유리 액정보호필름2개 + EZ툴 제공, 아이폰16프로",2025-10-15 00:18:43,YAS1,41,"10,740","440,340",2025-12-12
27354329,발주,114898481,35373954,"오하이 EZ툴 아이폰 풀커버 사생활보호 프라이버시 강화유리필름 2매, 아이폰 13/13프로, 1세트",2025-10-15 14:13:52,KKW3,10,"11,940","119,400",2025-12-12
27354329,발주,114898481,41555857,"오하이 EZ툴 풀커버 사생활보호 프라이버시 강화유리 휴대폰 액정보호필름 2매, 아이폰 15 프로, 1세트",2025-10-15 14:17:04,KKW3,50,"11,940","597,000",2025-12-12
27354329,발주,114898481,50342952,"오하이 풀커버 강화유리 액정보호필름2개 + EZ툴 제공, 아이폰16",2025-10-15 14:13:52,KKW3,17,"10,740","182,580",2025-12-12
27354329,발주,114898481,57316032,"오하이 일미리 케이스 1mm 변색 없는 PC 하드 케이스, 아이폰 16",2025-10-15 16:29:16,KKW3,2,"8,000","16,000",2025-12-12
27354329,발주,114898481,60043362,"오하이 전면 3D 풀커버 TPU 지문방지 + 무광택 휴대폰 액정보호필름 3p + 부착 가이드툴, 갤럭시 S25엣지, 1세트",2025-10-15 16:29:16,KKW3,17,"9,540","162,180",2025-12-12
27354329,발주,114898481,62178970,오하이 풀커버 강화유리 휴대폰 액정보호필름 2p + EZ 툴 세트 아이폰17프로 1세트,2025-10-15 16:25:08,KKW3,29,"10,740","311,460",2025-12-12
27354329,발주,114898481,62178971,오하이 풀커버 강화유리 휴대폰 액정보호필름 2p + EZ 툴 세트 아이폰17 1세트,2025-10-15 16:25:04,KKW3,28,"10,740","300,720",2025-12-12
27354329,발주,114898481,62922000,"오하이 폴드,플립 지문방지 무광택 액정보호 필름 + 부착 안내문, 삼성 갤럭시 Z폴드7, 1세트 투명",2025-10-15 16:29:16,KKW3,23,"12,000","276,000",2025-12-12
27354329,발주,114898481,63835702,오하이 1mm 변색 없는 PC 하드 케이스 투명 아이폰17,2025-10-15 16:29:16,KKW3,9,"7,680","69,120",2025-12-12
27354329,발주,114898859,13906334,"오하이 전면 3D 풀커버 TPU 지문방지 + 무광택 휴대폰 액정보호필름 3p + 부착 가이드툴, 갤럭시노트20, 1세트",2025-10-15 17:18:43,DAEGU2,11,"9,540","104,940",2025-12-12
27354329,발주,114898859,17185168,오하이 저반사 지문방지 풀커버 액정보호필름 전면 3매+내부 3매 +option+ 갤럭시 Z폴드3 ::,2025-10-15 17:53:28,DAEGU2,1,"12,000","12,000",2025-12-12
27354329,발주,114898859,35373956,"오하이 EZ툴 아이폰 풀커버 사생활보호 프라이버시 강화유리필름 2매, 아이폰 13 프로맥스, 1세트",2025-10-15 18:23:39,DAEGU2,1,"11,940","11,940",2025-12-12
27354329,발주,114898859,35373963,"오하이 EZ툴 아이폰 풀커버 사생활보호 프라이버시 강화유리필름 2매, 아이폰 12/12프로, 1세트",2025-10-15 18:22:16,DAEGU2,2,"11,940","23,880",2025-12-12
27354329,발주,114898859,37350956,오하이 갤럭시 Z플립 5 저반사 지문방지 풀커버 액정보호필름 내부3매+외부3매 1세트,2025-10-15 17:53:28,DAEGU2,13,"10,700","139,100",2025-12-12
27354329,발주,114898859,40840056,"오하이 전면 3D 풀커버 TPU 지문방지 + 무광택 휴대폰 액정보호필름 3p + 부착 가이드툴, 아이폰12/12프로, 1세트",2025-10-15 18:23:39,DAEGU2,3,"9,540","28,620",2025-12-12
27354329,발주,114898859,40840077,"오하이 전면 3D 풀커버 TPU 지문방지 + 무광택 휴대폰 액정보호필름 3p + 부착 가이드툴, 아이폰14, 1세트",2025-10-15 18:23:39,DAEGU2,3,"9,540","28,620",2025-12-12
27354329,발주,114898859,40840089,"오하이 전면 3D 풀커버 TPU 지문방지 + 무광택 휴대폰 액정보호필름 3p + 부착 가이드툴, 아이폰15프로맥스, 1세트",2025-10-15 17:53:28,DAEGU2,4,"9,558","38,232",2025-12-12
27354329,발주,114898859,40840096,"오하이 전면 3D 풀커버 TPU 지문방지 + 무광택 휴대폰 액정보호필름 3p + 부착 가이드툴, 아이폰15플러스, 1세트",2025-10-15 20:08:27,DAEGU2,1,"9,540","9,540",2025-12-12
27354329,발주,114898859,41241005,"오하이 전면 3D 풀커버 TPU 지문방지 + 무광택 휴대폰 액정보호필름 3p + 부착 가이드툴, 아이폰 X/XS/11프로, 1세트",2025-10-15 19:38:05,DAEGU2,1,"9,540","9,540",2025-12-12
27354329,발주,114898859,41269788,"오하이 사생활보호 프라이버시 TPU 지문인식 휴대폰 액정보호필름 2매+간편부착 툴, 삼성 갤럭시 S22, 1세트",2025-10-15 18:22:16,DAEGU2,2,"6,705","13,410",2025-12-12
27354329,발주,114898859,50342949,"오하이 풀커버 강화유리 액정보호필름2개 + EZ툴 제공, 아이폰16프로",2025-10-15 18:18:32,DAEGU2,6,"10,740","64,440",2025-12-12
27354329,발주,114898859,50342952,"오하이 풀커버 강화유리 액정보호필름2개 + EZ툴 제공, 아이폰16",2025-10-15 17:54:09,DAEGU2,25,"10,740","268,500",2025-12-12
27354329,발주,114898859,50344699,"오하이 EZ툴 풀커버 사생활보호 프라이버시 강화유리 휴대폰 액정보호필름 2매, 아이폰 16 플러스, 1세트",2025-10-15 17:18:43,DAEGU2,4,"11,940","47,760",2025-12-12
27354329,발주,114898859,55705544,"오하이 지문방지 PET 무광필름 2매, 갤럭시 S25울트라, 1세트",2025-10-15 19:38:05,DAEGU2,1,"9,600","9,600",2025-12-12
27354329,발주,114898859,60136101,"오하이 사생활보호 프라이버시 TPU 지문인식 휴대폰 액정보호필름 2매+간편부착 툴, 삼성 갤럭시 S25엣지, 1세트",2025-10-15 18:23:39,DAEGU2,1,"6,705","6,705",2025-12-12
27354329,발주,114898859,62922000,"오하이 폴드,플립 지문방지 무광택 액정보호 필름 + 부착 안내문, 삼성 갤럭시 Z폴드7, 1세트 투명",2025-10-15 18:18:32,DAEGU2,22,"12,000","264,000",2025-12-12
27354329,발주,114898859,63835704,오하이 1mm 변색 없는 PC 하드 케이스 투명 아이폰17프로맥스,2025-10-15 18:23:39,DAEGU2,1,"7,680","7,680",2025-12-12
27354329,발주,114898859,63835705,오하이 1mm 변색 없는 PC 하드 케이스 투명 아이폰 Air,2025-10-15 17:53:28,DAEGU2,3,"7,680","23,040",2025-12-12
27354329,발주,114992089,27686155,"오하이 풀커버 강화유리 액정보호필름 + 이지솔루션 제공, 2개, 아이폰14프로",2025-10-15 03:53:49,ECH2,1,"10,740","10,740",2025-12-12
27354329,발주,114992089,41670010,"오하이 전면 3D 풀커버 TPU 지문방지 + 무광택 휴대폰 액정보호필름 3p + 부착 가이드툴, 갤럭시 S24울트라, 1세트",2025-10-15 03:53:49,ECH2,8,"9,540","76,320",2025-12-12
27354329,발주,115227808,35373954,"오하이 EZ툴 아이폰 풀커버 사생활보호 프라이버시 강화유리필름 2매, 아이폰 13/13프로, 1세트",2025-10-15 16:10:01,DAE6,1,"11,940","11,940",2025-12-12
27354329,발주,115227808,62178967,오하이 풀커버 강화유리 휴대폰 액정보호필름 2p + EZ 툴 세트 아이폰17프로맥스 1세트,2025-10-15 16:10:01,DAE6,10,"10,740","107,400",2025-12-12
27354329,발주,115227808,63688990,오하이 EZ툴 풀커버 사생활보호 프라이버시 강화유리 휴대폰 액정보호필름 2p 세트 아이폰17프로 1세트,2025-10-15 15:59:00,DAE6,4,"11,940","47,760",2025-12-12
27354329,발주,115227808,63688990,오하이 EZ툴 풀커버 사생활보호 프라이버시 강화유리 휴대폰 액정보호필름 2p 세트 아이폰17프로 1세트,2025-10-15 16:10:01,DAE6,10,"11,940","119,400",2025-12-12
27378573,발주,114584321,55701817,"오하이 풀커버 강화유리 액정보호필름 + 이지솔루션 제공, 2매1세트, 갤럭시S25 울트라",2025-10-17 08:43:06,GOY1,5,"10,740","53,700",2025-12-12
27378573,발주,114991787,18371038,"오하이 풀커버 강화유리 액정보호필름2개 + EZ툴 제공, 아이폰13/13프로",2025-10-17 21:38:37,GOY1,7,"10,740","75,180",2025-12-12
27378573,발주,114991787,27686155,"오하이 풀커버 강화유리 액정보호필름 + 이지솔루션 제공, 2개, 아이폰14프로",2025-10-17 23:48:50,GOY1,11,"10,740","118,140",2025-12-12
27378573,발주,114991787,31762099,"오하이 전면 3D 풀커버 TPU 지문방지 + 무광택 휴대폰 액정보호필름 3p + 부착 가이드툴, 갤럭시S23울트라, 1세트",2025-10-17 23:48:50,GOY1,6,"9,540","57,240",2025-12-12
27378573,발주,114991787,41670010,"오하이 전면 3D 풀커버 TPU 지문방지 + 무광택 휴대폰 액정보호필름 3p + 부착 가이드툴, 갤럭시 S24울트라, 1세트",2025-10-17 23:48:50,GOY1,23,"9,540","219,420",2025-12-12
27378573,발주,114991787,62922000,"오하이 폴드,플립 지문방지 무광택 액정보호 필름 + 부착 안내문, 삼성 갤럭시 Z폴드7, 1세트 투명",2025-10-17 23:48:50,GOY1,20,"12,000","240,000",2025-12-12
27417435,발주,115484299,35373969,"오하이 EZ툴 아이폰 풀커버 사생활보호 프라이버시 강화유리필름 2매, 아이폰 14 프로맥스, 1세트",2025-10-20 15:52:05,DAE6,5,"11,940","59,700",2025-12-19
27417435,발주,115484299,62178967,오하이 풀커버 강화유리 휴대폰 액정보호필름 2p + EZ 툴 세트 아이폰17프로맥스 1세트,2025-10-20 15:52:05,DAE6,37,"10,740","397,380",2025-12-19
27417435,발주,115484299,62178971,오하이 풀커버 강화유리 휴대폰 액정보호필름 2p + EZ 툴 세트 아이폰17 1세트,2025-10-20 15:52:05,DAE6,20,"10,740","214,800",2025-12-19
27442270,발주,115226717,35373969,"오하이 EZ툴 아이폰 풀커버 사생활보호 프라이버시 강화유리필름 2매, 아이폰 14 프로맥스, 1세트",2025-10-22 13:51:05,SEL1,11,"11,940","131,340",2025-12-19
27442270,발주,115226717,39017749,"오하이 풀커버 강화유리 액정보호필름 + 이지솔루션 제공, 2개, 아이폰15프로",2025-10-22 18:10:34,SEL1,35,"10,740","375,900",2025-12-19
27442270,발주,115226717,39017749,"오하이 풀커버 강화유리 액정보호필름 + 이지솔루션 제공, 2개, 아이폰15프로",2025-10-22 18:14:06,SEL1,65,"10,740","698,100",2025-12-19
27442270,발주,115226717,62178967,오하이 풀커버 강화유리 휴대폰 액정보호필름 2p + EZ 툴 세트 아이폰17프로맥스 1세트,2025-10-22 17:35:05,SEL1,10,"10,740","107,400",2025-12-19
27442270,발주,115226717,62178969,오하이 풀커버 강화유리 휴대폰 액정보호필름 2p + EZ 툴 세트 아이폰 Air,2025-10-22 13:51:05,SEL1,10,"10,740","107,400",2025-12-19
27442270,발주,115226717,62178969,오하이 풀커버 강화유리 휴대폰 액정보호필름 2p + EZ 툴 세트 아이폰 Air,2025-10-22 17:35:05,SEL1,5,"10,740","53,700",2025-12-19
27442270,발주,115228775,27217829,오하이 저반사 지문방지 풀커버 내부액정보호필름 내부3매+외부 3매 +option+ 갤럭시 Z플립4 ::,2025-10-22 17:55:34,KKW3,10,"10,700","107,000",2025-12-19
27442270,발주,115228775,41269801,"오하이 사생활보호 프라이버시 TPU 지문인식 휴대폰 액정보호필름 2매+간편부착 툴, 삼성 갤럭시 S23울트라, 1세트",2025-10-22 17:47:44,KKW3,5,"6,705","33,525",2025-12-19
27442270,발주,115228775,59459681,"오하이 지문방지 무광택 액정보호 필름 삼성 갤럭시 Z폴드SE (스페셜 에디션), 1세트",2025-10-22 17:49:16,KKW3,1,"11,940","11,940",2025-12-19
27442270,발주,115228775,62178967,오하이 풀커버 강화유리 휴대폰 액정보호필름 2p + EZ 툴 세트 아이폰17프로맥스 1세트,2025-10-22 17:49:16,KKW3,10,"10,740","107,400",2025-12-19
27442270,발주,115228775,63688989,오하이 EZ툴 풀커버 사생활보호 프라이버시 강화유리 휴대폰 액정보호필름 2p 세트 아이폰17 1세트,2025-10-22 17:49:16,KKW3,6,"11,940","71,640",2025-12-19
27442270,발주,115228775,63688990,오하이 EZ툴 풀커버 사생활보호 프라이버시 강화유리 휴대폰 액정보호필름 2p 세트 아이폰17프로 1세트,2025-10-22 17:49:16,KKW3,14,"11,940","167,160",2025-12-19
27442270,발주,115229022,39017747,"오하이 풀커버 강화유리 액정보호필름 + 이지솔루션 제공, 2개, 아이폰15",2025-10-22 16:43:29,CHW4,22,"10,740","236,280",2025-12-19
27442270,발주,115229022,39017749,"오하이 풀커버 강화유리 액정보호필름 + 이지솔루션 제공, 2개, 아이폰15프로",2025-10-22 21:07:28,CHW4,20,"10,740","214,800",2025-12-19
27442270,발주,115229022,39017749,"오하이 풀커버 강화유리 액정보호필름 + 이지솔루션 제공, 2개, 아이폰15프로",2025-10-22 21:11:15,CHW4,30,"10,740","322,200",2025-12-19
27442270,발주,115229022,39017749,"오하이 풀커버 강화유리 액정보호필름 + 이지솔루션 제공, 2개, 아이폰15프로",2025-10-22 21:16:41,CHW4,20,"10,740","214,800",2025-12-19
27442270,발주,115229022,39017749,"오하이 풀커버 강화유리 액정보호필름 + 이지솔루션 제공, 2개, 아이폰15프로",2025-10-22 21:21:26,CHW4,25,"10,740","268,500",2025-12-19
27442270,발주,115229022,40840085,"오하이 전면 3D 풀커버 TPU 지문방지 + 무광택 휴대폰 액정보호필름 3p + 부착 가이드툴, 아이폰15, 1세트",2025-10-22 19:45:00,CHW4,1,"9,540","9,540",2025-12-19
27442270,발주,115229022,55013234,"[전기종]오하이 도어락 지문방지 사생활보호 범죄예방 문캅스필름 2매+간편부착, 1세트, 지문방지필름 단일상품",2025-10-22 16:55:33,CHW4,3,"8,600","25,800",2025-12-19
27442270,발주,115229022,62178967,오하이 풀커버 강화유리 휴대폰 액정보호필름 2p + EZ 툴 세트 아이폰17프로맥스 1세트,2025-10-22 16:55:33,CHW4,10,"10,740","107,400",2025-12-19
27442270,발주,115229022,63835703,오하이 1mm 변색 없는 PC 하드 케이스 투명 아이폰17프로,2025-10-22 16:55:33,CHW4,4,"7,680","30,720",2025-12-19
27442270,발주,115229022,63858199,오하이 일미리 맥세이프 변색 없는 PC 하드 휴대폰 케이스 투명 아이폰17,2025-10-22 19:45:00,CHW4,1,"10,080","10,080",2025-12-19
27442270,발주,115243228,18371038,"오하이 풀커버 강화유리 액정보호필름2개 + EZ툴 제공, 아이폰13/13프로",2025-10-22 13:17:56,CHW3,8,"10,740","85,920",2025-12-19
27442270,발주,115243228,27686155,"오하이 풀커버 강화유리 액정보호필름 + 이지솔루션 제공, 2개, 아이폰14프로",2025-10-22 13:22:24,CHW3,8,"10,740","85,920",2025-12-19
27442270,발주,115243228,62922000,"오하이 폴드,플립 지문방지 무광택 액정보호 필름 + 부착 안내문, 삼성 갤럭시 Z폴드7, 1세트 투명",2025-10-22 12:15:59,CHW3,14,"12,000","168,000",2025-12-19
27442270,발주,115243438,18371038,"오하이 풀커버 강화유리 액정보호필름2개 + EZ툴 제공, 아이폰13/13프로",2025-10-22 13:21:29,SEL1,26,"10,740","279,240",2025-12-19
27442270,발주,115243438,27686155,"오하이 풀커버 강화유리 액정보호필름 + 이지솔루션 제공, 2개, 아이폰14프로",2025-10-22 13:51:05,SEL1,2,"10,740","21,480",2025-12-19
27442270,발주,115243438,27686155,"오하이 풀커버 강화유리 액정보호필름 + 이지솔루션 제공, 2개, 아이폰14프로",2025-10-22 14:02:45,SEL1,5,"10,740","53,700",2025-12-19
27442270,발주,115243438,41670010,"오하이 전면 3D 풀커버 TPU 지문방지 + 무광택 휴대폰 액정보호필름 3p + 부착 가이드툴, 갤럭시 S24울트라, 1세트",2025-10-22 13:51:05,SEL1,4,"9,540","38,160",2025-12-19
27442270,발주,115243998,18371038,"오하이 풀커버 강화유리 액정보호필름2개 + EZ툴 제공, 아이폰13/13프로",2025-10-22 17:47:44,KKW3,22,"10,740","236,280",2025-12-19
27442270,발주,115243998,27686155,"오하이 풀커버 강화유리 액정보호필름 + 이지솔루션 제공, 2개, 아이폰14프로",2025-10-22 17:47:44,KKW3,3,"10,740","32,220",2025-12-19
27442270,발주,115330265,55701376,"오하이 사생활보호 프라이버시 TPU 지문인식 휴대폰 액정보호필름 2매+간편부착 툴, 삼성 갤럭시 S25울트라, 1세트",2025-10-22 17:47:44,KKW3,1,"6,705","6,705",2025-12-19
27442270,발주,115337448,62922000,"오하이 폴드,플립 지문방지 무광택 액정보호 필름 + 부착 안내문, 삼성 갤럭시 Z폴드7, 1세트 투명",2025-10-22 11:23:37,CHW1,5,"12,000","60,000",2025-12-19
27442270,발주,115340020,48183127,"오하이 전면 3D 풀커버 TPU 지문방지 + 무광택 휴대폰 액정보호필름 3p + 부착 가이드툴, 갤럭시 A15, 1세트",2025-10-22 13:51:05,SEL1,2,"9,540","19,080",2025-12-19
27442270,발주,115340020,59459681,"오하이 지문방지 무광택 액정보호 필름 삼성 갤럭시 Z폴드SE (스페셜 에디션), 1세트",2025-10-22 13:51:05,SEL1,3,"11,940","35,820",2025-12-19
27442270,발주,115340686,53760720,"오하이 태블릿 지문방지 필름 2매, 뮤패드 K11 LTE 투명",2025-10-22 16:55:33,CHW4,2,"9,540","19,080",2025-12-19
27442270,발주,115340779,36758768,"오하이 지문방지 PET 무광필름 2매, 아이폰13프로맥스, 1세트",2025-10-22 19:51:35,CHW4,1,"9,600","9,600",2025-12-19
27442270,발주,115340779,41269824,"오하이 사생활보호 프라이버시 TPU 지문인식 휴대폰 액정보호필름 2매+간편부착 툴, 애플 아이폰 15프로맥스, 1세트",2025-10-22 19:34:36,CHW4,2,"6,705","13,410",2025-12-19
27442270,발주,115340779,41941973,"오하이 지문방지 PET 무광필름 2매, 아이폰15프로, 1세트",2025-10-22 17:16:07,CHW4,1,"9,600","9,600",2025-12-19
27442270,발주,115340779,42015231,"오하이 사생활보호 프라이버시 TPU 지문인식 휴대폰 액정보호필름 2매+간편부착 툴, 삼성 갤럭시 S24울트라, 1세트",2025-10-22 17:12:10,CHW4,3,"6,705","20,115",2025-12-19
27442270,발주,115340779,49343789,"오하이 사생활보호 프라이버시 TPU 지문인식 휴대폰 액정보호필름 2매+간편부착 툴, 삼성 갤럭시 S20플러스, 1세트",2025-10-22 17:05:35,CHW4,1,"6,705","6,705",2025-12-19
27442270,발주,115340779,57316032,"오하이 일미리 케이스 1mm 변색 없는 PC 하드 케이스, 아이폰 16",2025-10-22 19:39:50,CHW4,1,"8,000","8,000",2025-12-19
27442270,발주,115340779,57316050,"오하이 일미리 케이스 1mm 변색 없는 PC 하드 케이스, 갤럭시 S24 플러스",2025-10-22 17:12:10,CHW4,1,"8,000","8,000",2025-12-19
27442270,발주,115441838,62178969,오하이 풀커버 강화유리 휴대폰 액정보호필름 2p + EZ 툴 세트 아이폰 Air,2025-10-22 13:22:24,CHW3,1,"10,740","10,740",2025-12-19
27442270,발주,115486533,48183125,"오하이 전면 3D 풀커버 TPU 지문방지 + 무광택 휴대폰 액정보호필름 3p + 부착 가이드툴, 갤럭시 A35, 1세트",2025-10-22 22:56:00,ECH2,1,"9,540","9,540",2025-12-19
27442270,발주,115486945,39017747,"오하이 풀커버 강화유리 액정보호필름 + 이지솔루션 제공, 2개, 아이폰15",2025-10-22 11:23:37,CHW1,4,"10,740","42,960",2025-12-19
27442270,발주,115486945,39017747,"오하이 풀커버 강화유리 액정보호필름 + 이지솔루션 제공, 2개, 아이폰15",2025-10-22 11:28:22,CHW1,15,"10,740","161,100",2025-12-19
27442270,발주,115486945,39017754,"오하이 풀커버 강화유리 액정보호필름 + 이지솔루션 제공, 2개, 아이폰15프로맥스",2025-10-22 11:23:37,CHW1,3,"10,740","32,220",2025-12-19
27442270,발주,115486945,50342950,"오하이 풀커버 강화유리 액정보호필름2개 + EZ툴 제공, 아이폰16프로맥스",2025-10-22 11:23:37,CHW1,12,"10,740","128,880",2025-12-19
27442270,발주,115486945,62178971,오하이 풀커버 강화유리 휴대폰 액정보호필름 2p + EZ 툴 세트 아이폰17 1세트,2025-10-22 11:23:37,CHW1,26,"10,740","279,240",2025-12-19
27442270,발주,115547505,18371038,"오하이 풀커버 강화유리 액정보호필름2개 + EZ툴 제공, 아이폰13/13프로",2025-10-22 13:17:56,CHW3,8,"10,740","85,920",2025-12-19
27442270,발주,115547505,19454771,"오하이 풀커버 강화유리 액정보호필름2개 + EZ툴 제공, 아이폰12/12프로",2025-10-22 12:15:59,CHW3,14,"10,740","150,360",2025-12-19
27442270,발주,115547505,27686155,"오하이 풀커버 강화유리 액정보호필름 + 이지솔루션 제공, 2개, 아이폰14프로",2025-10-22 13:22:24,CHW3,12,"10,740","128,880",2025-12-19
27442270,발주,115547505,41670010,"오하이 전면 3D 풀커버 TPU 지문방지 + 무광택 휴대폰 액정보호필름 3p + 부착 가이드툴, 갤럭시 S24울트라, 1세트",2025-10-22 12:15:59,CHW3,1,"9,540","9,540",2025-12-19
27442270,발주,115547604,62921998,"오하이 폴드,플립 지문방지 무광택 액정보호 필름 + 부착 안내문, 삼성 갤럭시 Z플립7, 1세트 투명",2025-10-22 21:02:59,ECH2,12,"10,700","128,400",2025-12-19
27442270,발주,115547604,62922000,"오하이 폴드,플립 지문방지 무광택 액정보호 필름 + 부착 안내문, 삼성 갤럭시 Z폴드7, 1세트 투명",2025-10-22 20:59:11,ECH2,40,"12,000","480,000",2025-12-19
27442270,발주,115547604,62922000,"오하이 폴드,플립 지문방지 무광택 액정보호 필름 + 부착 안내문, 삼성 갤럭시 Z폴드7, 1세트 투명",2025-10-22 21:02:40,ECH2,38,"12,000","456,000",2025-12-19
27455559,발주,115229078,17185165,오하이 갤럭시 Z플립 3 저반사 지문방지 풀커버 액정보호필름 내부3매+외부3매 1세트,2025-10-23 19:37:12,INC32,6,"10,700","64,200",2025-12-19
27455559,발주,115229078,36684361,"오하이 전면 3D 풀커버 TPU 지문방지 + 무광택 휴대폰 액정보호필름 3p + 부착 가이드툴, 갤럭시노트20울트라, 1세트",2025-10-23 19:45:23,INC32,12,"9,540","114,480",2025-12-19
27455559,발주,115229078,62178967,오하이 풀커버 강화유리 휴대폰 액정보호필름 2p + EZ 툴 세트 아이폰17프로맥스 1세트,2025-10-23 19:38:58,INC32,10,"10,740","107,400",2025-12-19
27455559,발주,115229078,63427932,오하이 일미리 맥세이프 케이스 1mm PC 하드 케이스 투명 아이폰 15,2025-10-23 19:48:15,INC32,2,"10,080","20,160",2025-12-19
27455559,발주,115229078,63688990,오하이 EZ툴 풀커버 사생활보호 프라이버시 강화유리 휴대폰 액정보호필름 2p 세트 아이폰17프로 1세트,2025-10-23 19:37:12,INC32,14,"11,940","167,160",2025-12-19
27455559,발주,115229371,39017747,"오하이 풀커버 강화유리 액정보호필름 + 이지솔루션 제공, 2개, 아이폰15",2025-10-23 01:57:39,GOY1,21,"10,740","225,540",2025-12-19
27455559,발주,115229371,39017749,"오하이 풀커버 강화유리 액정보호필름 + 이지솔루션 제공, 2개, 아이폰15프로",2025-10-23 02:08:12,GOY1,40,"10,740","429,600",2025-12-19
27455559,발주,115229371,39017749,"오하이 풀커버 강화유리 액정보호필름 + 이지솔루션 제공, 2개, 아이폰15프로",2025-10-23 02:15:18,GOY1,40,"10,740","429,600",2025-12-19
27455559,발주,115243240,18371038,"오하이 풀커버 강화유리 액정보호필름2개 + EZ툴 제공, 아이폰13/13프로",2025-10-23 19:38:58,INC32,12,"10,740","128,880",2025-12-19
27455559,발주,115243240,41670010,"오하이 전면 3D 풀커버 TPU 지문방지 + 무광택 휴대폰 액정보호필름 3p + 부착 가이드툴, 갤럭시 S24울트라, 1세트",2025-10-23 19:50:27,INC32,1,"9,540","9,540",2025-12-19
27455559,발주,115243240,62922000,"오하이 폴드,플립 지문방지 무광택 액정보호 필름 + 부착 안내문, 삼성 갤럭시 Z폴드7, 1세트 투명",2025-10-23 22:22:50,INC32,16,"12,000","192,000",2025-12-19
27455559,발주,115243241,18371038,"오하이 풀커버 강화유리 액정보호필름2개 + EZ툴 제공, 아이폰13/13프로",2025-10-23 02:19:16,GOY1,16,"10,740","171,840",2025-12-19
27455559,발주,115243241,19454771,"오하이 풀커버 강화유리 액정보호필름2개 + EZ툴 제공, 아이폰12/12프로",2025-10-23 02:18:39,GOY1,9,"10,740","96,660",2025-12-19
27455559,발주,115243241,27686155,"오하이 풀커버 강화유리 액정보호필름 + 이지솔루션 제공, 2개, 아이폰14프로",2025-10-23 02:18:39,GOY1,8,"10,740","85,920",2025-12-19
27455559,발주,115243241,62922000,"오하이 폴드,플립 지문방지 무광택 액정보호 필름 + 부착 안내문, 삼성 갤럭시 Z폴드7, 1세트 투명",2025-10-23 02:42:15,GOY1,24,"12,000","288,000",2025-12-19
27455559,발주,115336294,19454771,"오하이 풀커버 강화유리 액정보호필름2개 + EZ툴 제공, 아이폰12/12프로",2025-10-23 02:18:39,GOY1,7,"10,740","75,180",2025-12-19
27455559,발주,115336294,62922000,"오하이 폴드,플립 지문방지 무광택 액정보호 필름 + 부착 안내문, 삼성 갤럭시 Z폴드7, 1세트 투명",2025-10-23 02:42:15,GOY1,20,"12,000","240,000",2025-12-19
27455559,발주,115337442,62922000,"오하이 폴드,플립 지문방지 무광택 액정보호 필름 + 부착 안내문, 삼성 갤럭시 Z폴드7, 1세트 투명",2025-10-23 22:22:50,INC32,13,"12,000","156,000",2025-12-19
27455559,발주,115339835,41269801,"오하이 사생활보호 프라이버시 TPU 지문인식 휴대폰 액정보호필름 2매+간편부착 툴, 삼성 갤럭시 S23울트라, 1세트",2025-10-23 19:50:27,INC32,1,"6,705","6,705",2025-12-19
27455559,발주,115339835,55701376,"오하이 사생활보호 프라이버시 TPU 지문인식 휴대폰 액정보호필름 2매+간편부착 툴, 삼성 갤럭시 S25울트라, 1세트",2025-10-23 19:48:15,INC32,1,"6,705","6,705",2025-12-19
27455559,발주,115419796,65199912,오하이 전면 3D 풀커버 TPU 지문방지 + 무광택 필름 + 부착 가이드툴 갤럭시 S25FE 1세트,2025-10-23 19:45:23,INC32,1,"9,600","9,600",2025-12-19
27455559,발주,115441064,39017749,"오하이 풀커버 강화유리 액정보호필름 + 이지솔루션 제공, 2개, 아이폰15프로",2025-10-23 03:12:08,SIH2,8,"10,740","85,920",2025-12-19
27455559,발주,115441784,55701376,"오하이 사생활보호 프라이버시 TPU 지문인식 휴대폰 액정보호필름 2매+간편부착 툴, 삼성 갤럭시 S25울트라, 1세트",2025-10-23 19:48:15,INC32,1,"6,705","6,705",2025-12-19
27455559,발주,115441784,62178970,오하이 풀커버 강화유리 휴대폰 액정보호필름 2p + EZ 툴 세트 아이폰17프로 1세트,2025-10-23 19:38:58,INC32,17,"10,740","182,580",2025-12-19
27455559,발주,115441784,62178971,오하이 풀커버 강화유리 휴대폰 액정보호필름 2p + EZ 툴 세트 아이폰17 1세트,2025-10-23 19:45:24,INC32,10,"10,740","107,400",2025-12-19
27455559,발주,115441882,62178971,오하이 풀커버 강화유리 휴대폰 액정보호필름 2p + EZ 툴 세트 아이폰17 1세트,2025-10-23 02:18:39,GOY1,20,"10,740","214,800",2025-12-19
27455559,발주,115483710,39017747,"오하이 풀커버 강화유리 액정보호필름 + 이지솔루션 제공, 2개, 아이폰15",2025-10-23 03:12:08,SIH2,9,"10,740","96,660",2025-12-19
27455559,발주,115483710,39017754,"오하이 풀커버 강화유리 액정보호필름 + 이지솔루션 제공, 2개, 아이폰15프로맥스",2025-10-23 03:12:08,SIH2,5,"10,740","53,700",2025-12-19
27455559,발주,115483710,50342950,"오하이 풀커버 강화유리 액정보호필름2개 + EZ툴 제공, 아이폰16프로맥스",2025-10-23 03:12:08,SIH2,6,"10,740","64,440",2025-12-19
27455559,발주,115486721,65076573,오하이 모션핏 맥세이프 미니 셀카봉 브이로그 삼각대 화이트 1개 모션핏_W,2025-10-23 22:22:56,INC32,6,"13,740","82,440",2025-12-19
27455559,발주,115487139,35373957,"오하이 EZ툴 아이폰 풀커버 사생활보호 프라이버시 강화유리필름 2매, 아이폰 13 미니, 1세트",2025-10-23 19:48:15,INC32,1,"11,940","11,940",2025-12-19
27455559,발주,115487139,35373967,"오하이 EZ툴 아이폰 풀커버 사생활보호 프라이버시 강화유리필름 2매, 아이폰 12 미니, 1세트",2025-10-23 19:48:15,INC32,1,"11,940","11,940",2025-12-19
27455559,발주,115487139,39017747,"오하이 풀커버 강화유리 액정보호필름 + 이지솔루션 제공, 2개, 아이폰15",2025-10-23 20:00:13,INC32,28,"10,740","300,720",2025-12-19
27455559,발주,115487139,39017754,"오하이 풀커버 강화유리 액정보호필름 + 이지솔루션 제공, 2개, 아이폰15프로맥스",2025-10-23 19:37:47,INC32,32,"10,740","343,680",2025-12-19
27455559,발주,115487139,42671224,"오하이 전면 3D 풀커버 TPU 지문방지 + 무광택 휴대폰 액정보호필름 3p + 부착 가이드툴, 삼성 갤럭시 S8, 1세트",2025-10-23 19:50:27,INC32,1,"9,540","9,540",2025-12-19
27455559,발주,115487139,50342949,"오하이 풀커버 강화유리 액정보호필름2개 + EZ툴 제공, 아이폰16프로",2025-10-23 19:55:54,INC32,34,"10,740","365,160",2025-12-19
27455559,발주,115487139,50342950,"오하이 풀커버 강화유리 액정보호필름2개 + EZ툴 제공, 아이폰16프로맥스",2025-10-23 19:37:47,INC32,36,"10,740","386,640",2025-12-19
27455559,발주,115487139,59459681,"오하이 지문방지 무광택 액정보호 필름 삼성 갤럭시 Z폴드SE (스페셜 에디션), 1세트",2025-10-23 22:22:50,INC32,8,"11,940","95,520",2025-12-19
27455559,발주,115487139,62178969,오하이 풀커버 강화유리 휴대폰 액정보호필름 2p + EZ 툴 세트 아이폰 Air,2025-10-23 19:45:24,INC32,18,"10,740","193,320",2025-12-19
27455559,발주,115487139,62178970,오하이 풀커버 강화유리 휴대폰 액정보호필름 2p + EZ 툴 세트 아이폰17프로 1세트,2025-10-23 19:38:58,INC32,3,"10,740","32,220",2025-12-19
27455559,발주,115487139,62178970,오하이 풀커버 강화유리 휴대폰 액정보호필름 2p + EZ 툴 세트 아이폰17프로 1세트,2025-10-23 19:45:24,INC32,27,"10,740","289,980",2025-12-19
27455559,발주,115487139,63427933,오하이 일미리 맥세이프 케이스 1mm PC 하드 케이스 투명 아이폰 15프로,2025-10-23 19:37:12,INC32,4,"10,080","40,320",2025-12-19
27455559,발주,115515739,55705544,"오하이 지문방지 PET 무광필름 2매, 갤럭시 S25울트라, 1세트",2025-10-23 19:50:27,INC32,1,"9,600","9,600",2025-12-19
27455559,발주,115515739,57316032,"오하이 일미리 케이스 1mm 변색 없는 PC 하드 케이스, 아이폰 16",2025-10-23 19:48:15,INC32,1,"8,000","8,000",2025-12-19
27455559,발주,115515739,63427932,오하이 일미리 맥세이프 케이스 1mm PC 하드 케이스 투명 아이폰 15,2025-10-23 19:48:15,INC32,2,"10,080","20,160",2025-12-19
27455559,발주,115515739,63427933,오하이 일미리 맥세이프 케이스 1mm PC 하드 케이스 투명 아이폰 15프로,2025-10-23 19:37:12,INC32,6,"10,080","60,480",2025-12-19
27455559,발주,115515739,63427934,오하이 일미리 맥세이프 케이스 1mm PC 하드 케이스 투명 아이폰 15프로맥스,2025-10-23 19:45:23,INC32,3,"10,080","30,240",2025-12-19
27455559,발주,115515739,63688991,오하이 EZ툴 풀커버 사생활보호 프라이버시 강화유리 휴대폰 액정보호필름 2p 세트 아이폰17프로맥스 1세트,2025-10-23 19:37:12,INC32,2,"11,940","23,880",2025-12-19
27455559,발주,115547590,18371038,"오하이 풀커버 강화유리 액정보호필름2개 + EZ툴 제공, 아이폰13/13프로",2025-10-23 19:45:23,INC32,8,"10,740","85,920",2025-12-19
27455559,발주,115547590,27686155,"오하이 풀커버 강화유리 액정보호필름 + 이지솔루션 제공, 2개, 아이폰14프로",2025-10-23 19:45:23,INC32,6,"10,740","64,440",2025-12-19
27455559,발주,115547590,41670010,"오하이 전면 3D 풀커버 TPU 지문방지 + 무광택 휴대폰 액정보호필름 3p + 부착 가이드툴, 갤럭시 S24울트라, 1세트",2025-10-23 22:22:50,INC32,10,"9,540","95,400",2025-12-19
27455559,발주,115547590,41670010,"오하이 전면 3D 풀커버 TPU 지문방지 + 무광택 휴대폰 액정보호필름 3p + 부착 가이드툴, 갤럭시 S24울트라, 1세트",2025-10-23 22:23:25,INC32,4,"9,540","38,160",2025-12-19
27455559,발주,115547590,62921998,"오하이 폴드,플립 지문방지 무광택 액정보호 필름 + 부착 안내문, 삼성 갤럭시 Z플립7, 1세트 투명",2025-10-23 19:50:27,INC32,5,"10,700","53,500",2025-12-19
27455559,발주,115547590,62922000,"오하이 폴드,플립 지문방지 무광택 액정보호 필름 + 부착 안내문, 삼성 갤럭시 Z폴드7, 1세트 투명",2025-10-23 22:22:50,INC32,29,"12,000","348,000",2025-12-19
27455559,발주,115547598,18371038,"오하이 풀커버 강화유리 액정보호필름2개 + EZ툴 제공, 아이폰13/13프로",2025-10-23 03:33:15,SIH2,3,"10,740","32,220",2025-12-19
27455559,발주,115547598,27686155,"오하이 풀커버 강화유리 액정보호필름 + 이지솔루션 제공, 2개, 아이폰14프로",2025-10-23 03:12:08,SIH2,2,"10,740","21,480",2025-12-19
27455559,발주,115547598,41670010,"오하이 전면 3D 풀커버 TPU 지문방지 + 무광택 휴대폰 액정보호필름 3p + 부착 가이드툴, 갤럭시 S24울트라, 1세트",2025-10-23 03:12:08,SIH2,6,"9,540","57,240",2025-12-19
27455559,발주,115547598,62922000,"오하이 폴드,플립 지문방지 무광택 액정보호 필름 + 부착 안내문, 삼성 갤럭시 Z폴드7, 1세트 투명",2025-10-23 03:12:08,SIH2,13,"12,000","156,000",2025-12-19
27455559,발주,115551621,63427928,오하이 일미리 맥세이프 케이스 1mm PC 하드 케이스 투명 아이폰 16,2025-10-23 03:20:14,SIH2,1,"10,080","10,080",2025-12-19
27455559,발주,115551621,63427930,오하이 일미리 맥세이프 케이스 1mm PC 하드 케이스 투명 아이폰 16프로맥스,2025-10-23 03:20:14,SIH2,2,"10,080","20,160",2025-12-19
27455559,발주,115556266,65076574,오하이 모션핏 맥세이프 미니 셀카봉 브이로그 삼각대 블랙 1개 모션핏_B,2025-10-23 22:14:52,INC32,1,"13,740","13,740",2025-12-19
27659862,발주,116963007,50344701,"오하이 EZ툴 아이폰 풀커버 사생활보호 프라이버시 강화유리필름 2매, 아이폰 16 프로, 1세트",2025-11-08 16:04:33,GWJ2,1,"11,940","11,940",2026-01-07
27659862,발주,117061936,50344701,"오하이 EZ툴 아이폰 풀커버 사생활보호 프라이버시 강화유리필름 2매, 아이폰 16 프로, 1세트",2025-11-08 16:05:08,GWJ2,2,"11,940","23,880",2026-01-07
27659862,발주,117062660,55707339,"오하이 전면 3D 풀커버 TPU 지문방지 + 무광택 휴대폰 액정보호필름 3p + 부착 가이드툴, 삼성 갤럭시 S25플러스, 1세트",2025-11-08 23:16:39,SEL1,1,"9,540","9,540",2026-01-07
27659862,발주,117062660,62178971,오하이 풀커버 강화유리 휴대폰 액정보호필름 2p + EZ 툴 세트 아이폰17 1세트,2025-11-08 23:38:57,SEL1,4,"10,740","42,960",2026-01-07
27659862,발주,117073016,39017749,"오하이 풀커버 강화유리 액정보호필름 + 이지솔루션 제공, 2개, 아이폰15프로",2025-11-08 11:18:05,GWJ2,13,"10,740","139,620",2026-01-07
27659862,발주,117073016,39017749,"오하이 풀커버 강화유리 액정보호필름 + 이지솔루션 제공, 2개, 아이폰15프로",2025-11-08 11:18:30,GWJ2,1,"10,740","10,740",2026-01-07
27659862,발주,117073016,50342949,"오하이 풀커버 강화유리 액정보호필름2개 + EZ툴 제공, 아이폰16프로",2025-11-08 11:18:05,GWJ2,18,"10,740","193,320",2026-01-07
27659862,발주,117073016,50342949,"오하이 풀커버 강화유리 액정보호필름2개 + EZ툴 제공, 아이폰16프로",2025-11-08 11:18:30,GWJ2,56,"10,740","601,440",2026-01-07
27659862,발주,117073066,50342952,"오하이 풀커버 강화유리 액정보호필름2개 + EZ툴 제공, 아이폰16",2025-11-08 23:16:39,SEL1,13,"10,740","139,620",2026-01-07
27659862,발주,117073066,50342952,"오하이 풀커버 강화유리 액정보호필름2개 + EZ툴 제공, 아이폰16",2025-11-08 23:22:12,SEL1,4,"10,740","42,960",2026-01-07
27659862,발주,117157184,50342949,"오하이 풀커버 강화유리 액정보호필름2개 + EZ툴 제공, 아이폰16프로",2025-11-08 20:16:45,INC14,20,"10,740","214,800",2026-01-07
27659862,발주,117176081,39017754,"오하이 풀커버 강화유리 액정보호필름 + 이지솔루션 제공, 2개, 아이폰15프로맥스",2025-11-08 23:32:10,SEL1,1,"10,740","10,740",2026-01-07
27659862,발주,117176081,55707340,"오하이 전면 3D 풀커버 TPU 지문방지 + 무광택 휴대폰 액정보호필름 3p + 부착 가이드툴, 삼성 갤럭시 S25, 1세트",2025-11-08 23:38:57,SEL1,9,"9,060","81,540",2026-01-07
27659862,발주,117176081,62178971,오하이 풀커버 강화유리 휴대폰 액정보호필름 2p + EZ 툴 세트 아이폰17 1세트,2025-11-08 23:38:57,SEL1,10,"10,740","107,400",2026-01-07
27659862,발주,117176081,63688990,오하이 EZ툴 풀커버 사생활보호 프라이버시 강화유리 휴대폰 액정보호필름 2p 세트 아이폰17프로 1세트,2025-11-08 23:19:34,SEL1,8,"11,940","95,520",2026-01-07
27659862,발주,117176781,62178969,오하이 풀커버 강화유리 휴대폰 액정보호필름 2p + EZ 툴 세트 아이폰 Air,2025-11-08 19:42:33,CHW3,4,"10,740","42,960",2026-01-07
27659862,발주,117176781,62178971,오하이 풀커버 강화유리 휴대폰 액정보호필름 2p + EZ 툴 세트 아이폰17 1세트,2025-11-08 19:42:33,CHW3,5,"10,740","53,700",2026-01-07
27659862,발주,117176971,39017754,"오하이 풀커버 강화유리 액정보호필름 + 이지솔루션 제공, 2개, 아이폰15프로맥스",2025-11-08 21:46:16,ECH2,4,"10,740","42,960",2026-01-07
27659862,발주,117176971,50344701,"오하이 EZ툴 아이폰 풀커버 사생활보호 프라이버시 강화유리필름 2매, 아이폰 16 프로, 1세트",2025-11-08 21:43:58,ECH2,4,"11,940","47,760",2026-01-07
27659862,발주,117176971,55707339,"오하이 전면 3D 풀커버 TPU 지문방지 + 무광택 휴대폰 액정보호필름 3p + 부착 가이드툴, 삼성 갤럭시 S25플러스, 1세트",2025-11-08 21:51:36,ECH2,10,"9,540","95,400",2026-01-07
27659862,발주,117176971,62178971,오하이 풀커버 강화유리 휴대폰 액정보호필름 2p + EZ 툴 세트 아이폰17 1세트,2025-11-08 21:51:23,ECH2,5,"10,740","53,700",2026-01-07
27659862,발주,117177879,39017754,"오하이 풀커버 강화유리 액정보호필름 + 이지솔루션 제공, 2개, 아이폰15프로맥스",2025-11-08 20:32:54,INC4,3,"10,740","32,220",2026-01-07
27659862,발주,117177879,50344701,"오하이 EZ툴 아이폰 풀커버 사생활보호 프라이버시 강화유리필름 2매, 아이폰 16 프로, 1세트",2025-11-08 20:27:35,INC4,4,"11,940","47,760",2026-01-07
27659862,발주,117177879,62178971,오하이 풀커버 강화유리 휴대폰 액정보호필름 2p + EZ 툴 세트 아이폰17 1세트,2025-11-08 22:07:44,INC4,23,"10,740","247,020",2026-01-07
27659862,발주,117177968,39017754,"오하이 풀커버 강화유리 액정보호필름 + 이지솔루션 제공, 2개, 아이폰15프로맥스",2025-11-08 16:13:17,GWJ2,1,"10,740","10,740",2026-01-07
27659862,발주,117177968,50344701,"오하이 EZ툴 아이폰 풀커버 사생활보호 프라이버시 강화유리필름 2매, 아이폰 16 프로, 1세트",2025-11-08 16:05:38,GWJ2,1,"11,940","11,940",2026-01-07
27659862,발주,117177968,62178971,오하이 풀커버 강화유리 휴대폰 액정보호필름 2p + EZ 툴 세트 아이폰17 1세트,2025-11-08 16:10:43,GWJ2,3,"10,740","32,220",2026-01-07
27659862,발주,117217048,62178970,오하이 풀커버 강화유리 휴대폰 액정보호필름 2p + EZ 툴 세트 아이폰17프로 1세트,2025-11-08 20:22:00,INC14,43,"10,740","461,820",2026-01-07
27659862,발주,117217048,62178971,오하이 풀커버 강화유리 휴대폰 액정보호필름 2p + EZ 툴 세트 아이폰17 1세트,2025-11-08 20:16:45,INC14,33,"10,740","354,420",2026-01-07
27659862,발주,117217541,63073467,"오하이 전면 3D 풀커버 TPU 지문방지 + 무광택 필름 + 부착 가이드툴, 갤럭시S23플러스, 1세트",2025-11-08 23:19:34,SEL1,9,"9,540","85,860",2026-01-07
27659862,발주,117217817,17185168,오하이 저반사 지문방지 풀커버 액정보호필름 전면 3매+내부 3매 +option+ 갤럭시 Z폴드3 ::,2025-11-08 21:51:14,ECH2,1,"12,000","12,000",2026-01-07
27659862,발주,117217817,19454769,"오하이 풀커버 강화유리 액정보호필름2개 + EZ툴 제공, 아이폰12미니",2025-11-08 21:51:36,ECH2,2,"10,740","21,480",2026-01-07
27659862,발주,117217817,27217829,오하이 저반사 지문방지 풀커버 내부액정보호필름 내부3매+외부 3매 +option+ 갤럭시 Z플립4 ::,2025-11-08 21:51:36,ECH2,3,"10,700","32,100",2026-01-07
27659862,발주,117217817,27686154,"오하이 풀커버 강화유리 액정보호필름 + 이지솔루션 제공, 2개, 아이폰14",2025-11-08 21:44:07,ECH2,4,"10,740","42,960",2026-01-07
27659862,발주,117217817,35373955,"오하이 EZ툴 아이폰 풀커버 사생활보호 프라이버시 강화유리필름 2매, 아이폰 14 프로, 1세트",2025-11-08 21:44:07,ECH2,1,"11,940","11,940",2026-01-07
27659862,발주,117217817,35373956,"오하이 EZ툴 아이폰 풀커버 사생활보호 프라이버시 강화유리필름 2매, 아이폰 13 프로맥스, 1세트",2025-11-08 21:44:07,ECH2,2,"11,940","23,880",2026-01-07
27659862,발주,117217817,36684361,"오하이 전면 3D 풀커버 TPU 지문방지 + 무광택 휴대폰 액정보호필름 3p + 부착 가이드툴, 갤럭시노트20울트라, 1세트",2025-11-08 21:51:14,ECH2,1,"9,540","9,540",2026-01-07
27659862,발주,117217817,36758775,"오하이 지문방지 PET 무광필름 2매, 아이폰14, 1세트",2025-11-08 21:51:36,ECH2,1,"9,600","9,600",2026-01-07
27659862,발주,117217817,39017747,"오하이 풀커버 강화유리 액정보호필름 + 이지솔루션 제공, 2개, 아이폰15",2025-11-08 21:46:16,ECH2,4,"10,740","42,960",2026-01-07
27659862,발주,117217817,39017754,"오하이 풀커버 강화유리 액정보호필름 + 이지솔루션 제공, 2개, 아이폰15프로맥스",2025-11-08 21:46:16,ECH2,20,"10,740","214,800",2026-01-07
27659862,발주,117217817,41269788,"오하이 사생활보호 프라이버시 TPU 지문인식 휴대폰 액정보호필름 2매+간편부착 툴, 삼성 갤럭시 S22, 1세트",2025-11-08 21:51:14,ECH2,1,"6,705","6,705",2026-01-07
27659862,발주,117217817,41555864,"오하이 EZ툴 풀커버 사생활보호 프라이버시 강화유리 휴대폰 액정보호필름 2매, 아이폰 15, 1세트",2025-11-08 21:44:07,ECH2,3,"11,940","35,820",2026-01-07
27659862,발주,117217817,41669998,"오하이 전면 3D 풀커버 TPU 지문방지 + 무광택 휴대폰 액정보호필름 3p + 부착 가이드툴, 갤럭시 A24, 1세트",2025-11-08 21:51:14,ECH2,4,"9,540","38,160",2026-01-07
27659862,발주,117217817,41941966,"오하이 지문방지 PET 무광필름 2매, 아이폰15, 1세트",2025-11-08 21:51:14,ECH2,1,"9,600","9,600",2026-01-07
27659862,발주,117217817,41941973,"오하이 지문방지 PET 무광필름 2매, 아이폰15프로, 1세트",2025-11-08 21:51:14,ECH2,1,"9,600","9,600",2026-01-07
27659862,발주,117217817,48183125,"오하이 전면 3D 풀커버 TPU 지문방지 + 무광택 휴대폰 액정보호필름 3p + 부착 가이드툴, 갤럭시 A35, 1세트",2025-11-08 21:51:14,ECH2,1,"9,540","9,540",2026-01-07
27659862,발주,117217817,48472777,"오하이 풀커버 강화유리 액정보호필름2개 + EZ툴 제공, 갤럭시S24",2025-11-08 21:51:36,ECH2,5,"10,740","53,700",2026-01-07
27659862,발주,117217817,50342948,"오하이 풀커버 강화유리 액정보호필름2개 + EZ툴 제공, 아이폰16플러스",2025-11-08 21:51:36,ECH2,2,"10,740","21,480",2026-01-07
27659862,발주,117217817,50342950,"오하이 풀커버 강화유리 액정보호필름2개 + EZ툴 제공, 아이폰16프로맥스",2025-11-08 21:43:58,ECH2,10,"10,740","107,400",2026-01-07
27659862,발주,117217817,50344701,"오하이 EZ툴 아이폰 풀커버 사생활보호 프라이버시 강화유리필름 2매, 아이폰 16 프로, 1세트",2025-11-08 21:43:58,ECH2,7,"11,940","83,580",2026-01-07
27659862,발주,117217817,55701376,"오하이 사생활보호 프라이버시 TPU 지문인식 휴대폰 액정보호필름 2매+간편부착 툴, 삼성 갤럭시 S25울트라, 1세트",2025-11-08 21:51:14,ECH2,2,"6,705","13,410",2026-01-07
27659862,발주,117217817,55701816,"오하이 풀커버 강화유리 액정보호필름2개 + EZ툴 제공, 갤럭시S25 플러스",2025-11-08 21:48:51,ECH2,11,"10,740","118,140",2026-01-07
27659862,발주,117217817,62178970,오하이 풀커버 강화유리 휴대폰 액정보호필름 2p + EZ 툴 세트 아이폰17프로 1세트,2025-11-08 21:46:59,ECH2,30,"10,740","322,200",2026-01-07
27659862,발주,117217817,62178970,오하이 풀커버 강화유리 휴대폰 액정보호필름 2p + EZ 툴 세트 아이폰17프로 1세트,2025-11-08 21:47:03,ECH2,18,"10,740","193,320",2026-01-07
27659862,발주,117217817,62178971,오하이 풀커버 강화유리 휴대폰 액정보호필름 2p + EZ 툴 세트 아이폰17 1세트,2025-11-08 21:47:08,ECH2,20,"10,740","214,800",2026-01-07
27659862,발주,117217817,62178971,오하이 풀커버 강화유리 휴대폰 액정보호필름 2p + EZ 툴 세트 아이폰17 1세트,2025-11-08 21:48:07,ECH2,20,"10,740","214,800",2026-01-07
27659862,발주,117217817,63688991,오하이 EZ툴 풀커버 사생활보호 프라이버시 강화유리 휴대폰 액정보호필름 2p 세트 아이폰17프로맥스 1세트,2025-11-08 21:44:07,ECH2,1,"11,940","11,940",2026-01-07
27659862,발주,117217817,65076573,오하이 모션핏 맥세이프 미니 셀카봉 브이로그 삼각대 화이트 1개 모션핏_W,2025-11-08 21:51:36,ECH2,1,"13,740","13,740",2026-01-07
27659862,발주,117217817,65076574,오하이 모션핏 맥세이프 미니 셀카봉 브이로그 삼각대 블랙 1개 모션핏_B,2025-11-08 21:51:36,ECH2,1,"13,740","13,740",2026-01-07
27659862,발주,117219753,39017754,"오하이 풀커버 강화유리 액정보호필름 + 이지솔루션 제공, 2개, 아이폰15프로맥스",2025-11-08 16:14:35,GWJ2,14,"10,740","150,360",2026-01-07
27659862,발주,117219753,50342950,"오하이 풀커버 강화유리 액정보호필름2개 + EZ툴 제공, 아이폰16프로맥스",2025-11-08 16:08:19,GWJ2,5,"10,740","53,700",2026-01-07
27659862,발주,117219753,50344701,"오하이 EZ툴 아이폰 풀커버 사생활보호 프라이버시 강화유리필름 2매, 아이폰 16 프로, 1세트",2025-11-08 16:06:34,GWJ2,8,"11,940","95,520",2026-01-07
27659862,발주,117219753,62178970,오하이 풀커버 강화유리 휴대폰 액정보호필름 2p + EZ 툴 세트 아이폰17프로 1세트,2025-11-08 13:10:02,GWJ2,7,"10,740","75,180",2026-01-07
27659862,발주,117219753,62178970,오하이 풀커버 강화유리 휴대폰 액정보호필름 2p + EZ 툴 세트 아이폰17프로 1세트,2025-11-08 16:00:24,GWJ2,27,"10,740","289,980",2026-01-07
27659862,발주,117219753,62178971,오하이 풀커버 강화유리 휴대폰 액정보호필름 2p + EZ 툴 세트 아이폰17 1세트,2025-11-08 12:41:15,GWJ2,65,"10,740","698,100",2026-01-07
27659862,발주,117239361,62178971,오하이 풀커버 강화유리 휴대폰 액정보호필름 2p + EZ 툴 세트 아이폰17 1세트,2025-11-08 19:42:33,CHW3,3,"10,740","32,220",2026-01-07
27659862,발주,117239555,38265698,"오하이 태블릿 지문방지 필름 2매, 갤럭시탭S9울트라 투명",2025-11-08 15:17:50,ECH2,1,"9,540","9,540",2026-01-07
27659862,발주,117239555,47349400,"오하이 태블릿용 종이질감 필름 2매입, 아이패드 에어 6세대(M2) 11형, 투명, 2매",2025-11-08 15:17:50,ECH2,1,"9,540","9,540",2026-01-07
27659862,발주,117239555,52404706,"오하이 태블릿 지문방지 필름 2매, 갤럭시탭 S10 플러스 투명",2025-11-08 15:17:45,ECH2,1,"9,540","9,540",2026-01-07
27659862,발주,117239555,54737739,"오하이 아이패드 갤럭시탭 6H 유리코팅 방탄강화 블루라이트 차단 고투명 PET 액정보호필름 간편부착 2매, 갤럭시탭 S7플러스 12.4인치, 1개",2025-11-08 15:17:45,ECH2,2,"10,140","20,280",2026-01-07
27659862,발주,117239555,58675525,"오하이 아이패드 갤럭시탭 6H 유리코팅 방탄강화 블루라이트 차단 고투명 PET 액정보호필름 간편부착 2매, 아이패드 에어 7세대(M3) 11인치, 2개",2025-11-08 15:17:45,ECH2,2,"10,140","20,280",2026-01-07
27659862,발주,117270572,39017749,"오하이 풀커버 강화유리 액정보호필름 + 이지솔루션 제공, 2개, 아이폰15프로",2025-11-08 11:18:05,GWJ2,1,"10,740","10,740",2026-01-07
27659862,발주,117270572,39017749,"오하이 풀커버 강화유리 액정보호필름 + 이지솔루션 제공, 2개, 아이폰15프로",2025-11-08 16:15:50,GWJ2,1,"10,740","10,740",2026-01-07
27659862,발주,117270572,39017749,"오하이 풀커버 강화유리 액정보호필름 + 이지솔루션 제공, 2개, 아이폰15프로",2025-11-08 16:17:24,GWJ2,13,"10,740","139,620",2026-01-07
27659862,발주,117270572,50342949,"오하이 풀커버 강화유리 액정보호필름2개 + EZ툴 제공, 아이폰16프로",2025-11-08 11:18:05,GWJ2,10,"10,740","107,400",2026-01-07
27659862,발주,117270572,50342952,"오하이 풀커버 강화유리 액정보호필름2개 + EZ툴 제공, 아이폰16",2025-11-08 16:09:27,GWJ2,7,"10,740","75,180",2026-01-07
27659862,발주,117270577,39017749,"오하이 풀커버 강화유리 액정보호필름 + 이지솔루션 제공, 2개, 아이폰15프로",2025-11-08 20:27:35,INC4,9,"10,740","96,660",2026-01-07
27672760,발주,116844000,55707338,"오하이 전면 3D 풀커버 TPU 지문방지 + 무광택 휴대폰 액정보호필름 3p + 부착 가이드툴, 삼성 갤럭시 S25울트라, 1세트",2025-11-09 03:18:22,GOY1,10,"9,060","90,600",2026-01-07
27672760,발주,116844112,41555857,"오하이 EZ툴 풀커버 사생활보호 프라이버시 강화유리 휴대폰 액정보호필름 2매, 아이폰 15 프로, 1세트",2025-11-09 00:17:30,ECH4,2,"11,940","23,880",2026-01-07
27672760,발주,116848092,17185168,오하이 저반사 지문방지 풀커버 액정보호필름 전면 3매+내부 3매 +option+ 갤럭시 Z폴드3 ::,2025-11-09 03:37:58,DON1,1,"12,000","12,000",2026-01-07
27672760,발주,116848092,35373956,"오하이 EZ툴 아이폰 풀커버 사생활보호 프라이버시 강화유리필름 2매, 아이폰 13 프로맥스, 1세트",2025-11-09 03:37:58,DON1,1,"11,940","11,940",2026-01-07
27672760,발주,116848092,49343789,"오하이 사생활보호 프라이버시 TPU 지문인식 휴대폰 액정보호필름 2매+간편부착 툴, 삼성 갤럭시 S20플러스, 1세트",2025-11-09 03:37:58,DON1,1,"6,705","6,705",2026-01-07
27672760,발주,116848505,50344699,"오하이 EZ툴 풀커버 사생활보호 프라이버시 강화유리 휴대폰 액정보호필름 2매, 아이폰 16 플러스, 1세트",2025-11-09 03:29:48,KKW3,2,"11,940","23,880",2026-01-07
27672760,발주,116962445,50344701,"오하이 EZ툴 아이폰 풀커버 사생활보호 프라이버시 강화유리필름 2매, 아이폰 16 프로, 1세트",2025-11-09 00:07:24,SEL1,3,"11,940","35,820",2026-01-07
27672760,발주,116963289,50344698,"오하이 EZ툴 풀커버 사생활보호 프라이버시 강화유리 휴대폰 액정보호필름 2매, 아이폰 16 프로맥스, 1세트",2025-11-09 01:26:50,ECH4,1,"11,940","11,940",2026-01-07
27672760,발주,116963339,50344701,"오하이 EZ툴 아이폰 풀커버 사생활보호 프라이버시 강화유리필름 2매, 아이폰 16 프로, 1세트",2025-11-09 03:55:09,GOY1,3,"11,940","35,820",2026-01-07
27672760,발주,116963479,50344701,"오하이 EZ툴 아이폰 풀커버 사생활보호 프라이버시 강화유리필름 2매, 아이폰 16 프로, 1세트",2025-11-09 03:27:48,KKW3,3,"11,940","35,820",2026-01-07
27672760,발주,117051561,41555857,"오하이 EZ툴 풀커버 사생활보호 프라이버시 강화유리 휴대폰 액정보호필름 2매, 아이폰 15 프로, 1세트",2025-11-09 03:29:48,KKW3,5,"11,940","59,700",2026-01-07
27672760,발주,117062121,50344701,"오하이 EZ툴 아이폰 풀커버 사생활보호 프라이버시 강화유리필름 2매, 아이폰 16 프로, 1세트",2025-11-09 00:17:30,ECH4,1,"11,940","11,940",2026-01-07
27672760,발주,117062455,50344701,"오하이 EZ툴 아이폰 풀커버 사생활보호 프라이버시 강화유리필름 2매, 아이폰 16 프로, 1세트",2025-11-09 03:27:48,KKW3,4,"11,940","47,760",2026-01-07
27672760,발주,117062455,62178969,오하이 풀커버 강화유리 휴대폰 액정보호필름 2p + EZ 툴 세트 아이폰 Air,2025-11-09 03:29:48,KKW3,2,"10,740","21,480",2026-01-07
27672760,발주,117062455,63688990,오하이 EZ툴 풀커버 사생활보호 프라이버시 강화유리 휴대폰 액정보호필름 2p 세트 아이폰17프로 1세트,2025-11-09 03:29:48,KKW3,3,"11,940","35,820",2026-01-07
27672760,발주,117062660,50344701,"오하이 EZ툴 아이폰 풀커버 사생활보호 프라이버시 강화유리필름 2매, 아이폰 16 프로, 1세트",2025-11-09 00:07:24,SEL1,6,"11,940","71,640",2026-01-07
27672760,발주,117072806,39017749,"오하이 풀커버 강화유리 액정보호필름 + 이지솔루션 제공, 2개, 아이폰15프로",2025-11-09 03:27:48,KKW3,31,"10,740","332,940",2026-01-07
27672760,발주,117072806,50342949,"오하이 풀커버 강화유리 액정보호필름2개 + EZ툴 제공, 아이폰16프로",2025-11-09 03:35:45,KKW3,5,"10,740","53,700",2026-01-07
27672760,발주,117072806,50342949,"오하이 풀커버 강화유리 액정보호필름2개 + EZ툴 제공, 아이폰16프로",2025-11-09 09:29:38,KKW3,25,"10,740","268,500",2026-01-07
27672760,발주,117072806,50342949,"오하이 풀커버 강화유리 액정보호필름2개 + EZ툴 제공, 아이폰16프로",2025-11-09 09:29:44,KKW3,30,"10,740","322,200",2026-01-07
27672760,발주,117072806,50342949,"오하이 풀커버 강화유리 액정보호필름2개 + EZ툴 제공, 아이폰16프로",2025-11-09 09:29:51,KKW3,30,"10,740","322,200",2026-01-07
27672760,발주,117072806,50342949,"오하이 풀커버 강화유리 액정보호필름2개 + EZ툴 제공, 아이폰16프로",2025-11-09 09:33:30,KKW3,17,"10,740","182,580",2026-01-07
27672760,발주,117073066,39017749,"오하이 풀커버 강화유리 액정보호필름 + 이지솔루션 제공, 2개, 아이폰15프로",2025-11-09 01:05:21,SEL1,57,"10,740","612,180",2026-01-07
27672760,발주,117073066,50342949,"오하이 풀커버 강화유리 액정보호필름2개 + EZ툴 제공, 아이폰16프로",2025-11-09 02:00:27,SEL1,10,"10,740","107,400",2026-01-07
27672760,발주,117073066,50342949,"오하이 풀커버 강화유리 액정보호필름2개 + EZ툴 제공, 아이폰16프로",2025-11-09 05:37:56,SEL1,100,"10,740","1,074,000",2026-01-07
27672760,발주,117073134,39017749,"오하이 풀커버 강화유리 액정보호필름 + 이지솔루션 제공, 2개, 아이폰15프로",2025-11-09 03:27:39,GOY1,45,"10,740","483,300",2026-01-07
27672760,발주,117073134,39017749,"오하이 풀커버 강화유리 액정보호필름 + 이지솔루션 제공, 2개, 아이폰15프로",2025-11-09 03:48:15,GOY1,34,"10,740","365,160",2026-01-07
27672760,발주,117156622,50342952,"오하이 풀커버 강화유리 액정보호필름2개 + EZ툴 제공, 아이폰16",2025-11-09 03:22:33,DON1,3,"10,740","32,220",2026-01-07
27672760,발주,117157184,50342952,"오하이 풀커버 강화유리 액정보호필름2개 + EZ툴 제공, 아이폰16",2025-11-09 01:44:00,INC14,6,"10,740","64,440",2026-01-07
27672760,발주,117175990,27686154,"오하이 풀커버 강화유리 액정보호필름 + 이지솔루션 제공, 2개, 아이폰14",2025-11-09 03:37:10,DON1,1,"10,740","10,740",2026-01-07
27672760,발주,117175990,39017754,"오하이 풀커버 강화유리 액정보호필름 + 이지솔루션 제공, 2개, 아이폰15프로맥스",2025-11-09 03:22:33,DON1,3,"10,740","32,220",2026-01-07
27672760,발주,117175990,50344701,"오하이 EZ툴 아이폰 풀커버 사생활보호 프라이버시 강화유리필름 2매, 아이폰 16 프로, 1세트",2025-11-09 03:37:10,DON1,1,"11,940","11,940",2026-01-07
27672760,발주,117176081,50344701,"오하이 EZ툴 아이폰 풀커버 사생활보호 프라이버시 강화유리필름 2매, 아이폰 16 프로, 1세트",2025-11-09 00:07:24,SEL1,3,"11,940","35,820",2026-01-07
27672760,발주,117176081,62178971,오하이 풀커버 강화유리 휴대폰 액정보호필름 2p + EZ 툴 세트 아이폰17 1세트,2025-11-09 00:55:03,SEL1,14,"10,740","150,360",2026-01-07
27672760,발주,117178047,50344698,"오하이 EZ툴 풀커버 사생활보호 프라이버시 강화유리 휴대폰 액정보호필름 2매, 아이폰 16 프로맥스, 1세트",2025-11-09 09:43:53,DAE6,4,"11,940","47,760",2026-01-07
27672760,발주,117178047,60043362,"오하이 전면 3D 풀커버 TPU 지문방지 + 무광택 휴대폰 액정보호필름 3p + 부착 가이드툴, 갤럭시 S25엣지, 1세트",2025-11-09 09:37:58,DAE6,2,"9,540","19,080",2026-01-07
27672760,발주,117217048,35373954,"오하이 EZ툴 아이폰 풀커버 사생활보호 프라이버시 강화유리필름 2매, 아이폰 13/13프로, 1세트",2025-11-09 01:47:23,INC14,10,"11,940","119,400",2026-01-07
27672760,발주,117217048,39017747,"오하이 풀커버 강화유리 액정보호필름 + 이지솔루션 제공, 2개, 아이폰15",2025-11-09 01:42:33,INC14,9,"10,740","96,660",2026-01-07
27672760,발주,117217048,39017754,"오하이 풀커버 강화유리 액정보호필름 + 이지솔루션 제공, 2개, 아이폰15프로맥스",2025-11-09 01:44:00,INC14,9,"10,740","96,660",2026-01-07
27672760,발주,117217048,50342950,"오하이 풀커버 강화유리 액정보호필름2개 + EZ툴 제공, 아이폰16프로맥스",2025-11-09 01:44:00,INC14,7,"10,740","75,180",2026-01-07
27672760,발주,117217048,50344701,"오하이 EZ툴 아이폰 풀커버 사생활보호 프라이버시 강화유리필름 2매, 아이폰 16 프로, 1세트",2025-11-09 01:47:23,INC14,11,"11,940","131,340",2026-01-07
27672760,발주,117217048,55707339,"오하이 전면 3D 풀커버 TPU 지문방지 + 무광택 휴대폰 액정보호필름 3p + 부착 가이드툴, 삼성 갤럭시 S25플러스, 1세트",2025-11-09 01:44:00,INC14,4,"9,540","38,160",2026-01-07
27672760,발주,117217541,48472778,"오하이 풀커버 강화유리 액정보호필름2개 + EZ툴 제공, 갤럭시S24 울트라",2025-11-09 02:11:39,SEL1,9,"10,740","96,660",2026-01-07
27672760,발주,117217541,62178971,오하이 풀커버 강화유리 휴대폰 액정보호필름 2p + EZ 툴 세트 아이폰17 1세트,2025-11-09 00:55:03,SEL1,6,"10,740","64,440",2026-01-07
27672760,발주,117218465,62178969,오하이 풀커버 강화유리 휴대폰 액정보호필름 2p + EZ 툴 세트 아이폰 Air,2025-11-09 09:37:58,DAE6,9,"10,740","96,660",2026-01-07
27672760,발주,117218869,41269792,"오하이 사생활보호 프라이버시 TPU 지문인식 휴대폰 액정보호필름 2매+간편부착 툴, 삼성 갤럭시 S22울트라, 1세트",2025-11-09 03:35:45,KKW3,3,"6,705","20,115",2026-01-07
27672760,발주,117218869,50428035,"오하이 전면 3D 풀커버 TPU 지문방지 + 무광택 휴대폰 액정보호필름 3p + 부착 가이드툴, 아이폰16프로맥스, 1세트",2025-11-09 03:35:45,KKW3,4,"9,540","38,160",2026-01-07
27672760,발주,117218869,55707340,"오하이 전면 3D 풀커버 TPU 지문방지 + 무광택 휴대폰 액정보호필름 3p + 부착 가이드툴, 삼성 갤럭시 S25, 1세트",2025-11-09 03:35:45,KKW3,29,"9,060","262,740",2026-01-07
27672760,발주,117218869,62178967,오하이 풀커버 강화유리 휴대폰 액정보호필름 2p + EZ 툴 세트 아이폰17프로맥스 1세트,2025-11-09 03:29:48,KKW3,15,"10,740","161,100",2026-01-07
27672760,발주,117218869,65314217,"오하이 전면 3D 풀커버 TPU 지문방지 무광택 필름 + 부착 가이드툴 아이폰 17 Pro, 3매입 1세트",2025-11-09 03:35:45,KKW3,4,"9,600","38,400",2026-01-07
27672760,발주,117219152,35373955,"오하이 EZ툴 아이폰 풀커버 사생활보호 프라이버시 강화유리필름 2매, 아이폰 14 프로, 1세트",2025-11-09 03:37:10,DON1,1,"11,940","11,940",2026-01-07
27672760,발주,117219152,35373967,"오하이 EZ툴 아이폰 풀커버 사생활보호 프라이버시 강화유리필름 2매, 아이폰 12 미니, 1세트",2025-11-09 03:37:58,DON1,1,"11,940","11,940",2026-01-07
27672760,발주,117219152,39017754,"오하이 풀커버 강화유리 액정보호필름 + 이지솔루션 제공, 2개, 아이폰15프로맥스",2025-11-09 03:22:33,DON1,25,"10,740","268,500",2026-01-07
27672760,발주,117219152,50342950,"오하이 풀커버 강화유리 액정보호필름2개 + EZ툴 제공, 아이폰16프로맥스",2025-11-09 03:22:33,DON1,7,"10,740","75,180",2026-01-07
27672760,발주,117219152,50344701,"오하이 EZ툴 아이폰 풀커버 사생활보호 프라이버시 강화유리필름 2매, 아이폰 16 프로, 1세트",2025-11-09 03:37:10,DON1,4,"11,940","47,760",2026-01-07
27672760,발주,117219152,55701378,"오하이 사생활보호 프라이버시 TPU 지문인식 휴대폰 액정보호필름 2매+간편부착 툴, 삼성 갤럭시 S25, 1세트",2025-11-09 03:37:58,DON1,1,"6,705","6,705",2026-01-07
27672760,발주,117219152,62178970,오하이 풀커버 강화유리 휴대폰 액정보호필름 2p + EZ 툴 세트 아이폰17프로 1세트,2025-11-09 03:22:50,DON1,51,"10,740","547,740",2026-01-07
27672760,발주,117219152,62178971,오하이 풀커버 강화유리 휴대폰 액정보호필름 2p + EZ 툴 세트 아이폰17 1세트,2025-11-09 03:22:41,DON1,12,"10,740","128,880",2026-01-07
27684833,발주,117219354,27686157,"오하이 풀커버 강화유리 액정보호필름 + 이지솔루션 제공, 2개, 아이폰14프로맥스",2025-11-10 17:02:47,GWJ4,1,"10,740","10,740",2026-01-09
27684833,발주,117219354,50344698,"오하이 EZ툴 풀커버 사생활보호 프라이버시 강화유리 휴대폰 액정보호필름 2매, 아이폰 16 프로맥스, 1세트",2025-11-10 17:19:32,GWJ4,4,"11,940","47,760",2026-01-09
27684833,발주,117219354,55701817,"오하이 풀커버 강화유리 액정보호필름 + 이지솔루션 제공, 2매1세트, 갤럭시S25 울트라",2025-11-10 17:02:47,GWJ4,1,"10,740","10,740",2026-01-09
27684833,발주,117219354,60043362,"오하이 전면 3D 풀커버 TPU 지문방지 + 무광택 휴대폰 액정보호필름 3p + 부착 가이드툴, 갤럭시 S25엣지, 1세트",2025-11-10 17:02:47,GWJ4,1,"9,540","9,540",2026-01-09
27865244,발주,117952356,39017749,"오하이 풀커버 강화유리 액정보호필름 + 이지솔루션 제공, 2개, 아이폰15프로",2025-11-24 11:06:09,INC32,28,"10,740","300,720",2026-01-22
27865244,발주,117952356,50342949,"오하이 풀커버 강화유리 액정보호필름2개 + EZ툴 제공, 아이폰16프로",2025-11-24 10:34:15,INC32,4,"10,740","42,960",2026-01-22
27865244,발주,118077535,39017749,"오하이 풀커버 강화유리 액정보호필름 + 이지솔루션 제공, 2개, 아이폰15프로",2025-11-24 11:06:09,INC32,25,"10,740","268,500",2026-01-22
27865244,발주,118077535,50342949,"오하이 풀커버 강화유리 액정보호필름2개 + EZ툴 제공, 아이폰16프로",2025-11-24 10:34:15,INC32,13,"10,740","139,620",2026-01-22
27865244,발주,118081480,48472777,"오하이 풀커버 강화유리 액정보호필름2개 + EZ툴 제공, 갤럭시S24",2025-11-24 10:09:20,INC32,1,"10,740","10,740",2026-01-22
27865244,발주,118081480,65314216,"오하이 전면 3D 풀커버 TPU 지문방지 무광택 필름 + 부착 가이드툴, 아이폰 17, 3매입 1세트",2025-11-24 10:07:25,INC32,2,"9,600","19,200",2026-01-22
27865244,발주,118154456,39017749,"오하이 풀커버 강화유리 액정보호필름 + 이지솔루션 제공, 2개, 아이폰15프로",2025-11-24 11:05:57,INC32,32,"10,740","343,680",2026-01-22
27865244,발주,118154456,50342949,"오하이 풀커버 강화유리 액정보호필름2개 + EZ툴 제공, 아이폰16프로",2025-11-24 10:34:15,INC32,27,"10,740","289,980",2026-01-22
27865244,발주,118155884,41269788,"오하이 사생활보호 프라이버시 TPU 지문인식 휴대폰 액정보호필름 2매+간편부착 툴, 삼성 갤럭시 S22, 1세트",2025-11-24 10:07:25,INC32,2,"6,705","13,410",2026-01-22
27865244,발주,118155884,42671052,"오하이 전면 3D 풀커버 TPU 지문방지 + 무광택 휴대폰 액정보호필름 3p + 부착 가이드툴, 갤럭시 A23, 1세트",2025-11-24 10:07:25,INC32,1,"9,540","9,540",2026-01-22
27865244,발주,118155884,55707340,"오하이 전면 3D 풀커버 TPU 지문방지 + 무광택 휴대폰 액정보호필름 3p + 부착 가이드툴, 삼성 갤럭시 S25, 1세트",2025-11-24 10:07:25,INC32,18,"9,060","163,080",2026-01-22
27865244,발주,118356220,40840089,"오하이 전면 3D 풀커버 TPU 지문방지 + 무광택 휴대폰 액정보호필름 3p + 부착 가이드툴, 아이폰15프로맥스, 1세트",2025-11-24 09:39:53,INC32,11,"9,558","105,138",2026-01-22
27865244,발주,118356220,41241005,"오하이 전면 3D 풀커버 TPU 지문방지 + 무광택 휴대폰 액정보호필름 3p + 부착 가이드툴, 아이폰 X/XS/11프로, 1세트",2025-11-24 09:39:53,INC32,1,"9,540","9,540",2026-01-22
27865244,발주,118356220,41670033,"오하이 전면 3D 풀커버 TPU 지문방지 + 무광택 휴대폰 액정보호필름 3p + 부착 가이드툴, 갤럭시 S23FE, 1세트",2025-11-24 09:39:53,INC32,5,"9,540","47,700",2026-01-22
27865244,발주,118356220,42671052,"오하이 전면 3D 풀커버 TPU 지문방지 + 무광택 휴대폰 액정보호필름 3p + 부착 가이드툴, 갤럭시 A23, 1세트",2025-11-24 09:39:53,INC32,2,"9,540","19,080",2026-01-22
27865244,발주,118356220,48472777,"오하이 풀커버 강화유리 액정보호필름2개 + EZ툴 제공, 갤럭시S24",2025-11-24 09:34:07,INC32,5,"10,740","53,700",2026-01-22
27876397,발주,117446396,50344698,"오하이 EZ툴 풀커버 사생활보호 프라이버시 강화유리 휴대폰 액정보호필름 2매, 아이폰 16 프로맥스, 1세트",2025-11-25 16:59:46,CHW4,5,"11,940","59,700",2026-01-23
27876397,발주,117446396,60043362,"오하이 전면 3D 풀커버 TPU 지문방지 + 무광택 휴대폰 액정보호필름 3p + 부착 가이드툴, 갤럭시 S25엣지, 1세트",2025-11-25 16:52:17,CHW4,11,"9,540","104,940",2026-01-23
27876397,발주,117607212,39017749,"오하이 풀커버 강화유리 액정보호필름 + 이지솔루션 제공, 2개, 아이폰15프로",2025-11-25 16:52:17,CHW4,13,"10,740","139,620",2026-01-23
27876397,발주,117607212,50342949,"오하이 풀커버 강화유리 액정보호필름2개 + EZ툴 제공, 아이폰16프로",2025-11-25 16:52:17,CHW4,27,"10,740","289,980",2026-01-23
27876397,발주,117607212,50342952,"오하이 풀커버 강화유리 액정보호필름2개 + EZ툴 제공, 아이폰16",2025-11-25 16:52:17,CHW4,22,"10,740","236,280",2026-01-23
27876397,발주,117612806,50342950,"오하이 풀커버 강화유리 액정보호필름2개 + EZ툴 제공, 아이폰16프로맥스",2025-11-25 16:59:46,CHW4,2,"10,740","21,480",2026-01-23
27876397,발주,117612806,62178971,오하이 풀커버 강화유리 휴대폰 액정보호필름 2p + EZ 툴 세트 아이폰17 1세트,2025-11-25 16:59:46,CHW4,3,"10,740","32,220",2026-01-23
27876397,발주,117961468,63688990,오하이 EZ툴 풀커버 사생활보호 프라이버시 강화유리 휴대폰 액정보호필름 2p 세트 아이폰17프로 1세트,2025-11-25 17:07:33,DAE6,5,"11,940","59,700",2026-01-23
27876397,발주,117961516,55707338,"오하이 전면 3D 풀커버 TPU 지문방지 + 무광택 휴대폰 액정보호필름 3p + 부착 가이드툴, 삼성 갤럭시 S25울트라, 1세트",2025-11-25 12:10:06,CHW3,12,"9,060","108,720",2026-01-23
27876397,발주,117961516,62178969,오하이 풀커버 강화유리 휴대폰 액정보호필름 2p + EZ 툴 세트 아이폰 Air,2025-11-25 12:10:06,CHW3,4,"10,740","42,960",2026-01-23
27876397,발주,118081194,62178967,오하이 풀커버 강화유리 휴대폰 액정보호필름 2p + EZ 툴 세트 아이폰17프로맥스 1세트,2025-11-25 17:07:33,DAE6,12,"10,740","128,880",2026-01-23
27876397,발주,118081546,27686154,"오하이 풀커버 강화유리 액정보호필름 + 이지솔루션 제공, 2개, 아이폰14",2025-11-25 12:10:06,CHW3,8,"10,740","85,920",2026-01-23
27876397,발주,118081546,41670025,"오하이 전면 3D 풀커버 TPU 지문방지 무광택 필름 3p + 부착 가이드툴, 갤럭시 S24플러스, 1세트",2025-11-25 12:10:06,CHW3,6,"9,540","57,240",2026-01-23
27876397,발주,118155791,50344701,"오하이 EZ툴 아이폰 풀커버 사생활보호 프라이버시 강화유리필름 2매, 아이폰 16 프로, 1세트",2025-11-25 12:10:06,CHW3,2,"11,940","23,880",2026-01-23
27876397,발주,118156076,35373955,"오하이 EZ툴 아이폰 풀커버 사생활보호 프라이버시 강화유리필름 2매, 아이폰 14 프로, 1세트",2025-11-25 00:10:19,ECH2,1,"11,940","11,940",2026-01-23
27876397,발주,118156076,50344698,"오하이 EZ툴 풀커버 사생활보호 프라이버시 강화유리 휴대폰 액정보호필름 2매, 아이폰 16 프로맥스, 1세트",2025-11-25 00:10:09,ECH2,2,"11,940","23,880",2026-01-23
27876397,발주,118156076,50344701,"오하이 EZ툴 아이폰 풀커버 사생활보호 프라이버시 강화유리필름 2매, 아이폰 16 프로, 1세트",2025-11-25 00:10:09,ECH2,5,"11,940","59,700",2026-01-23
27876397,발주,118156367,27686154,"오하이 풀커버 강화유리 액정보호필름 + 이지솔루션 제공, 2개, 아이폰14",2025-11-25 17:07:33,DAE6,10,"10,740","107,400",2026-01-23
27876397,발주,118156367,41670025,"오하이 전면 3D 풀커버 TPU 지문방지 무광택 필름 3p + 부착 가이드툴, 갤럭시 S24플러스, 1세트",2025-11-25 17:07:33,DAE6,3,"9,540","28,620",2026-01-23
27876397,발주,118276383,27686154,"오하이 풀커버 강화유리 액정보호필름 + 이지솔루션 제공, 2개, 아이폰14",2025-11-25 00:10:09,ECH2,9,"10,740","96,660",2026-01-23
27876397,발주,118276383,35373955,"오하이 EZ툴 아이폰 풀커버 사생활보호 프라이버시 강화유리필름 2매, 아이폰 14 프로, 1세트",2025-11-25 00:10:19,ECH2,1,"11,940","11,940",2026-01-23
27876397,발주,118276383,55707339,"오하이 전면 3D 풀커버 TPU 지문방지 + 무광택 휴대폰 액정보호필름 3p + 부착 가이드툴, 삼성 갤럭시 S25플러스, 1세트",2025-11-25 00:10:09,ECH2,6,"9,540","57,240",2026-01-23
27876397,발주,118276383,55707340,"오하이 전면 3D 풀커버 TPU 지문방지 + 무광택 휴대폰 액정보호필름 3p + 부착 가이드툴, 삼성 갤럭시 S25, 1세트",2025-11-25 00:10:09,ECH2,6,"9,060","54,360",2026-01-23
27876397,발주,118355646,62178970,오하이 풀커버 강화유리 휴대폰 액정보호필름 2p + EZ 툴 세트 아이폰17프로 1세트,2025-11-25 17:39:21,INC4,75,"10,740","805,500",2026-01-23
27876397,발주,118355646,62178970,오하이 풀커버 강화유리 휴대폰 액정보호필름 2p + EZ 툴 세트 아이폰17프로 1세트,2025-11-25 17:42:39,INC4,25,"10,740","268,500",2026-01-23
27876397,발주,118356220,13906334,"오하이 전면 3D 풀커버 TPU 지문방지 + 무광택 휴대폰 액정보호필름 3p + 부착 가이드툴, 갤럭시노트20, 1세트",2025-11-25 18:38:33,INC32,4,"9,540","38,160",2026-01-23
27876397,발주,118356220,17185165,오하이 갤럭시 Z플립 3 저반사 지문방지 풀커버 액정보호필름 내부3매+외부3매 1세트,2025-11-25 18:38:33,INC32,8,"10,700","85,600",2026-01-23
27876397,발주,118356220,18371042,"오하이 풀커버 강화유리 액정보호필름2개 + EZ툴 제공, 아이폰13프로맥스",2025-11-25 19:09:05,INC32,2,"10,740","21,480",2026-01-23
27876397,발주,118356220,19454772,"오하이 풀커버 강화유리 액정보호필름2개 + EZ툴 제공, 아이폰12프로맥스",2025-11-25 19:00:22,INC32,1,"10,740","10,740",2026-01-23
27876397,발주,118356220,27217829,오하이 저반사 지문방지 풀커버 내부액정보호필름 내부3매+외부 3매 +option+ 갤럭시 Z플립4 ::,2025-11-25 18:52:05,INC32,5,"10,700","53,500",2026-01-23
27876397,발주,118356220,27686157,"오하이 풀커버 강화유리 액정보호필름 + 이지솔루션 제공, 2개, 아이폰14프로맥스",2025-11-25 18:50:31,INC32,6,"10,740","64,440",2026-01-23
27876397,발주,118356220,35373954,"오하이 EZ툴 아이폰 풀커버 사생활보호 프라이버시 강화유리필름 2매, 아이폰 13/13프로, 1세트",2025-11-25 18:50:31,INC32,11,"11,940","131,340",2026-01-23
27876397,발주,118356220,35373961,"오하이 EZ툴 아이폰 풀커버 사생활보호 프라이버시 강화유리필름 2매, 아이폰 14, 1세트",2025-11-25 18:50:31,INC32,4,"11,940","47,760",2026-01-23
27876397,발주,118356220,35373967,"오하이 EZ툴 아이폰 풀커버 사생활보호 프라이버시 강화유리필름 2매, 아이폰 12 미니, 1세트",2025-11-25 18:50:31,INC32,2,"11,940","23,880",2026-01-23
27876397,발주,118356220,36684361,"오하이 전면 3D 풀커버 TPU 지문방지 + 무광택 휴대폰 액정보호필름 3p + 부착 가이드툴, 갤럭시노트20울트라, 1세트",2025-11-25 18:48:42,INC32,11,"9,540","104,940",2026-01-23
27876397,발주,118356220,36758775,"오하이 지문방지 PET 무광필름 2매, 아이폰14, 1세트",2025-11-25 18:52:05,INC32,1,"9,600","9,600",2026-01-23
27876397,발주,118356220,39017747,"오하이 풀커버 강화유리 액정보호필름 + 이지솔루션 제공, 2개, 아이폰15",2025-11-25 18:43:42,INC32,75,"10,740","805,500",2026-01-23
27876397,발주,118356220,39017751,"오하이 풀커버 강화유리 액정보호필름 + 이지솔루션 제공, 2개, 아이폰15플러스",2025-11-25 19:02:22,INC32,8,"10,740","85,920",2026-01-23
27876397,발주,118356220,40840066,"오하이 전면 3D 풀커버 TPU 지문방지 + 무광택 휴대폰 액정보호필름 3p + 부착 가이드툴, 아이폰13미니, 1세트",2025-11-25 18:42:41,INC32,1,"9,540","9,540",2026-01-23
27876397,발주,118356220,41555864,"오하이 EZ툴 풀커버 사생활보호 프라이버시 강화유리 휴대폰 액정보호필름 2매, 아이폰 15, 1세트",2025-11-25 19:00:22,INC32,9,"11,940","107,460",2026-01-23
27876397,발주,118356220,41555886,"오하이 EZ툴 풀커버 사생활보호 프라이버시 강화유리 휴대폰 액정보호필름 2매, 아이폰 15 프로맥스, 1세트",2025-11-25 19:09:05,INC32,2,"11,940","23,880",2026-01-23
27876397,발주,118356220,41669998,"오하이 전면 3D 풀커버 TPU 지문방지 + 무광택 휴대폰 액정보호필름 3p + 부착 가이드툴, 갤럭시 A24, 1세트",2025-11-25 18:38:33,INC32,1,"9,540","9,540",2026-01-23
27876397,발주,118356220,41670004,"오하이 전면 3D 풀커버 TPU 지문방지 + 무광택 휴대폰 액정보호필름 3p + 부착 가이드툴, 갤럭시 S24, 1세트",2025-11-25 18:48:42,INC32,4,"9,540","38,160",2026-01-23
27876397,발주,118356220,48102856,오하이 갤럭시 Z플립 6 저반사 지문방지 풀커버 액정보호필름 내부3매+외부3매 1세트,2025-11-25 18:42:41,INC32,2,"10,700","21,400",2026-01-23
27876397,발주,118356220,48183125,"오하이 전면 3D 풀커버 TPU 지문방지 + 무광택 휴대폰 액정보호필름 3p + 부착 가이드툴, 갤럭시 A35, 1세트",2025-11-25 18:42:41,INC32,2,"9,540","19,080",2026-01-23
27876397,발주,118356220,48472778,"오하이 풀커버 강화유리 액정보호필름2개 + EZ툴 제공, 갤럭시S24 울트라",2025-11-25 19:02:22,INC32,9,"10,740","96,660",2026-01-23
27876397,발주,118356220,49343789,"오하이 사생활보호 프라이버시 TPU 지문인식 휴대폰 액정보호필름 2매+간편부착 툴, 삼성 갤럭시 S20플러스, 1세트",2025-11-25 18:48:42,INC32,1,"6,705","6,705",2026-01-23
27876397,발주,118356220,50342948,"오하이 풀커버 강화유리 액정보호필름2개 + EZ툴 제공, 아이폰16플러스",2025-11-25 21:57:33,INC32,6,"10,740","64,440",2026-01-23
27876397,발주,118356220,50342950,"오하이 풀커버 강화유리 액정보호필름2개 + EZ툴 제공, 아이폰16프로맥스",2025-11-25 21:54:31,INC32,31,"10,740","332,940",2026-01-23
27876397,발주,118356220,50344701,"오하이 EZ툴 아이폰 풀커버 사생활보호 프라이버시 강화유리필름 2매, 아이폰 16 프로, 1세트",2025-11-25 21:57:33,INC32,22,"11,940","262,680",2026-01-23
27876397,발주,118356220,50428035,"오하이 전면 3D 풀커버 TPU 지문방지 + 무광택 휴대폰 액정보호필름 3p + 부착 가이드툴, 아이폰16프로맥스, 1세트",2025-11-25 18:38:33,INC32,4,"9,540","38,160",2026-01-23
27876397,발주,118356220,53854611,"오하이 전면 3D 풀커버 TPU 지문방지 + 무광택 휴대폰 액정보호필름 3p + 부착 가이드툴, 갤럭시 A16 5G, 1세트",2025-11-25 18:38:33,INC32,7,"9,540","66,780",2026-01-23
27876397,발주,118356220,54175433,"오하이 지문방지 PET 무광필름 2매, 아이폰16, 1세트",2025-11-25 18:42:41,INC32,1,"9,600","9,600",2026-01-23
27876397,발주,118356220,55701376,"오하이 사생활보호 프라이버시 TPU 지문인식 휴대폰 액정보호필름 2매+간편부착 툴, 삼성 갤럭시 S25울트라, 1세트",2025-11-25 18:42:41,INC32,1,"6,705","6,705",2026-01-23
27876397,발주,118356220,55701377,"오하이 사생활보호 프라이버시 TPU 지문인식 휴대폰 액정보호필름 2매+간편부착 툴, 삼성 갤럭시 S25플러스, 1세트",2025-11-25 18:42:41,INC32,1,"6,705","6,705",2026-01-23
27876397,발주,118356220,55701378,"오하이 사생활보호 프라이버시 TPU 지문인식 휴대폰 액정보호필름 2매+간편부착 툴, 삼성 갤럭시 S25, 1세트",2025-11-25 18:42:41,INC32,2,"6,705","13,410",2026-01-23
27876397,발주,118356220,55701816,"오하이 풀커버 강화유리 액정보호필름2개 + EZ툴 제공, 갤럭시S25 플러스",2025-11-25 19:00:22,INC32,5,"10,740","53,700",2026-01-23
27876397,발주,118356220,55705545,"오하이 지문방지 PET 무광필름 2매, 갤럭시 S25플러스, 1세트",2025-11-25 18:42:41,INC32,1,"9,600","9,600",2026-01-23
27876397,발주,118356220,55707340,"오하이 전면 3D 풀커버 TPU 지문방지 + 무광택 휴대폰 액정보호필름 3p + 부착 가이드툴, 삼성 갤럭시 S25, 1세트",2025-11-25 18:51:51,INC32,23,"9,060","208,380",2026-01-23
27876397,발주,118356220,57316050,"오하이 일미리 케이스 1mm 변색 없는 PC 하드 케이스, 갤럭시 S24 플러스",2025-11-25 18:51:51,INC32,2,"8,000","16,000",2026-01-23
27876397,발주,118356220,62178967,오하이 풀커버 강화유리 휴대폰 액정보호필름 2p + EZ 툴 세트 아이폰17프로맥스 1세트,2025-11-25 21:57:33,INC32,36,"10,740","386,640",2026-01-23
27876397,발주,118356220,62178969,오하이 풀커버 강화유리 휴대폰 액정보호필름 2p + EZ 툴 세트 아이폰 Air,2025-11-25 21:57:33,INC32,4,"10,740","42,960",2026-01-23
27876397,발주,118356220,62921998,"오하이 폴드,플립 지문방지 무광택 액정보호 필름 + 부착 안내문, 삼성 갤럭시 Z플립7, 1세트 투명",2025-11-25 18:51:51,INC32,42,"10,700","449,400",2026-01-23
27876397,발주,118356220,63073467,"오하이 전면 3D 풀커버 TPU 지문방지 + 무광택 필름 + 부착 가이드툴, 갤럭시S23플러스, 1세트",2025-11-25 18:38:33,INC32,11,"9,540","104,940",2026-01-23
27876397,발주,118356220,65076573,오하이 모션핏 맥세이프 미니 셀카봉 브이로그 삼각대 화이트 1개 모션핏_W,2025-11-25 19:00:22,INC32,7,"13,740","96,180",2026-01-23
27876397,발주,118356220,65314217,"오하이 전면 3D 풀커버 TPU 지문방지 무광택 필름 + 부착 가이드툴 아이폰 17 Pro, 3매입 1세트",2025-11-25 18:38:33,INC32,6,"9,600","57,600",2026-01-23
27876397,발주,118438069,13906308,오하이 전면 3D 풀커버 TPU 지문방지 액정보호필름 3p + 부착 가이드툴 세트 갤럭시 S10플러스 1세트,2025-11-25 20:06:04,INC32,4,"9,600","38,400",2026-01-23
27888052,발주,118356220,27686157,"오하이 풀커버 강화유리 액정보호필름 + 이지솔루션 제공, 2개, 아이폰14프로맥스",2025-11-26 16:33:00,INC32,1,"10,740","10,740",2026-01-22
27888053,발주,118355646,31762099,"오하이 전면 3D 풀커버 TPU 지문방지 + 무광택 휴대폰 액정보호필름 3p + 부착 가이드툴, 갤럭시S23울트라, 1세트",2025-11-26 16:41:04,INC4,29,"9,540","276,660",2026-01-23
27888053,발주,118355646,55707338,"오하이 전면 3D 풀커버 TPU 지문방지 + 무광택 휴대폰 액정보호필름 3p + 부착 가이드툴, 삼성 갤럭시 S25울트라, 1세트",2025-11-26 16:41:04,INC4,61,"9,060","552,660",2026-01-23
27888053,발주,118355646,62178970,오하이 풀커버 강화유리 휴대폰 액정보호필름 2p + EZ 툴 세트 아이폰17프로 1세트,2025-11-26 19:38:33,INC4,97,"10,740","1,041,780",2026-01-23
27888053,발주,118355646,62178971,오하이 풀커버 강화유리 휴대폰 액정보호필름 2p + EZ 툴 세트 아이폰17 1세트,2025-11-26 16:13:48,INC4,50,"10,740","537,000",2026-01-23
27888053,발주,118355646,62178971,오하이 풀커버 강화유리 휴대폰 액정보호필름 2p + EZ 툴 세트 아이폰17 1세트,2025-11-26 16:14:08,INC4,50,"10,740","537,000",2026-01-23
27888053,발주,118355646,62178971,오하이 풀커버 강화유리 휴대폰 액정보호필름 2p + EZ 툴 세트 아이폰17 1세트,2025-11-26 16:41:04,INC4,5,"10,740","53,700",2026-01-23
27888053,발주,118355825,35373955,"오하이 EZ툴 아이폰 풀커버 사생활보호 프라이버시 강화유리필름 2매, 아이폰 14 프로, 1세트",2025-11-26 00:45:10,SAN3,4,"11,940","47,760",2026-01-23
27888053,발주,118355825,37350956,오하이 갤럭시 Z플립 5 저반사 지문방지 풀커버 액정보호필름 내부3매+외부3매 1세트,2025-11-26 00:45:10,SAN3,3,"10,700","32,100",2026-01-23
27888053,발주,118355825,40840085,"오하이 전면 3D 풀커버 TPU 지문방지 + 무광택 휴대폰 액정보호필름 3p + 부착 가이드툴, 아이폰15, 1세트",2025-11-26 00:45:10,SAN3,1,"9,540","9,540",2026-01-23
27888053,발주,118355825,50428036,"오하이 전면 3D 풀커버 TPU 지문방지 + 무광택 휴대폰 액정보호필름 3p + 부착 가이드툴, 아이폰16, 1세트",2025-11-26 00:45:10,SAN3,5,"9,540","47,700",2026-01-23
27888053,발주,118355825,52729614,"오하이 전면 3D 풀커버 TPU 지문방지 + 무광택 휴대폰 액정보호필름 3p + 부착 가이드툴, 삼성 갤럭시 S24FE, 1세트",2025-11-26 00:45:10,SAN3,4,"9,540","38,160",2026-01-23
27888053,발주,118355825,55701817,"오하이 풀커버 강화유리 액정보호필름 + 이지솔루션 제공, 2매1세트, 갤럭시S25 울트라",2025-11-26 00:45:10,SAN3,3,"10,740","32,220",2026-01-23
27888053,발주,118355825,63688993,오하이 EZ툴 풀커버 사생활보호 프라이버시 강화유리 휴대폰 액정보호필름 2p 세트 아이폰17에어 1세트,2025-11-26 00:45:10,SAN3,4,"11,940","47,760",2026-01-23
27888053,발주,118355825,65314216,"오하이 전면 3D 풀커버 TPU 지문방지 무광택 필름 + 부착 가이드툴, 아이폰 17, 3매입 1세트",2025-11-26 00:45:10,SAN3,6,"9,600","57,600",2026-01-23
27888053,발주,118356031,22295483,"오하이 태블릿 지문방지 필름 2매, 아이패드 미니6 투명",2025-11-26 09:51:42,INC32,1,"9,540","9,540",2026-01-23
27899821,발주,118276599,36684361,"오하이 전면 3D 풀커버 TPU 지문방지 + 무광택 휴대폰 액정보호필름 3p + 부착 가이드툴, 갤럭시노트20울트라, 1세트",2025-11-27 13:28:58,DAE3,1,"9,540","9,540",2026-01-26
27899821,발주,118276599,50344698,"오하이 EZ툴 풀커버 사생활보호 프라이버시 강화유리 휴대폰 액정보호필름 2매, 아이폰 16 프로맥스, 1세트",2025-11-27 13:29:25,DAE3,1,"11,940","11,940",2026-01-26
27899821,발주,118276599,55701817,"오하이 풀커버 강화유리 액정보호필름 + 이지솔루션 제공, 2매1세트, 갤럭시S25 울트라",2025-11-27 13:28:58,DAE3,1,"10,740","10,740",2026-01-26
27899821,발주,118355646,39017754,"오하이 풀커버 강화유리 액정보호필름 + 이지솔루션 제공, 2개, 아이폰15프로맥스",2025-11-27 19:26:44,INC4,70,"10,740","751,800",2026-01-26
27899821,발주,118355646,39017754,"오하이 풀커버 강화유리 액정보호필름 + 이지솔루션 제공, 2개, 아이폰15프로맥스",2025-11-27 19:38:25,INC4,16,"10,740","171,840",2026-01-26
27899821,발주,118355646,62178971,오하이 풀커버 강화유리 휴대폰 액정보호필름 2p + EZ 툴 세트 아이폰17 1세트,2025-11-27 19:38:25,INC4,13,"10,740","139,620",2026-01-26
27899821,발주,118356124,35373956,"오하이 EZ툴 아이폰 풀커버 사생활보호 프라이버시 강화유리필름 2매, 아이폰 13 프로맥스, 1세트",2025-11-27 13:31:13,DAE3,3,"11,940","35,820",2026-01-26
27899821,발주,118356124,35373963,"오하이 EZ툴 아이폰 풀커버 사생활보호 프라이버시 강화유리필름 2매, 아이폰 12/12프로, 1세트",2025-11-27 13:30:37,DAE3,2,"11,940","23,880",2026-01-26
27899821,발주,118356124,41269801,"오하이 사생활보호 프라이버시 TPU 지문인식 휴대폰 액정보호필름 2매+간편부착 툴, 삼성 갤럭시 S23울트라, 1세트",2025-11-27 13:28:22,DAE3,3,"6,705","20,115",2026-01-26
27899821,발주,118356124,50344698,"오하이 EZ툴 풀커버 사생활보호 프라이버시 강화유리 휴대폰 액정보호필름 2매, 아이폰 16 프로맥스, 1세트",2025-11-27 13:30:08,DAE3,3,"11,940","35,820",2026-01-26
27899821,발주,118356124,63688991,오하이 EZ툴 풀커버 사생활보호 프라이버시 강화유리 휴대폰 액정보호필름 2p 세트 아이폰17프로맥스 1세트,2025-11-27 13:28:22,DAE3,4,"11,940","47,760",2026-01-26
27899821,발주,118384976,39017749,"오하이 풀커버 강화유리 액정보호필름 + 이지솔루션 제공, 2개, 아이폰15프로",2025-11-27 23:17:56,GWJ2,18,"10,740","193,320",2026-01-26
27899821,발주,118384976,50342952,"오하이 풀커버 강화유리 액정보호필름2개 + EZ툴 제공, 아이폰16",2025-11-27 23:17:56,GWJ2,4,"10,740","42,960",2026-01-26
27934368,발주,118878692,13906308,오하이 전면 3D 풀커버 TPU 지문방지 액정보호필름 3p + 부착 가이드툴 세트 갤럭시 S10플러스 1세트,2025-11-30 01:33:05,DAE3,9,"9,600","86,400",2026-01-28
27934368,발주,118898200,17185165,오하이 갤럭시 Z플립 3 저반사 지문방지 풀커버 액정보호필름 내부3매+외부3매 1세트,2025-11-30 01:32:36,DAE3,5,"10,700","53,500",2026-01-28
27934368,발주,118898200,18371042,"오하이 풀커버 강화유리 액정보호필름2개 + EZ툴 제공, 아이폰13프로맥스",2025-11-30 01:32:47,DAE3,4,"10,740","42,960",2026-01-28
27934368,발주,118898200,27217841,오하이 갤럭시 Z폴드4 지문방지 풀커버 저반사 매트 액정보호필름 전면 3매+내부 3매 1세트,2025-11-30 01:32:57,DAE3,3,"12,000","36,000",2026-01-28
27934368,발주,118898200,35373967,"오하이 EZ툴 아이폰 풀커버 사생활보호 프라이버시 강화유리필름 2매, 아이폰 12 미니, 1세트",2025-11-30 01:33:05,DAE3,1,"11,940","11,940",2026-01-28
27934368,발주,118898200,37350956,오하이 갤럭시 Z플립 5 저반사 지문방지 풀커버 액정보호필름 내부3매+외부3매 1세트,2025-11-30 01:42:20,DAE3,3,"10,700","32,100",2026-01-28
27934368,발주,118898200,40840066,"오하이 전면 3D 풀커버 TPU 지문방지 + 무광택 휴대폰 액정보호필름 3p + 부착 가이드툴, 아이폰13미니, 1세트",2025-11-30 01:32:36,DAE3,11,"9,540","104,940",2026-01-28
27934368,발주,118898200,40840085,"오하이 전면 3D 풀커버 TPU 지문방지 + 무광택 휴대폰 액정보호필름 3p + 부착 가이드툴, 아이폰15, 1세트",2025-11-30 01:42:35,DAE3,7,"9,540","66,780",2026-01-28
27934368,발주,118898200,41670033,"오하이 전면 3D 풀커버 TPU 지문방지 + 무광택 휴대폰 액정보호필름 3p + 부착 가이드툴, 갤럭시 S23FE, 1세트",2025-11-30 01:32:57,DAE3,9,"9,540","85,860",2026-01-28
27934368,발주,118898200,41670057,"오하이 전면 3D 풀커버 TPU 지문방지 + 무광택 휴대폰 액정보호필름 3p + 부착 가이드툴, 갤럭시 A34, 1세트",2025-11-30 01:42:27,DAE3,4,"9,540","38,160",2026-01-28
27934368,발주,118898200,48183125,"오하이 전면 3D 풀커버 TPU 지문방지 + 무광택 휴대폰 액정보호필름 3p + 부착 가이드툴, 갤럭시 A35, 1세트",2025-11-30 01:33:05,DAE3,1,"9,540","9,540",2026-01-28
27934368,발주,118898200,48472777,"오하이 풀커버 강화유리 액정보호필름2개 + EZ툴 제공, 갤럭시S24",2025-11-30 01:32:57,DAE3,9,"10,740","96,660",2026-01-28
27934368,발주,118898200,50428035,"오하이 전면 3D 풀커버 TPU 지문방지 + 무광택 휴대폰 액정보호필름 3p + 부착 가이드툴, 아이폰16프로맥스, 1세트",2025-11-30 01:44:09,DAE3,8,"9,540","76,320",2026-01-28
27934368,발주,118898200,54175433,"오하이 지문방지 PET 무광필름 2매, 아이폰16, 1세트",2025-11-30 01:33:05,DAE3,1,"9,600","9,600",2026-01-28
27934368,발주,118898200,55701816,"오하이 풀커버 강화유리 액정보호필름2개 + EZ툴 제공, 갤럭시S25 플러스",2025-11-30 01:32:36,DAE3,13,"10,740","139,620",2026-01-28
27934368,발주,118898200,65199912,오하이 전면 3D 풀커버 TPU 지문방지 + 무광택 필름 + 부착 가이드툴 갤럭시 S25FE 1세트,2025-11-30 01:32:47,DAE3,2,"9,600","19,200",2026-01-28
27934368,발주,118898200,65314217,"오하이 전면 3D 풀커버 TPU 지문방지 무광택 필름 + 부착 가이드툴 아이폰 17 Pro, 3매입 1세트",2025-11-30 01:42:42,DAE3,6,"9,600","57,600",2026-01-28
27934368,발주,118898969,39017747,"오하이 풀커버 강화유리 액정보호필름 + 이지솔루션 제공, 2개, 아이폰15",2025-11-30 02:16:27,INC4,86,"10,740","923,640",2026-01-28
27934368,발주,118898969,62178970,오하이 풀커버 강화유리 휴대폰 액정보호필름 2p + EZ 툴 세트 아이폰17프로 1세트,2025-11-30 00:19:06,INC4,70,"10,740","751,800",2026-01-28
27934368,발주,118898969,62178970,오하이 풀커버 강화유리 휴대폰 액정보호필름 2p + EZ 툴 세트 아이폰17프로 1세트,2025-11-30 00:26:42,INC4,70,"10,740","751,800",2026-01-28
27934368,발주,118898969,62178970,오하이 풀커버 강화유리 휴대폰 액정보호필름 2p + EZ 툴 세트 아이폰17프로 1세트,2025-11-30 00:37:08,INC4,30,"10,740","322,200",2026-01-28
27934368,발주,118898969,62178970,오하이 풀커버 강화유리 휴대폰 액정보호필름 2p + EZ 툴 세트 아이폰17프로 1세트,2025-11-30 01:33:23,INC4,15,"10,740","161,100",2026-01-28
27934368,발주,118898969,62178971,오하이 풀커버 강화유리 휴대폰 액정보호필름 2p + EZ 툴 세트 아이폰17 1세트,2025-11-30 01:33:23,INC4,55,"10,740","590,700",2026-01-28
27934368,발주,118898969,62178971,오하이 풀커버 강화유리 휴대폰 액정보호필름 2p + EZ 툴 세트 아이폰17 1세트,2025-11-30 01:44:37,INC4,19,"10,740","204,060",2026-01-28
27934368,발주,118898969,62178971,오하이 풀커버 강화유리 휴대폰 액정보호필름 2p + EZ 툴 세트 아이폰17 1세트,2025-11-30 02:25:32,INC4,80,"10,740","859,200",2026-01-28
27934368,발주,118898969,62178971,오하이 풀커버 강화유리 휴대폰 액정보호필름 2p + EZ 툴 세트 아이폰17 1세트,2025-11-30 02:35:09,INC4,20,"10,740","214,800",2026-01-28
27934368,발주,118904497,27686154,"오하이 풀커버 강화유리 액정보호필름 + 이지솔루션 제공, 2개, 아이폰14",2025-11-30 21:38:18,INC32,39,"10,740","418,860",2026-01-28
27934368,발주,118904497,31762099,"오하이 전면 3D 풀커버 TPU 지문방지 + 무광택 휴대폰 액정보호필름 3p + 부착 가이드툴, 갤럭시S23울트라, 1세트",2025-11-30 21:38:18,INC32,38,"9,540","362,520",2026-01-28
27934368,발주,118904497,35373955,"오하이 EZ툴 아이폰 풀커버 사생활보호 프라이버시 강화유리필름 2매, 아이폰 14 프로, 1세트",2025-11-30 21:38:18,INC32,7,"11,940","83,580",2026-01-28
27934368,발주,118904497,36684361,"오하이 전면 3D 풀커버 TPU 지문방지 + 무광택 휴대폰 액정보호필름 3p + 부착 가이드툴, 갤럭시노트20울트라, 1세트",2025-11-30 21:38:18,INC32,1,"9,540","9,540",2026-01-28
27934368,발주,118904497,41241023,"오하이 전면 3D 풀커버 TPU 지문방지 + 무광택 휴대폰 액정보호필름 3p + 부착 가이드툴, 아이폰XR/11, 1세트",2025-11-30 22:01:42,INC32,1,"9,540","9,540",2026-01-28
27934368,발주,118904497,41911904,"오하이 지문방지 PET 무광필름 2매, 갤럭시 S24울트라, 1세트",2025-11-30 22:01:42,INC32,1,"9,600","9,600",2026-01-28
27934368,발주,118904497,48102856,오하이 갤럭시 Z플립 6 저반사 지문방지 풀커버 액정보호필름 내부3매+외부3매 1세트,2025-11-30 21:38:18,INC32,1,"10,700","10,700",2026-01-28
27934368,발주,118906991,52404706,"오하이 태블릿 지문방지 필름 2매, 갤럭시탭 S10 플러스 투명",2025-11-30 22:23:37,INC32,1,"9,540","9,540",2026-01-28
27982937,발주,118834228,52404709,"오하이 태블릿 지문방지 필름 2매, 갤럭시탭 S9FE 투명",2025-12-04 18:48:27,SAN3,1,"9,540","9,540",2026-02-02
27982937,발주,118834490,17185168,오하이 저반사 지문방지 풀커버 액정보호필름 전면 3매+내부 3매 +option+ 갤럭시 Z폴드3 ::,2025-12-04 17:41:32,SAN3,2,"12,000","24,000",2026-02-02
27982937,발주,118834490,35373969,"오하이 EZ툴 아이폰 풀커버 사생활보호 프라이버시 강화유리필름 2매, 아이폰 14 프로맥스, 1세트",2025-12-04 17:41:32,SAN3,1,"11,940","11,940",2026-02-02
27982937,발주,118834490,40840066,"오하이 전면 3D 풀커버 TPU 지문방지 + 무광택 휴대폰 액정보호필름 3p + 부착 가이드툴, 아이폰13미니, 1세트",2025-12-04 17:41:32,SAN3,1,"9,540","9,540",2026-02-02
27982937,발주,118834490,41670033,"오하이 전면 3D 풀커버 TPU 지문방지 + 무광택 휴대폰 액정보호필름 3p + 부착 가이드툴, 갤럭시 S23FE, 1세트",2025-12-04 17:41:32,SAN3,2,"9,540","19,080",2026-02-02
27982937,발주,118877927,19454772,"오하이 풀커버 강화유리 액정보호필름2개 + EZ툴 제공, 아이폰12프로맥스",2025-12-04 18:46:10,SAN3,7,"10,740","75,180",2026-02-02
27982937,발주,118877927,27217829,오하이 저반사 지문방지 풀커버 내부액정보호필름 내부3매+외부 3매 +option+ 갤럭시 Z플립4 ::,2025-12-04 18:46:10,SAN3,8,"10,700","85,600",2026-02-02
27982937,발주,118877927,27686154,"오하이 풀커버 강화유리 액정보호필름 + 이지솔루션 제공, 2개, 아이폰14",2025-12-04 19:11:07,SAN3,13,"10,740","139,620",2026-02-02
27982937,발주,118877927,31762097,"오하이 전면 3D 풀커버 TPU 지문방지 + 무광택 휴대폰 액정보호필름 3p + 부착 가이드툴, 갤럭시S23, 1세트",2025-12-04 18:46:10,SAN3,18,"9,540","171,720",2026-02-02
27982937,발주,118877927,31762099,"오하이 전면 3D 풀커버 TPU 지문방지 + 무광택 휴대폰 액정보호필름 3p + 부착 가이드툴, 갤럭시S23울트라, 1세트",2025-12-04 18:46:10,SAN3,19,"9,540","181,260",2026-02-02
27982937,발주,118877927,35373956,"오하이 EZ툴 아이폰 풀커버 사생활보호 프라이버시 강화유리필름 2매, 아이폰 13 프로맥스, 1세트",2025-12-04 19:11:07,SAN3,5,"11,940","59,700",2026-02-02
27982937,발주,118877927,35373961,"오하이 EZ툴 아이폰 풀커버 사생활보호 프라이버시 강화유리필름 2매, 아이폰 14, 1세트",2025-12-04 19:11:07,SAN3,14,"11,940","167,160",2026-02-02
27982937,발주,118877927,35373969,"오하이 EZ툴 아이폰 풀커버 사생활보호 프라이버시 강화유리필름 2매, 아이폰 14 프로맥스, 1세트",2025-12-04 18:27:03,SAN3,18,"11,940","214,920",2026-02-02
27982937,발주,118877927,36758775,"오하이 지문방지 PET 무광필름 2매, 아이폰14, 1세트",2025-12-04 23:37:01,SAN3,2,"9,600","19,200",2026-02-02
27982937,발주,118877927,40840065,"오하이 전면 3D 풀커버 TPU 지문방지 + 무광택 휴대폰 액정보호필름 3p + 부착 가이드툴, 아이폰13/13프로, 1세트",2025-12-04 18:52:36,SAN3,10,"9,540","95,400",2026-02-02
27982937,발주,118877927,41669998,"오하이 전면 3D 풀커버 TPU 지문방지 + 무광택 휴대폰 액정보호필름 3p + 부착 가이드툴, 갤럭시 A24, 1세트",2025-12-04 18:46:10,SAN3,5,"9,540","47,700",2026-02-02
27982937,발주,118877927,41670004,"오하이 전면 3D 풀커버 TPU 지문방지 + 무광택 휴대폰 액정보호필름 3p + 부착 가이드툴, 갤럭시 S24, 1세트",2025-12-04 18:46:10,SAN3,20,"9,540","190,800",2026-02-02
27982937,발주,118877927,41670025,"오하이 전면 3D 풀커버 TPU 지문방지 무광택 필름 3p + 부착 가이드툴, 갤럭시 S24플러스, 1세트",2025-12-04 23:37:01,SAN3,12,"9,540","114,480",2026-02-02
27982937,발주,118877927,50344698,"오하이 EZ툴 풀커버 사생활보호 프라이버시 강화유리 휴대폰 액정보호필름 2매, 아이폰 16 프로맥스, 1세트",2025-12-04 17:48:26,SAN3,15,"11,940","179,100",2026-02-02
27982937,발주,118877927,50344698,"오하이 EZ툴 풀커버 사생활보호 프라이버시 강화유리 휴대폰 액정보호필름 2매, 아이폰 16 프로맥스, 1세트",2025-12-04 18:27:03,SAN3,7,"11,940","83,580",2026-02-02
27982937,발주,118877927,50344699,"오하이 EZ툴 풀커버 사생활보호 프라이버시 강화유리 휴대폰 액정보호필름 2매, 아이폰 16 플러스, 1세트",2025-12-04 19:11:07,SAN3,3,"11,940","35,820",2026-02-02
27982937,발주,118877927,50428036,"오하이 전면 3D 풀커버 TPU 지문방지 + 무광택 휴대폰 액정보호필름 3p + 부착 가이드툴, 아이폰16, 1세트",2025-12-04 17:41:32,SAN3,6,"9,540","57,240",2026-02-02
27982937,발주,118877927,50428038,"오하이 전면 3D 풀커버 TPU 지문방지 + 무광택 휴대폰 액정보호필름 3p + 부착 가이드툴, 아이폰16프로, 1세트",2025-12-04 23:37:01,SAN3,9,"9,540","85,860",2026-02-02
27982937,발주,118877927,52729614,"오하이 전면 3D 풀커버 TPU 지문방지 + 무광택 휴대폰 액정보호필름 3p + 부착 가이드툴, 삼성 갤럭시 S24FE, 1세트",2025-12-04 18:48:27,SAN3,21,"9,540","200,340",2026-02-02
27982937,발주,118877927,53854611,"오하이 전면 3D 풀커버 TPU 지문방지 + 무광택 휴대폰 액정보호필름 3p + 부착 가이드툴, 갤럭시 A16 5G, 1세트",2025-12-04 23:37:01,SAN3,6,"9,540","57,240",2026-02-02
27982937,발주,118877927,55701816,"오하이 풀커버 강화유리 액정보호필름2개 + EZ툴 제공, 갤럭시S25 플러스",2025-12-04 19:11:07,SAN3,10,"10,740","107,400",2026-02-02
27982937,발주,118877927,55701816,"오하이 풀커버 강화유리 액정보호필름2개 + EZ툴 제공, 갤럭시S25 플러스",2025-12-04 19:18:25,SAN3,3,"10,740","32,220",2026-02-02
27982937,발주,118877927,55701817,"오하이 풀커버 강화유리 액정보호필름 + 이지솔루션 제공, 2매1세트, 갤럭시S25 울트라",2025-12-04 19:18:25,SAN3,11,"10,740","118,140",2026-02-02
27982937,발주,118877927,55707338,"오하이 전면 3D 풀커버 TPU 지문방지 + 무광택 휴대폰 액정보호필름 3p + 부착 가이드툴, 삼성 갤럭시 S25울트라, 1세트",2025-12-04 18:52:36,SAN3,42,"9,060","380,520",2026-02-02
27982937,발주,118877927,55707339,"오하이 전면 3D 풀커버 TPU 지문방지 + 무광택 휴대폰 액정보호필름 3p + 부착 가이드툴, 삼성 갤럭시 S25플러스, 1세트",2025-12-04 17:41:32,SAN3,7,"9,540","66,780",2026-02-02
27982937,발주,118877927,55707339,"오하이 전면 3D 풀커버 TPU 지문방지 + 무광택 휴대폰 액정보호필름 3p + 부착 가이드툴, 삼성 갤럭시 S25플러스, 1세트",2025-12-04 23:37:01,SAN3,10,"9,540","95,400",2026-02-02
27982937,발주,118877927,60043362,"오하이 전면 3D 풀커버 TPU 지문방지 + 무광택 휴대폰 액정보호필름 3p + 부착 가이드툴, 갤럭시 S25엣지, 1세트",2025-12-04 18:52:36,SAN3,30,"9,540","286,200",2026-02-02
27982937,발주,118877927,62178967,오하이 풀커버 강화유리 휴대폰 액정보호필름 2p + EZ 툴 세트 아이폰17프로맥스 1세트,2025-12-04 17:48:26,SAN3,59,"10,740","633,660",2026-02-02
27982937,발주,118877927,63073467,"오하이 전면 3D 풀커버 TPU 지문방지 + 무광택 필름 + 부착 가이드툴, 갤럭시S23플러스, 1세트",2025-12-04 18:45:50,SAN3,11,"9,540","104,940",2026-02-02
27982937,발주,118877927,63688989,오하이 EZ툴 풀커버 사생활보호 프라이버시 강화유리 휴대폰 액정보호필름 2p 세트 아이폰17 1세트,2025-12-04 19:18:25,SAN3,6,"11,940","71,640",2026-02-02
27982937,발주,118877927,63688990,오하이 EZ툴 풀커버 사생활보호 프라이버시 강화유리 휴대폰 액정보호필름 2p 세트 아이폰17프로 1세트,2025-12-04 19:18:25,SAN3,16,"11,940","191,040",2026-02-02
27982937,발주,118877927,63688991,오하이 EZ툴 풀커버 사생활보호 프라이버시 강화유리 휴대폰 액정보호필름 2p 세트 아이폰17프로맥스 1세트,2025-12-04 19:11:07,SAN3,5,"11,940","59,700",2026-02-02
27982937,발주,118877927,63688991,오하이 EZ툴 풀커버 사생활보호 프라이버시 강화유리 휴대폰 액정보호필름 2p 세트 아이폰17프로맥스 1세트,2025-12-04 19:18:25,SAN3,1,"11,940","11,940",2026-02-02
27982937,발주,118877927,65076573,오하이 모션핏 맥세이프 미니 셀카봉 브이로그 삼각대 화이트 1개 모션핏_W,2025-12-04 19:19:33,SAN3,5,"13,740","68,700",2026-02-02
27982937,발주,118877927,65314216,"오하이 전면 3D 풀커버 TPU 지문방지 무광택 필름 + 부착 가이드툴, 아이폰 17, 3매입 1세트",2025-12-04 18:45:50,SAN3,15,"9,600","144,000",2026-02-02
27982937,발주,118899063,22295499,"오하이 태블릿 지문방지 필름 2매, 갤럭시탭S8울트라 투명",2025-12-04 18:48:27,SAN3,1,"9,540","9,540",2026-02-02
28041305,발주,118898880,50342948,"오하이 풀커버 강화유리 액정보호필름2개 + EZ툴 제공, 아이폰16플러스",2025-12-09 14:40:53,CHW4,2,"10,740","21,480",2026-02-06
28041305,발주,118904312,63427934,오하이 일미리 맥세이프 케이스 1mm PC 하드 케이스 투명 아이폰 15프로맥스,2025-12-09 14:32:07,CHW4,1,"10,080","10,080",2026-02-06
28041305,발주,119170828,41911904,"오하이 지문방지 PET 무광필름 2매, 갤럭시 S24울트라, 1세트",2025-12-09 22:11:27,KKW3,1,"9,600","9,600",2026-02-06
28041305,발주,119170828,42671147,"오하이 전면 3D 풀커버 TPU 지문방지 + 무광택 휴대폰 액정보호필름 3p + 부착 가이드툴, 삼성 갤럭시 S9, 1세트",2025-12-09 22:11:13,KKW3,1,"9,540","9,540",2026-02-06
28041305,발주,119334963,13906333,오하이 전면 3D 풀커버 TPU 지문방지 액정보호필름 3p + 부착 가이드툴 세트 삼성갤럭시S21플러스 1세트,2025-12-09 10:20:00,SAN3,6,"9,600","57,600",2026-02-06
28041305,발주,119334963,21585981,오하이 전면 3D 풀커버 TPU 지문방지 액정보호필름 3p + 부착 가이드툴 세트 갤럭시 S22 1세트,2025-12-09 10:20:00,SAN3,4,"9,600","38,400",2026-02-06
28041305,발주,119441202,17185168,오하이 저반사 지문방지 풀커버 액정보호필름 전면 3매+내부 3매 +option+ 갤럭시 Z폴드3 ::,2025-12-09 21:21:08,INC14,2,"12,000","24,000",2026-02-06
28041305,발주,119441202,27217829,오하이 저반사 지문방지 풀커버 내부액정보호필름 내부3매+외부 3매 +option+ 갤럭시 Z플립4 ::,2025-12-09 20:38:06,INC14,4,"10,700","42,800",2026-02-06
28041305,발주,119441202,37350957,오하이 지문방지 풀커버 저반사 매트 액정보호필름 전면 3매+내부 3매 +option+ 갤럭시 Z폴드5 ::,2025-12-09 20:38:06,INC14,11,"12,000","132,000",2026-02-06
28041305,발주,119441202,40840056,"오하이 전면 3D 풀커버 TPU 지문방지 + 무광택 휴대폰 액정보호필름 3p + 부착 가이드툴, 아이폰12/12프로, 1세트",2025-12-09 21:21:08,INC14,1,"9,540","9,540",2026-02-06
28041305,발주,119441202,41241022,"오하이 전면 3D 풀커버 TPU 지문방지 + 무광택 휴대폰 액정보호필름 3p + 부착 가이드툴, 아이폰XS맥스/11프로맥스, 1세트",2025-12-09 21:21:08,INC14,1,"9,540","9,540",2026-02-06
28041305,발주,119441202,41269792,"오하이 사생활보호 프라이버시 TPU 지문인식 휴대폰 액정보호필름 2매+간편부착 툴, 삼성 갤럭시 S22울트라, 1세트",2025-12-09 21:21:08,INC14,4,"6,705","26,820",2026-02-06
28041305,발주,119441202,41555864,"오하이 EZ툴 풀커버 사생활보호 프라이버시 강화유리 휴대폰 액정보호필름 2매, 아이폰 15, 1세트",2025-12-09 21:21:08,INC14,3,"11,940","35,820",2026-02-06
28041305,발주,119441202,55707339,"오하이 전면 3D 풀커버 TPU 지문방지 + 무광택 휴대폰 액정보호필름 3p + 부착 가이드툴, 삼성 갤럭시 S25플러스, 1세트",2025-12-09 20:38:06,INC14,36,"9,540","343,440",2026-02-06
28041305,발주,119441488,21585981,오하이 전면 3D 풀커버 TPU 지문방지 액정보호필름 3p + 부착 가이드툴 세트 갤럭시 S22 1세트,2025-12-09 13:56:42,DAE3,1,"9,600","9,600",2026-02-06
28041305,발주,119441784,19454771,"오하이 풀커버 강화유리 액정보호필름2개 + EZ툴 제공, 아이폰12/12프로",2025-12-09 11:37:13,SAN3,20,"10,740","214,800",2026-02-06
28041305,발주,119441784,27686154,"오하이 풀커버 강화유리 액정보호필름 + 이지솔루션 제공, 2개, 아이폰14",2025-12-09 15:53:40,SAN3,15,"10,740","161,100",2026-02-06
28041305,발주,119441784,27686157,"오하이 풀커버 강화유리 액정보호필름 + 이지솔루션 제공, 2개, 아이폰14프로맥스",2025-12-09 09:53:01,SAN3,50,"10,740","537,000",2026-02-06
28041305,발주,119441784,27686157,"오하이 풀커버 강화유리 액정보호필름 + 이지솔루션 제공, 2개, 아이폰14프로맥스",2025-12-09 10:13:44,SAN3,38,"10,740","408,120",2026-02-06
28041305,발주,119441784,35373963,"오하이 EZ툴 아이폰 풀커버 사생활보호 프라이버시 강화유리필름 2매, 아이폰 12/12프로, 1세트",2025-12-09 10:13:44,SAN3,5,"11,940","59,700",2026-02-06
28041305,발주,119441784,36684361,"오하이 전면 3D 풀커버 TPU 지문방지 + 무광택 휴대폰 액정보호필름 3p + 부착 가이드툴, 갤럭시노트20울트라, 1세트",2025-12-09 10:15:22,SAN3,13,"9,540","124,020",2026-02-06
28041305,발주,119441784,41269801,"오하이 사생활보호 프라이버시 TPU 지문인식 휴대폰 액정보호필름 2매+간편부착 툴, 삼성 갤럭시 S23울트라, 1세트",2025-12-09 11:14:11,SAN3,3,"6,705","20,115",2026-02-06
28041305,발주,119441784,41555878,"오하이 EZ툴 풀커버 사생활보호 프라이버시 강화유리 휴대폰 액정보호필름 2매, 아이폰 15 플러스, 1세트",2025-12-09 11:17:41,SAN3,4,"11,940","47,760",2026-02-06
28041305,발주,119441784,41670033,"오하이 전면 3D 풀커버 TPU 지문방지 + 무광택 휴대폰 액정보호필름 3p + 부착 가이드툴, 갤럭시 S23FE, 1세트",2025-12-09 10:20:00,SAN3,1,"9,540","9,540",2026-02-06
28041305,발주,119441784,48102855,오하이 갤럭시 Z폴드6 저반사 지문방지 풀커버 액정보호필름 외부3매+내부 3매 1세트,2025-12-09 10:15:22,SAN3,3,"12,000","36,000",2026-02-06
28041305,발주,119441784,48183125,"오하이 전면 3D 풀커버 TPU 지문방지 + 무광택 휴대폰 액정보호필름 3p + 부착 가이드툴, 갤럭시 A35, 1세트",2025-12-09 10:20:00,SAN3,2,"9,540","19,080",2026-02-06
28041305,발주,119441784,48472777,"오하이 풀커버 강화유리 액정보호필름2개 + EZ툴 제공, 갤럭시S24",2025-12-09 11:29:28,SAN3,6,"10,740","64,440",2026-02-06
28041305,발주,119441784,50428035,"오하이 전면 3D 풀커버 TPU 지문방지 + 무광택 휴대폰 액정보호필름 3p + 부착 가이드툴, 아이폰16프로맥스, 1세트",2025-12-09 10:15:22,SAN3,13,"9,540","124,020",2026-02-06
28041305,발주,119441784,50428038,"오하이 전면 3D 풀커버 TPU 지문방지 + 무광택 휴대폰 액정보호필름 3p + 부착 가이드툴, 아이폰16프로, 1세트",2025-12-09 10:07:54,SAN3,22,"9,540","209,880",2026-02-06
28041305,발주,119441784,53854611,"오하이 전면 3D 풀커버 TPU 지문방지 + 무광택 휴대폰 액정보호필름 3p + 부착 가이드툴, 갤럭시 A16 5G, 1세트",2025-12-09 16:22:27,SAN3,4,"9,540","38,160",2026-02-06
28041305,발주,119441784,57316041,"오하이 일미리 케이스 1mm 변색 없는 PC 하드 케이스, 아이폰 15플러스",2025-12-09 11:14:11,SAN3,1,"8,000","8,000",2026-02-06
28041305,발주,119441784,60043362,"오하이 전면 3D 풀커버 TPU 지문방지 + 무광택 휴대폰 액정보호필름 3p + 부착 가이드툴, 갤럭시 S25엣지, 1세트",2025-12-09 16:22:27,SAN3,26,"9,540","248,040",2026-02-06
28041305,발주,119441784,62921998,"오하이 폴드,플립 지문방지 무광택 액정보호 필름 + 부착 안내문, 삼성 갤럭시 Z플립7, 1세트 투명",2025-12-09 09:53:01,SAN3,12,"10,700","128,400",2026-02-06
28041305,발주,119441784,63073467,"오하이 전면 3D 풀커버 TPU 지문방지 + 무광택 필름 + 부착 가이드툴, 갤럭시S23플러스, 1세트",2025-12-09 16:22:27,SAN3,29,"9,540","276,660",2026-02-06
28041305,발주,119441784,65076574,오하이 모션핏 맥세이프 미니 셀카봉 브이로그 삼각대 블랙 1개 모션핏_B,2025-12-09 09:53:01,SAN3,2,"13,740","27,480",2026-02-06
28041305,발주,119442181,13906334,"오하이 전면 3D 풀커버 TPU 지문방지 + 무광택 휴대폰 액정보호필름 3p + 부착 가이드툴, 갤럭시노트20, 1세트",2025-12-09 13:49:45,DAE3,7,"9,540","66,780",2026-02-06
28041305,발주,119442181,19454772,"오하이 풀커버 강화유리 액정보호필름2개 + EZ툴 제공, 아이폰12프로맥스",2025-12-09 13:43:31,DAE3,6,"10,740","64,440",2026-02-06
28041305,발주,119442181,27686156,"오하이 풀커버 강화유리 액정보호필름 + 이지솔루션 제공, 2개, 아이폰14맥스(플러스)",2025-12-09 13:44:25,DAE3,9,"10,740","96,660",2026-02-06
28041305,발주,119442181,37350956,오하이 갤럭시 Z플립 5 저반사 지문방지 풀커버 액정보호필름 내부3매+외부3매 1세트,2025-12-09 13:52:43,DAE3,7,"10,700","74,900",2026-02-06
28041305,발주,119442181,40840065,"오하이 전면 3D 풀커버 TPU 지문방지 + 무광택 휴대폰 액정보호필름 3p + 부착 가이드툴, 아이폰13/13프로, 1세트",2025-12-09 14:02:19,DAE3,2,"9,540","19,080",2026-02-06
28041305,발주,119442181,41269798,"오하이 사생활보호 프라이버시 TPU 지문인식 휴대폰 액정보호필름 2매+간편부착 툴, 삼성 갤럭시 S23, 1세트",2025-12-09 14:01:21,DAE3,1,"6,705","6,705",2026-02-06
28041305,발주,119442181,41669998,"오하이 전면 3D 풀커버 TPU 지문방지 + 무광택 휴대폰 액정보호필름 3p + 부착 가이드툴, 갤럭시 A24, 1세트",2025-12-09 14:00:32,DAE3,1,"9,540","9,540",2026-02-06
28041305,발주,119442181,41911893,"오하이 지문방지 PET 무광필름 2매, 갤럭시 S24플러스, 1세트",2025-12-09 13:51:09,DAE3,1,"9,600","9,600",2026-02-06
28041305,발주,119442181,42671052,"오하이 전면 3D 풀커버 TPU 지문방지 + 무광택 휴대폰 액정보호필름 3p + 부착 가이드툴, 갤럭시 A23, 1세트",2025-12-09 14:05:55,DAE3,1,"9,540","9,540",2026-02-06
28041305,발주,119442181,48183127,"오하이 전면 3D 풀커버 TPU 지문방지 + 무광택 휴대폰 액정보호필름 3p + 부착 가이드툴, 갤럭시 A15, 1세트",2025-12-09 14:03:53,DAE3,3,"9,540","28,620",2026-02-06
28041305,발주,119442181,49343794,"오하이 사생활보호 프라이버시 TPU 지문인식 휴대폰 액정보호필름 2매+간편부착 툴, 삼성 갤럭시 S20울트라, 1세트",2025-12-09 13:46:50,DAE3,1,"6,705","6,705",2026-02-06
28041305,발주,119442181,50342948,"오하이 풀커버 강화유리 액정보호필름2개 + EZ툴 제공, 아이폰16플러스",2025-12-09 13:45:18,DAE3,5,"10,740","53,700",2026-02-06
28041305,발주,119442181,50428036,"오하이 전면 3D 풀커버 TPU 지문방지 + 무광택 휴대폰 액정보호필름 3p + 부착 가이드툴, 아이폰16, 1세트",2025-12-09 13:48:21,DAE3,2,"9,540","19,080",2026-02-06
28041305,발주,119442181,50428036,"오하이 전면 3D 풀커버 TPU 지문방지 + 무광택 휴대폰 액정보호필름 3p + 부착 가이드툴, 아이폰16, 1세트",2025-12-09 13:53:29,DAE3,2,"9,540","19,080",2026-02-06
28041305,발주,119442181,59459681,"오하이 지문방지 무광택 액정보호 필름 삼성 갤럭시 Z폴드SE (스페셜 에디션), 1세트",2025-12-09 13:57:51,DAE3,4,"11,940","47,760",2026-02-06
28041305,발주,119442181,63688989,오하이 EZ툴 풀커버 사생활보호 프라이버시 강화유리 휴대폰 액정보호필름 2p 세트 아이폰17 1세트,2025-12-09 13:46:15,DAE3,10,"11,940","119,400",2026-02-06
28041305,발주,119442181,65314216,"오하이 전면 3D 풀커버 TPU 지문방지 무광택 필름 + 부착 가이드툴, 아이폰 17, 3매입 1세트",2025-12-09 13:59:12,DAE3,5,"9,600","48,000",2026-02-06
28041305,발주,119547588,13906339,오하이 전면 3D 풀커버 TPU 지문방지 액정보호필름 3p + 부착 가이드툴 세트 갤럭시 S21 1세트,2025-12-09 14:28:10,SIH2,2,"9,600","19,200",2026-02-06
28041305,발주,119548160,13906351,오하이 전면 3D 풀커버 TPU 지문방지 액정보호필름 3p + 부착 가이드툴 세트 갤럭시 S10 5G 1세트,2025-12-09 14:28:10,SIH2,2,"9,600","19,200",2026-02-06
28041305,발주,119548250,13906323,오하이 전면 3D 풀커버 TPU 지문방지 액정보호필름 3p + 부착 가이드툴 세트 갤럭시S21울트라 1세트,2025-12-09 14:28:10,SIH2,1,"9,600","9,600",2026-02-06
28041305,발주,119548250,21585982,오하이 전면 3D 풀커버 TPU 지문방지 액정보호필름 3p + 부착 가이드툴 세트 갤럭시S22플러스 1세트,2025-12-09 14:28:10,SIH2,2,"9,600","19,200",2026-02-06
28052869,발주,119104811,41941973,"오하이 지문방지 PET 무광필름 2매, 아이폰15프로, 1세트",2025-12-10 09:17:32,INC36,2,"9,600","19,200",2026-02-06
28052869,발주,119104811,42671049,"오하이 전면 3D 풀커버 TPU 지문방지 + 무광택 휴대폰 액정보호필름 3p + 부착 가이드툴, 갤럭시 A33, 1세트",2025-12-10 10:01:55,INC36,1,"9,540","9,540",2026-02-06
28052869,발주,119104811,55705544,"오하이 지문방지 PET 무광필름 2매, 갤럭시 S25울트라, 1세트",2025-12-10 09:16:21,INC36,2,"9,600","19,200",2026-02-06
28052869,발주,119105101,41269798,"오하이 사생활보호 프라이버시 TPU 지문인식 휴대폰 액정보호필름 2매+간편부착 툴, 삼성 갤럭시 S23, 1세트",2025-12-10 09:17:32,INC36,1,"6,705","6,705",2026-02-06
28052869,발주,119105101,54175431,"오하이 지문방지 PET 무광필름 2매, 아이폰16프로맥스, 1세트",2025-12-10 10:01:55,INC36,1,"9,600","9,600",2026-02-06
28052869,발주,119105108,35373959,"오하이 EZ툴 아이폰 풀커버 사생활보호 프라이버시 강화유리필름 2매, 아이폰 12 프로맥스, 1세트",2025-12-10 09:17:32,INC36,1,"11,940","11,940",2026-02-06
28052869,발주,119105108,35373967,"오하이 EZ툴 아이폰 풀커버 사생활보호 프라이버시 강화유리필름 2매, 아이폰 12 미니, 1세트",2025-12-10 09:17:32,INC36,1,"11,940","11,940",2026-02-06
28052869,발주,119105108,55705546,"오하이 지문방지 PET 무광필름 2매, 갤럭시 S25, 1세트",2025-12-10 09:16:21,INC36,1,"9,600","9,600",2026-02-06
28052869,발주,119170726,55701377,"오하이 사생활보호 프라이버시 TPU 지문인식 휴대폰 액정보호필름 2매+간편부착 툴, 삼성 갤럭시 S25플러스, 1세트",2025-12-10 09:16:21,INC36,1,"6,705","6,705",2026-02-06
28052869,발주,119237444,13906339,오하이 전면 3D 풀커버 TPU 지문방지 액정보호필름 3p + 부착 가이드툴 세트 갤럭시 S21 1세트,2025-12-10 10:01:55,INC36,2,"9,600","19,200",2026-02-06
28052869,발주,119389736,27686156,"오하이 풀커버 강화유리 액정보호필름 + 이지솔루션 제공, 2개, 아이폰14맥스(플러스)",2025-12-10 09:17:32,INC36,1,"10,740","10,740",2026-02-06
28052869,발주,119389736,35373965,"오하이 EZ툴 아이폰 풀커버 사생활보호 프라이버시 강화유리필름 2매, 아이폰 14 플러스, 1세트",2025-12-10 09:17:32,INC36,1,"11,940","11,940",2026-02-06
28052869,발주,119389736,41269792,"오하이 사생활보호 프라이버시 TPU 지문인식 휴대폰 액정보호필름 2매+간편부착 툴, 삼성 갤럭시 S22울트라, 1세트",2025-12-10 09:16:21,INC36,1,"6,705","6,705",2026-02-06
28052869,발주,119389833,54737755,"오하이 아이패드 갤럭시탭 6H 유리코팅 방탄강화 블루라이트 차단 고투명 PET 액정보호필름 간편부착 2매, 갤럭시탭 A9플러스 11인치, 1개",2025-12-10 09:19:02,INC36,1,"10,140","10,140",2026-02-06
28052869,발주,119441784,27686154,"오하이 풀커버 강화유리 액정보호필름 + 이지솔루션 제공, 2개, 아이폰14",2025-12-10 21:50:41,SAN3,25,"10,740","268,500",2026-02-06
28052869,발주,119442698,39374850,"오하이 전면 3D 풀커버 TPU 지문방지 + 무광택 휴대폰 액정보호필름 3p + 부착 가이드툴, 삼성 갤럭시 S20울트라, 1세트",2025-12-10 09:16:21,INC36,2,"9,540","19,080",2026-02-06
28052869,발주,119442698,41941977,"오하이 지문방지 PET 무광필름 2매, 아이폰15프로맥스, 1세트",2025-12-10 09:16:21,INC36,2,"9,600","19,200",2026-02-06
28112505,발주,119441784,35373954,"오하이 EZ툴 아이폰 풀커버 사생활보호 프라이버시 강화유리필름 2매, 아이폰 13/13프로, 1세트",2025-12-15 09:07:38,SAN3,15,"11,940","179,100",2026-02-13
28112505,발주,119441784,50344698,"오하이 EZ툴 풀커버 사생활보호 프라이버시 강화유리 휴대폰 액정보호필름 2매, 아이폰 16 프로맥스, 1세트",2025-12-15 09:07:38,SAN3,20,"11,940","238,800",2026-02-13
28214413,발주,119441784,40840087,"오하이 전면 3D 풀커버 TPU 지문방지 + 무광택 휴대폰 액정보호필름 3p + 부착 가이드툴, 아이폰15프로, 1세트",2025-12-24 22:00:04,SAN3,14,"9,540","133,560",2026-02-06
28247561,발주,120427701,48562240,"[10매]오하이 버디필름 장타 비거리스티커 드라이버 우드 헤드 보호 슬라이스방지 골프필름, 드라이버용, 1세트, 드라이버용 10매 95*48mm 단일색상",2025-12-27 02:45:10,YAS1,1,"9,000","9,000",2026-02-25
28247561,발주,120432148,13906323,오하이 전면 3D 풀커버 TPU 지문방지 액정보호필름 3p + 부착 가이드툴 세트 갤럭시S21울트라 1세트,2025-12-27 02:45:10,YAS1,1,"9,600","9,600",2026-02-25
28247561,발주,120434528,17185168,오하이 저반사 지문방지 풀커버 액정보호필름 전면 3매+내부 3매 +option+ 갤럭시 Z폴드3 ::,2025-12-27 02:47:45,YAS1,3,"12,000","36,000",2026-02-25
28247561,발주,120434528,19454772,"오하이 풀커버 강화유리 액정보호필름2개 + EZ툴 제공, 아이폰12프로맥스",2025-12-27 02:47:45,YAS1,11,"10,740","118,140",2026-02-25
28247561,발주,120434528,27686155,"오하이 풀커버 강화유리 액정보호필름 + 이지솔루션 제공, 2개, 아이폰14프로",2025-12-27 02:48:47,YAS1,7,"10,740","75,180",2026-02-25
28247561,발주,120434528,27686157,"오하이 풀커버 강화유리 액정보호필름 + 이지솔루션 제공, 2개, 아이폰14프로맥스",2025-12-27 02:56:55,YAS1,11,"10,740","118,140",2026-02-25
28247561,발주,120434528,31762099,"오하이 전면 3D 풀커버 TPU 지문방지 + 무광택 휴대폰 액정보호필름 3p + 부착 가이드툴, 갤럭시S23울트라, 1세트",2025-12-27 02:45:10,YAS1,1,"9,540","9,540",2026-02-25
28247561,발주,120434528,39017751,"오하이 풀커버 강화유리 액정보호필름 + 이지솔루션 제공, 2개, 아이폰15플러스",2025-12-27 02:56:55,YAS1,3,"10,740","32,220",2026-02-25
28247561,발주,120434528,41670037,"오하이 전면 3D 풀커버 TPU 지문방지 + 무광택 휴대폰 액정보호필름 3p + 부착 가이드툴, 갤럭시 A54, 1세트",2025-12-27 02:45:10,YAS1,1,"9,540","9,540",2026-02-25
28247561,발주,120434528,42671147,"오하이 전면 3D 풀커버 TPU 지문방지 + 무광택 휴대폰 액정보호필름 3p + 부착 가이드툴, 삼성 갤럭시 S9, 1세트",2025-12-27 02:45:10,YAS1,1,"9,540","9,540",2026-02-25
28247561,발주,120434528,50428035,"오하이 전면 3D 풀커버 TPU 지문방지 + 무광택 휴대폰 액정보호필름 3p + 부착 가이드툴, 아이폰16프로맥스, 1세트",2025-12-27 02:45:10,YAS1,2,"9,540","19,080",2026-02-25
28247561,발주,120434528,55707340,"오하이 전면 3D 풀커버 TPU 지문방지 + 무광택 휴대폰 액정보호필름 3p + 부착 가이드툴, 삼성 갤럭시 S25, 1세트",2025-12-27 02:45:10,YAS1,4,"9,060","36,240",2026-02-25
28247561,발주,120434528,62178971,오하이 풀커버 강화유리 휴대폰 액정보호필름 2p + EZ 툴 세트 아이폰17 1세트,2025-12-27 02:57:02,YAS1,26,"10,740","279,240",2026-02-25
28247561,발주,120476748,31729104,"오하이 지문방지 PET 무광필름 2매, 갤럭시S23플러스, 1세트",2025-12-27 02:45:10,YAS1,1,"9,600","9,600",2026-02-25
28247561,발주,120629219,41670033,"오하이 전면 3D 풀커버 TPU 지문방지 + 무광택 휴대폰 액정보호필름 3p + 부착 가이드툴, 갤럭시 S23FE, 1세트",2025-12-27 16:07:49,SEL1,1,"9,540","9,540",2026-02-25
28247561,발주,120629219,42671049,"오하이 전면 3D 풀커버 TPU 지문방지 + 무광택 휴대폰 액정보호필름 3p + 부착 가이드툴, 갤럭시 A33, 1세트",2025-12-27 16:07:49,SEL1,1,"9,540","9,540",2026-02-25
28247561,발주,120629219,48183128,"오하이 전면 3D 풀커버 TPU 지문방지 + 무광택 휴대폰 액정보호필름 3p + 부착 가이드툴, 갤럭시 A25, 1세트",2025-12-27 16:07:49,SEL1,1,"9,540","9,540",2026-02-25
28247561,발주,120734847,40840089,"오하이 전면 3D 풀커버 TPU 지문방지 + 무광택 휴대폰 액정보호필름 3p + 부착 가이드툴, 아이폰15프로맥스, 1세트",2025-12-27 16:07:49,SEL1,1,"9,558","9,558",2026-02-25
28247561,발주,120735835,50342952,"오하이 풀커버 강화유리 액정보호필름2개 + EZ툴 제공, 아이폰16",2025-12-27 20:47:25,ECH2,7,"10,740","75,180",2026-02-25
28247561,발주,120915858,41670010,"오하이 전면 3D 풀커버 TPU 지문방지 + 무광택 휴대폰 액정보호필름 3p + 부착 가이드툴, 갤럭시 S24울트라, 1세트",2025-12-27 21:20:00,CHW1,3,"9,540","28,620",2026-02-25
28247561,발주,120915858,41670010,"오하이 전면 3D 풀커버 TPU 지문방지 + 무광택 휴대폰 액정보호필름 3p + 부착 가이드툴, 갤럭시 S24울트라, 1세트",2025-12-27 22:06:05,CHW1,11,"9,540","104,940",2026-02-25
28247561,발주,120915858,50428038,"오하이 전면 3D 풀커버 TPU 지문방지 + 무광택 휴대폰 액정보호필름 3p + 부착 가이드툴, 아이폰16프로, 1세트",2025-12-27 21:20:00,CHW1,10,"9,540","95,400",2026-02-25
28247561,발주,120915858,55707338,"오하이 전면 3D 풀커버 TPU 지문방지 + 무광택 휴대폰 액정보호필름 3p + 부착 가이드툴, 삼성 갤럭시 S25울트라, 1세트",2025-12-27 21:20:00,CHW1,3,"9,060","27,180",2026-02-25
28247561,발주,120915858,55707338,"오하이 전면 3D 풀커버 TPU 지문방지 + 무광택 휴대폰 액정보호필름 3p + 부착 가이드툴, 삼성 갤럭시 S25울트라, 1세트",2025-12-27 22:06:05,CHW1,8,"9,060","72,480",2026-02-25
28247561,발주,120915858,55707340,"오하이 전면 3D 풀커버 TPU 지문방지 + 무광택 휴대폰 액정보호필름 3p + 부착 가이드툴, 삼성 갤럭시 S25, 1세트",2025-12-27 21:20:00,CHW1,3,"9,060","27,180",2026-02-25
28247561,발주,120915858,55707340,"오하이 전면 3D 풀커버 TPU 지문방지 + 무광택 휴대폰 액정보호필름 3p + 부착 가이드툴, 삼성 갤럭시 S25, 1세트",2025-12-27 22:06:05,CHW1,8,"9,060","72,480",2026-02-25
28247561,발주,120915858,60043362,"오하이 전면 3D 풀커버 TPU 지문방지 + 무광택 휴대폰 액정보호필름 3p + 부착 가이드툴, 갤럭시 S25엣지, 1세트",2025-12-27 21:20:00,CHW1,21,"9,540","200,340",2026-02-25
28256807,발주,120735842,50342952,"오하이 풀커버 강화유리 액정보호필름2개 + EZ툴 제공, 아이폰16",2025-12-28 14:32:46,SAN3,1,"10,740","10,740",2026-02-26
28256807,발주,120915858,27686155,"오하이 풀커버 강화유리 액정보호필름 + 이지솔루션 제공, 2개, 아이폰14프로",2025-12-28 03:33:34,CHW1,5,"10,740","53,700",2026-02-26
28256807,발주,120915858,27686155,"오하이 풀커버 강화유리 액정보호필름 + 이지솔루션 제공, 2개, 아이폰14프로",2025-12-28 03:37:47,CHW1,2,"10,740","21,480",2026-02-26
28256807,발주,120915858,27686157,"오하이 풀커버 강화유리 액정보호필름 + 이지솔루션 제공, 2개, 아이폰14프로맥스",2025-12-28 03:23:09,CHW1,40,"10,740","429,600",2026-02-26
28256807,발주,120915858,27686157,"오하이 풀커버 강화유리 액정보호필름 + 이지솔루션 제공, 2개, 아이폰14프로맥스",2025-12-28 03:52:35,CHW1,10,"10,740","107,400",2026-02-26
28256807,발주,120915858,39017751,"오하이 풀커버 강화유리 액정보호필름 + 이지솔루션 제공, 2개, 아이폰15플러스",2025-12-28 03:37:47,CHW1,3,"10,740","32,220",2026-02-26
28256807,발주,120915858,41670004,"오하이 전면 3D 풀커버 TPU 지문방지 + 무광택 휴대폰 액정보호필름 3p + 부착 가이드툴, 갤럭시 S24, 1세트",2025-12-28 03:37:47,CHW1,2,"9,540","19,080",2026-02-26
28256807,발주,120915858,41670004,"오하이 전면 3D 풀커버 TPU 지문방지 + 무광택 휴대폰 액정보호필름 3p + 부착 가이드툴, 갤럭시 S24, 1세트",2025-12-28 03:41:22,CHW1,7,"9,540","66,780",2026-02-26
28256807,발주,120915858,50342949,"오하이 풀커버 강화유리 액정보호필름2개 + EZ툴 제공, 아이폰16프로",2025-12-28 03:23:09,CHW1,41,"10,740","440,340",2026-02-26
28256807,발주,120915858,50342949,"오하이 풀커버 강화유리 액정보호필름2개 + EZ툴 제공, 아이폰16프로",2025-12-28 03:52:35,CHW1,11,"10,740","118,140",2026-02-26
28256807,발주,120915858,50342950,"오하이 풀커버 강화유리 액정보호필름2개 + EZ툴 제공, 아이폰16프로맥스",2025-12-28 03:33:34,CHW1,12,"10,740","128,880",2026-02-26
28256807,발주,120915858,50342950,"오하이 풀커버 강화유리 액정보호필름2개 + EZ툴 제공, 아이폰16프로맥스",2025-12-28 03:37:47,CHW1,3,"10,740","32,220",2026-02-26
28256807,발주,120915858,50342952,"오하이 풀커버 강화유리 액정보호필름2개 + EZ툴 제공, 아이폰16",2025-12-28 03:33:34,CHW1,10,"10,740","107,400",2026-02-26
28256807,발주,120915858,50342952,"오하이 풀커버 강화유리 액정보호필름2개 + EZ툴 제공, 아이폰16",2025-12-28 03:37:47,CHW1,3,"10,740","32,220",2026-02-26
28256807,발주,120915858,62178970,오하이 풀커버 강화유리 휴대폰 액정보호필름 2p + EZ 툴 세트 아이폰17프로 1세트,2025-12-28 03:33:34,CHW1,36,"10,740","386,640",2026-02-26
28256807,발주,120915858,62178970,오하이 풀커버 강화유리 휴대폰 액정보호필름 2p + EZ 툴 세트 아이폰17프로 1세트,2025-12-28 03:55:05,CHW1,5,"10,740","53,700",2026-02-26
28256807,발주,120915858,63073467,"오하이 전면 3D 풀커버 TPU 지문방지 + 무광택 필름 + 부착 가이드툴, 갤럭시S23플러스, 1세트",2025-12-28 03:37:47,CHW1,5,"9,540","47,700",2026-02-26
28256807,발주,120915858,63073467,"오하이 전면 3D 풀커버 TPU 지문방지 + 무광택 필름 + 부착 가이드툴, 갤럭시S23플러스, 1세트",2025-12-28 03:41:22,CHW1,18,"9,540","171,720",2026-02-26
28256807,발주,120916154,27686154,"오하이 풀커버 강화유리 액정보호필름 + 이지솔루션 제공, 2개, 아이폰14",2025-12-28 14:32:46,SAN3,39,"10,740","418,860",2026-02-26
28256807,발주,120916154,37350956,오하이 갤럭시 Z플립 5 저반사 지문방지 풀커버 액정보호필름 내부3매+외부3매 1세트,2025-12-28 14:28:15,SAN3,18,"10,700","192,600",2026-02-26
28256807,발주,120916154,39017749,"오하이 풀커버 강화유리 액정보호필름 + 이지솔루션 제공, 2개, 아이폰15프로",2025-12-28 14:48:38,SAN3,50,"10,740","537,000",2026-02-26
28256807,발주,120916154,39017749,"오하이 풀커버 강화유리 액정보호필름 + 이지솔루션 제공, 2개, 아이폰15프로",2025-12-28 14:54:06,SAN3,45,"10,740","483,300",2026-02-26
28256807,발주,120916154,41911904,"오하이 지문방지 PET 무광필름 2매, 갤럭시 S24울트라, 1세트",2025-12-28 14:28:15,SAN3,1,"9,600","9,600",2026-02-26
28256807,발주,120916154,55707339,"오하이 전면 3D 풀커버 TPU 지문방지 + 무광택 휴대폰 액정보호필름 3p + 부착 가이드툴, 삼성 갤럭시 S25플러스, 1세트",2025-12-28 14:28:15,SAN3,12,"9,540","114,480",2026-02-26
28283897,발주,120628928,35373959,"오하이 EZ툴 아이폰 풀커버 사생활보호 프라이버시 강화유리필름 2매, 아이폰 12 프로맥스, 1세트",2025-12-31 17:22:42,KKW3,1,"11,940","11,940",2026-02-27
28283897,발주,120735035,50428037,"오하이 전면 3D 풀커버 TPU 지문방지 + 무광택 휴대폰 액정보호필름 3p + 부착 가이드툴, 아이폰16플러스, 1세트",2025-12-31 17:22:42,KKW3,1,"9,540","9,540",2026-02-27
28283897,발주,120735035,55705545,"오하이 지문방지 PET 무광필름 2매, 갤럭시 S25플러스, 1세트",2025-12-31 17:22:42,KKW3,1,"9,600","9,600",2026-02-27
28283897,발주,120915766,48562240,"[10매]오하이 버디필름 장타 비거리스티커 드라이버 우드 헤드 보호 슬라이스방지 골프필름, 드라이버용, 1세트, 드라이버용 10매 95*48mm 단일색상",2025-12-31 17:22:42,KKW3,11,"9,000","99,000",2026-02-27
28283897,발주,120915968,39017749,"오하이 풀커버 강화유리 액정보호필름 + 이지솔루션 제공, 2개, 아이폰15프로",2025-12-31 14:05:41,CHW4,12,"10,740","128,880",2026-02-27
28283897,발주,120915968,39017749,"오하이 풀커버 강화유리 액정보호필름 + 이지솔루션 제공, 2개, 아이폰15프로",2025-12-31 14:09:39,CHW4,5,"10,740","53,700",2026-02-27
28283897,발주,120915968,53854611,"오하이 전면 3D 풀커버 TPU 지문방지 + 무광택 휴대폰 액정보호필름 3p + 부착 가이드툴, 갤럭시 A16 5G, 1세트",2025-12-31 14:15:24,CHW4,10,"9,540","95,400",2026-02-27
28283897,발주,120915968,55701818,"오하이 풀커버 강화유리 액정보호필름 + 이지솔루션 제공, 2매1세트, 갤럭시S25",2025-12-31 14:15:24,CHW4,11,"10,740","118,140",2026-02-27
28283897,발주,120965137,41670033,"오하이 전면 3D 풀커버 TPU 지문방지 + 무광택 휴대폰 액정보호필름 3p + 부착 가이드툴, 갤럭시 S23FE, 1세트",2025-12-31 14:21:15,CHW4,2,"9,540","19,080",2026-02-27
28283897,발주,120965137,55701376,"오하이 사생활보호 프라이버시 TPU 지문인식 휴대폰 액정보호필름 2매+간편부착 툴, 삼성 갤럭시 S25울트라, 1세트",2025-12-31 14:09:39,CHW4,2,"6,705","13,410",2026-02-27
28343760,발주,120916251,27686154,"오하이 풀커버 강화유리 액정보호필름 + 이지솔루션 제공, 2개, 아이폰14",2026-01-06 16:56:17,DAE3,13,"10,740","139,620",2026-03-06
28343760,발주,120916251,39017754,"오하이 풀커버 강화유리 액정보호필름 + 이지솔루션 제공, 2개, 아이폰15프로맥스",2026-01-06 16:59:04,DAE3,5,"10,740","53,700",2026-03-06
28343760,발주,120916251,48472778,"오하이 풀커버 강화유리 액정보호필름2개 + EZ툴 제공, 갤럭시S24 울트라",2026-01-06 16:51:35,DAE3,34,"10,740","365,160",2026-03-06
28343760,발주,120916251,50342949,"오하이 풀커버 강화유리 액정보호필름2개 + EZ툴 제공, 아이폰16프로",2026-01-06 16:56:44,DAE3,30,"10,740","322,200",2026-03-06
28343760,발주,120916251,50342949,"오하이 풀커버 강화유리 액정보호필름2개 + EZ툴 제공, 아이폰16프로",2026-01-06 16:56:56,DAE3,19,"10,740","204,060",2026-03-06
28343760,발주,120916251,50342952,"오하이 풀커버 강화유리 액정보호필름2개 + EZ툴 제공, 아이폰16",2026-01-06 17:21:47,DAE3,16,"10,740","171,840",2026-03-06
28343760,발주,120916251,50344701,"오하이 EZ툴 아이폰 풀커버 사생활보호 프라이버시 강화유리필름 2매, 아이폰 16 프로, 1세트",2026-01-06 17:21:56,DAE3,50,"11,940","597,000",2026-03-06
28343760,발주,120916251,50344701,"오하이 EZ툴 아이폰 풀커버 사생활보호 프라이버시 강화유리필름 2매, 아이폰 16 프로, 1세트",2026-01-06 17:25:05,DAE3,23,"11,940","274,620",2026-03-06
28343760,발주,120916251,63688989,오하이 EZ툴 풀커버 사생활보호 프라이버시 강화유리 휴대폰 액정보호필름 2p 세트 아이폰17 1세트,2026-01-06 17:21:37,DAE3,8,"11,940","95,520",2026-03-06
28343760,발주,120916550,48562240,"[10매]오하이 버디필름 장타 비거리스티커 드라이버 우드 헤드 보호 슬라이스방지 골프필름, 드라이버용, 1세트, 드라이버용 10매 95*48mm 단일색상",2026-01-06 23:39:35,DAE3,5,"9,000","45,000",2026-03-06
28343760,발주,120916726,13906334,"오하이 전면 3D 풀커버 TPU 지문방지 + 무광택 휴대폰 액정보호필름 3p + 부착 가이드툴, 갤럭시노트20, 1세트",2026-01-06 16:53:16,SAN3,5,"9,540","47,700",2026-03-06
28343760,발주,120916726,27686154,"오하이 풀커버 강화유리 액정보호필름 + 이지솔루션 제공, 2개, 아이폰14",2026-01-06 16:53:16,SAN3,13,"10,740","139,620",2026-03-06
28343760,발주,120916726,27686156,"오하이 풀커버 강화유리 액정보호필름 + 이지솔루션 제공, 2개, 아이폰14맥스(플러스)",2026-01-06 16:58:42,SAN3,4,"10,740","42,960",2026-03-06
28343760,발주,120916726,41555886,"오하이 EZ툴 풀커버 사생활보호 프라이버시 강화유리 휴대폰 액정보호필름 2매, 아이폰 15 프로맥스, 1세트",2026-01-06 16:53:16,SAN3,2,"11,940","23,880",2026-03-06
28343760,발주,120916726,41670033,"오하이 전면 3D 풀커버 TPU 지문방지 + 무광택 휴대폰 액정보호필름 3p + 부착 가이드툴, 갤럭시 S23FE, 1세트",2026-01-06 16:46:54,SAN3,6,"9,540","57,240",2026-03-06
28343760,발주,120916726,50428035,"오하이 전면 3D 풀커버 TPU 지문방지 + 무광택 휴대폰 액정보호필름 3p + 부착 가이드툴, 아이폰16프로맥스, 1세트",2026-01-06 16:53:16,SAN3,2,"9,540","19,080",2026-03-06
28343760,발주,120916726,55701817,"오하이 풀커버 강화유리 액정보호필름 + 이지솔루션 제공, 2매1세트, 갤럭시S25 울트라",2026-01-06 16:36:31,SAN3,19,"10,740","204,060",2026-03-06
28343760,발주,120916726,55701818,"오하이 풀커버 강화유리 액정보호필름 + 이지솔루션 제공, 2매1세트, 갤럭시S25",2026-01-06 16:58:42,SAN3,11,"10,740","118,140",2026-03-06
28343760,발주,120916726,63688990,오하이 EZ툴 풀커버 사생활보호 프라이버시 강화유리 휴대폰 액정보호필름 2p 세트 아이폰17프로 1세트,2026-01-06 16:53:16,SAN3,13,"11,940","155,220",2026-03-06
28343760,발주,120916726,65314217,"오하이 전면 3D 풀커버 TPU 지문방지 무광택 필름 + 부착 가이드툴 아이폰 17 Pro, 3매입 1세트",2026-01-06 16:36:31,SAN3,7,"9,600","67,200",2026-03-06
28343760,발주,120916726,65314219,"오하이 전면 3D 풀커버 TPU 지문방지 무광택 필름 + 부착 가이드툴 아이폰 Air, 3매입 1세트",2026-01-06 16:53:16,SAN3,1,"9,600","9,600",2026-03-06
28343760,발주,120916778,50342950,"오하이 풀커버 강화유리 액정보호필름2개 + EZ툴 제공, 아이폰16프로맥스",2026-01-06 15:23:22,INC4,11,"10,740","118,140",2026-03-06
28343760,발주,120916778,62178970,오하이 풀커버 강화유리 휴대폰 액정보호필름 2p + EZ 툴 세트 아이폰17프로 1세트,2026-01-06 15:07:08,INC4,47,"10,740","504,780",2026-03-06
28343760,발주,120916967,41555857,"오하이 EZ툴 풀커버 사생활보호 프라이버시 강화유리 휴대폰 액정보호필름 2매, 아이폰 15 프로, 1세트",2026-01-06 15:23:22,INC4,12,"11,940","143,280",2026-03-06
28343760,발주,120917063,13906323,오하이 전면 3D 풀커버 TPU 지문방지 액정보호필름 3p + 부착 가이드툴 세트 갤럭시S21울트라 1세트,2026-01-06 20:31:36,INC32,1,"9,600","9,600",2026-03-06
28343760,발주,120917063,18371038,"오하이 풀커버 강화유리 액정보호필름2개 + EZ툴 제공, 아이폰13/13프로",2026-01-06 20:32:22,INC32,1,"10,740","10,740",2026-03-06
28343760,발주,120917063,27686155,"오하이 풀커버 강화유리 액정보호필름 + 이지솔루션 제공, 2개, 아이폰14프로",2026-01-06 20:31:36,INC32,72,"10,740","773,280",2026-03-06
28343760,발주,120917063,39017747,"오하이 풀커버 강화유리 액정보호필름 + 이지솔루션 제공, 2개, 아이폰15",2026-01-06 20:32:22,INC32,16,"10,740","171,840",2026-03-06
28343760,발주,120917063,39017747,"오하이 풀커버 강화유리 액정보호필름 + 이지솔루션 제공, 2개, 아이폰15",2026-01-06 22:16:38,INC32,65,"10,740","698,100",2026-03-06
28343760,발주,120917063,39017747,"오하이 풀커버 강화유리 액정보호필름 + 이지솔루션 제공, 2개, 아이폰15",2026-01-06 22:20:39,INC32,35,"10,740","375,900",2026-03-06
28343760,발주,120917063,40840083,"오하이 전면 3D 풀커버 TPU 지문방지 + 무광택 휴대폰 액정보호필름 3p + 부착 가이드툴, 아이폰14플러스, 1세트",2026-01-06 20:31:36,INC32,1,"9,540","9,540",2026-03-06
28343760,발주,120917063,62178971,오하이 풀커버 강화유리 휴대폰 액정보호필름 2p + EZ 툴 세트 아이폰17 1세트,2026-01-06 19:09:13,INC32,40,"10,740","429,600",2026-03-06
28343760,발주,120917063,62178971,오하이 풀커버 강화유리 휴대폰 액정보호필름 2p + EZ 툴 세트 아이폰17 1세트,2026-01-06 19:12:28,INC32,60,"10,740","644,400",2026-03-06
28343760,발주,120917063,62178971,오하이 풀커버 강화유리 휴대폰 액정보호필름 2p + EZ 툴 세트 아이폰17 1세트,2026-01-06 20:22:40,INC32,50,"10,740","537,000",2026-03-06
28343760,발주,120917063,62178971,오하이 풀커버 강화유리 휴대폰 액정보호필름 2p + EZ 툴 세트 아이폰17 1세트,2026-01-06 20:30:03,INC32,50,"10,740","537,000",2026-03-06
28343760,발주,120917164,19454771,"오하이 풀커버 강화유리 액정보호필름2개 + EZ툴 제공, 아이폰12/12프로",2026-01-06 17:03:49,INC14,31,"10,740","332,940",2026-03-06
28343760,발주,120917164,62178967,오하이 풀커버 강화유리 휴대폰 액정보호필름 2p + EZ 툴 세트 아이폰17프로맥스 1세트,2026-01-06 13:19:22,INC14,14,"10,740","150,360",2026-03-06
28343760,발주,120917164,62178971,오하이 풀커버 강화유리 휴대폰 액정보호필름 2p + EZ 툴 세트 아이폰17 1세트,2026-01-06 13:23:57,INC14,14,"10,740","150,360",2026-03-06
28343760,발주,120917164,62178971,오하이 풀커버 강화유리 휴대폰 액정보호필름 2p + EZ 툴 세트 아이폰17 1세트,2026-01-06 13:29:25,INC14,23,"10,740","247,020",2026-03-06
28343760,발주,120917164,62921998,"오하이 폴드,플립 지문방지 무광택 액정보호 필름 + 부착 안내문, 삼성 갤럭시 Z플립7, 1세트 투명",2026-01-06 17:02:02,INC14,17,"10,700","181,900",2026-03-06
28343760,발주,120917397,48562240,"[10매]오하이 버디필름 장타 비거리스티커 드라이버 우드 헤드 보호 슬라이스방지 골프필름, 드라이버용, 1세트, 드라이버용 10매 95*48mm 단일색상",2026-01-06 17:07:41,INC14,11,"9,000","99,000",2026-03-06
28343760,발주,120917526,48562240,"[10매]오하이 버디필름 장타 비거리스티커 드라이버 우드 헤드 보호 슬라이스방지 골프필름, 드라이버용, 1세트, 드라이버용 10매 95*48mm 단일색상",2026-01-06 17:07:41,INC14,11,"9,000","99,000",2026-03-06
28343760,발주,120917675,18371038,"오하이 풀커버 강화유리 액정보호필름2개 + EZ툴 제공, 아이폰13/13프로",2026-01-06 13:20:32,INC14,2,"10,740","21,480",2026-03-06
28343760,발주,120917675,18371042,"오하이 풀커버 강화유리 액정보호필름2개 + EZ툴 제공, 아이폰13프로맥스",2026-01-06 13:19:22,INC14,4,"10,740","42,960",2026-03-06
28343760,발주,120917675,19454771,"오하이 풀커버 강화유리 액정보호필름2개 + EZ툴 제공, 아이폰12/12프로",2026-01-06 13:35:34,INC14,30,"10,740","322,200",2026-03-06
28343760,발주,120917675,35373959,"오하이 EZ툴 아이폰 풀커버 사생활보호 프라이버시 강화유리필름 2매, 아이폰 12 프로맥스, 1세트",2026-01-06 13:22:09,INC14,1,"11,940","11,940",2026-03-06
28343760,발주,120917675,39017747,"오하이 풀커버 강화유리 액정보호필름 + 이지솔루션 제공, 2개, 아이폰15",2026-01-06 13:38:24,INC14,20,"10,740","214,800",2026-03-06
28343760,발주,120917675,39017751,"오하이 풀커버 강화유리 액정보호필름 + 이지솔루션 제공, 2개, 아이폰15플러스",2026-01-06 13:20:32,INC14,1,"10,740","10,740",2026-03-06
28343760,발주,120917675,39374831,"오하이 전면 3D 풀커버 TPU 지문방지 + 무광택 휴대폰 액정보호필름 3p + 부착 가이드툴, 갤럭시 S20FE, 1세트",2026-01-06 17:11:48,INC14,1,"9,540","9,540",2026-03-06
28343760,발주,120917675,40840081,"오하이 전면 3D 풀커버 TPU 지문방지 + 무광택 휴대폰 액정보호필름 3p + 부착 가이드툴, 아이폰14프로맥스, 1세트",2026-01-06 17:11:48,INC14,1,"9,540","9,540",2026-03-06
28343760,발주,120917675,41269792,"오하이 사생활보호 프라이버시 TPU 지문인식 휴대폰 액정보호필름 2매+간편부착 툴, 삼성 갤럭시 S22울트라, 1세트",2026-01-06 17:11:48,INC14,1,"6,705","6,705",2026-03-06
28343760,발주,120917675,41555878,"오하이 EZ툴 풀커버 사생활보호 프라이버시 강화유리 휴대폰 액정보호필름 2매, 아이폰 15 플러스, 1세트",2026-01-06 17:03:49,INC14,1,"11,940","11,940",2026-03-06
28343760,발주,120917675,48102855,오하이 갤럭시 Z폴드6 저반사 지문방지 풀커버 액정보호필름 외부3매+내부 3매 1세트,2026-01-06 17:10:33,INC14,10,"12,000","120,000",2026-03-06
28343760,발주,120917675,48183125,"오하이 전면 3D 풀커버 TPU 지문방지 + 무광택 휴대폰 액정보호필름 3p + 부착 가이드툴, 갤럭시 A35, 1세트",2026-01-06 17:11:48,INC14,1,"9,540","9,540",2026-03-06
28343760,발주,120917675,50342949,"오하이 풀커버 강화유리 액정보호필름2개 + EZ툴 제공, 아이폰16프로",2026-01-06 13:38:30,INC14,51,"10,740","547,740",2026-03-06
28343760,발주,120917675,50342952,"오하이 풀커버 강화유리 액정보호필름2개 + EZ툴 제공, 아이폰16",2026-01-06 13:20:32,INC14,2,"10,740","21,480",2026-03-06
28343760,발주,120917675,50342952,"오하이 풀커버 강화유리 액정보호필름2개 + EZ툴 제공, 아이폰16",2026-01-06 13:22:09,INC14,7,"10,740","75,180",2026-03-06
28343760,발주,120917675,50342952,"오하이 풀커버 강화유리 액정보호필름2개 + EZ툴 제공, 아이폰16",2026-01-06 13:29:16,INC14,7,"10,740","75,180",2026-03-06
28343760,발주,120917675,50428038,"오하이 전면 3D 풀커버 TPU 지문방지 + 무광택 휴대폰 액정보호필름 3p + 부착 가이드툴, 아이폰16프로, 1세트",2026-01-06 17:10:33,INC14,30,"9,540","286,200",2026-03-06
28343760,발주,120917675,55701818,"오하이 풀커버 강화유리 액정보호필름 + 이지솔루션 제공, 2매1세트, 갤럭시S25",2026-01-06 13:22:09,INC14,11,"10,740","118,140",2026-03-06
28343760,발주,120917675,55707338,"오하이 전면 3D 풀커버 TPU 지문방지 + 무광택 휴대폰 액정보호필름 3p + 부착 가이드툴, 삼성 갤럭시 S25울트라, 1세트",2026-01-06 17:11:48,INC14,11,"9,060","99,660",2026-03-06
28343760,발주,120917675,57316036,"오하이 일미리 케이스 1mm 변색 없는 PC 하드 케이스, 아이폰 14프로",2026-01-06 17:06:01,INC14,1,"8,000","8,000",2026-03-06
28343760,발주,120917675,62178967,오하이 풀커버 강화유리 휴대폰 액정보호필름 2p + EZ 툴 세트 아이폰17프로맥스 1세트,2026-01-06 17:03:49,INC14,1,"10,740","10,740",2026-03-06
28343760,발주,120917675,62178969,오하이 풀커버 강화유리 휴대폰 액정보호필름 2p + EZ 툴 세트 아이폰 Air,2026-01-06 17:06:01,INC14,43,"10,740","461,820",2026-03-06
28343760,발주,120917675,62178970,오하이 풀커버 강화유리 휴대폰 액정보호필름 2p + EZ 툴 세트 아이폰17프로 1세트,2026-01-06 13:23:57,INC14,14,"10,740","150,360",2026-03-06
28343760,발주,120917675,62178971,오하이 풀커버 강화유리 휴대폰 액정보호필름 2p + EZ 툴 세트 아이폰17 1세트,2026-01-06 17:00:39,INC14,24,"10,740","257,760",2026-03-06
28343760,발주,120917675,62921998,"오하이 폴드,플립 지문방지 무광택 액정보호 필름 + 부착 안내문, 삼성 갤럭시 Z플립7, 1세트 투명",2026-01-06 17:02:02,INC14,17,"10,700","181,900",2026-03-06
28343760,발주,120917675,63835702,오하이 1mm 변색 없는 PC 하드 케이스 투명 아이폰17,2026-01-06 17:06:01,INC14,1,"7,680","7,680",2026-03-06
28343760,발주,120917675,65199912,오하이 전면 3D 풀커버 TPU 지문방지 + 무광택 필름 + 부착 가이드툴 갤럭시 S25FE 1세트,2026-01-06 17:11:48,INC14,1,"9,600","9,600",2026-03-06
28343760,발주,120917987,18371038,"오하이 풀커버 강화유리 액정보호필름2개 + EZ툴 제공, 아이폰13/13프로",2026-01-06 12:06:00,SIH2,9,"10,740","96,660",2026-03-06
28343760,발주,120917987,18371038,"오하이 풀커버 강화유리 액정보호필름2개 + EZ툴 제공, 아이폰13/13프로",2026-01-06 12:06:26,SIH2,50,"10,740","537,000",2026-03-06
28343760,발주,120917987,18371038,"오하이 풀커버 강화유리 액정보호필름2개 + EZ툴 제공, 아이폰13/13프로",2026-01-06 12:08:26,SIH2,50,"10,740","537,000",2026-03-06
28343760,발주,120917987,27686155,"오하이 풀커버 강화유리 액정보호필름 + 이지솔루션 제공, 2개, 아이폰14프로",2026-01-06 12:18:02,SIH2,21,"10,740","225,540",2026-03-06
28343760,발주,120917987,39017747,"오하이 풀커버 강화유리 액정보호필름 + 이지솔루션 제공, 2개, 아이폰15",2026-01-06 12:07:56,SIH2,26,"10,740","279,240",2026-03-06
28343760,발주,120917987,39017749,"오하이 풀커버 강화유리 액정보호필름 + 이지솔루션 제공, 2개, 아이폰15프로",2026-01-06 12:11:44,SIH2,41,"10,740","440,340",2026-03-06
28343760,발주,120917987,41670010,"오하이 전면 3D 풀커버 TPU 지문방지 + 무광택 휴대폰 액정보호필름 3p + 부착 가이드툴, 갤럭시 S24울트라, 1세트",2026-01-06 12:16:56,SIH2,84,"9,540","801,360",2026-03-06
28343760,발주,120917987,48102855,오하이 갤럭시 Z폴드6 저반사 지문방지 풀커버 액정보호필름 외부3매+내부 3매 1세트,2026-01-06 12:19:57,SIH2,10,"12,000","120,000",2026-03-06
28343760,발주,120917987,48472776,"오하이 풀커버 강화유리 액정보호필름2개 + EZ툴 제공, 갤럭시S24 플러스",2026-01-06 12:15:54,SIH2,2,"10,740","21,480",2026-03-06
28343760,발주,120917987,50342949,"오하이 풀커버 강화유리 액정보호필름2개 + EZ툴 제공, 아이폰16프로",2026-01-06 12:14:47,SIH2,53,"10,740","569,220",2026-03-06
28343760,발주,120917987,50342950,"오하이 풀커버 강화유리 액정보호필름2개 + EZ툴 제공, 아이폰16프로맥스",2026-01-06 12:16:50,SIH2,19,"10,740","204,060",2026-03-06
28343760,발주,120917987,50342952,"오하이 풀커버 강화유리 액정보호필름2개 + EZ툴 제공, 아이폰16",2026-01-06 12:20:02,SIH2,15,"10,740","161,100",2026-03-06
28343760,발주,120917987,50428038,"오하이 전면 3D 풀커버 TPU 지문방지 + 무광택 휴대폰 액정보호필름 3p + 부착 가이드툴, 아이폰16프로, 1세트",2026-01-06 12:16:00,SIH2,10,"9,540","95,400",2026-03-06
28343760,발주,120917987,55701378,"오하이 사생활보호 프라이버시 TPU 지문인식 휴대폰 액정보호필름 2매+간편부착 툴, 삼성 갤럭시 S25, 1세트",2026-01-06 12:20:07,SIH2,1,"6,705","6,705",2026-03-06
28343760,발주,120917987,55707338,"오하이 전면 3D 풀커버 TPU 지문방지 + 무광택 휴대폰 액정보호필름 3p + 부착 가이드툴, 삼성 갤럭시 S25울트라, 1세트",2026-01-06 12:23:03,SIH2,11,"9,060","99,660",2026-03-06
28343760,발주,120917987,55707339,"오하이 전면 3D 풀커버 TPU 지문방지 + 무광택 휴대폰 액정보호필름 3p + 부착 가이드툴, 삼성 갤럭시 S25플러스, 1세트",2026-01-06 12:10:53,SIH2,12,"9,540","114,480",2026-03-06
28343760,발주,120917987,62178970,오하이 풀커버 강화유리 휴대폰 액정보호필름 2p + EZ 툴 세트 아이폰17프로 1세트,2026-01-06 12:09:23,SIH2,34,"10,740","365,160",2026-03-06
28343760,발주,120917987,62178970,오하이 풀커버 강화유리 휴대폰 액정보호필름 2p + EZ 툴 세트 아이폰17프로 1세트,2026-01-06 12:10:55,SIH2,34,"10,740","365,160",2026-03-06
28343760,발주,120917987,62178971,오하이 풀커버 강화유리 휴대폰 액정보호필름 2p + EZ 툴 세트 아이폰17 1세트,2026-01-06 12:23:19,SIH2,49,"10,740","526,260",2026-03-06
28343760,발주,120918383,48472777,"오하이 풀커버 강화유리 액정보호필름2개 + EZ툴 제공, 갤럭시S24",2026-01-06 20:00:23,YAS1,5,"10,740","53,700",2026-03-06
28343760,발주,120918671,39017747,"오하이 풀커버 강화유리 액정보호필름 + 이지솔루션 제공, 2개, 아이폰15",2026-01-06 20:00:23,YAS1,21,"10,740","225,540",2026-03-06
28343760,발주,120918671,39017751,"오하이 풀커버 강화유리 액정보호필름 + 이지솔루션 제공, 2개, 아이폰15플러스",2026-01-06 20:00:23,YAS1,1,"10,740","10,740",2026-03-06
28343760,발주,120918671,50428036,"오하이 전면 3D 풀커버 TPU 지문방지 + 무광택 휴대폰 액정보호필름 3p + 부착 가이드툴, 아이폰16, 1세트",2026-01-06 19:56:39,YAS1,2,"9,540","19,080",2026-03-06
28343760,발주,120918671,55701817,"오하이 풀커버 강화유리 액정보호필름 + 이지솔루션 제공, 2매1세트, 갤럭시S25 울트라",2026-01-06 19:56:39,YAS1,19,"10,740","204,060",2026-03-06
28343760,발주,120918671,55707339,"오하이 전면 3D 풀커버 TPU 지문방지 + 무광택 휴대폰 액정보호필름 3p + 부착 가이드툴, 삼성 갤럭시 S25플러스, 1세트",2026-01-06 19:56:39,YAS1,12,"9,540","114,480",2026-03-06
28343760,발주,120919365,35373969,"오하이 EZ툴 아이폰 풀커버 사생활보호 프라이버시 강화유리필름 2매, 아이폰 14 프로맥스, 1세트",2026-01-06 14:58:53,INC4,7,"11,940","83,580",2026-03-06
28343760,발주,120919365,39017751,"오하이 풀커버 강화유리 액정보호필름 + 이지솔루션 제공, 2개, 아이폰15플러스",2026-01-06 15:07:53,INC4,26,"10,740","279,240",2026-03-06
28354353,발주,120916778,27686155,"오하이 풀커버 강화유리 액정보호필름 + 이지솔루션 제공, 2개, 아이폰14프로",2026-01-07 15:49:49,INC4,2,"10,740","21,480",2026-03-06
28354353,발주,120916778,55707338,"오하이 전면 3D 풀커버 TPU 지문방지 + 무광택 휴대폰 액정보호필름 3p + 부착 가이드툴, 삼성 갤럭시 S25울트라, 1세트",2026-01-07 15:58:00,INC4,11,"9,060","99,660",2026-03-06
28354353,발주,120916967,36684361,"오하이 전면 3D 풀커버 TPU 지문방지 + 무광택 휴대폰 액정보호필름 3p + 부착 가이드툴, 갤럭시노트20울트라, 1세트",2026-01-07 15:58:00,INC4,8,"9,540","76,320",2026-03-06
28354353,발주,120916967,41670025,"오하이 전면 3D 풀커버 TPU 지문방지 무광택 필름 3p + 부착 가이드툴, 갤럭시 S24플러스, 1세트",2026-01-07 15:49:49,INC4,32,"9,540","305,280",2026-03-06
28354353,발주,120917262,39017754,"오하이 풀커버 강화유리 액정보호필름 + 이지솔루션 제공, 2개, 아이폰15프로맥스",2026-01-07 14:45:25,INC28,25,"10,740","268,500",2026-03-06
28354353,발주,120917262,39017754,"오하이 풀커버 강화유리 액정보호필름 + 이지솔루션 제공, 2개, 아이폰15프로맥스",2026-01-07 14:48:58,INC28,70,"10,740","751,800",2026-03-06
28354353,발주,120917262,50342949,"오하이 풀커버 강화유리 액정보호필름2개 + EZ툴 제공, 아이폰16프로",2026-01-07 10:53:19,INC28,67,"10,740","719,580",2026-03-06
28354353,발주,120917262,62178967,오하이 풀커버 강화유리 휴대폰 액정보호필름 2p + EZ 툴 세트 아이폰17프로맥스 1세트,2026-01-07 10:58:09,INC28,23,"10,740","247,020",2026-03-06
28354353,발주,120917262,62921998,"오하이 폴드,플립 지문방지 무광택 액정보호 필름 + 부착 안내문, 삼성 갤럭시 Z플립7, 1세트 투명",2026-01-07 13:42:17,INC28,20,"10,700","214,000",2026-03-06
28354353,발주,120917262,62921998,"오하이 폴드,플립 지문방지 무광택 액정보호 필름 + 부착 안내문, 삼성 갤럭시 Z플립7, 1세트 투명",2026-01-07 14:54:59,INC28,16,"10,700","171,200",2026-03-06
28354353,발주,120919365,18371042,"오하이 풀커버 강화유리 액정보호필름2개 + EZ툴 제공, 아이폰13프로맥스",2026-01-07 15:49:49,INC4,5,"10,740","53,700",2026-03-06
28354353,발주,120919365,62178967,오하이 풀커버 강화유리 휴대폰 액정보호필름 2p + EZ 툴 세트 아이폰17프로맥스 1세트,2026-01-07 15:53:00,INC4,18,"10,740","193,320",2026-03-06
28354353,발주,120919365,62921998,"오하이 폴드,플립 지문방지 무광택 액정보호 필름 + 부착 안내문, 삼성 갤럭시 Z플립7, 1세트 투명",2026-01-07 15:49:49,INC4,17,"10,700","181,900",2026-03-06
28354353,발주,121107816,42671147,"오하이 전면 3D 풀커버 TPU 지문방지 + 무광택 휴대폰 액정보호필름 3p + 부착 가이드툴, 삼성 갤럭시 S9, 1세트",2026-01-07 14:53:12,KKW3,1,"9,540","9,540",2026-03-06
28354353,발주,121107816,50427107,"오하이 사생활보호 프라이버시 TPU 지문인식 휴대폰 액정보호필름 2매+간편부착 툴, 애플 아이폰 16프로, 1세트",2026-01-07 14:53:12,KKW3,1,"6,705","6,705",2026-03-06
28354353,발주,121117330,48562240,"[10매]오하이 버디필름 장타 비거리스티커 드라이버 우드 헤드 보호 슬라이스방지 골프필름, 드라이버용, 1세트, 드라이버용 10매 95*48mm 단일색상",2026-01-07 11:42:27,SEL1,15,"9,000","135,000",2026-03-06
28354353,발주,121117330,48562240,"[10매]오하이 버디필름 장타 비거리스티커 드라이버 우드 헤드 보호 슬라이스방지 골프필름, 드라이버용, 1세트, 드라이버용 10매 95*48mm 단일색상",2026-01-07 11:58:16,SEL1,3,"9,000","27,000",2026-03-06
28354353,발주,121190852,40840081,"오하이 전면 3D 풀커버 TPU 지문방지 + 무광택 휴대폰 액정보호필름 3p + 부착 가이드툴, 아이폰14프로맥스, 1세트",2026-01-07 14:53:12,KKW3,1,"9,540","9,540",2026-03-06
28354353,발주,121190962,58677250,"오하이 태블릿 지문방지 필름 2매, 아이패드 에어 7세대(M3) 11인치 투명",2026-01-07 15:01:46,KKW3,1,"9,540","9,540",2026-03-06
28354353,발주,121327726,13906339,오하이 전면 3D 풀커버 TPU 지문방지 액정보호필름 3p + 부착 가이드툴 세트 갤럭시 S21 1세트,2026-01-07 14:53:12,KKW3,1,"9,600","9,600",2026-03-06
28354353,발주,121327726,41941973,"오하이 지문방지 PET 무광필름 2매, 아이폰15프로, 1세트",2026-01-07 14:53:12,KKW3,1,"9,600","9,600",2026-03-06
28354353,발주,121327726,54175430,"오하이 지문방지 PET 무광필름 2매, 아이폰16프로, 1세트",2026-01-07 14:53:12,KKW3,1,"9,600","9,600",2026-03-06
28354353,발주,121360029,13906334,"오하이 전면 3D 풀커버 TPU 지문방지 + 무광택 휴대폰 액정보호필름 3p + 부착 가이드툴, 갤럭시노트20, 1세트",2026-01-07 20:13:25,YAS1,3,"9,540","28,620",2026-03-06
28354353,발주,121360029,40840081,"오하이 전면 3D 풀커버 TPU 지문방지 + 무광택 휴대폰 액정보호필름 3p + 부착 가이드툴, 아이폰14프로맥스, 1세트",2026-01-07 20:13:25,YAS1,2,"9,540","19,080",2026-03-06
28354353,발주,121360029,52729614,"오하이 전면 3D 풀커버 TPU 지문방지 + 무광택 휴대폰 액정보호필름 3p + 부착 가이드툴, 삼성 갤럭시 S24FE, 1세트",2026-01-07 20:13:25,YAS1,3,"9,540","28,620",2026-03-06
28354353,발주,121360029,55701816,"오하이 풀커버 강화유리 액정보호필름2개 + EZ툴 제공, 갤럭시S25 플러스",2026-01-07 20:13:25,YAS1,12,"10,740","128,880",2026-03-06
28354353,발주,121360029,63688991,오하이 EZ툴 풀커버 사생활보호 프라이버시 강화유리 휴대폰 액정보호필름 2p 세트 아이폰17프로맥스 1세트,2026-01-07 20:13:25,YAS1,3,"11,940","35,820",2026-03-06
28354353,발주,121360344,37350956,오하이 갤럭시 Z플립 5 저반사 지문방지 풀커버 액정보호필름 내부3매+외부3매 1세트,2026-01-07 21:08:08,INC32,7,"10,700","74,900",2026-03-06
28354353,발주,121360636,48562240,"[10매]오하이 버디필름 장타 비거리스티커 드라이버 우드 헤드 보호 슬라이스방지 골프필름, 드라이버용, 1세트, 드라이버용 10매 95*48mm 단일색상",2026-01-07 20:13:25,YAS1,29,"9,000","261,000",2026-03-06
28354353,발주,121360822,18371042,"오하이 풀커버 강화유리 액정보호필름2개 + EZ툴 제공, 아이폰13프로맥스",2026-01-07 21:59:09,GOY1,3,"10,740","32,220",2026-03-06
28354353,발주,121360822,19454771,"오하이 풀커버 강화유리 액정보호필름2개 + EZ툴 제공, 아이폰12/12프로",2026-01-07 22:34:39,GOY1,4,"10,740","42,960",2026-03-06
28354353,발주,121360822,27686154,"오하이 풀커버 강화유리 액정보호필름 + 이지솔루션 제공, 2개, 아이폰14",2026-01-07 22:34:39,GOY1,1,"10,740","10,740",2026-03-06
28354353,발주,121360822,27686155,"오하이 풀커버 강화유리 액정보호필름 + 이지솔루션 제공, 2개, 아이폰14프로",2026-01-07 21:45:16,GOY1,14,"10,740","150,360",2026-03-06
28354353,발주,121360822,27686157,"오하이 풀커버 강화유리 액정보호필름 + 이지솔루션 제공, 2개, 아이폰14프로맥스",2026-01-07 21:45:16,GOY1,9,"10,740","96,660",2026-03-06
28354353,발주,121360822,31762099,"오하이 전면 3D 풀커버 TPU 지문방지 + 무광택 휴대폰 액정보호필름 3p + 부착 가이드툴, 갤럭시S23울트라, 1세트",2026-01-07 21:45:16,GOY1,5,"9,540","47,700",2026-03-06
28354353,발주,121360822,37350956,오하이 갤럭시 Z플립 5 저반사 지문방지 풀커버 액정보호필름 내부3매+외부3매 1세트,2026-01-07 21:45:16,GOY1,5,"10,700","53,500",2026-03-06
28354353,발주,121360822,39017747,"오하이 풀커버 강화유리 액정보호필름 + 이지솔루션 제공, 2개, 아이폰15",2026-01-07 22:34:52,GOY1,11,"10,740","118,140",2026-03-06
28354353,발주,121360822,39017749,"오하이 풀커버 강화유리 액정보호필름 + 이지솔루션 제공, 2개, 아이폰15프로",2026-01-07 22:13:54,GOY1,34,"10,740","365,160",2026-03-06
28354353,발주,121360822,48102855,오하이 갤럭시 Z폴드6 저반사 지문방지 풀커버 액정보호필름 외부3매+내부 3매 1세트,2026-01-07 21:45:16,GOY1,1,"12,000","12,000",2026-03-06
28354353,발주,121360822,48102856,오하이 갤럭시 Z플립 6 저반사 지문방지 풀커버 액정보호필름 내부3매+외부3매 1세트,2026-01-07 21:45:16,GOY1,4,"10,700","42,800",2026-03-06
28354353,발주,121360822,50342949,"오하이 풀커버 강화유리 액정보호필름2개 + EZ툴 제공, 아이폰16프로",2026-01-07 22:13:54,GOY1,22,"10,740","236,280",2026-03-06
28354353,발주,121360822,55701817,"오하이 풀커버 강화유리 액정보호필름 + 이지솔루션 제공, 2매1세트, 갤럭시S25 울트라",2026-01-07 21:56:50,GOY1,11,"10,740","118,140",2026-03-06
28354353,발주,121360822,62178971,오하이 풀커버 강화유리 휴대폰 액정보호필름 2p + EZ 툴 세트 아이폰17 1세트,2026-01-07 22:34:36,GOY1,17,"10,740","182,580",2026-03-06
28354353,발주,121361569,18371042,"오하이 풀커버 강화유리 액정보호필름2개 + EZ툴 제공, 아이폰13프로맥스",2026-01-07 18:28:33,INC4,16,"10,740","171,840",2026-03-06
28354353,발주,121361569,19454772,"오하이 풀커버 강화유리 액정보호필름2개 + EZ툴 제공, 아이폰12프로맥스",2026-01-07 18:28:33,INC4,8,"10,740","85,920",2026-03-06
28354353,발주,121361569,41269801,"오하이 사생활보호 프라이버시 TPU 지문인식 휴대폰 액정보호필름 2매+간편부착 툴, 삼성 갤럭시 S23울트라, 1세트",2026-01-07 18:28:46,INC4,7,"6,705","46,935",2026-03-06
28354353,발주,121361569,55701818,"오하이 풀커버 강화유리 액정보호필름 + 이지솔루션 제공, 2매1세트, 갤럭시S25",2026-01-07 18:28:46,INC4,16,"10,740","171,840",2026-03-06
28354353,발주,121361569,62178967,오하이 풀커버 강화유리 휴대폰 액정보호필름 2p + EZ 툴 세트 아이폰17프로맥스 1세트,2026-01-07 18:28:46,INC4,23,"10,740","247,020",2026-03-06
28354353,발주,121361569,62921998,"오하이 폴드,플립 지문방지 무광택 액정보호 필름 + 부착 안내문, 삼성 갤럭시 Z플립7, 1세트 투명",2026-01-07 18:28:33,INC4,19,"10,700","203,300",2026-03-06
28354353,발주,121362595,27686155,"오하이 풀커버 강화유리 액정보호필름 + 이지솔루션 제공, 2개, 아이폰14프로",2026-01-07 09:47:33,SIH2,12,"10,740","128,880",2026-03-06
28354353,발주,121362595,39017749,"오하이 풀커버 강화유리 액정보호필름 + 이지솔루션 제공, 2개, 아이폰15프로",2026-01-07 13:45:27,SIH2,50,"10,740","537,000",2026-03-06
28354353,발주,121362595,39017749,"오하이 풀커버 강화유리 액정보호필름 + 이지솔루션 제공, 2개, 아이폰15프로",2026-01-07 13:47:02,SIH2,48,"10,740","515,520",2026-03-06
28354353,발주,121362595,39017754,"오하이 풀커버 강화유리 액정보호필름 + 이지솔루션 제공, 2개, 아이폰15프로맥스",2026-01-07 09:45:12,SIH2,60,"10,740","644,400",2026-03-06
28354353,발주,121362595,50342950,"오하이 풀커버 강화유리 액정보호필름2개 + EZ툴 제공, 아이폰16프로맥스",2026-01-07 09:47:09,SIH2,30,"10,740","322,200",2026-03-06
28354353,발주,121362797,13906323,오하이 전면 3D 풀커버 TPU 지문방지 액정보호필름 3p + 부착 가이드툴 세트 갤럭시S21울트라 1세트,2026-01-07 11:06:01,CHW4,2,"9,600","19,200",2026-03-06
28354353,발주,121362797,37350956,오하이 갤럭시 Z플립 5 저반사 지문방지 풀커버 액정보호필름 내부3매+외부3매 1세트,2026-01-07 11:01:43,CHW4,5,"10,700","53,500",2026-03-06
28354353,발주,121362797,48102855,오하이 갤럭시 Z폴드6 저반사 지문방지 풀커버 액정보호필름 외부3매+내부 3매 1세트,2026-01-07 10:57:09,CHW4,1,"12,000","12,000",2026-03-06
28354353,발주,121362797,48102856,오하이 갤럭시 Z플립 6 저반사 지문방지 풀커버 액정보호필름 내부3매+외부3매 1세트,2026-01-07 11:06:01,CHW4,4,"10,700","42,800",2026-03-06
28354353,발주,121363224,19454771,"오하이 풀커버 강화유리 액정보호필름2개 + EZ툴 제공, 아이폰12/12프로",2026-01-07 13:32:01,SEL1,5,"10,740","53,700",2026-03-06
28354353,발주,121363224,27217829,오하이 저반사 지문방지 풀커버 내부액정보호필름 내부3매+외부 3매 +option+ 갤럭시 Z플립4 ::,2026-01-07 11:53:15,SEL1,10,"10,700","107,000",2026-03-06
28354353,발주,121363224,27686154,"오하이 풀커버 강화유리 액정보호필름 + 이지솔루션 제공, 2개, 아이폰14",2026-01-07 11:42:27,SEL1,1,"10,740","10,740",2026-03-06
28354353,발주,121363224,27686155,"오하이 풀커버 강화유리 액정보호필름 + 이지솔루션 제공, 2개, 아이폰14프로",2026-01-07 13:32:01,SEL1,23,"10,740","247,020",2026-03-06
28354353,발주,121363224,27686157,"오하이 풀커버 강화유리 액정보호필름 + 이지솔루션 제공, 2개, 아이폰14프로맥스",2026-01-07 13:32:01,SEL1,9,"10,740","96,660",2026-03-06
28354353,발주,121363224,31762099,"오하이 전면 3D 풀커버 TPU 지문방지 + 무광택 휴대폰 액정보호필름 3p + 부착 가이드툴, 갤럭시S23울트라, 1세트",2026-01-07 11:42:27,SEL1,5,"9,540","47,700",2026-03-06
28354353,발주,121363224,35373959,"오하이 EZ툴 아이폰 풀커버 사생활보호 프라이버시 강화유리필름 2매, 아이폰 12 프로맥스, 1세트",2026-01-07 13:32:01,SEL1,5,"11,940","59,700",2026-03-06
28354353,발주,121363224,35373961,"오하이 EZ툴 아이폰 풀커버 사생활보호 프라이버시 강화유리필름 2매, 아이폰 14, 1세트",2026-01-07 11:42:27,SEL1,2,"11,940","23,880",2026-03-06
28354353,발주,121363224,37350956,오하이 갤럭시 Z플립 5 저반사 지문방지 풀커버 액정보호필름 내부3매+외부3매 1세트,2026-01-07 11:58:16,SEL1,5,"10,700","53,500",2026-03-06
28354353,발주,121363224,39017749,"오하이 풀커버 강화유리 액정보호필름 + 이지솔루션 제공, 2개, 아이폰15프로",2026-01-07 13:26:11,SEL1,48,"10,740","515,520",2026-03-06
28354353,발주,121363224,41269792,"오하이 사생활보호 프라이버시 TPU 지문인식 휴대폰 액정보호필름 2매+간편부착 툴, 삼성 갤럭시 S22울트라, 1세트",2026-01-07 11:58:16,SEL1,1,"6,705","6,705",2026-03-06
28354353,발주,121363224,41669998,"오하이 전면 3D 풀커버 TPU 지문방지 + 무광택 휴대폰 액정보호필름 3p + 부착 가이드툴, 갤럭시 A24, 1세트",2026-01-07 11:58:16,SEL1,3,"9,540","28,620",2026-03-06
28354353,발주,121363224,41911893,"오하이 지문방지 PET 무광필름 2매, 갤럭시 S24플러스, 1세트",2026-01-07 11:58:16,SEL1,1,"9,600","9,600",2026-03-06
28354353,발주,121363224,48102855,오하이 갤럭시 Z폴드6 저반사 지문방지 풀커버 액정보호필름 외부3매+내부 3매 1세트,2026-01-07 11:58:16,SEL1,1,"12,000","12,000",2026-03-06
28354353,발주,121363224,48102856,오하이 갤럭시 Z플립 6 저반사 지문방지 풀커버 액정보호필름 내부3매+외부3매 1세트,2026-01-07 11:58:16,SEL1,4,"10,700","42,800",2026-03-06
28354353,발주,121363224,63835702,오하이 1mm 변색 없는 PC 하드 케이스 투명 아이폰17,2026-01-07 13:39:48,SEL1,3,"7,680","23,040",2026-03-06
28354353,발주,121363224,65199912,오하이 전면 3D 풀커버 TPU 지문방지 + 무광택 필름 + 부착 가이드툴 갤럭시 S25FE 1세트,2026-01-07 11:58:16,SEL1,1,"9,600","9,600",2026-03-06
28354353,발주,121363224,65314217,"오하이 전면 3D 풀커버 TPU 지문방지 무광택 필름 + 부착 가이드툴 아이폰 17 Pro, 3매입 1세트",2026-01-07 11:42:27,SEL1,5,"9,600","48,000",2026-03-06
28354353,발주,121363224,65314217,"오하이 전면 3D 풀커버 TPU 지문방지 무광택 필름 + 부착 가이드툴 아이폰 17 Pro, 3매입 1세트",2026-01-07 11:58:16,SEL1,3,"9,600","28,800",2026-03-06
28354353,발주,121363444,18371042,"오하이 풀커버 강화유리 액정보호필름2개 + EZ툴 제공, 아이폰13프로맥스",2026-01-07 21:08:08,INC32,1,"10,740","10,740",2026-03-06
28354353,발주,121363817,19454771,"오하이 풀커버 강화유리 액정보호필름2개 + EZ툴 제공, 아이폰12/12프로",2026-01-07 14:51:49,KKW3,5,"10,740","53,700",2026-03-06
28354353,발주,121363817,27686154,"오하이 풀커버 강화유리 액정보호필름 + 이지솔루션 제공, 2개, 아이폰14",2026-01-07 14:51:48,KKW3,1,"10,740","10,740",2026-03-06
28354353,발주,121363817,48102855,오하이 갤럭시 Z폴드6 저반사 지문방지 풀커버 액정보호필름 외부3매+내부 3매 1세트,2026-01-07 14:51:49,KKW3,1,"12,000","12,000",2026-03-06
28354353,발주,121363817,50344701,"오하이 EZ툴 아이폰 풀커버 사생활보호 프라이버시 강화유리필름 2매, 아이폰 16 프로, 1세트",2026-01-07 14:51:49,KKW3,2,"11,940","23,880",2026-03-06
28354353,발주,121363817,50428038,"오하이 전면 3D 풀커버 TPU 지문방지 + 무광택 휴대폰 액정보호필름 3p + 부착 가이드툴, 아이폰16프로, 1세트",2026-01-07 14:51:48,KKW3,18,"9,540","171,720",2026-03-06
28354353,발주,121363817,63688989,오하이 EZ툴 풀커버 사생활보호 프라이버시 강화유리 휴대폰 액정보호필름 2p 세트 아이폰17 1세트,2026-01-07 14:51:49,KKW3,2,"11,940","23,880",2026-03-06
28354353,발주,121364130,18371038,"오하이 풀커버 강화유리 액정보호필름2개 + EZ툴 제공, 아이폰13/13프로",2026-01-07 20:22:13,DON1,6,"10,740","64,440",2026-03-06
28354353,발주,121364130,18371038,"오하이 풀커버 강화유리 액정보호필름2개 + EZ툴 제공, 아이폰13/13프로",2026-01-07 20:48:40,DON1,11,"10,740","118,140",2026-03-06
28354353,발주,121364130,31729103,"오하이 지문방지 PET 무광필름 2매, 갤럭시S23, 1세트",2026-01-07 20:48:44,DON1,1,"9,600","9,600",2026-03-06
28354353,발주,121364130,39017747,"오하이 풀커버 강화유리 액정보호필름 + 이지솔루션 제공, 2개, 아이폰15",2026-01-07 20:13:48,DON1,15,"10,740","161,100",2026-03-06
28354353,발주,121364130,50342949,"오하이 풀커버 강화유리 액정보호필름2개 + EZ툴 제공, 아이폰16프로",2026-01-07 20:13:38,DON1,38,"10,740","408,120",2026-03-06
28354353,발주,121364130,62178971,오하이 풀커버 강화유리 휴대폰 액정보호필름 2p + EZ 툴 세트 아이폰17 1세트,2026-01-07 20:13:44,DON1,34,"10,740","365,160",2026-03-06
28354353,발주,121414885,65076574,오하이 모션핏 맥세이프 미니 셀카봉 브이로그 삼각대 블랙 1개 모션핏_B,2026-01-07 13:47:32,SEL1,2,"13,740","27,480",2026-03-06
28365640,발주,121360434,27686155,"오하이 풀커버 강화유리 액정보호필름 + 이지솔루션 제공, 2개, 아이폰14프로",2026-01-08 02:29:32,DAE3,7,"10,740","75,180",2026-03-06
28365640,발주,121360434,31762099,"오하이 전면 3D 풀커버 TPU 지문방지 + 무광택 휴대폰 액정보호필름 3p + 부착 가이드툴, 갤럭시S23울트라, 1세트",2026-01-08 01:57:09,DAE3,5,"9,540","47,700",2026-03-06
28365640,발주,121360434,35373956,"오하이 EZ툴 아이폰 풀커버 사생활보호 프라이버시 강화유리필름 2매, 아이폰 13 프로맥스, 1세트",2026-01-08 02:32:44,DAE3,1,"11,940","11,940",2026-03-06
28365640,발주,121360434,37350956,오하이 갤럭시 Z플립 5 저반사 지문방지 풀커버 액정보호필름 내부3매+외부3매 1세트,2026-01-08 02:38:24,DAE3,5,"10,700","53,500",2026-03-06
28365640,발주,121360434,39017749,"오하이 풀커버 강화유리 액정보호필름 + 이지솔루션 제공, 2개, 아이폰15프로",2026-01-08 02:00:09,DAE3,17,"10,740","182,580",2026-03-06
28365640,발주,121360434,39017751,"오하이 풀커버 강화유리 액정보호필름 + 이지솔루션 제공, 2개, 아이폰15플러스",2026-01-08 02:41:21,DAE3,1,"10,740","10,740",2026-03-06
28365640,발주,121360434,39374831,"오하이 전면 3D 풀커버 TPU 지문방지 + 무광택 휴대폰 액정보호필름 3p + 부착 가이드툴, 갤럭시 S20FE, 1세트",2026-01-08 02:29:32,DAE3,2,"9,540","19,080",2026-03-06
28365640,발주,121360434,48102855,오하이 갤럭시 Z폴드6 저반사 지문방지 풀커버 액정보호필름 외부3매+내부 3매 1세트,2026-01-08 02:32:44,DAE3,1,"12,000","12,000",2026-03-06
28365640,발주,121360434,48102856,오하이 갤럭시 Z플립 6 저반사 지문방지 풀커버 액정보호필름 내부3매+외부3매 1세트,2026-01-08 02:32:44,DAE3,4,"10,700","42,800",2026-03-06
28365640,발주,121360434,48472776,"오하이 풀커버 강화유리 액정보호필름2개 + EZ툴 제공, 갤럭시S24 플러스",2026-01-08 01:57:09,DAE3,5,"10,740","53,700",2026-03-06
28365640,발주,121360434,48472777,"오하이 풀커버 강화유리 액정보호필름2개 + EZ툴 제공, 갤럭시S24",2026-01-08 02:29:32,DAE3,3,"10,740","32,220",2026-03-06
28365640,발주,121360434,55707338,"오하이 전면 3D 풀커버 TPU 지문방지 + 무광택 휴대폰 액정보호필름 3p + 부착 가이드툴, 삼성 갤럭시 S25울트라, 1세트",2026-01-08 02:00:09,DAE3,13,"9,060","117,780",2026-03-06
28365640,발주,121360434,65076574,오하이 모션핏 맥세이프 미니 셀카봉 브이로그 삼각대 블랙 1개 모션핏_B,2026-01-08 01:57:09,DAE3,3,"13,740","41,220",2026-03-06
28365640,발주,121363635,39017747,"오하이 풀커버 강화유리 액정보호필름 + 이지솔루션 제공, 2개, 아이폰15",2026-01-08 01:51:32,KKW1,13,"10,740","139,620",2026-03-06
28365640,발주,121363635,62178971,오하이 풀커버 강화유리 휴대폰 액정보호필름 2p + EZ 툴 세트 아이폰17 1세트,2026-01-08 01:51:32,KKW1,16,"10,740","171,840",2026-03-06
28365640,발주,121414619,13906339,오하이 전면 3D 풀커버 TPU 지문방지 액정보호필름 3p + 부착 가이드툴 세트 갤럭시 S21 1세트,2026-01-08 02:38:24,DAE3,1,"9,600","9,600",2026-03-06
28365640,발주,121414619,27217841,오하이 갤럭시 Z폴드4 지문방지 풀커버 저반사 매트 액정보호필름 전면 3매+내부 3매 1세트,2026-01-08 02:29:32,DAE3,2,"12,000","24,000",2026-03-06
28365640,발주,121414619,39760251,"오하이 지문방지 PET 무광필름 2매, 갤럭시노트20, 1세트",2026-01-08 02:32:44,DAE3,1,"9,600","9,600",2026-03-06
28365640,발주,121414619,55701376,"오하이 사생활보호 프라이버시 TPU 지문인식 휴대폰 액정보호필름 2매+간편부착 툴, 삼성 갤럭시 S25울트라, 1세트",2026-01-08 02:38:24,DAE3,2,"6,705","13,410",2026-03-06
28424896,발주,121594874,41269788,"오하이 사생활보호 프라이버시 TPU 지문인식 휴대폰 액정보호필름 2매+간편부착 툴, 삼성 갤럭시 S22, 1세트",2026-01-14 16:25:27,KKW3,1,"6,705","6,705",2026-03-13
28424896,발주,121595722,13906351,오하이 전면 3D 풀커버 TPU 지문방지 액정보호필름 3p + 부착 가이드툴 세트 갤럭시 S10 5G 1세트,2026-01-14 11:37:06,SEL1,1,"9,600","9,600",2026-03-13
28424896,발주,121595722,42671038,"오하이 전면 3D 풀커버 TPU 지문방지 + 무광택 휴대폰 액정보호필름 3p + 부착 가이드툴, 갤럭시 A73, 1세트",2026-01-14 11:37:06,SEL1,1,"9,540","9,540",2026-03-13
28424896,발주,121595722,54175430,"오하이 지문방지 PET 무광필름 2매, 아이폰16프로, 1세트",2026-01-14 11:30:45,SEL1,1,"9,600","9,600",2026-03-13
28424896,발주,121595826,54787332,"오하이 아이패드 갤럭시탭 6H 유리코팅 방탄강화 블루라이트 차단 고투명 PET 액정보호필름 간편부착 2매, 아이패드 에어 4/5세대 10.9인치, 1개",2026-01-14 11:29:13,SEL1,1,"10,140","10,140",2026-03-13
28424896,발주,121684034,55705546,"오하이 지문방지 PET 무광필름 2매, 갤럭시 S25, 1세트",2026-01-14 16:25:27,KKW3,1,"9,600","9,600",2026-03-13
28424896,발주,121765439,55705545,"오하이 지문방지 PET 무광필름 2매, 갤럭시 S25플러스, 1세트",2026-01-14 11:37:06,SEL1,1,"9,600","9,600",2026-03-13
28424896,발주,121765628,13906351,오하이 전면 3D 풀커버 TPU 지문방지 액정보호필름 3p + 부착 가이드툴 세트 갤럭시 S10 5G 1세트,2026-01-14 16:25:27,KKW3,1,"9,600","9,600",2026-03-13
28424896,발주,121872297,41911904,"오하이 지문방지 PET 무광필름 2매, 갤럭시 S24울트라, 1세트",2026-01-14 16:25:27,KKW3,1,"9,600","9,600",2026-03-13
28424896,발주,121872297,42671052,"오하이 전면 3D 풀커버 TPU 지문방지 + 무광택 휴대폰 액정보호필름 3p + 부착 가이드툴, 갤럭시 A23, 1세트",2026-01-14 16:25:27,KKW3,1,"9,540","9,540",2026-03-13
28424896,발주,121872297,65199912,오하이 전면 3D 풀커버 TPU 지문방지 + 무광택 필름 + 부착 가이드툴 갤럭시 S25FE 1세트,2026-01-14 16:25:27,KKW3,1,"9,600","9,600",2026-03-13
28424896,발주,121913472,27686154,"오하이 풀커버 강화유리 액정보호필름 + 이지솔루션 제공, 2개, 아이폰14",2026-01-14 11:30:45,SEL1,5,"10,740","53,700",2026-03-13
28424896,발주,121913472,39017751,"오하이 풀커버 강화유리 액정보호필름 + 이지솔루션 제공, 2개, 아이폰15플러스",2026-01-14 11:29:13,SEL1,4,"10,740","42,960",2026-03-13
28424896,발주,121913472,48102856,오하이 갤럭시 Z플립 6 저반사 지문방지 풀커버 액정보호필름 내부3매+외부3매 1세트,2026-01-14 11:30:45,SEL1,1,"10,700","10,700",2026-03-13
28424896,발주,121913472,55707340,"오하이 전면 3D 풀커버 TPU 지문방지 + 무광택 휴대폰 액정보호필름 3p + 부착 가이드툴, 삼성 갤럭시 S25, 1세트",2026-01-14 11:30:45,SEL1,23,"9,060","208,380",2026-03-13
28424896,발주,121914233,48562240,"[10매]오하이 버디필름 장타 비거리스티커 드라이버 우드 헤드 보호 슬라이스방지 골프필름, 드라이버용, 1세트, 드라이버용 10매 95*48mm 단일색상",2026-01-14 16:25:27,KKW3,14,"9,000","126,000",2026-03-13
28424896,발주,121921474,19454772,"오하이 풀커버 강화유리 액정보호필름2개 + EZ툴 제공, 아이폰12프로맥스",2026-01-14 17:34:09,KKW3,15,"10,740","161,100",2026-03-13
28424896,발주,121921474,21585982,오하이 전면 3D 풀커버 TPU 지문방지 액정보호필름 3p + 부착 가이드툴 세트 갤럭시S22플러스 1세트,2026-01-14 16:25:27,KKW3,2,"9,600","19,200",2026-03-13
28424896,발주,121921474,27686154,"오하이 풀커버 강화유리 액정보호필름 + 이지솔루션 제공, 2개, 아이폰14",2026-01-14 17:34:09,KKW3,5,"10,740","53,700",2026-03-13
28424896,발주,121921474,27686157,"오하이 풀커버 강화유리 액정보호필름 + 이지솔루션 제공, 2개, 아이폰14프로맥스",2026-01-14 17:37:52,KKW3,26,"10,740","279,240",2026-03-13
28424896,발주,121921474,31762097,"오하이 전면 3D 풀커버 TPU 지문방지 + 무광택 휴대폰 액정보호필름 3p + 부착 가이드툴, 갤럭시S23, 1세트",2026-01-14 17:34:09,KKW3,10,"9,540","95,400",2026-03-13
28424896,발주,121921474,35373961,"오하이 EZ툴 아이폰 풀커버 사생활보호 프라이버시 강화유리필름 2매, 아이폰 14, 1세트",2026-01-14 17:37:52,KKW3,3,"11,940","35,820",2026-03-13
28424896,발주,121921474,35373963,"오하이 EZ툴 아이폰 풀커버 사생활보호 프라이버시 강화유리필름 2매, 아이폰 12/12프로, 1세트",2026-01-14 17:34:09,KKW3,2,"11,940","23,880",2026-03-13
28424896,발주,121921474,39017751,"오하이 풀커버 강화유리 액정보호필름 + 이지솔루션 제공, 2개, 아이폰15플러스",2026-01-14 17:38:13,KKW3,4,"10,740","42,960",2026-03-13
28424896,발주,121921474,39374831,"오하이 전면 3D 풀커버 TPU 지문방지 + 무광택 휴대폰 액정보호필름 3p + 부착 가이드툴, 갤럭시 S20FE, 1세트",2026-01-14 16:25:27,KKW3,1,"9,540","9,540",2026-03-13
28424896,발주,121921474,40840083,"오하이 전면 3D 풀커버 TPU 지문방지 + 무광택 휴대폰 액정보호필름 3p + 부착 가이드툴, 아이폰14플러스, 1세트",2026-01-14 16:25:27,KKW3,1,"9,540","9,540",2026-03-13
28424896,발주,121921474,40840085,"오하이 전면 3D 풀커버 TPU 지문방지 + 무광택 휴대폰 액정보호필름 3p + 부착 가이드툴, 아이폰15, 1세트",2026-01-14 16:25:27,KKW3,3,"9,540","28,620",2026-03-13
28424896,발주,121921474,41269801,"오하이 사생활보호 프라이버시 TPU 지문인식 휴대폰 액정보호필름 2매+간편부착 툴, 삼성 갤럭시 S23울트라, 1세트",2026-01-14 17:34:09,KKW3,11,"6,705","73,755",2026-03-13
28424896,발주,121921474,41555864,"오하이 EZ툴 풀커버 사생활보호 프라이버시 강화유리 휴대폰 액정보호필름 2매, 아이폰 15, 1세트",2026-01-14 17:34:09,KKW3,4,"11,940","47,760",2026-03-13
28424896,발주,121921474,41669998,"오하이 전면 3D 풀커버 TPU 지문방지 + 무광택 휴대폰 액정보호필름 3p + 부착 가이드툴, 갤럭시 A24, 1세트",2026-01-14 16:25:27,KKW3,1,"9,540","9,540",2026-03-13
28424896,발주,121921474,41670010,"오하이 전면 3D 풀커버 TPU 지문방지 + 무광택 휴대폰 액정보호필름 3p + 부착 가이드툴, 갤럭시 S24울트라, 1세트",2026-01-14 16:25:18,KKW3,7,"9,540","66,780",2026-03-13
28424896,발주,121921474,48102855,오하이 갤럭시 Z폴드6 저반사 지문방지 풀커버 액정보호필름 외부3매+내부 3매 1세트,2026-01-14 16:25:27,KKW3,1,"12,000","12,000",2026-03-13
28424896,발주,121921474,48102856,오하이 갤럭시 Z플립 6 저반사 지문방지 풀커버 액정보호필름 내부3매+외부3매 1세트,2026-01-14 16:25:27,KKW3,3,"10,700","32,100",2026-03-13
28424896,발주,121921474,53854611,"오하이 전면 3D 풀커버 TPU 지문방지 + 무광택 휴대폰 액정보호필름 3p + 부착 가이드툴, 갤럭시 A16 5G, 1세트",2026-01-14 16:25:27,KKW3,4,"9,540","38,160",2026-03-13
28424896,발주,121921474,55701376,"오하이 사생활보호 프라이버시 TPU 지문인식 휴대폰 액정보호필름 2매+간편부착 툴, 삼성 갤럭시 S25울트라, 1세트",2026-01-14 16:25:18,KKW3,11,"6,705","73,755",2026-03-13
28424896,발주,121921474,55701816,"오하이 풀커버 강화유리 액정보호필름2개 + EZ툴 제공, 갤럭시S25 플러스",2026-01-14 17:34:09,KKW3,4,"10,740","42,960",2026-03-13
28424896,발주,121921474,55707339,"오하이 전면 3D 풀커버 TPU 지문방지 + 무광택 휴대폰 액정보호필름 3p + 부착 가이드툴, 삼성 갤럭시 S25플러스, 1세트",2026-01-14 16:25:18,KKW3,5,"9,540","47,700",2026-03-13
28424896,발주,121921474,62178969,오하이 풀커버 강화유리 휴대폰 액정보호필름 2p + EZ 툴 세트 아이폰 Air,2026-01-14 17:37:52,KKW3,10,"10,740","107,400",2026-03-13
28424896,발주,121921474,63688991,오하이 EZ툴 풀커버 사생활보호 프라이버시 강화유리 휴대폰 액정보호필름 2p 세트 아이폰17프로맥스 1세트,2026-01-14 17:34:09,KKW3,1,"11,940","11,940",2026-03-13
28424896,발주,121921474,63835702,오하이 1mm 변색 없는 PC 하드 케이스 투명 아이폰17,2026-01-14 17:34:09,KKW3,6,"7,680","46,080",2026-03-13
28424896,발주,121921474,65314216,"오하이 전면 3D 풀커버 TPU 지문방지 무광택 필름 + 부착 가이드툴, 아이폰 17, 3매입 1세트",2026-01-14 16:25:27,KKW3,7,"9,600","67,200",2026-03-13
28424896,발주,121921474,65314217,"오하이 전면 3D 풀커버 TPU 지문방지 무광택 필름 + 부착 가이드툴 아이폰 17 Pro, 3매입 1세트",2026-01-14 16:25:27,KKW3,3,"9,600","28,800",2026-03-13
28424896,발주,121921474,65314219,"오하이 전면 3D 풀커버 TPU 지문방지 무광택 필름 + 부착 가이드툴 아이폰 Air, 3매입 1세트",2026-01-14 16:25:27,KKW3,2,"9,600","19,200",2026-03-13
28424896,발주,121924610,53305588,"[20매]오하이 버디필름 장타 비거리스티커 드라이버 우드 헤드 보호 슬라이스방지 골프필름, 드라이버용, 1세트, 드라이버용 20매 95*48mm 단일색상",2026-01-14 11:30:45,SEL1,11,"14,000","154,000",2026-03-13
28424896,발주,121925161,22295496,"오하이 태블릿 지문방지 필름 2매, 갤럭시탭S8 투명",2026-01-14 12:42:31,KKW3,5,"9,540","47,700",2026-03-13
28424896,발주,121925161,52404706,"오하이 태블릿 지문방지 필름 2매, 갤럭시탭 S10 플러스 투명",2026-01-14 12:37:10,KKW3,1,"9,540","9,540",2026-03-13
28424896,발주,121925592,18371042,"오하이 풀커버 강화유리 액정보호필름2개 + EZ툴 제공, 아이폰13프로맥스",2026-01-14 13:43:02,DAE3,4,"10,740","42,960",2026-03-13
28424896,발주,121925592,19454771,"오하이 풀커버 강화유리 액정보호필름2개 + EZ툴 제공, 아이폰12/12프로",2026-01-14 13:39:06,DAE3,5,"10,740","53,700",2026-03-13
28424896,발주,121925592,39017749,"오하이 풀커버 강화유리 액정보호필름 + 이지솔루션 제공, 2개, 아이폰15프로",2026-01-14 13:44:42,DAE3,10,"10,740","107,400",2026-03-13
28424896,발주,121925592,50342952,"오하이 풀커버 강화유리 액정보호필름2개 + EZ툴 제공, 아이폰16",2026-01-14 13:41:32,DAE3,5,"10,740","53,700",2026-03-13
28424896,발주,121925592,62178971,오하이 풀커버 강화유리 휴대폰 액정보호필름 2p + EZ 툴 세트 아이폰17 1세트,2026-01-14 13:34:17,DAE3,12,"10,740","128,880",2026-03-13
28424896,발주,121926542,18371042,"오하이 풀커버 강화유리 액정보호필름2개 + EZ툴 제공, 아이폰13프로맥스",2026-01-14 22:16:58,DON1,4,"10,740","42,960",2026-03-13
28424896,발주,121926542,19454771,"오하이 풀커버 강화유리 액정보호필름2개 + EZ툴 제공, 아이폰12/12프로",2026-01-14 22:20:29,DON1,1,"10,740","10,740",2026-03-13
28424896,발주,121926542,35373956,"오하이 EZ툴 아이폰 풀커버 사생활보호 프라이버시 강화유리필름 2매, 아이폰 13 프로맥스, 1세트",2026-01-14 22:16:33,DON1,2,"11,940","23,880",2026-03-13
28424896,발주,121926542,37350956,오하이 갤럭시 Z플립 5 저반사 지문방지 풀커버 액정보호필름 내부3매+외부3매 1세트,2026-01-14 22:16:33,DON1,2,"10,700","21,400",2026-03-13
28424896,발주,121926542,40840081,"오하이 전면 3D 풀커버 TPU 지문방지 + 무광택 휴대폰 액정보호필름 3p + 부착 가이드툴, 아이폰14프로맥스, 1세트",2026-01-14 22:16:33,DON1,1,"9,540","9,540",2026-03-13
28424896,발주,121926542,41269792,"오하이 사생활보호 프라이버시 TPU 지문인식 휴대폰 액정보호필름 2매+간편부착 툴, 삼성 갤럭시 S22울트라, 1세트",2026-01-14 22:16:33,DON1,3,"6,705","20,115",2026-03-13
28424896,발주,121926542,41670010,"오하이 전면 3D 풀커버 TPU 지문방지 + 무광택 휴대폰 액정보호필름 3p + 부착 가이드툴, 갤럭시 S24울트라, 1세트",2026-01-14 22:16:33,DON1,7,"9,540","66,780",2026-03-13
28424896,발주,121926542,41941977,"오하이 지문방지 PET 무광필름 2매, 아이폰15프로맥스, 1세트",2026-01-14 22:16:33,DON1,4,"9,600","38,400",2026-03-13
28424896,발주,121926542,42671147,"오하이 전면 3D 풀커버 TPU 지문방지 + 무광택 휴대폰 액정보호필름 3p + 부착 가이드툴, 삼성 갤럭시 S9, 1세트",2026-01-14 22:16:33,DON1,2,"9,540","19,080",2026-03-13
28424896,발주,121926542,50344701,"오하이 EZ툴 아이폰 풀커버 사생활보호 프라이버시 강화유리필름 2매, 아이폰 16 프로, 1세트",2026-01-14 22:16:33,DON1,3,"11,940","35,820",2026-03-13
28424896,발주,121926542,50428038,"오하이 전면 3D 풀커버 TPU 지문방지 + 무광택 휴대폰 액정보호필름 3p + 부착 가이드툴, 아이폰16프로, 1세트",2026-01-14 22:16:33,DON1,11,"9,540","104,940",2026-03-13
28424896,발주,121926542,55707338,"오하이 전면 3D 풀커버 TPU 지문방지 + 무광택 휴대폰 액정보호필름 3p + 부착 가이드툴, 삼성 갤럭시 S25울트라, 1세트",2026-01-14 22:16:33,DON1,14,"9,060","126,840",2026-03-13
28424896,발주,121926542,62921998,"오하이 폴드,플립 지문방지 무광택 액정보호 필름 + 부착 안내문, 삼성 갤럭시 Z플립7, 1세트 투명",2026-01-14 22:16:33,DON1,11,"10,700","117,700",2026-03-13
28424896,발주,121976515,63427931,오하이 일미리 맥세이프 케이스 1mm PC 하드 케이스 투명 아이폰 16플러스,2026-01-14 22:16:56,DON1,1,"10,080","10,080",2026-03-13
28436332,발주,121594790,42671147,"오하이 전면 3D 풀커버 TPU 지문방지 + 무광택 휴대폰 액정보호필름 3p + 부착 가이드툴, 삼성 갤럭시 S9, 1세트",2026-01-15 10:00:18,INC36,1,"9,540","9,540",2026-03-16
28436332,발주,121873108,41269792,"오하이 사생활보호 프라이버시 TPU 지문인식 휴대폰 액정보호필름 2매+간편부착 툴, 삼성 갤럭시 S22울트라, 1세트",2026-01-15 10:09:31,INC36,2,"6,705","13,410",2026-03-16
28436332,발주,121913013,62178970,오하이 풀커버 강화유리 휴대폰 액정보호필름 2p + EZ 툴 세트 아이폰17프로 1세트,2026-01-15 13:07:15,CHW4,11,"10,740","118,140",2026-03-16
28436332,발주,121914531,48562240,"[10매]오하이 버디필름 장타 비거리스티커 드라이버 우드 헤드 보호 슬라이스방지 골프필름, 드라이버용, 1세트, 드라이버용 10매 95*48mm 단일색상",2026-01-15 14:13:47,SAN3,70,"9,000","630,000",2026-03-16
28436332,발주,121915164,39017749,"오하이 풀커버 강화유리 액정보호필름 + 이지솔루션 제공, 2개, 아이폰15프로",2026-01-15 03:25:19,ECH2,37,"10,740","397,380",2026-03-16
28436332,발주,121915164,39017754,"오하이 풀커버 강화유리 액정보호필름 + 이지솔루션 제공, 2개, 아이폰15프로맥스",2026-01-15 19:33:56,ECH2,7,"10,740","75,180",2026-03-16
28436332,발주,121915164,50342949,"오하이 풀커버 강화유리 액정보호필름2개 + EZ툴 제공, 아이폰16프로",2026-01-15 19:33:25,ECH2,41,"10,740","440,340",2026-03-16
28436332,발주,121915164,50342950,"오하이 풀커버 강화유리 액정보호필름2개 + EZ툴 제공, 아이폰16프로맥스",2026-01-15 19:35:05,ECH2,19,"10,740","204,060",2026-03-16
28436332,발주,121915164,50342952,"오하이 풀커버 강화유리 액정보호필름2개 + EZ툴 제공, 아이폰16",2026-01-15 03:39:50,ECH2,14,"10,740","150,360",2026-03-16
28436332,발주,121915164,50342952,"오하이 풀커버 강화유리 액정보호필름2개 + EZ툴 제공, 아이폰16",2026-01-15 03:40:21,ECH2,7,"10,740","75,180",2026-03-16
28436332,발주,121915164,55701818,"오하이 풀커버 강화유리 액정보호필름 + 이지솔루션 제공, 2매1세트, 갤럭시S25",2026-01-15 03:25:25,ECH2,27,"10,740","289,980",2026-03-16
28436332,발주,121915164,62178970,오하이 풀커버 강화유리 휴대폰 액정보호필름 2p + EZ 툴 세트 아이폰17프로 1세트,2026-01-15 03:25:30,ECH2,30,"10,740","322,200",2026-03-16
28436332,발주,121915164,62178971,오하이 풀커버 강화유리 휴대폰 액정보호필름 2p + EZ 툴 세트 아이폰17 1세트,2026-01-15 19:36:19,ECH2,30,"10,740","322,200",2026-03-16
28436332,발주,121922693,39760251,"오하이 지문방지 PET 무광필름 2매, 갤럭시노트20, 1세트",2026-01-15 00:37:24,YAS1,2,"9,600","19,200",2026-03-16
28436332,발주,121923351,62178970,오하이 풀커버 강화유리 휴대폰 액정보호필름 2p + EZ 툴 세트 아이폰17프로 1세트,2026-01-15 21:16:02,GWJ2,10,"10,740","107,400",2026-03-16
28436332,발주,121923846,18371042,"오하이 풀커버 강화유리 액정보호필름2개 + EZ툴 제공, 아이폰13프로맥스",2026-01-15 15:52:34,CHW1,1,"10,740","10,740",2026-03-16
28436332,발주,121923846,27686154,"오하이 풀커버 강화유리 액정보호필름 + 이지솔루션 제공, 2개, 아이폰14",2026-01-15 15:57:45,CHW1,2,"10,740","21,480",2026-03-16
28436332,발주,121923846,37350956,오하이 갤럭시 Z플립 5 저반사 지문방지 풀커버 액정보호필름 내부3매+외부3매 1세트,2026-01-15 15:52:34,CHW1,1,"10,700","10,700",2026-03-16
28436332,발주,121923846,39017749,"오하이 풀커버 강화유리 액정보호필름 + 이지솔루션 제공, 2개, 아이폰15프로",2026-01-15 15:52:34,CHW1,10,"10,740","107,400",2026-03-16
28436332,발주,121923846,39017749,"오하이 풀커버 강화유리 액정보호필름 + 이지솔루션 제공, 2개, 아이폰15프로",2026-01-15 15:57:45,CHW1,10,"10,740","107,400",2026-03-16
28436332,발주,121923846,50342952,"오하이 풀커버 강화유리 액정보호필름2개 + EZ툴 제공, 아이폰16",2026-01-15 15:52:34,CHW1,10,"10,740","107,400",2026-03-16
28436332,발주,121923846,55707338,"오하이 전면 3D 풀커버 TPU 지문방지 + 무광택 휴대폰 액정보호필름 3p + 부착 가이드툴, 삼성 갤럭시 S25울트라, 1세트",2026-01-15 15:52:34,CHW1,14,"9,060","126,840",2026-03-16
28436332,발주,121923846,62921998,"오하이 폴드,플립 지문방지 무광택 액정보호 필름 + 부착 안내문, 삼성 갤럭시 Z플립7, 1세트 투명",2026-01-15 15:52:34,CHW1,11,"10,700","117,700",2026-03-16
28436332,발주,121926171,13906339,오하이 전면 3D 풀커버 TPU 지문방지 액정보호필름 3p + 부착 가이드툴 세트 갤럭시 S21 1세트,2026-01-15 14:13:47,SAN3,1,"9,600","9,600",2026-03-16
28436332,발주,121926171,18371042,"오하이 풀커버 강화유리 액정보호필름2개 + EZ툴 제공, 아이폰13프로맥스",2026-01-15 14:02:32,SAN3,7,"10,740","75,180",2026-03-16
28436332,발주,121926171,37350956,오하이 갤럭시 Z플립 5 저반사 지문방지 풀커버 액정보호필름 내부3매+외부3매 1세트,2026-01-15 14:02:32,SAN3,14,"10,700","149,800",2026-03-16
28436332,발주,121926171,41670010,"오하이 전면 3D 풀커버 TPU 지문방지 + 무광택 휴대폰 액정보호필름 3p + 부착 가이드툴, 갤럭시 S24울트라, 1세트",2026-01-15 14:02:32,SAN3,2,"9,540","19,080",2026-03-16
28436332,발주,121926171,48472777,"오하이 풀커버 강화유리 액정보호필름2개 + EZ툴 제공, 갤럭시S24",2026-01-15 14:13:47,SAN3,4,"10,740","42,960",2026-03-16
28436332,발주,121926171,62178971,오하이 풀커버 강화유리 휴대폰 액정보호필름 2p + EZ 툴 세트 아이폰17 1세트,2026-01-15 14:13:47,SAN3,19,"10,740","204,060",2026-03-16
28436332,발주,121926171,65076574,오하이 모션핏 맥세이프 미니 셀카봉 브이로그 삼각대 블랙 1개 모션핏_B,2026-01-15 14:02:32,SAN3,3,"13,740","41,220",2026-03-16
28436332,발주,121927842,62921998,"오하이 폴드,플립 지문방지 무광택 액정보호 필름 + 부착 안내문, 삼성 갤럭시 Z플립7, 1세트 투명",2026-01-15 14:13:47,SAN3,11,"10,700","117,700",2026-03-16
28436332,발주,121928384,13906351,오하이 전면 3D 풀커버 TPU 지문방지 액정보호필름 3p + 부착 가이드툴 세트 갤럭시 S10 5G 1세트,2026-01-15 10:00:18,INC36,1,"9,600","9,600",2026-03-16
28436332,발주,121928384,27217829,오하이 저반사 지문방지 풀커버 내부액정보호필름 내부3매+외부 3매 +option+ 갤럭시 Z플립4 ::,2026-01-15 09:59:18,INC36,2,"10,700","21,400",2026-03-16
28436332,발주,121928384,40840089,"오하이 전면 3D 풀커버 TPU 지문방지 + 무광택 휴대폰 액정보호필름 3p + 부착 가이드툴, 아이폰15프로맥스, 1세트",2026-01-15 10:34:30,INC36,2,"9,558","19,116",2026-03-16
28436332,발주,121928384,41670037,"오하이 전면 3D 풀커버 TPU 지문방지 + 무광택 휴대폰 액정보호필름 3p + 부착 가이드툴, 갤럭시 A54, 1세트",2026-01-15 10:34:30,INC36,3,"9,540","28,620",2026-03-16
28436332,발주,121928384,41941973,"오하이 지문방지 PET 무광필름 2매, 아이폰15프로, 1세트",2026-01-15 10:06:30,INC36,1,"9,600","9,600",2026-03-16
28436332,발주,121928384,50342948,"오하이 풀커버 강화유리 액정보호필름2개 + EZ툴 제공, 아이폰16플러스",2026-01-15 10:06:30,INC36,6,"10,740","64,440",2026-03-16
28436332,발주,121928384,63688989,오하이 EZ툴 풀커버 사생활보호 프라이버시 강화유리 휴대폰 액정보호필름 2p 세트 아이폰17 1세트,2026-01-15 09:59:18,INC36,9,"11,940","107,460",2026-03-16
28436332,발주,121928384,65199912,오하이 전면 3D 풀커버 TPU 지문방지 + 무광택 필름 + 부착 가이드툴 갤럭시 S25FE 1세트,2026-01-15 09:59:18,INC36,5,"9,600","48,000",2026-03-16
28460410,발주,121923846,39017751,"오하이 풀커버 강화유리 액정보호필름 + 이지솔루션 제공, 2개, 아이폰15플러스",2026-01-17 13:21:59,CHW1,4,"10,740","42,960",2026-03-17
28460410,발주,121923846,50342949,"오하이 풀커버 강화유리 액정보호필름2개 + EZ툴 제공, 아이폰16프로",2026-01-17 13:21:59,CHW1,13,"10,740","139,620",2026-03-17
28460410,발주,121923846,62178971,오하이 풀커버 강화유리 휴대폰 액정보호필름 2p + EZ 툴 세트 아이폰17 1세트,2026-01-17 13:21:59,CHW1,33,"10,740","354,420",2026-03-17
28645948,발주,123015472,50342949,"오하이 풀커버 강화유리 액정보호필름2개 + EZ툴 제공, 아이폰16프로",2026-02-04 16:44:51,CHW3,4,"10,740","42,960",2026-04-03
28645948,발주,123018044,50342949,"오하이 풀커버 강화유리 액정보호필름2개 + EZ툴 제공, 아이폰16프로",2026-02-04 11:31:07,ECH2,37,"10,740","397,380",2026-04-03
28645948,발주,123018044,62178970,오하이 풀커버 강화유리 휴대폰 액정보호필름 2p + EZ 툴 세트 아이폰17프로 1세트,2026-02-04 11:31:04,ECH2,3,"10,740","32,220",2026-04-03
28645948,발주,123018044,62178971,오하이 풀커버 강화유리 휴대폰 액정보호필름 2p + EZ 툴 세트 아이폰17 1세트,2026-02-04 11:31:04,ECH2,11,"10,740","118,140",2026-04-03
28645948,발주,123237495,39374850,"오하이 전면 3D 풀커버 TPU 지문방지 + 무광택 휴대폰 액정보호필름 3p + 부착 가이드툴, 삼성 갤럭시 S20울트라, 1세트",2026-02-04 20:02:05,SEL1,2,"9,540","19,080",2026-04-03
28645948,발주,123237495,55701377,"오하이 사생활보호 프라이버시 TPU 지문인식 휴대폰 액정보호필름 2매+간편부착 툴, 삼성 갤럭시 S25플러스, 1세트",2026-02-04 20:10:24,SEL1,1,"6,705","6,705",2026-04-03
28645948,발주,123619137,27686155,"오하이 풀커버 강화유리 액정보호필름 + 이지솔루션 제공, 2개, 아이폰14프로",2026-02-04 14:00:32,DAE6,8,"10,740","85,920",2026-04-03
28645948,발주,123619137,39017751,"오하이 풀커버 강화유리 액정보호필름 + 이지솔루션 제공, 2개, 아이폰15플러스",2026-02-04 14:03:58,DAE6,1,"10,740","10,740",2026-04-03
28645948,발주,123619137,41670010,"오하이 전면 3D 풀커버 TPU 지문방지 + 무광택 휴대폰 액정보호필름 3p + 부착 가이드툴, 갤럭시 S24울트라, 1세트",2026-02-04 14:00:32,DAE6,2,"9,540","19,080",2026-04-03
28645948,발주,123619137,48102856,오하이 갤럭시 Z플립 6 저반사 지문방지 풀커버 액정보호필름 내부3매+외부3매 1세트,2026-02-04 14:00:32,DAE6,5,"10,700","53,500",2026-04-03
28645948,발주,123619137,55707340,"오하이 전면 3D 풀커버 TPU 지문방지 + 무광택 휴대폰 액정보호필름 3p + 부착 가이드툴, 삼성 갤럭시 S25, 1세트",2026-02-04 14:00:32,DAE6,14,"9,060","126,840",2026-04-03
28645948,발주,123619321,39017749,"오하이 풀커버 강화유리 액정보호필름 + 이지솔루션 제공, 2개, 아이폰15프로",2026-02-04 17:49:31,INC28,20,"10,740","214,800",2026-04-03
28645948,발주,123619321,39017749,"오하이 풀커버 강화유리 액정보호필름 + 이지솔루션 제공, 2개, 아이폰15프로",2026-02-04 17:51:55,INC28,80,"10,740","859,200",2026-04-03
28645948,발주,123619681,27686154,"오하이 풀커버 강화유리 액정보호필름 + 이지솔루션 제공, 2개, 아이폰14",2026-02-04 20:02:05,SEL1,1,"10,740","10,740",2026-04-03
28645948,발주,123619681,41670004,"오하이 전면 3D 풀커버 TPU 지문방지 + 무광택 휴대폰 액정보호필름 3p + 부착 가이드툴, 갤럭시 S24, 1세트",2026-02-04 20:13:19,SEL1,3,"9,540","28,620",2026-04-03
28645948,발주,123619681,50342948,"오하이 풀커버 강화유리 액정보호필름2개 + EZ툴 제공, 아이폰16플러스",2026-02-04 20:14:43,SEL1,2,"10,740","21,480",2026-04-03
28645948,발주,123619681,50342949,"오하이 풀커버 강화유리 액정보호필름2개 + EZ툴 제공, 아이폰16프로",2026-02-04 20:10:24,SEL1,54,"10,740","579,960",2026-04-03
28645948,발주,123619946,39017749,"오하이 풀커버 강화유리 액정보호필름 + 이지솔루션 제공, 2개, 아이폰15프로",2026-02-04 12:55:03,GWJ2,14,"10,740","150,360",2026-04-03
28645948,발주,123619946,39017754,"오하이 풀커버 강화유리 액정보호필름 + 이지솔루션 제공, 2개, 아이폰15프로맥스",2026-02-04 13:09:58,GWJ2,10,"10,740","107,400",2026-04-03
28645948,발주,123977085,48472778,"오하이 풀커버 강화유리 액정보호필름2개 + EZ툴 제공, 갤럭시S24 울트라",2026-02-04 16:58:02,SAN3,15,"10,740","161,100",2026-04-03
28681044,발주,123619321,19454771,"오하이 풀커버 강화유리 액정보호필름2개 + EZ툴 제공, 아이폰12/12프로",2026-02-07 03:09:16,INC28,9,"10,740","96,660",2026-04-07
28681044,발주,123619321,19454771,"오하이 풀커버 강화유리 액정보호필름2개 + EZ툴 제공, 아이폰12/12프로",2026-02-07 16:38:55,INC28,1,"10,740","10,740",2026-04-07
28681044,발주,123619321,39017749,"오하이 풀커버 강화유리 액정보호필름 + 이지솔루션 제공, 2개, 아이폰15프로",2026-02-07 03:16:53,INC28,65,"10,740","698,100",2026-04-07
28681044,발주,123619321,39017749,"오하이 풀커버 강화유리 액정보호필름 + 이지솔루션 제공, 2개, 아이폰15프로",2026-02-07 08:57:05,INC28,15,"10,740","161,100",2026-04-07
28728100,발주,123815650,41241005,"오하이 전면 3D 풀커버 TPU 지문방지 + 무광택 휴대폰 액정보호필름 3p + 부착 가이드툴, 아이폰 X/XS/11프로, 1세트",2026-02-12 20:59:13,KKW3,1,"9,540","9,540",2026-04-13
28728100,발주,123815650,42015229,"오하이 사생활보호 프라이버시 TPU 지문인식 휴대폰 액정보호필름 2매+간편부착 툴, 삼성 갤럭시 S24, 1세트",2026-02-12 20:59:13,KKW3,2,"6,705","13,410",2026-04-13
28728100,발주,123815650,42671147,"오하이 전면 3D 풀커버 TPU 지문방지 + 무광택 휴대폰 액정보호필름 3p + 부착 가이드툴, 삼성 갤럭시 S9, 1세트",2026-02-12 20:59:13,KKW3,1,"9,540","9,540",2026-04-13
28728100,발주,123815650,50428037,"오하이 전면 3D 풀커버 TPU 지문방지 + 무광택 휴대폰 액정보호필름 3p + 부착 가이드툴, 아이폰16플러스, 1세트",2026-02-12 20:59:13,KKW3,1,"9,540","9,540",2026-04-13
28728100,발주,123920905,27217841,오하이 갤럭시 Z폴드4 지문방지 풀커버 저반사 매트 액정보호필름 전면 3매+내부 3매 1세트,2026-02-12 20:59:13,KKW3,2,"12,000","24,000",2026-04-13
28728100,발주,124088067,11786547,"오하이 풀커버 지문방지 무광택 액정보호필름 2매입, 갤럭시 노트9",2026-02-12 20:56:52,KKW3,1,"6,960","6,960",2026-04-13
28728100,발주,124088067,13906351,오하이 전면 3D 풀커버 TPU 지문방지 액정보호필름 3p + 부착 가이드툴 세트 갤럭시 S10 5G 1세트,2026-02-12 20:56:52,KKW3,1,"9,600","9,600",2026-04-13
28728100,발주,124088067,13906357,오하이 전면 3D 풀커버 TPU 지문방지 액정보호필름 3p + 부착 가이드툴 세트 갤럭시 S9플러스 1세트,2026-02-12 20:56:52,KKW3,1,"9,600","9,600",2026-04-13
28728100,발주,124088067,41670033,"오하이 전면 3D 풀커버 TPU 지문방지 + 무광택 휴대폰 액정보호필름 3p + 부착 가이드툴, 갤럭시 S23FE, 1세트",2026-02-12 20:56:52,KKW3,1,"9,540","9,540",2026-04-13
28728100,발주,124088067,41941973,"오하이 지문방지 PET 무광필름 2매, 아이폰15프로, 1세트",2026-02-12 20:56:52,KKW3,1,"9,600","9,600",2026-04-13
28728100,발주,124088067,50428035,"오하이 전면 3D 풀커버 TPU 지문방지 + 무광택 휴대폰 액정보호필름 3p + 부착 가이드툴, 아이폰16프로맥스, 1세트",2026-02-12 20:56:52,KKW3,1,"9,540","9,540",2026-04-13
28728100,발주,124088067,55705545,"오하이 지문방지 PET 무광필름 2매, 갤럭시 S25플러스, 1세트",2026-02-12 20:56:52,KKW3,1,"9,600","9,600",2026-04-13
28728100,발주,124088067,65314218,"오하이 전면 3D 풀커버 TPU 지문방지 무광택 필름 + 부착 가이드툴 아이폰 17 Pro Max, 3매입 1세트",2026-02-12 20:56:52,KKW3,1,"9,600","9,600",2026-04-13
28728100,발주,124143365,13906334,"오하이 전면 3D 풀커버 TPU 지문방지 + 무광택 휴대폰 액정보호필름 3p + 부착 가이드툴, 갤럭시노트20, 1세트",2026-02-12 20:53:15,KKW3,2,"9,540","19,080",2026-04-13
28728100,발주,124143365,13906339,오하이 전면 3D 풀커버 TPU 지문방지 액정보호필름 3p + 부착 가이드툴 세트 갤럭시 S21 1세트,2026-02-12 20:53:15,KKW3,8,"9,600","76,800",2026-04-13
28728100,발주,124143365,17185165,오하이 갤럭시 Z플립 3 저반사 지문방지 풀커버 액정보호필름 내부3매+외부3매 1세트,2026-02-12 20:53:15,KKW3,4,"10,700","42,800",2026-04-13
28728100,발주,124143365,31729104,"오하이 지문방지 PET 무광필름 2매, 갤럭시S23플러스, 1세트",2026-02-12 20:53:15,KKW3,1,"9,600","9,600",2026-04-13
28728100,발주,124143365,31762097,"오하이 전면 3D 풀커버 TPU 지문방지 + 무광택 휴대폰 액정보호필름 3p + 부착 가이드툴, 갤럭시S23, 1세트",2026-02-12 20:50:46,KKW3,23,"9,540","219,420",2026-04-13
28728100,발주,124143365,40840087,"오하이 전면 3D 풀커버 TPU 지문방지 + 무광택 휴대폰 액정보호필름 3p + 부착 가이드툴, 아이폰15프로, 1세트",2026-02-12 20:53:15,KKW3,7,"9,540","66,780",2026-04-13
28728100,발주,124143365,42015231,"오하이 사생활보호 프라이버시 TPU 지문인식 휴대폰 액정보호필름 2매+간편부착 툴, 삼성 갤럭시 S24울트라, 1세트",2026-02-12 20:53:15,KKW3,2,"6,705","13,410",2026-04-13
28728100,발주,124143365,52729614,"오하이 전면 3D 풀커버 TPU 지문방지 + 무광택 휴대폰 액정보호필름 3p + 부착 가이드툴, 삼성 갤럭시 S24FE, 1세트",2026-02-12 20:53:15,KKW3,4,"9,540","38,160",2026-04-13
28728100,발주,124143365,63073467,"오하이 전면 3D 풀커버 TPU 지문방지 + 무광택 필름 + 부착 가이드툴, 갤럭시S23플러스, 1세트",2026-02-12 20:53:15,KKW3,7,"9,540","66,780",2026-04-13
28728100,발주,124148383,37350957,오하이 지문방지 풀커버 저반사 매트 액정보호필름 전면 3매+내부 3매 +option+ 갤럭시 Z폴드5 ::,2026-02-12 16:29:27,INC30,1,"12,000","12,000",2026-04-13
28728100,발주,124148383,40840079,"오하이 전면 3D 풀커버 TPU 지문방지 + 무광택 휴대폰 액정보호필름 3p + 부착 가이드툴, 아이폰14프로, 1세트",2026-02-12 16:25:27,INC30,2,"9,540","19,080",2026-04-13
28728100,발주,124148383,40840089,"오하이 전면 3D 풀커버 TPU 지문방지 + 무광택 휴대폰 액정보호필름 3p + 부착 가이드툴, 아이폰15프로맥스, 1세트",2026-02-12 16:29:27,INC30,3,"9,558","28,674",2026-04-13
28728100,발주,124148383,41269792,"오하이 사생활보호 프라이버시 TPU 지문인식 휴대폰 액정보호필름 2매+간편부착 툴, 삼성 갤럭시 S22울트라, 1세트",2026-02-12 16:35:12,INC30,1,"6,705","6,705",2026-04-13
28728100,발주,124148383,41670004,"오하이 전면 3D 풀커버 TPU 지문방지 + 무광택 휴대폰 액정보호필름 3p + 부착 가이드툴, 갤럭시 S24, 1세트",2026-02-12 16:29:27,INC30,3,"9,540","28,620",2026-04-13
28728100,발주,124148383,41670033,"오하이 전면 3D 풀커버 TPU 지문방지 + 무광택 휴대폰 액정보호필름 3p + 부착 가이드툴, 갤럭시 S23FE, 1세트",2026-02-12 16:35:12,INC30,4,"9,540","38,160",2026-04-13
28728100,발주,124148383,42671147,"오하이 전면 3D 풀커버 TPU 지문방지 + 무광택 휴대폰 액정보호필름 3p + 부착 가이드툴, 삼성 갤럭시 S9, 1세트",2026-02-12 16:35:12,INC30,1,"9,540","9,540",2026-04-13
28728100,발주,124148383,48102855,오하이 갤럭시 Z폴드6 저반사 지문방지 풀커버 액정보호필름 외부3매+내부 3매 1세트,2026-02-12 16:29:27,INC30,3,"12,000","36,000",2026-04-13
28728100,발주,124148383,55701816,"오하이 풀커버 강화유리 액정보호필름2개 + EZ툴 제공, 갤럭시S25 플러스",2026-02-12 16:25:27,INC30,13,"10,740","139,620",2026-04-13
28728100,발주,124148383,63688989,오하이 EZ툴 풀커버 사생활보호 프라이버시 강화유리 휴대폰 액정보호필름 2p 세트 아이폰17 1세트,2026-02-12 16:25:27,INC30,9,"11,940","107,460",2026-04-13
28728100,발주,124148703,65314217,"오하이 전면 3D 풀커버 TPU 지문방지 무광택 필름 + 부착 가이드툴 아이폰 17 Pro, 3매입 1세트",2026-02-12 16:25:27,INC30,5,"9,600","48,000",2026-04-13
28728100,발주,124148811,21585994,오하이 전면 3D 풀커버 TPU 지문방지 액정보호필름 3p + 부착 가이드툴 세트 갤럭시S22울트라 1세트,2026-02-12 23:13:59,CHW1,19,"9,600","182,400",2026-04-13
28750460,발주,124147620,41670004,"오하이 전면 3D 풀커버 TPU 지문방지 + 무광택 휴대폰 액정보호필름 3p + 부착 가이드툴, 갤럭시 S24, 1세트",2026-02-14 14:47:51,ECH4,3,"9,540","28,620",2026-04-15
28750460,발주,124147620,41670025,"오하이 전면 3D 풀커버 TPU 지문방지 무광택 필름 3p + 부착 가이드툴, 갤럭시 S24플러스, 1세트",2026-02-14 14:47:51,ECH4,4,"9,540","38,160",2026-04-15
28750460,발주,124333707,11222408,"오하이 풀커버 지문방지 무광택 액정보호필름 2매입, 갤럭시S10 5G",2026-02-14 14:15:56,KKW1,2,"6,960","13,920",2026-04-15
28750460,발주,124333707,11222413,"오하이 풀커버 지문방지 무광택 액정보호필름 2매입, 갤럭시 노트10플러스",2026-02-14 14:15:56,KKW1,2,"6,960","13,920",2026-04-15
28750460,발주,124333707,11373208,"오하이 풀커버 지문방지 무광택 액정보호필름 2매입, 갤럭시 S20",2026-02-14 14:15:56,KKW1,2,"6,960","13,920",2026-04-15
28750460,발주,124333707,12893933,"오하이 저반사 지문방지 휴대폰 액정보호필름 3매입, 삼성 갤럭시 S20",2026-02-14 14:15:56,KKW1,2,"8,200","16,400",2026-04-15
28750460,발주,124333707,13906309,오하이 전면 3D 풀커버 TPU 지문방지 액정보호필름 3p + 부착 가이드툴 세트 갤럭시 S20플러스 1세트,2026-02-14 14:15:56,KKW1,2,"9,600","19,200",2026-04-15
28750460,발주,124333707,21585982,오하이 전면 3D 풀커버 TPU 지문방지 액정보호필름 3p + 부착 가이드툴 세트 갤럭시S22플러스 1세트,2026-02-14 14:15:56,KKW1,1,"9,600","9,600",2026-04-15
28750460,발주,124333707,31729103,"오하이 지문방지 PET 무광필름 2매, 갤럭시S23, 1세트",2026-02-14 14:15:56,KKW1,2,"9,600","19,200",2026-04-15
28750460,발주,124333707,36758768,"오하이 지문방지 PET 무광필름 2매, 아이폰13프로맥스, 1세트",2026-02-14 14:15:56,KKW1,1,"9,600","9,600",2026-04-15
28750460,발주,124333707,40840056,"오하이 전면 3D 풀커버 TPU 지문방지 + 무광택 휴대폰 액정보호필름 3p + 부착 가이드툴, 아이폰12/12프로, 1세트",2026-02-14 14:15:56,KKW1,1,"9,540","9,540",2026-04-15
28750460,발주,124333707,40840063,"오하이 전면 3D 풀커버 TPU 지문방지 + 무광택 휴대폰 액정보호필름 3p + 부착 가이드툴, 아이폰12프로맥스, 1세트",2026-02-14 14:15:56,KKW1,1,"9,540","9,540",2026-04-15
28750460,발주,124333707,40840077,"오하이 전면 3D 풀커버 TPU 지문방지 + 무광택 휴대폰 액정보호필름 3p + 부착 가이드툴, 아이폰14, 1세트",2026-02-14 14:15:56,KKW1,1,"9,540","9,540",2026-04-15
28750460,발주,124333707,41269792,"오하이 사생활보호 프라이버시 TPU 지문인식 휴대폰 액정보호필름 2매+간편부착 툴, 삼성 갤럭시 S22울트라, 1세트",2026-02-14 14:15:56,KKW1,1,"6,705","6,705",2026-04-15
28750460,발주,124333707,41269804,"오하이 사생활보호 프라이버시 TPU 지문인식 휴대폰 액정보호필름 2매+간편부착 툴, 삼성 갤럭시 S23플러스, 1세트",2026-02-14 14:15:56,KKW1,1,"6,705","6,705",2026-04-15
28750460,발주,124405592,50342949,"오하이 풀커버 강화유리 액정보호필름2개 + EZ툴 제공, 아이폰16프로",2026-02-14 20:55:10,DON1,3,"10,740","32,220",2026-04-15
28750460,발주,124513934,69517681,오하이 히든범퍼 하이브리드 소다 휴대폰 케이스 투명 Galaxy S26 Ultra,2026-02-14 20:39:31,SIH2,10,"8,000","80,000",2026-04-15
28750460,발주,124513934,69517682,오하이 히든범퍼 하이브리드 소다 휴대폰 케이스 투명 Galaxy S26 Plus,2026-02-14 20:39:31,SIH2,9,"8,000","72,000",2026-04-15
28750460,발주,124513934,69517683,오하이 히든범퍼 하이브리드 소다 휴대폰 케이스 투명 Galaxy S26,2026-02-14 20:39:31,SIH2,10,"8,000","80,000",2026-04-15
28750460,발주,124513934,69592743,"오하이 맥세이프 하이브리드 투명 소다 휴대폰 케이스, 갤럭시 S26 울트라",2026-02-14 20:36:30,SIH2,8,"11,000","88,000",2026-04-15
28750460,발주,124513934,69592744,"오하이 맥세이프 하이브리드 투명 소다 휴대폰 케이스, 갤럭시 S26 플러스",2026-02-14 20:36:30,SIH2,8,"11,000","88,000",2026-04-15
28750460,발주,124513934,69592745,"오하이 맥세이프 하이브리드 투명 소다 휴대폰 케이스, 갤럭시 S26",2026-02-14 20:36:30,SIH2,13,"11,000","143,000",2026-04-15
28832197,발주,124830167,50342949,"오하이 풀커버 강화유리 액정보호필름2개 + EZ툴 제공, 아이폰16프로",2026-02-26 22:17:48,ECH2,32,"10,740","343,680",2026-04-27
28832197,발주,124930108,35373955,"오하이 EZ툴 아이폰 풀커버 사생활보호 프라이버시 강화유리필름 2매, 아이폰 14 프로, 1세트",2026-02-26 23:46:36,ECH4,1,"11,940","11,940",2026-04-27
28832197,발주,124930108,48102856,오하이 갤럭시 Z플립 6 저반사 지문방지 풀커버 액정보호필름 내부3매+외부3매 1세트,2026-02-26 23:46:36,ECH4,5,"10,700","53,500",2026-04-27
28832197,발주,124930198,18371038,"오하이 풀커버 강화유리 액정보호필름2개 + EZ툴 제공, 아이폰13/13프로",2026-02-26 13:49:52,DAE3,19,"10,740","204,060",2026-04-27
28832197,발주,124930198,27217829,오하이 저반사 지문방지 풀커버 내부액정보호필름 내부3매+외부 3매 +option+ 갤럭시 Z플립4 ::,2026-02-26 13:34:11,DAE3,6,"10,700","64,200",2026-04-27
28832197,발주,124930198,36684361,"오하이 전면 3D 풀커버 TPU 지문방지 + 무광택 휴대폰 액정보호필름 3p + 부착 가이드툴, 갤럭시노트20울트라, 1세트",2026-02-26 13:30:33,DAE3,2,"9,540","19,080",2026-04-27
28832197,발주,124930198,37350956,오하이 갤럭시 Z플립 5 저반사 지문방지 풀커버 액정보호필름 내부3매+외부3매 1세트,2026-02-26 13:26:30,DAE3,6,"10,700","64,200",2026-04-27
28832197,발주,124930198,40840085,"오하이 전면 3D 풀커버 TPU 지문방지 + 무광택 휴대폰 액정보호필름 3p + 부착 가이드툴, 아이폰15, 1세트",2026-02-26 13:56:52,DAE3,2,"9,540","19,080",2026-04-27
28832197,발주,124930198,41670004,"오하이 전면 3D 풀커버 TPU 지문방지 + 무광택 휴대폰 액정보호필름 3p + 부착 가이드툴, 갤럭시 S24, 1세트",2026-02-26 13:49:52,DAE3,2,"9,540","19,080",2026-04-27
28832197,발주,124930198,48102856,오하이 갤럭시 Z플립 6 저반사 지문방지 풀커버 액정보호필름 내부3매+외부3매 1세트,2026-02-26 13:58:18,DAE3,3,"10,700","32,100",2026-04-27
28832197,발주,124930198,50344698,"오하이 EZ툴 풀커버 사생활보호 프라이버시 강화유리 휴대폰 액정보호필름 2매, 아이폰 16 프로맥스, 1세트",2026-02-26 13:34:11,DAE3,4,"11,940","47,760",2026-04-27
28832197,발주,124930198,55701817,"오하이 풀커버 강화유리 액정보호필름 + 이지솔루션 제공, 2매1세트, 갤럭시S25 울트라",2026-02-26 13:30:33,DAE3,1,"10,740","10,740",2026-04-27
28832197,발주,124930464,37350956,오하이 갤럭시 Z플립 5 저반사 지문방지 풀커버 액정보호필름 내부3매+외부3매 1세트,2026-02-26 19:53:56,SEL1,5,"10,700","53,500",2026-04-27
28832197,발주,124930464,41670004,"오하이 전면 3D 풀커버 TPU 지문방지 + 무광택 휴대폰 액정보호필름 3p + 부착 가이드툴, 갤럭시 S24, 1세트",2026-02-26 19:53:40,SEL1,2,"9,540","19,080",2026-04-27
28832197,발주,124930464,41670025,"오하이 전면 3D 풀커버 TPU 지문방지 무광택 필름 3p + 부착 가이드툴, 갤럭시 S24플러스, 1세트",2026-02-26 19:44:28,SEL1,3,"9,540","28,620",2026-04-27
28832197,발주,124930464,48102856,오하이 갤럭시 Z플립 6 저반사 지문방지 풀커버 액정보호필름 내부3매+외부3매 1세트,2026-02-26 19:42:46,SEL1,1,"10,700","10,700",2026-04-27
28832197,발주,124930553,35373955,"오하이 EZ툴 아이폰 풀커버 사생활보호 프라이버시 강화유리필름 2매, 아이폰 14 프로, 1세트",2026-02-26 23:46:36,ECH4,2,"11,940","23,880",2026-04-27
28832197,발주,124930553,63688991,오하이 EZ툴 풀커버 사생활보호 프라이버시 강화유리 휴대폰 액정보호필름 2p 세트 아이폰17프로맥스 1세트,2026-02-26 23:46:36,ECH4,3,"11,940","35,820",2026-04-27
28832197,발주,124930648,21585982,오하이 전면 3D 풀커버 TPU 지문방지 액정보호필름 3p + 부착 가이드툴 세트 갤럭시S22플러스 1세트,2026-02-26 23:55:55,INC32,2,"9,600","19,200",2026-04-27
28832197,발주,124930648,41555886,"오하이 EZ툴 풀커버 사생활보호 프라이버시 강화유리 휴대폰 액정보호필름 2매, 아이폰 15 프로맥스, 1세트",2026-02-26 23:55:55,INC32,3,"11,940","35,820",2026-04-27
28832197,발주,124930648,41670025,"오하이 전면 3D 풀커버 TPU 지문방지 무광택 필름 3p + 부착 가이드툴, 갤럭시 S24플러스, 1세트",2026-02-26 23:55:55,INC32,7,"9,540","66,780",2026-04-27
28832197,발주,124930648,52729614,"오하이 전면 3D 풀커버 TPU 지문방지 + 무광택 휴대폰 액정보호필름 3p + 부착 가이드툴, 삼성 갤럭시 S24FE, 1세트",2026-02-26 23:55:55,INC32,3,"9,540","28,620",2026-04-27
28832197,발주,124930648,54737741,"오하이 아이패드 갤럭시탭 6H 유리코팅 방탄강화 블루라이트 차단 고투명 PET 액정보호필름 간편부착 2매, 갤럭시탭 S9플러스 12.4인치, 1개",2026-02-26 23:55:55,INC32,1,"10,140","10,140",2026-04-27
28832197,발주,124930648,65199912,오하이 전면 3D 풀커버 TPU 지문방지 + 무광택 필름 + 부착 가이드툴 갤럭시 S25FE 1세트,2026-02-26 23:55:55,INC32,15,"9,600","144,000",2026-04-27
28832197,발주,124930758,17185165,오하이 갤럭시 Z플립 3 저반사 지문방지 풀커버 액정보호필름 내부3매+외부3매 1세트,2026-02-26 15:10:55,KKW3,1,"10,700","10,700",2026-04-27
28832197,발주,124930758,31729103,"오하이 지문방지 PET 무광필름 2매, 갤럭시S23, 1세트",2026-02-26 15:10:55,KKW3,1,"9,600","9,600",2026-04-27
28832197,발주,124930758,31762099,"오하이 전면 3D 풀커버 TPU 지문방지 + 무광택 휴대폰 액정보호필름 3p + 부착 가이드툴, 갤럭시S23울트라, 1세트",2026-02-26 15:10:55,KKW3,12,"9,540","114,480",2026-04-27
28832197,발주,124930758,35373954,"오하이 EZ툴 아이폰 풀커버 사생활보호 프라이버시 강화유리필름 2매, 아이폰 13/13프로, 1세트",2026-02-26 15:10:55,KKW3,2,"11,940","23,880",2026-04-27
28832197,발주,124930758,35373959,"오하이 EZ툴 아이폰 풀커버 사생활보호 프라이버시 강화유리필름 2매, 아이폰 12 프로맥스, 1세트",2026-02-26 15:10:55,KKW3,1,"11,940","11,940",2026-04-27
28832197,발주,124930758,36758775,"오하이 지문방지 PET 무광필름 2매, 아이폰14, 1세트",2026-02-26 15:17:16,KKW3,1,"9,600","9,600",2026-04-27
28832197,발주,124930758,40840083,"오하이 전면 3D 풀커버 TPU 지문방지 + 무광택 휴대폰 액정보호필름 3p + 부착 가이드툴, 아이폰14플러스, 1세트",2026-02-26 15:10:55,KKW3,1,"9,540","9,540",2026-04-27
28832197,발주,124930758,41911918,"오하이 지문방지 PET 무광필름 2매, 아이폰15플러스, 1세트",2026-02-26 15:10:55,KKW3,1,"9,600","9,600",2026-04-27
28832197,발주,124930758,42015231,"오하이 사생활보호 프라이버시 TPU 지문인식 휴대폰 액정보호필름 2매+간편부착 툴, 삼성 갤럭시 S24울트라, 1세트",2026-02-26 15:10:55,KKW3,2,"6,705","13,410",2026-04-27
28832197,발주,124930758,48472777,"오하이 풀커버 강화유리 액정보호필름2개 + EZ툴 제공, 갤럭시S24",2026-02-26 15:10:55,KKW3,2,"10,740","21,480",2026-04-27
28832197,발주,124930758,60043362,"오하이 전면 3D 풀커버 TPU 지문방지 + 무광택 휴대폰 액정보호필름 3p + 부착 가이드툴, 갤럭시 S25엣지, 1세트",2026-02-26 15:10:55,KKW3,1,"9,540","9,540",2026-04-27
28832197,발주,124930758,62921998,"오하이 폴드,플립 지문방지 무광택 액정보호 필름 + 부착 안내문, 삼성 갤럭시 Z플립7, 1세트 투명",2026-02-26 15:10:55,KKW3,2,"10,700","21,400",2026-04-27
28832197,발주,124930758,63688993,오하이 EZ툴 풀커버 사생활보호 프라이버시 강화유리 휴대폰 액정보호필름 2p 세트 아이폰17에어 1세트,2026-02-26 15:10:55,KKW3,1,"11,940","11,940",2026-04-27
28832197,발주,124930758,65568329,오하이 갤럭시워치 캐쥬얼 실리콘 스트랩 밴드 20mm 블랙 갤럭시워치 1개,2026-02-26 15:10:55,KKW3,1,"5,655","5,655",2026-04-27
28832197,발주,124963573,50342952,"오하이 풀커버 강화유리 액정보호필름2개 + EZ툴 제공, 아이폰16",2026-02-26 13:26:30,DAE3,6,"10,740","64,440",2026-04-27
28832197,발주,125066149,36684361,"오하이 전면 3D 풀커버 TPU 지문방지 + 무광택 휴대폰 액정보호필름 3p + 부착 가이드툴, 갤럭시노트20울트라, 1세트",2026-02-26 22:49:28,ECH2,1,"9,540","9,540",2026-04-27
28832197,발주,125066149,41241022,"오하이 전면 3D 풀커버 TPU 지문방지 + 무광택 휴대폰 액정보호필름 3p + 부착 가이드툴, 아이폰XS맥스/11프로맥스, 1세트",2026-02-26 22:49:28,ECH2,1,"9,540","9,540",2026-04-27
28832197,발주,125066149,51606930,"오하이 태블릿용 종이질감 필름 2매입, 갤럭시탭 S10울트라, 투명, 2매",2026-02-26 22:33:58,ECH2,1,"9,540","9,540",2026-04-27
28832197,발주,125066317,11222412,"오하이 풀커버 지문방지 무광택 액정보호필름 2매입, 갤럭시 노트10",2026-02-26 23:55:55,INC32,1,"6,960","6,960",2026-04-27
28832197,발주,125066317,50428036,"오하이 전면 3D 풀커버 TPU 지문방지 + 무광택 휴대폰 액정보호필름 3p + 부착 가이드툴, 아이폰16, 1세트",2026-02-26 23:55:55,INC32,2,"9,540","19,080",2026-04-27
28832197,발주,125066320,40840066,"오하이 전면 3D 풀커버 TPU 지문방지 + 무광택 휴대폰 액정보호필름 3p + 부착 가이드툴, 아이폰13미니, 1세트",2026-02-26 15:10:55,KKW3,1,"9,540","9,540",2026-04-27
28832197,발주,125066320,65314218,"오하이 전면 3D 풀커버 TPU 지문방지 무광택 필름 + 부착 가이드툴 아이폰 17 Pro Max, 3매입 1세트",2026-02-26 15:10:55,KKW3,1,"9,600","9,600",2026-04-27
28832197,발주,125066423,27686154,"오하이 풀커버 강화유리 액정보호필름 + 이지솔루션 제공, 2개, 아이폰14",2026-02-26 23:46:36,ECH4,1,"10,740","10,740",2026-04-27
28832197,발주,125066536,27686154,"오하이 풀커버 강화유리 액정보호필름 + 이지솔루션 제공, 2개, 아이폰14",2026-02-26 23:46:36,ECH4,1,"10,740","10,740",2026-04-27
28832197,발주,125234552,36684361,"오하이 전면 3D 풀커버 TPU 지문방지 + 무광택 휴대폰 액정보호필름 3p + 부착 가이드툴, 갤럭시노트20울트라, 1세트",2026-02-26 23:46:36,ECH4,1,"9,540","9,540",2026-04-27
28832197,발주,125234823,41555886,"오하이 EZ툴 풀커버 사생활보호 프라이버시 강화유리 휴대폰 액정보호필름 2매, 아이폰 15 프로맥스, 1세트",2026-02-26 15:10:55,KKW3,2,"11,940","23,880",2026-04-27
28832197,발주,125234859,55705546,"오하이 지문방지 PET 무광필름 2매, 갤럭시 S25, 1세트",2026-02-26 23:46:36,ECH4,1,"9,600","9,600",2026-04-27
29015458,발주,126173680,50342949,"오하이 풀커버 강화유리 액정보호필름2개 + EZ툴 제공, 아이폰16프로",2026-03-17 20:14:58,YAS1,26,"10,740","279,240",2026-05-15
29015458,발주,126174897,39017749,"오하이 풀커버 강화유리 액정보호필름 + 이지솔루션 제공, 2개, 아이폰15프로",2026-03-17 16:53:17,SEL1,12,"10,740","128,880",2026-05-15
29015458,발주,126174897,39017749,"오하이 풀커버 강화유리 액정보호필름 + 이지솔루션 제공, 2개, 아이폰15프로",2026-03-17 23:47:27,SEL1,11,"10,740","118,140",2026-05-15
29015458,발주,126174897,50342949,"오하이 풀커버 강화유리 액정보호필름2개 + EZ툴 제공, 아이폰16프로",2026-03-17 23:50:21,SEL1,27,"10,740","289,980",2026-05-15
29015458,발주,126174897,55707338,"오하이 전면 3D 풀커버 TPU 지문방지 + 무광택 휴대폰 액정보호필름 3p + 부착 가이드툴, 삼성 갤럭시 S25울트라, 1세트",2026-03-17 16:53:17,SEL1,4,"9,060","36,240",2026-05-15
29015458,발주,126176542,13906359,오하이 전면 3D 풀커버 TPU 지문방지 액정보호필름 3p + 부착 가이드툴 세트 갤럭시 노트10플러스 1세트,2026-03-17 16:53:17,SEL1,1,"9,600","9,600",2026-05-15
29015458,발주,126176542,40840077,"오하이 전면 3D 풀커버 TPU 지문방지 + 무광택 휴대폰 액정보호필름 3p + 부착 가이드툴, 아이폰14, 1세트",2026-03-17 16:53:17,SEL1,1,"9,540","9,540",2026-05-15
29015458,발주,126176542,50427107,"오하이 사생활보호 프라이버시 TPU 지문인식 휴대폰 액정보호필름 2매+간편부착 툴, 애플 아이폰 16프로, 1세트",2026-03-17 16:54:46,SEL1,2,"6,705","13,410",2026-05-15
29015458,발주,126176542,60136101,"오하이 사생활보호 프라이버시 TPU 지문인식 휴대폰 액정보호필름 2매+간편부착 툴, 삼성 갤럭시 S25엣지, 1세트",2026-03-17 16:53:17,SEL1,1,"6,705","6,705",2026-05-15
29015458,발주,126176542,65568327,오하이 갤럭시워치 캐쥬얼 실리콘 스트랩 밴드 20mm 라이트핑크 갤럭시워치 1개,2026-03-17 23:47:27,SEL1,1,"5,655","5,655",2026-05-15
29015458,발주,126250961,39017749,"오하이 풀커버 강화유리 액정보호필름 + 이지솔루션 제공, 2개, 아이폰15프로",2026-03-17 22:13:14,DON1,6,"10,740","64,440",2026-05-15
29015458,발주,126250961,50342949,"오하이 풀커버 강화유리 액정보호필름2개 + EZ툴 제공, 아이폰16프로",2026-03-17 22:13:14,DON1,2,"10,740","21,480",2026-05-15
29015458,발주,126250961,55707338,"오하이 전면 3D 풀커버 TPU 지문방지 + 무광택 휴대폰 액정보호필름 3p + 부착 가이드툴, 삼성 갤럭시 S25울트라, 1세트",2026-03-17 22:13:14,DON1,2,"9,060","18,120",2026-05-15
29015458,발주,126251769,39017749,"오하이 풀커버 강화유리 액정보호필름 + 이지솔루션 제공, 2개, 아이폰15프로",2026-03-17 14:34:40,GOY1,5,"10,740","53,700",2026-05-15
29015458,발주,126251858,39017749,"오하이 풀커버 강화유리 액정보호필름 + 이지솔루션 제공, 2개, 아이폰15프로",2026-03-17 22:00:44,DON1,4,"10,740","42,960",2026-05-15
29015458,발주,126257962,19454772,"오하이 풀커버 강화유리 액정보호필름2개 + EZ툴 제공, 아이폰12프로맥스",2026-03-17 23:47:27,SEL1,1,"10,740","10,740",2026-05-15
29015458,발주,126257962,41269795,"오하이 사생활보호 프라이버시 TPU 지문인식 휴대폰 액정보호필름 2매+간편부착 툴, 삼성 갤럭시 S22플러스, 1세트",2026-03-17 16:53:17,SEL1,2,"6,705","13,410",2026-05-15
29015458,발주,126257962,42671052,"오하이 전면 3D 풀커버 TPU 지문방지 + 무광택 휴대폰 액정보호필름 3p + 부착 가이드툴, 갤럭시 A23, 1세트",2026-03-17 16:53:17,SEL1,1,"9,540","9,540",2026-05-15
29015458,발주,126354096,39017749,"오하이 풀커버 강화유리 액정보호필름 + 이지솔루션 제공, 2개, 아이폰15프로",2026-03-17 22:13:14,DON1,2,"10,740","21,480",2026-05-15
29015458,발주,126354243,39017749,"오하이 풀커버 강화유리 액정보호필름 + 이지솔루션 제공, 2개, 아이폰15프로",2026-03-17 22:00:44,DON1,1,"10,740","10,740",2026-05-15
29015458,발주,126447379,13906339,오하이 전면 3D 풀커버 TPU 지문방지 액정보호필름 3p + 부착 가이드툴 세트 갤럭시 S21 1세트,2026-03-17 13:06:54,INC30,2,"9,600","19,200",2026-05-15
29015458,발주,126452299,50342949,"오하이 풀커버 강화유리 액정보호필름2개 + EZ툴 제공, 아이폰16프로",2026-03-17 13:01:27,INC30,5,"10,740","53,700",2026-05-15
29015458,발주,126452435,55707338,"오하이 전면 3D 풀커버 TPU 지문방지 + 무광택 휴대폰 액정보호필름 3p + 부착 가이드툴, 삼성 갤럭시 S25울트라, 1세트",2026-03-17 23:57:36,DAE3,1,"9,060","9,060",2026-05-15
29015458,발주,126501102,13906339,오하이 전면 3D 풀커버 TPU 지문방지 액정보호필름 3p + 부착 가이드툴 세트 갤럭시 S21 1세트,2026-03-17 22:13:14,DON1,6,"9,600","57,600",2026-05-15
29015458,발주,126501102,18371038,"오하이 풀커버 강화유리 액정보호필름2개 + EZ툴 제공, 아이폰13/13프로",2026-03-17 22:00:44,DON1,11,"10,740","118,140",2026-05-15
29015458,발주,126501102,27686154,"오하이 풀커버 강화유리 액정보호필름 + 이지솔루션 제공, 2개, 아이폰14",2026-03-17 22:13:14,DON1,1,"10,740","10,740",2026-05-15
29015458,발주,126501102,27686157,"오하이 풀커버 강화유리 액정보호필름 + 이지솔루션 제공, 2개, 아이폰14프로맥스",2026-03-17 22:13:14,DON1,5,"10,740","53,700",2026-05-15
29015458,발주,126501102,36684361,"오하이 전면 3D 풀커버 TPU 지문방지 + 무광택 휴대폰 액정보호필름 3p + 부착 가이드툴, 갤럭시노트20울트라, 1세트",2026-03-17 22:13:14,DON1,2,"9,540","19,080",2026-05-15
29015458,발주,126501102,37350956,오하이 갤럭시 Z플립 5 저반사 지문방지 풀커버 액정보호필름 내부3매+외부3매 1세트,2026-03-17 22:13:14,DON1,2,"10,700","21,400",2026-05-15
29015458,발주,126501102,39017747,"오하이 풀커버 강화유리 액정보호필름 + 이지솔루션 제공, 2개, 아이폰15",2026-03-17 22:00:44,DON1,5,"10,740","53,700",2026-05-15
29015458,발주,126501102,39017754,"오하이 풀커버 강화유리 액정보호필름 + 이지솔루션 제공, 2개, 아이폰15프로맥스",2026-03-17 21:56:58,DON1,23,"10,740","247,020",2026-05-15
29015458,발주,126501102,40840087,"오하이 전면 3D 풀커버 TPU 지문방지 + 무광택 휴대폰 액정보호필름 3p + 부착 가이드툴, 아이폰15프로, 1세트",2026-03-17 22:13:14,DON1,2,"9,540","19,080",2026-05-15
29015458,발주,126501102,41670004,"오하이 전면 3D 풀커버 TPU 지문방지 + 무광택 휴대폰 액정보호필름 3p + 부착 가이드툴, 갤럭시 S24, 1세트",2026-03-17 22:13:14,DON1,1,"9,540","9,540",2026-05-15
29015458,발주,126501102,41670025,"오하이 전면 3D 풀커버 TPU 지문방지 무광택 필름 3p + 부착 가이드툴, 갤럭시 S24플러스, 1세트",2026-03-17 22:13:14,DON1,1,"9,540","9,540",2026-05-15
29015458,발주,126501102,48102855,오하이 갤럭시 Z폴드6 저반사 지문방지 풀커버 액정보호필름 외부3매+내부 3매 1세트,2026-03-17 22:13:14,DON1,7,"12,000","84,000",2026-05-15
29015458,발주,126501102,48102856,오하이 갤럭시 Z플립 6 저반사 지문방지 풀커버 액정보호필름 내부3매+외부3매 1세트,2026-03-17 22:13:14,DON1,4,"10,700","42,800",2026-05-15
29015458,발주,126501102,50344701,"오하이 EZ툴 아이폰 풀커버 사생활보호 프라이버시 강화유리필름 2매, 아이폰 16 프로, 1세트",2026-03-17 21:56:58,DON1,10,"11,940","119,400",2026-05-15
29015458,발주,126501102,50344701,"오하이 EZ툴 아이폰 풀커버 사생활보호 프라이버시 강화유리필름 2매, 아이폰 16 프로, 1세트",2026-03-17 22:00:44,DON1,2,"11,940","23,880",2026-05-15
29015458,발주,126501102,62178970,오하이 풀커버 강화유리 휴대폰 액정보호필름 2p + EZ 툴 세트 아이폰17프로 1세트,2026-03-17 21:56:58,DON1,4,"10,740","42,960",2026-05-15
29015458,발주,126501102,62178970,오하이 풀커버 강화유리 휴대폰 액정보호필름 2p + EZ 툴 세트 아이폰17프로 1세트,2026-03-17 22:00:44,DON1,17,"10,740","182,580",2026-05-15
29015458,발주,126501102,62178971,오하이 풀커버 강화유리 휴대폰 액정보호필름 2p + EZ 툴 세트 아이폰17 1세트,2026-03-17 21:57:49,DON1,23,"10,740","247,020",2026-05-15
29015458,발주,126501102,62921998,"오하이 폴드,플립 지문방지 무광택 액정보호 필름 + 부착 안내문, 삼성 갤럭시 Z플립7, 1세트 투명",2026-03-17 22:13:14,DON1,14,"10,700","149,800",2026-05-15
29015458,발주,126501102,62922000,"오하이 폴드,플립 지문방지 무광택 액정보호 필름 + 부착 안내문, 삼성 갤럭시 Z폴드7, 1세트 투명",2026-03-17 22:09:41,DON1,20,"12,000","240,000",2026-05-15
29015458,발주,126501102,63688993,오하이 EZ툴 풀커버 사생활보호 프라이버시 강화유리 휴대폰 액정보호필름 2p 세트 아이폰17에어 1세트,2026-03-17 22:09:41,DON1,1,"11,940","11,940",2026-05-15
29015458,발주,126501680,31762097,"오하이 전면 3D 풀커버 TPU 지문방지 + 무광택 휴대폰 액정보호필름 3p + 부착 가이드툴, 갤럭시S23, 1세트",2026-03-17 09:06:51,SAN3,8,"9,540","76,320",2026-05-15
29015458,발주,126501680,48102855,오하이 갤럭시 Z폴드6 저반사 지문방지 풀커버 액정보호필름 외부3매+내부 3매 1세트,2026-03-17 09:03:02,SAN3,11,"12,000","132,000",2026-05-15
29015458,발주,126501680,60043362,"오하이 전면 3D 풀커버 TPU 지문방지 + 무광택 휴대폰 액정보호필름 3p + 부착 가이드툴, 갤럭시 S25엣지, 1세트",2026-03-17 09:03:02,SAN3,16,"9,540","152,640",2026-05-15
29015458,발주,126501680,62921998,"오하이 폴드,플립 지문방지 무광택 액정보호 필름 + 부착 안내문, 삼성 갤럭시 Z플립7, 1세트 투명",2026-03-17 09:03:02,SAN3,16,"10,700","171,200",2026-05-15
29015458,발주,126501680,69411570,"오하이 전면 3D 풀커버 TPU 지문방지 + 무광택 필름 + 부착 가이드툴, Galaxy S26 Ultra 1개",2026-03-17 09:03:02,SAN3,23,"9,600","220,800",2026-05-15
29015458,발주,126503098,11372773,"오하이 풀커버 지문방지 무광택 액정보호필름 2매입, 갤럭시 S20 울트라",2026-03-17 13:06:54,INC30,1,"6,960","6,960",2026-05-15
29015458,발주,126503098,37350956,오하이 갤럭시 Z플립 5 저반사 지문방지 풀커버 액정보호필름 내부3매+외부3매 1세트,2026-03-17 13:06:54,INC30,12,"10,700","128,400",2026-05-15
29015458,발주,126503098,41241011,"오하이 전면 3D 풀커버 TPU 지문방지 + 무광택 휴대폰 액정보호필름 3p + 부착 가이드툴, 아이폰SE2/SE3, 1세트",2026-03-17 13:06:54,INC30,1,"9,540","9,540",2026-05-15
29015458,발주,126503098,50344700,"오하이 EZ툴 풀커버 사생활보호 프라이버시 강화유리 휴대폰 액정보호필름 2매, 아이폰 16, 1세트",2026-03-17 13:01:27,INC30,5,"11,940","59,700",2026-05-15
29015458,발주,126503098,55701816,"오하이 풀커버 강화유리 액정보호필름2개 + EZ툴 제공, 갤럭시S25 플러스",2026-03-17 13:01:27,INC30,2,"10,740","21,480",2026-05-15
29015458,발주,126504784,13906359,오하이 전면 3D 풀커버 TPU 지문방지 액정보호필름 3p + 부착 가이드툴 세트 갤럭시 노트10플러스 1세트,2026-03-17 13:44:05,GOY1,1,"9,600","9,600",2026-05-15
29015458,발주,126504784,18371038,"오하이 풀커버 강화유리 액정보호필름2개 + EZ툴 제공, 아이폰13/13프로",2026-03-17 14:34:40,GOY1,11,"10,740","118,140",2026-05-15
29015458,발주,126504784,27217829,오하이 저반사 지문방지 풀커버 내부액정보호필름 내부3매+외부 3매 +option+ 갤럭시 Z플립4 ::,2026-03-17 14:01:15,GOY1,2,"10,700","21,400",2026-05-15
29015458,발주,126504784,27686154,"오하이 풀커버 강화유리 액정보호필름 + 이지솔루션 제공, 2개, 아이폰14",2026-03-17 14:01:15,GOY1,4,"10,740","42,960",2026-05-15
29015458,발주,126504784,27686155,"오하이 풀커버 강화유리 액정보호필름 + 이지솔루션 제공, 2개, 아이폰14프로",2026-03-17 13:50:16,GOY1,49,"10,740","526,260",2026-05-15
29015458,발주,126504784,27686157,"오하이 풀커버 강화유리 액정보호필름 + 이지솔루션 제공, 2개, 아이폰14프로맥스",2026-03-17 14:01:15,GOY1,5,"10,740","53,700",2026-05-15
29015458,발주,126504784,35373969,"오하이 EZ툴 아이폰 풀커버 사생활보호 프라이버시 강화유리필름 2매, 아이폰 14 프로맥스, 1세트",2026-03-17 13:44:05,GOY1,4,"11,940","47,760",2026-05-15
29015458,발주,126504784,37350956,오하이 갤럭시 Z플립 5 저반사 지문방지 풀커버 액정보호필름 내부3매+외부3매 1세트,2026-03-17 14:01:15,GOY1,2,"10,700","21,400",2026-05-15
29015458,발주,126504784,39017749,"오하이 풀커버 강화유리 액정보호필름 + 이지솔루션 제공, 2개, 아이폰15프로",2026-03-17 14:01:15,GOY1,3,"10,740","32,220",2026-05-15
29015458,발주,126504784,39017754,"오하이 풀커버 강화유리 액정보호필름 + 이지솔루션 제공, 2개, 아이폰15프로맥스",2026-03-17 13:50:16,GOY1,23,"10,740","247,020",2026-05-15
29015458,발주,126504784,41670004,"오하이 전면 3D 풀커버 TPU 지문방지 + 무광택 휴대폰 액정보호필름 3p + 부착 가이드툴, 갤럭시 S24, 1세트",2026-03-17 14:01:15,GOY1,1,"9,540","9,540",2026-05-15
29015458,발주,126504784,41670025,"오하이 전면 3D 풀커버 TPU 지문방지 무광택 필름 3p + 부착 가이드툴, 갤럭시 S24플러스, 1세트",2026-03-17 14:01:15,GOY1,2,"9,540","19,080",2026-05-15
29015458,발주,126504784,48102855,오하이 갤럭시 Z폴드6 저반사 지문방지 풀커버 액정보호필름 외부3매+내부 3매 1세트,2026-03-17 14:01:15,GOY1,7,"12,000","84,000",2026-05-15
29015458,발주,126504784,48102856,오하이 갤럭시 Z플립 6 저반사 지문방지 풀커버 액정보호필름 내부3매+외부3매 1세트,2026-03-17 14:55:39,GOY1,4,"10,700","42,800",2026-05-15
29015458,발주,126504784,50342952,"오하이 풀커버 강화유리 액정보호필름2개 + EZ툴 제공, 아이폰16",2026-03-17 14:34:40,GOY1,12,"10,740","128,880",2026-05-15
29015458,발주,126504784,50428035,"오하이 전면 3D 풀커버 TPU 지문방지 + 무광택 휴대폰 액정보호필름 3p + 부착 가이드툴, 아이폰16프로맥스, 1세트",2026-03-17 13:44:05,GOY1,2,"9,540","19,080",2026-05-15
29015458,발주,126504784,55707339,"오하이 전면 3D 풀커버 TPU 지문방지 + 무광택 휴대폰 액정보호필름 3p + 부착 가이드툴, 삼성 갤럭시 S25플러스, 1세트",2026-03-17 14:01:15,GOY1,2,"9,540","19,080",2026-05-15
29015458,발주,126504784,62921998,"오하이 폴드,플립 지문방지 무광택 액정보호 필름 + 부착 안내문, 삼성 갤럭시 Z플립7, 1세트 투명",2026-03-17 14:55:39,GOY1,10,"10,700","107,000",2026-05-15
29015458,발주,126506273,41670025,"오하이 전면 3D 풀커버 TPU 지문방지 무광택 필름 3p + 부착 가이드툴, 갤럭시 S24플러스, 1세트",2026-03-17 23:56:14,DAE3,2,"9,540","19,080",2026-05-15
29015458,발주,126506273,48102855,오하이 갤럭시 Z폴드6 저반사 지문방지 풀커버 액정보호필름 외부3매+내부 3매 1세트,2026-03-17 23:55:16,DAE3,3,"12,000","36,000",2026-05-15
29015458,발주,126506273,48102856,오하이 갤럭시 Z플립 6 저반사 지문방지 풀커버 액정보호필름 내부3매+외부3매 1세트,2026-03-17 23:57:09,DAE3,4,"10,700","42,800",2026-05-15
29015458,발주,126506273,62922000,"오하이 폴드,플립 지문방지 무광택 액정보호 필름 + 부착 안내문, 삼성 갤럭시 Z폴드7, 1세트 투명",2026-03-17 23:56:14,DAE3,3,"12,000","36,000",2026-05-15
29015458,발주,126506273,65199912,오하이 전면 3D 풀커버 TPU 지문방지 + 무광택 필름 + 부착 가이드툴 갤럭시 S25FE 1세트,2026-03-17 23:55:16,DAE3,6,"9,600","57,600",2026-05-15
29015458,발주,126507623,50342950,"오하이 풀커버 강화유리 액정보호필름2개 + EZ툴 제공, 아이폰16프로맥스",2026-03-17 23:47:27,SEL1,10,"10,740","107,400",2026-05-15
29015458,발주,126508666,41269832,"오하이 사생활보호 프라이버시 TPU 지문인식 휴대폰 액정보호필름 2매+간편부착 툴, 애플 아이폰 15프로, 1세트",2026-03-17 20:14:58,YAS1,1,"6,705","6,705",2026-05-15
29015458,발주,126508666,41670004,"오하이 전면 3D 풀커버 TPU 지문방지 + 무광택 휴대폰 액정보호필름 3p + 부착 가이드툴, 갤럭시 S24, 1세트",2026-03-17 20:14:58,YAS1,1,"9,540","9,540",2026-05-15
29015458,발주,126508666,48102856,오하이 갤럭시 Z플립 6 저반사 지문방지 풀커버 액정보호필름 내부3매+외부3매 1세트,2026-03-17 20:14:58,YAS1,3,"10,700","32,100",2026-05-15
29015458,발주,126508938,63688989,오하이 EZ툴 풀커버 사생활보호 프라이버시 강화유리 휴대폰 액정보호필름 2p 세트 아이폰17 1세트,2026-03-17 13:01:27,INC30,8,"11,940","95,520",2026-05-15
29026808,발주,126174526,39017749,"오하이 풀커버 강화유리 액정보호필름 + 이지솔루션 제공, 2개, 아이폰15프로",2026-03-18 01:19:37,GOY1,6,"10,740","64,440",2026-05-15
29026808,발주,126174526,50342949,"오하이 풀커버 강화유리 액정보호필름2개 + EZ툴 제공, 아이폰16프로",2026-03-18 01:19:37,GOY1,12,"10,740","128,880",2026-05-15
29026808,발주,126174632,39017749,"오하이 풀커버 강화유리 액정보호필름 + 이지솔루션 제공, 2개, 아이폰15프로",2026-03-18 01:19:37,GOY1,6,"10,740","64,440",2026-05-15
29026808,발주,126176386,13906309,오하이 전면 3D 풀커버 TPU 지문방지 액정보호필름 3p + 부착 가이드툴 세트 갤럭시 S20플러스 1세트,2026-03-18 01:39:49,KKW3,1,"9,600","9,600",2026-05-15
29026808,발주,126176386,41241011,"오하이 전면 3D 풀커버 TPU 지문방지 + 무광택 휴대폰 액정보호필름 3p + 부착 가이드툴, 아이폰SE2/SE3, 1세트",2026-03-18 01:39:49,KKW3,1,"9,540","9,540",2026-05-15
29026808,발주,126176480,41670033,"오하이 전면 3D 풀커버 TPU 지문방지 + 무광택 휴대폰 액정보호필름 3p + 부착 가이드툴, 갤럭시 S23FE, 1세트",2026-03-18 01:39:49,KKW3,2,"9,540","19,080",2026-05-15
29026808,발주,126251038,39017749,"오하이 풀커버 강화유리 액정보호필름 + 이지솔루션 제공, 2개, 아이폰15프로",2026-03-18 01:46:20,KKW3,1,"10,740","10,740",2026-05-15
29026808,발주,126251674,39017749,"오하이 풀커버 강화유리 액정보호필름 + 이지솔루션 제공, 2개, 아이폰15프로",2026-03-18 00:22:03,SEL1,5,"10,740","53,700",2026-05-15
29026808,발주,126352766,55701378,"오하이 사생활보호 프라이버시 TPU 지문인식 휴대폰 액정보호필름 2매+간편부착 툴, 삼성 갤럭시 S25, 1세트",2026-03-18 01:39:49,KKW3,2,"6,705","13,410",2026-05-15
29026808,발주,126352860,11222408,"오하이 풀커버 지문방지 무광택 액정보호필름 2매입, 갤럭시S10 5G",2026-03-18 01:46:20,KKW3,1,"6,960","6,960",2026-05-15
29026808,발주,126352860,42015245,"오하이 사생활보호 프라이버시 TPU 지문인식 휴대폰 액정보호필름 2매+간편부착 툴, 삼성 갤럭시 S24플러스, 1세트",2026-03-18 01:39:49,KKW3,1,"6,705","6,705",2026-05-15
29026808,발주,126352860,50344698,"오하이 EZ툴 풀커버 사생활보호 프라이버시 강화유리 휴대폰 액정보호필름 2매, 아이폰 16 프로맥스, 1세트",2026-03-18 01:46:20,KKW3,1,"11,940","11,940",2026-05-15
29026808,발주,126352860,50344699,"오하이 EZ툴 풀커버 사생활보호 프라이버시 강화유리 휴대폰 액정보호필름 2매, 아이폰 16 플러스, 1세트",2026-03-18 01:46:20,KKW3,1,"11,940","11,940",2026-05-15
29026808,발주,126352860,65568328,오하이 갤럭시워치 캐쥬얼 실리콘 스트랩 밴드 20mm 그레이 갤럭시워치 1개,2026-03-18 01:39:49,KKW3,2,"5,655","11,310",2026-05-15
29026808,발주,126354288,39017749,"오하이 풀커버 강화유리 액정보호필름 + 이지솔루션 제공, 2개, 아이폰15프로",2026-03-18 00:22:03,SEL1,1,"10,740","10,740",2026-05-15
29026808,발주,126354354,39017749,"오하이 풀커버 강화유리 액정보호필름 + 이지솔루션 제공, 2개, 아이폰15프로",2026-03-18 01:46:20,KKW3,2,"10,740","21,480",2026-05-15
29026808,발주,126447478,13906362,오하이 전면 3D 풀커버 TPU 지문방지 액정보호필름 3p + 부착 가이드툴 세트 갤럭시 S20 1세트,2026-03-18 01:46:20,KKW3,1,"9,600","9,600",2026-05-15
29026808,발주,126452400,50342949,"오하이 풀커버 강화유리 액정보호필름2개 + EZ툴 제공, 아이폰16프로",2026-03-18 01:35:12,GOY1,1,"10,740","10,740",2026-05-15
29026808,발주,126452435,39017749,"오하이 풀커버 강화유리 액정보호필름 + 이지솔루션 제공, 2개, 아이폰15프로",2026-03-18 00:43:51,DAE3,7,"10,740","75,180",2026-05-15
29026808,발주,126504396,17185168,오하이 저반사 지문방지 풀커버 액정보호필름 전면 3매+내부 3매 +option+ 갤럭시 Z폴드3 ::,2026-03-18 01:46:20,KKW3,1,"12,000","12,000",2026-05-15
29026808,발주,126504396,31762099,"오하이 전면 3D 풀커버 TPU 지문방지 + 무광택 휴대폰 액정보호필름 3p + 부착 가이드툴, 갤럭시S23울트라, 1세트",2026-03-18 01:46:27,KKW3,16,"9,540","152,640",2026-05-15
29026808,발주,126504396,50344701,"오하이 EZ툴 아이폰 풀커버 사생활보호 프라이버시 강화유리필름 2매, 아이폰 16 프로, 1세트",2026-03-18 01:46:27,KKW3,12,"11,940","143,280",2026-05-15
29026808,발주,126504396,52729614,"오하이 전면 3D 풀커버 TPU 지문방지 + 무광택 휴대폰 액정보호필름 3p + 부착 가이드툴, 삼성 갤럭시 S24FE, 1세트",2026-03-18 01:39:49,KKW3,2,"9,540","19,080",2026-05-15
29026808,발주,126504396,57316040,"오하이 일미리 케이스 1mm 변색 없는 PC 하드 케이스, 갤럭시 S25",2026-03-18 01:39:49,KKW3,2,"8,000","16,000",2026-05-15
29026808,발주,126504396,62178967,오하이 풀커버 강화유리 휴대폰 액정보호필름 2p + EZ 툴 세트 아이폰17프로맥스 1세트,2026-03-18 01:46:20,KKW3,15,"10,740","161,100",2026-05-15
29026808,발주,126504396,69411570,"오하이 전면 3D 풀커버 TPU 지문방지 + 무광택 필름 + 부착 가이드툴, Galaxy S26 Ultra 1개",2026-03-18 01:53:08,KKW3,23,"9,600","220,800",2026-05-15
29026808,발주,126504784,19454771,"오하이 풀커버 강화유리 액정보호필름2개 + EZ툴 제공, 아이폰12/12프로",2026-03-18 01:19:37,GOY1,3,"10,740","32,220",2026-05-15
29026808,발주,126504784,39017747,"오하이 풀커버 강화유리 액정보호필름 + 이지솔루션 제공, 2개, 아이폰15",2026-03-18 01:19:37,GOY1,11,"10,740","118,140",2026-05-15
29026808,발주,126504784,48472777,"오하이 풀커버 강화유리 액정보호필름2개 + EZ툴 제공, 갤럭시S24",2026-03-18 02:52:28,GOY1,4,"10,740","42,960",2026-05-15
29026808,발주,126504784,50342949,"오하이 풀커버 강화유리 액정보호필름2개 + EZ툴 제공, 아이폰16프로",2026-03-18 01:35:12,GOY1,4,"10,740","42,960",2026-05-15
29026808,발주,126504784,50342950,"오하이 풀커버 강화유리 액정보호필름2개 + EZ툴 제공, 아이폰16프로맥스",2026-03-18 01:35:12,GOY1,10,"10,740","107,400",2026-05-15
29026808,발주,126504784,62178969,오하이 풀커버 강화유리 휴대폰 액정보호필름 2p + EZ 툴 세트 아이폰 Air,2026-03-18 01:35:12,GOY1,16,"10,740","171,840",2026-05-15
29026808,발주,126504784,62178970,오하이 풀커버 강화유리 휴대폰 액정보호필름 2p + EZ 툴 세트 아이폰17프로 1세트,2026-03-18 02:52:28,GOY1,7,"10,740","75,180",2026-05-15
29026808,발주,126504784,62178971,오하이 풀커버 강화유리 휴대폰 액정보호필름 2p + EZ 툴 세트 아이폰17 1세트,2026-03-18 01:35:12,GOY1,16,"10,740","171,840",2026-05-15
29026808,발주,126506273,27686154,"오하이 풀커버 강화유리 액정보호필름 + 이지솔루션 제공, 2개, 아이폰14",2026-03-18 00:43:51,DAE3,1,"10,740","10,740",2026-05-15
29026808,발주,126506273,27686157,"오하이 풀커버 강화유리 액정보호필름 + 이지솔루션 제공, 2개, 아이폰14프로맥스",2026-03-18 01:01:08,DAE3,5,"10,740","53,700",2026-05-15
29026808,발주,126506273,39017749,"오하이 풀커버 강화유리 액정보호필름 + 이지솔루션 제공, 2개, 아이폰15프로",2026-03-18 00:46:57,DAE3,13,"10,740","139,620",2026-05-15
29026808,발주,126506273,39017749,"오하이 풀커버 강화유리 액정보호필름 + 이지솔루션 제공, 2개, 아이폰15프로",2026-03-18 00:54:36,DAE3,1,"10,740","10,740",2026-05-15
29026808,발주,126506273,39017754,"오하이 풀커버 강화유리 액정보호필름 + 이지솔루션 제공, 2개, 아이폰15프로맥스",2026-03-18 01:18:43,DAE3,23,"10,740","247,020",2026-05-15
29026808,발주,126506273,50342950,"오하이 풀커버 강화유리 액정보호필름2개 + EZ툴 제공, 아이폰16프로맥스",2026-03-18 01:30:31,DAE3,3,"10,740","32,220",2026-05-15
29026808,발주,126506273,50342950,"오하이 풀커버 강화유리 액정보호필름2개 + EZ툴 제공, 아이폰16프로맥스",2026-03-18 01:30:50,DAE3,7,"10,740","75,180",2026-05-15
29026808,발주,126506273,50344699,"오하이 EZ툴 풀커버 사생활보호 프라이버시 강화유리 휴대폰 액정보호필름 2매, 아이폰 16 플러스, 1세트",2026-03-18 00:57:01,DAE3,1,"11,940","11,940",2026-05-15
29026808,발주,126506273,55707340,"오하이 전면 3D 풀커버 TPU 지문방지 + 무광택 휴대폰 액정보호필름 3p + 부착 가이드툴, 삼성 갤럭시 S25, 1세트",2026-03-18 00:46:57,DAE3,7,"9,060","63,420",2026-05-15
29026808,발주,126506273,62178971,오하이 풀커버 강화유리 휴대폰 액정보호필름 2p + EZ 툴 세트 아이폰17 1세트,2026-03-18 01:08:56,DAE3,17,"10,740","182,580",2026-05-15
29026808,발주,126506273,62921998,"오하이 폴드,플립 지문방지 무광택 액정보호 필름 + 부착 안내문, 삼성 갤럭시 Z플립7, 1세트 투명",2026-03-18 00:54:36,DAE3,6,"10,700","64,200",2026-05-15
29026808,발주,126506273,62921998,"오하이 폴드,플립 지문방지 무광택 액정보호 필름 + 부착 안내문, 삼성 갤럭시 Z플립7, 1세트 투명",2026-03-18 00:57:01,DAE3,5,"10,700","53,500",2026-05-15
29026808,발주,126506273,62922000,"오하이 폴드,플립 지문방지 무광택 액정보호 필름 + 부착 안내문, 삼성 갤럭시 Z폴드7, 1세트 투명",2026-03-18 00:19:04,DAE3,27,"12,000","324,000",2026-05-15
29026808,발주,126506273,65199912,오하이 전면 3D 풀커버 TPU 지문방지 + 무광택 필름 + 부착 가이드툴 갤럭시 S25FE 1세트,2026-03-18 00:19:04,DAE3,1,"9,600","9,600",2026-05-15
29026808,발주,126506273,65314216,"오하이 전면 3D 풀커버 TPU 지문방지 무광택 필름 + 부착 가이드툴, 아이폰 17, 3매입 1세트",2026-03-18 00:43:51,DAE3,10,"9,600","96,000",2026-05-15
29026808,발주,126508858,53305588,"[20매]오하이 버디필름 장타 비거리스티커 드라이버 우드 헤드 보호 슬라이스방지 골프필름, 드라이버용, 1세트, 드라이버용 20매 95*48mm 단일색상",2026-03-18 01:39:49,KKW3,2,"14,000","28,000",2026-05-15
29026809,발주,126174531,39017749,"오하이 풀커버 강화유리 액정보호필름 + 이지솔루션 제공, 2개, 아이폰15프로",2026-03-18 15:42:09,CHW1,8,"10,740","85,920",2026-05-15
29026809,발주,126501680,19454772,"오하이 풀커버 강화유리 액정보호필름2개 + EZ툴 제공, 아이폰12프로맥스",2026-03-18 03:19:49,SAN3,7,"10,740","75,180",2026-05-15
29026809,발주,126501680,27686154,"오하이 풀커버 강화유리 액정보호필름 + 이지솔루션 제공, 2개, 아이폰14",2026-03-18 03:19:49,SAN3,11,"10,740","118,140",2026-05-15
29026809,발주,126501680,27686154,"오하이 풀커버 강화유리 액정보호필름 + 이지솔루션 제공, 2개, 아이폰14",2026-03-18 03:29:57,SAN3,2,"10,740","21,480",2026-05-15
29026809,발주,126501680,27686157,"오하이 풀커버 강화유리 액정보호필름 + 이지솔루션 제공, 2개, 아이폰14프로맥스",2026-03-18 03:49:30,SAN3,9,"10,740","96,660",2026-05-15
29026809,발주,126501680,39017747,"오하이 풀커버 강화유리 액정보호필름 + 이지솔루션 제공, 2개, 아이폰15",2026-03-18 03:44:22,SAN3,35,"10,740","375,900",2026-05-15
29026809,발주,126501680,39017749,"오하이 풀커버 강화유리 액정보호필름 + 이지솔루션 제공, 2개, 아이폰15프로",2026-03-18 03:44:22,SAN3,29,"10,740","311,460",2026-05-15
29026809,발주,126501680,41555886,"오하이 EZ툴 풀커버 사생활보호 프라이버시 강화유리 휴대폰 액정보호필름 2매, 아이폰 15 프로맥스, 1세트",2026-03-18 03:49:30,SAN3,7,"11,940","83,580",2026-05-15
29026809,발주,126501680,50342949,"오하이 풀커버 강화유리 액정보호필름2개 + EZ툴 제공, 아이폰16프로",2026-03-18 03:27:37,SAN3,75,"10,740","805,500",2026-05-15
29026809,발주,126501680,50342950,"오하이 풀커버 강화유리 액정보호필름2개 + EZ툴 제공, 아이폰16프로맥스",2026-03-18 03:49:30,SAN3,10,"10,740","107,400",2026-05-15
29026809,발주,126501680,50344698,"오하이 EZ툴 풀커버 사생활보호 프라이버시 강화유리 휴대폰 액정보호필름 2매, 아이폰 16 프로맥스, 1세트",2026-03-18 03:19:49,SAN3,5,"11,940","59,700",2026-05-15
29026809,발주,126501680,62178971,오하이 풀커버 강화유리 휴대폰 액정보호필름 2p + EZ 툴 세트 아이폰17 1세트,2026-03-18 03:49:30,SAN3,8,"10,740","85,920",2026-05-15
29026809,발주,126502203,18371038,"오하이 풀커버 강화유리 액정보호필름2개 + EZ툴 제공, 아이폰13/13프로",2026-03-18 15:45:52,ECH4,11,"10,740","118,140",2026-05-15
29026809,발주,126502203,27686157,"오하이 풀커버 강화유리 액정보호필름 + 이지솔루션 제공, 2개, 아이폰14프로맥스",2026-03-18 15:45:52,ECH4,4,"10,740","42,960",2026-05-15
29026809,발주,126502203,37350956,오하이 갤럭시 Z플립 5 저반사 지문방지 풀커버 액정보호필름 내부3매+외부3매 1세트,2026-03-18 15:45:52,ECH4,1,"10,700","10,700",2026-05-15
29026809,발주,126502203,39017751,"오하이 풀커버 강화유리 액정보호필름 + 이지솔루션 제공, 2개, 아이폰15플러스",2026-03-18 15:45:59,ECH4,2,"10,740","21,480",2026-05-15
29026809,발주,126502203,48102855,오하이 갤럭시 Z폴드6 저반사 지문방지 풀커버 액정보호필름 외부3매+내부 3매 1세트,2026-03-18 15:45:52,ECH4,7,"12,000","84,000",2026-05-15
29026809,발주,126502203,48102856,오하이 갤럭시 Z플립 6 저반사 지문방지 풀커버 액정보호필름 내부3매+외부3매 1세트,2026-03-18 15:45:52,ECH4,5,"10,700","53,500",2026-05-15
29026809,발주,126502203,62922000,"오하이 폴드,플립 지문방지 무광택 액정보호 필름 + 부착 안내문, 삼성 갤럭시 Z폴드7, 1세트 투명",2026-03-18 20:45:56,ECH4,10,"12,000","120,000",2026-05-15
29026809,발주,126507034,48102855,오하이 갤럭시 Z폴드6 저반사 지문방지 풀커버 액정보호필름 외부3매+내부 3매 1세트,2026-03-18 15:38:53,CHW1,7,"12,000","84,000",2026-05-15
29026809,발주,126507034,50342950,"오하이 풀커버 강화유리 액정보호필름2개 + EZ툴 제공, 아이폰16프로맥스",2026-03-18 15:38:53,CHW1,10,"10,740","107,400",2026-05-15
29026809,발주,126507034,50344701,"오하이 EZ툴 아이폰 풀커버 사생활보호 프라이버시 강화유리필름 2매, 아이폰 16 프로, 1세트",2026-03-18 15:38:53,CHW1,12,"11,940","143,280",2026-05-15
29026809,발주,126507034,62178970,오하이 풀커버 강화유리 휴대폰 액정보호필름 2p + EZ 툴 세트 아이폰17프로 1세트,2026-03-18 16:02:48,CHW1,8,"10,740","85,920",2026-05-15
29026809,발주,126507034,62921998,"오하이 폴드,플립 지문방지 무광택 액정보호 필름 + 부착 안내문, 삼성 갤럭시 Z플립7, 1세트 투명",2026-03-18 15:38:53,CHW1,2,"10,700","21,400",2026-05-15
29089021,발주,126174897,50342949,"오하이 풀커버 강화유리 액정보호필름2개 + EZ툴 제공, 아이폰16프로",2026-03-24 21:34:02,SEL1,14,"10,740","150,360",2026-05-15
29165295,발주,127372955,19454771,"오하이 풀커버 강화유리 액정보호필름2개 + EZ툴 제공, 아이폰12/12프로",2026-03-31 21:28:06,DAE3,1,"10,740","10,740",2026-05-29
29165295,발주,127372955,41555857,"오하이 EZ툴 풀커버 사생활보호 프라이버시 강화유리 휴대폰 액정보호필름 2매, 아이폰 15 프로, 1세트",2026-03-31 21:30:56,DAE3,3,"11,940","35,820",2026-05-29
29165295,발주,127372955,41670025,"오하이 전면 3D 풀커버 TPU 지문방지 무광택 필름 3p + 부착 가이드툴, 갤럭시 S24플러스, 1세트",2026-03-31 22:01:21,DAE3,2,"9,540","19,080",2026-05-29
29165295,발주,127372955,41670033,"오하이 전면 3D 풀커버 TPU 지문방지 + 무광택 휴대폰 액정보호필름 3p + 부착 가이드툴, 갤럭시 S23FE, 1세트",2026-03-31 21:16:57,DAE3,10,"9,540","95,400",2026-05-29
29165295,발주,127372955,55701817,"오하이 풀커버 강화유리 액정보호필름 + 이지솔루션 제공, 2매1세트, 갤럭시S25 울트라",2026-03-31 21:48:42,DAE3,2,"10,740","21,480",2026-05-29
29165295,발주,127448721,27217829,오하이 저반사 지문방지 풀커버 내부액정보호필름 내부3매+외부 3매 +option+ 갤럭시 Z플립4 ::,2026-03-31 21:17:40,DAE3,3,"10,700","32,100",2026-05-29
29165295,발주,127448721,41670004,"오하이 전면 3D 풀커버 TPU 지문방지 + 무광택 휴대폰 액정보호필름 3p + 부착 가이드툴, 갤럭시 S24, 1세트",2026-03-31 21:22:23,DAE3,1,"9,540","9,540",2026-05-29
29165295,발주,127448721,50428036,"오하이 전면 3D 풀커버 TPU 지문방지 + 무광택 휴대폰 액정보호필름 3p + 부착 가이드툴, 아이폰16, 1세트",2026-03-31 21:04:43,DAE3,1,"9,540","9,540",2026-05-29
29165295,발주,127448721,55707340,"오하이 전면 3D 풀커버 TPU 지문방지 + 무광택 휴대폰 액정보호필름 3p + 부착 가이드툴, 삼성 갤럭시 S25, 1세트",2026-03-31 20:57:11,DAE3,4,"9,060","36,240",2026-05-29
29165295,발주,127452849,55707338,"오하이 전면 3D 풀커버 TPU 지문방지 + 무광택 휴대폰 액정보호필름 3p + 부착 가이드툴, 삼성 갤럭시 S25울트라, 1세트",2026-03-31 21:29:40,DAE3,3,"9,060","27,180",2026-05-29
29165295,발주,127452849,55707338,"오하이 전면 3D 풀커버 TPU 지문방지 + 무광택 휴대폰 액정보호필름 3p + 부착 가이드툴, 삼성 갤럭시 S25울트라, 1세트",2026-03-31 21:30:56,DAE3,3,"9,060","27,180",2026-05-29
29165295,발주,127452849,55707338,"오하이 전면 3D 풀커버 TPU 지문방지 + 무광택 휴대폰 액정보호필름 3p + 부착 가이드툴, 삼성 갤럭시 S25울트라, 1세트",2026-03-31 21:33:01,DAE3,3,"9,060","27,180",2026-05-29
29165295,발주,127452863,50342949,"오하이 풀커버 강화유리 액정보호필름2개 + EZ툴 제공, 아이폰16프로",2026-03-31 21:17:40,DAE3,7,"10,740","75,180",2026-05-29
29165295,발주,127452863,50342949,"오하이 풀커버 강화유리 액정보호필름2개 + EZ툴 제공, 아이폰16프로",2026-03-31 21:46:24,DAE3,1,"10,740","10,740",2026-05-29
29165295,발주,127563275,39017749,"오하이 풀커버 강화유리 액정보호필름 + 이지솔루션 제공, 2개, 아이폰15프로",2026-03-31 21:43:10,DAE3,13,"10,740","139,620",2026-05-29
29165295,발주,127566239,41241011,"오하이 전면 3D 풀커버 TPU 지문방지 + 무광택 휴대폰 액정보호필름 3p + 부착 가이드툴, 아이폰SE2/SE3, 1세트",2026-03-31 22:08:05,DAE3,1,"9,540","9,540",2026-05-29
29165295,발주,127566239,41269788,"오하이 사생활보호 프라이버시 TPU 지문인식 휴대폰 액정보호필름 2매+간편부착 툴, 삼성 갤럭시 S22, 1세트",2026-03-31 21:50:53,DAE3,1,"6,705","6,705",2026-05-29
29165295,발주,127566239,50344698,"오하이 EZ툴 풀커버 사생활보호 프라이버시 강화유리 휴대폰 액정보호필름 2매, 아이폰 16 프로맥스, 1세트",2026-03-31 21:47:21,DAE3,1,"11,940","11,940",2026-05-29
29165295,발주,127566239,52729614,"오하이 전면 3D 풀커버 TPU 지문방지 + 무광택 휴대폰 액정보호필름 3p + 부착 가이드툴, 삼성 갤럭시 S24FE, 1세트",2026-03-31 22:15:43,DAE3,2,"9,540","19,080",2026-05-29
29165295,발주,127566239,63073467,"오하이 전면 3D 풀커버 TPU 지문방지 + 무광택 필름 + 부착 가이드툴, 갤럭시S23플러스, 1세트",2026-03-31 21:14:34,DAE3,4,"9,540","38,160",2026-05-29
29165295,발주,127659639,37350956,오하이 갤럭시 Z플립 5 저반사 지문방지 풀커버 액정보호필름 내부3매+외부3매 1세트,2026-03-31 21:40:33,DAE3,3,"10,700","32,100",2026-05-29
29165295,발주,127659639,39017751,"오하이 풀커버 강화유리 액정보호필름 + 이지솔루션 제공, 2개, 아이폰15플러스",2026-03-31 21:44:59,DAE3,2,"10,740","21,480",2026-05-29
29165295,발주,127659639,48102855,오하이 갤럭시 Z폴드6 저반사 지문방지 풀커버 액정보호필름 외부3매+내부 3매 1세트,2026-03-31 20:57:11,DAE3,3,"12,000","36,000",2026-05-29
29165295,발주,127659911,48102855,오하이 갤럭시 Z폴드6 저반사 지문방지 풀커버 액정보호필름 외부3매+내부 3매 1세트,2026-03-31 21:04:43,DAE3,3,"12,000","36,000",2026-05-29
29165295,발주,127705677,62178971,오하이 풀커버 강화유리 휴대폰 액정보호필름 2p + EZ 툴 세트 아이폰17 1세트,2026-03-31 18:24:05,INC30,7,"10,740","75,180",2026-05-29
29165295,발주,127706107,37350956,오하이 갤럭시 Z플립 5 저반사 지문방지 풀커버 액정보호필름 내부3매+외부3매 1세트,2026-03-31 18:24:05,INC30,8,"10,700","85,600",2026-05-29
29165295,발주,127706107,65199912,오하이 전면 3D 풀커버 TPU 지문방지 + 무광택 필름 + 부착 가이드툴 갤럭시 S25FE 1세트,2026-03-31 13:41:28,INC30,5,"9,600","48,000",2026-05-29
29165295,발주,127707123,27686156,"오하이 풀커버 강화유리 액정보호필름 + 이지솔루션 제공, 2개, 아이폰14맥스(플러스)",2026-03-31 18:33:54,INC30,4,"10,740","42,960",2026-05-29
29165295,발주,127707123,39017754,"오하이 풀커버 강화유리 액정보호필름 + 이지솔루션 제공, 2개, 아이폰15프로맥스",2026-03-31 18:22:05,INC30,16,"10,740","171,840",2026-05-29
29165295,발주,127707123,42015231,"오하이 사생활보호 프라이버시 TPU 지문인식 휴대폰 액정보호필름 2매+간편부착 툴, 삼성 갤럭시 S24울트라, 1세트",2026-03-31 18:22:05,INC30,1,"6,705","6,705",2026-05-29
29165295,발주,127707123,60043362,"오하이 전면 3D 풀커버 TPU 지문방지 + 무광택 휴대폰 액정보호필름 3p + 부착 가이드툴, 갤럭시 S25엣지, 1세트",2026-03-31 18:33:54,INC30,6,"9,540","57,240",2026-05-29
29165295,발주,127708047,13906359,오하이 전면 3D 풀커버 TPU 지문방지 액정보호필름 3p + 부착 가이드툴 세트 갤럭시 노트10플러스 1세트,2026-03-31 21:12:05,DAE3,1,"9,600","9,600",2026-05-29
29165295,발주,127708047,13906362,오하이 전면 3D 풀커버 TPU 지문방지 액정보호필름 3p + 부착 가이드툴 세트 갤럭시 S20 1세트,2026-03-31 21:11:06,DAE3,1,"9,600","9,600",2026-05-29
29165295,발주,127708047,19454771,"오하이 풀커버 강화유리 액정보호필름2개 + EZ툴 제공, 아이폰12/12프로",2026-03-31 21:29:40,DAE3,1,"10,740","10,740",2026-05-29
29165295,발주,127708047,19454772,"오하이 풀커버 강화유리 액정보호필름2개 + EZ툴 제공, 아이폰12프로맥스",2026-03-31 21:34:03,DAE3,3,"10,740","32,220",2026-05-29
29165295,발주,127708047,19454772,"오하이 풀커버 강화유리 액정보호필름2개 + EZ툴 제공, 아이폰12프로맥스",2026-03-31 21:36:53,DAE3,2,"10,740","21,480",2026-05-29
29165295,발주,127708047,21585981,오하이 전면 3D 풀커버 TPU 지문방지 액정보호필름 3p + 부착 가이드툴 세트 갤럭시 S22 1세트,2026-03-31 21:28:01,DAE3,1,"9,600","9,600",2026-05-29
29165295,발주,127708047,35373954,"오하이 EZ툴 아이폰 풀커버 사생활보호 프라이버시 강화유리필름 2매, 아이폰 13/13프로, 1세트",2026-03-31 21:39:48,DAE3,5,"11,940","59,700",2026-05-29
29165295,발주,127708047,39017754,"오하이 풀커버 강화유리 액정보호필름 + 이지솔루션 제공, 2개, 아이폰15프로맥스",2026-03-31 21:49:48,DAE3,1,"10,740","10,740",2026-05-29
29165295,발주,127708047,40840077,"오하이 전면 3D 풀커버 TPU 지문방지 + 무광택 휴대폰 액정보호필름 3p + 부착 가이드툴, 아이폰14, 1세트",2026-03-31 21:45:49,DAE3,1,"9,540","9,540",2026-05-29
29165295,발주,127708047,41670004,"오하이 전면 3D 풀커버 TPU 지문방지 + 무광택 휴대폰 액정보호필름 3p + 부착 가이드툴, 갤럭시 S24, 1세트",2026-03-31 21:24:33,DAE3,6,"9,540","57,240",2026-05-29
29165295,발주,127708047,41670004,"오하이 전면 3D 풀커버 TPU 지문방지 + 무광택 휴대폰 액정보호필름 3p + 부착 가이드툴, 갤럭시 S24, 1세트",2026-03-31 21:28:06,DAE3,2,"9,540","19,080",2026-05-29
29165295,발주,127708047,41670004,"오하이 전면 3D 풀커버 TPU 지문방지 + 무광택 휴대폰 액정보호필름 3p + 부착 가이드툴, 갤럭시 S24, 1세트",2026-03-31 21:34:13,DAE3,1,"9,540","9,540",2026-05-29
29165295,발주,127708047,41670025,"오하이 전면 3D 풀커버 TPU 지문방지 무광택 필름 3p + 부착 가이드툴, 갤럭시 S24플러스, 1세트",2026-03-31 22:09:55,DAE3,1,"9,540","9,540",2026-05-29
29165295,발주,127708047,42671052,"오하이 전면 3D 풀커버 TPU 지문방지 + 무광택 휴대폰 액정보호필름 3p + 부착 가이드툴, 갤럭시 A23, 1세트",2026-03-31 22:05:02,DAE3,1,"9,540","9,540",2026-05-29
29165295,발주,127708047,50342948,"오하이 풀커버 강화유리 액정보호필름2개 + EZ툴 제공, 아이폰16플러스",2026-03-31 21:24:33,DAE3,6,"10,740","64,440",2026-05-29
29165295,발주,127708047,50342950,"오하이 풀커버 강화유리 액정보호필름2개 + EZ툴 제공, 아이폰16프로맥스",2026-03-31 21:22:23,DAE3,10,"10,740","107,400",2026-05-29
29165295,발주,127708047,50342952,"오하이 풀커버 강화유리 액정보호필름2개 + EZ툴 제공, 아이폰16",2026-03-31 21:20:10,DAE3,8,"10,740","85,920",2026-05-29
29165295,발주,127708047,50428038,"오하이 전면 3D 풀커버 TPU 지문방지 + 무광택 휴대폰 액정보호필름 3p + 부착 가이드툴, 아이폰16프로, 1세트",2026-03-31 21:07:54,DAE3,1,"9,540","9,540",2026-05-29
29165295,발주,127708047,57316047,"오하이 일미리 케이스 1mm 변색 없는 PC 하드 케이스, 아이폰 16프로맥스",2026-03-31 21:34:03,DAE3,1,"8,000","8,000",2026-05-29
29165295,발주,127708047,60136101,"오하이 사생활보호 프라이버시 TPU 지문인식 휴대폰 액정보호필름 2매+간편부착 툴, 삼성 갤럭시 S25엣지, 1세트",2026-03-31 23:09:22,DAE3,1,"6,705","6,705",2026-05-29
29165295,발주,127708567,11222413,"오하이 풀커버 지문방지 무광택 액정보호필름 2매입, 갤럭시 노트10플러스",2026-03-31 20:10:31,SAN3,1,"6,960","6,960",2026-05-29
29165295,발주,127708567,39017751,"오하이 풀커버 강화유리 액정보호필름 + 이지솔루션 제공, 2개, 아이폰15플러스",2026-03-31 20:10:31,SAN3,1,"10,740","10,740",2026-05-29
29165295,발주,127708567,40840065,"오하이 전면 3D 풀커버 TPU 지문방지 + 무광택 휴대폰 액정보호필름 3p + 부착 가이드툴, 아이폰13/13프로, 1세트",2026-03-31 19:19:50,SAN3,1,"9,540","9,540",2026-05-29
29165295,발주,127708567,41241023,"오하이 전면 3D 풀커버 TPU 지문방지 + 무광택 휴대폰 액정보호필름 3p + 부착 가이드툴, 아이폰XR/11, 1세트",2026-03-31 19:19:50,SAN3,1,"9,540","9,540",2026-05-29
29165295,발주,127708567,42671147,"오하이 전면 3D 풀커버 TPU 지문방지 + 무광택 휴대폰 액정보호필름 3p + 부착 가이드툴, 삼성 갤럭시 S9, 1세트",2026-03-31 19:53:06,SAN3,1,"9,540","9,540",2026-05-29
29165295,발주,127708567,62178969,오하이 풀커버 강화유리 휴대폰 액정보호필름 2p + EZ 툴 세트 아이폰 Air,2026-03-31 19:19:50,SAN3,3,"10,740","32,220",2026-05-29
29165295,발주,127708567,65568329,오하이 갤럭시워치 캐쥬얼 실리콘 스트랩 밴드 20mm 블랙 갤럭시워치 1개,2026-03-31 19:53:06,SAN3,1,"5,655","5,655",2026-05-29
29165295,발주,127709311,63073467,"오하이 전면 3D 풀커버 TPU 지문방지 + 무광택 필름 + 부착 가이드툴, 갤럭시S23플러스, 1세트",2026-03-31 18:22:05,INC30,4,"9,540","38,160",2026-05-29
29165295,발주,127709562,41555857,"오하이 EZ툴 풀커버 사생활보호 프라이버시 강화유리 휴대폰 액정보호필름 2매, 아이폰 15 프로, 1세트",2026-03-31 21:33:01,DAE3,5,"11,940","59,700",2026-05-29
29165295,발주,127709656,62178971,오하이 풀커버 강화유리 휴대폰 액정보호필름 2p + EZ 툴 세트 아이폰17 1세트,2026-03-31 18:24:05,INC30,25,"10,740","268,500",2026-05-29
29165295,발주,127709958,19454771,"오하이 풀커버 강화유리 액정보호필름2개 + EZ툴 제공, 아이폰12/12프로",2026-03-31 20:10:31,SAN3,1,"10,740","10,740",2026-05-29
29165295,발주,127709958,21585994,오하이 전면 3D 풀커버 TPU 지문방지 액정보호필름 3p + 부착 가이드툴 세트 갤럭시S22울트라 1세트,2026-03-31 19:19:50,SAN3,7,"9,600","67,200",2026-05-29
29165295,발주,127709958,41241005,"오하이 전면 3D 풀커버 TPU 지문방지 + 무광택 휴대폰 액정보호필름 3p + 부착 가이드툴, 아이폰 X/XS/11프로, 1세트",2026-03-31 19:53:06,SAN3,2,"9,540","19,080",2026-05-29
29165295,발주,127709958,50344698,"오하이 EZ툴 풀커버 사생활보호 프라이버시 강화유리 휴대폰 액정보호필름 2매, 아이폰 16 프로맥스, 1세트",2026-03-31 20:10:31,SAN3,6,"11,940","71,640",2026-05-29
29165295,발주,127709958,50344701,"오하이 EZ툴 아이폰 풀커버 사생활보호 프라이버시 강화유리필름 2매, 아이폰 16 프로, 1세트",2026-03-31 20:10:31,SAN3,1,"11,940","11,940",2026-05-29
29165295,발주,127709958,50428035,"오하이 전면 3D 풀커버 TPU 지문방지 + 무광택 휴대폰 액정보호필름 3p + 부착 가이드툴, 아이폰16프로맥스, 1세트",2026-03-31 19:53:06,SAN3,1,"9,540","9,540",2026-05-29
29165295,발주,127709958,55701378,"오하이 사생활보호 프라이버시 TPU 지문인식 휴대폰 액정보호필름 2매+간편부착 툴, 삼성 갤럭시 S25, 1세트",2026-03-31 19:53:06,SAN3,1,"6,705","6,705",2026-05-29
29165295,발주,127725502,35373961,"오하이 EZ툴 아이폰 풀커버 사생활보호 프라이버시 강화유리필름 2매, 아이폰 14, 1세트",2026-03-31 18:22:05,INC30,1,"11,940","11,940",2026-05-29
29176556,발주,127255998,50342949,"오하이 풀커버 강화유리 액정보호필름2개 + EZ툴 제공, 아이폰16프로",2026-04-01 10:44:27,KKW3,6,"10,740","64,440",2026-05-29
29176556,발주,127373051,19454772,"오하이 풀커버 강화유리 액정보호필름2개 + EZ툴 제공, 아이폰12프로맥스",2026-04-01 10:52:50,KKW3,2,"10,740","21,480",2026-05-29
29176556,발주,127373051,35373969,"오하이 EZ툴 아이폰 풀커버 사생활보호 프라이버시 강화유리필름 2매, 아이폰 14 프로맥스, 1세트",2026-04-01 10:52:50,KKW3,2,"11,940","23,880",2026-05-29
29176556,발주,127373051,40840056,"오하이 전면 3D 풀커버 TPU 지문방지 + 무광택 휴대폰 액정보호필름 3p + 부착 가이드툴, 아이폰12/12프로, 1세트",2026-04-01 01:39:39,KKW3,1,"9,540","9,540",2026-05-29
29176556,발주,127373051,40840087,"오하이 전면 3D 풀커버 TPU 지문방지 + 무광택 휴대폰 액정보호필름 3p + 부착 가이드툴, 아이폰15프로, 1세트",2026-04-01 01:39:39,KKW3,2,"9,540","19,080",2026-05-29
29176556,발주,127373051,40840089,"오하이 전면 3D 풀커버 TPU 지문방지 + 무광택 휴대폰 액정보호필름 3p + 부착 가이드툴, 아이폰15프로맥스, 1세트",2026-04-01 01:39:39,KKW3,3,"9,558","28,674",2026-05-29
29176556,발주,127373051,41670033,"오하이 전면 3D 풀커버 TPU 지문방지 + 무광택 휴대폰 액정보호필름 3p + 부착 가이드툴, 갤럭시 S23FE, 1세트",2026-04-01 01:37:52,KKW3,10,"9,540","95,400",2026-05-29
29176556,발주,127373051,50428035,"오하이 전면 3D 풀커버 TPU 지문방지 + 무광택 휴대폰 액정보호필름 3p + 부착 가이드툴, 아이폰16프로맥스, 1세트",2026-04-01 01:37:52,KKW3,3,"9,540","28,620",2026-05-29
29176556,발주,127373051,54737755,"오하이 아이패드 갤럭시탭 6H 유리코팅 방탄강화 블루라이트 차단 고투명 PET 액정보호필름 간편부착 2매, 갤럭시탭 A9플러스 11인치, 1개",2026-04-01 10:44:27,KKW3,1,"10,140","10,140",2026-05-29
29176556,발주,127373051,55701378,"오하이 사생활보호 프라이버시 TPU 지문인식 휴대폰 액정보호필름 2매+간편부착 툴, 삼성 갤럭시 S25, 1세트",2026-04-01 01:37:52,KKW3,2,"6,705","13,410",2026-05-29
29176556,발주,127373051,55707339,"오하이 전면 3D 풀커버 TPU 지문방지 + 무광택 휴대폰 액정보호필름 3p + 부착 가이드툴, 삼성 갤럭시 S25플러스, 1세트",2026-04-01 01:37:52,KKW3,10,"9,540","95,400",2026-05-29
29176556,발주,127448922,18371038,"오하이 풀커버 강화유리 액정보호필름2개 + EZ툴 제공, 아이폰13/13프로",2026-04-01 10:52:50,KKW3,7,"10,740","75,180",2026-05-29
29176556,발주,127448922,39017751,"오하이 풀커버 강화유리 액정보호필름 + 이지솔루션 제공, 2개, 아이폰15플러스",2026-04-01 01:42:07,KKW3,1,"10,740","10,740",2026-05-29
29176556,발주,127448922,42015231,"오하이 사생활보호 프라이버시 TPU 지문인식 휴대폰 액정보호필름 2매+간편부착 툴, 삼성 갤럭시 S24울트라, 1세트",2026-04-01 01:37:52,KKW3,1,"6,705","6,705",2026-05-29
29176556,발주,127448922,48472776,"오하이 풀커버 강화유리 액정보호필름2개 + EZ툴 제공, 갤럭시S24 플러스",2026-04-01 10:52:50,KKW3,1,"10,740","10,740",2026-05-29
29176556,발주,127448922,50428038,"오하이 전면 3D 풀커버 TPU 지문방지 + 무광택 휴대폰 액정보호필름 3p + 부착 가이드툴, 아이폰16프로, 1세트",2026-04-01 01:37:52,KKW3,1,"9,540","9,540",2026-05-29
29176556,발주,127448922,65199912,오하이 전면 3D 풀커버 TPU 지문방지 + 무광택 필름 + 부착 가이드툴 갤럭시 S25FE 1세트,2026-04-01 01:37:52,KKW3,9,"9,600","86,400",2026-05-29
29176556,발주,127452960,50342949,"오하이 풀커버 강화유리 액정보호필름2개 + EZ툴 제공, 아이폰16프로",2026-04-01 10:52:50,KKW3,14,"10,740","150,360",2026-05-29
29176556,발주,127452968,39017749,"오하이 풀커버 강화유리 액정보호필름 + 이지솔루션 제공, 2개, 아이폰15프로",2026-04-01 10:52:50,KKW3,1,"10,740","10,740",2026-05-29
29176556,발주,127452968,50342949,"오하이 풀커버 강화유리 액정보호필름2개 + EZ툴 제공, 아이폰16프로",2026-04-01 10:52:50,KKW3,6,"10,740","64,440",2026-05-29
29176556,발주,127566453,13906339,오하이 전면 3D 풀커버 TPU 지문방지 액정보호필름 3p + 부착 가이드툴 세트 갤럭시 S21 1세트,2026-04-01 01:39:39,KKW3,3,"9,600","28,800",2026-05-29
29176556,발주,127659775,19454771,"오하이 풀커버 강화유리 액정보호필름2개 + EZ툴 제공, 아이폰12/12프로",2026-04-01 01:37:52,KKW3,1,"10,740","10,740",2026-05-29
29176556,발주,127659775,48102855,오하이 갤럭시 Z폴드6 저반사 지문방지 풀커버 액정보호필름 외부3매+내부 3매 1세트,2026-04-01 01:37:52,KKW3,3,"12,000","36,000",2026-05-29
29176556,발주,127711064,19454771,"오하이 풀커버 강화유리 액정보호필름2개 + EZ툴 제공, 아이폰12/12프로",2026-04-01 10:52:50,KKW3,1,"10,740","10,740",2026-05-29
29176556,발주,127711064,37350957,오하이 지문방지 풀커버 저반사 매트 액정보호필름 전면 3매+내부 3매 +option+ 갤럭시 Z폴드5 ::,2026-04-01 01:42:07,KKW3,1,"12,000","12,000",2026-05-29
29176556,발주,127711064,41269798,"오하이 사생활보호 프라이버시 TPU 지문인식 휴대폰 액정보호필름 2매+간편부착 툴, 삼성 갤럭시 S23, 1세트",2026-04-01 01:39:39,KKW3,2,"6,705","13,410",2026-05-29
29176556,발주,127711064,41670010,"오하이 전면 3D 풀커버 TPU 지문방지 + 무광택 휴대폰 액정보호필름 3p + 부착 가이드툴, 갤럭시 S24울트라, 1세트",2026-04-01 01:37:52,KKW3,1,"9,540","9,540",2026-05-29
29176556,발주,127711064,48102855,오하이 갤럭시 Z폴드6 저반사 지문방지 풀커버 액정보호필름 외부3매+내부 3매 1세트,2026-04-01 10:44:27,KKW3,3,"12,000","36,000",2026-05-29
29176556,발주,127711064,50344700,"오하이 EZ툴 풀커버 사생활보호 프라이버시 강화유리 휴대폰 액정보호필름 2매, 아이폰 16, 1세트",2026-04-01 10:52:50,KKW3,9,"11,940","107,460",2026-05-29
29176556,발주,127711064,63688990,오하이 EZ툴 풀커버 사생활보호 프라이버시 강화유리 휴대폰 액정보호필름 2p 세트 아이폰17프로 1세트,2026-04-01 10:52:50,KKW3,3,"11,940","35,820",2026-05-29
29176556,발주,127711266,11222408,"오하이 풀커버 지문방지 무광택 액정보호필름 2매입, 갤럭시S10 5G",2026-04-01 01:20:38,DON1,1,"6,960","6,960",2026-05-29
29176556,발주,127711266,13906323,오하이 전면 3D 풀커버 TPU 지문방지 액정보호필름 3p + 부착 가이드툴 세트 갤럭시S21울트라 1세트,2026-04-01 01:20:38,DON1,1,"9,600","9,600",2026-05-29
29176556,발주,127711266,37350956,오하이 갤럭시 Z플립 5 저반사 지문방지 풀커버 액정보호필름 내부3매+외부3매 1세트,2026-04-01 01:21:13,DON1,2,"10,700","21,400",2026-05-29
29176556,발주,127711266,41670025,"오하이 전면 3D 풀커버 TPU 지문방지 무광택 필름 3p + 부착 가이드툴, 갤럭시 S24플러스, 1세트",2026-04-01 01:20:38,DON1,1,"9,540","9,540",2026-05-29
29176556,발주,127711266,41911893,"오하이 지문방지 PET 무광필름 2매, 갤럭시 S24플러스, 1세트",2026-04-01 01:20:38,DON1,1,"9,600","9,600",2026-05-29
29176556,발주,127711266,48102856,오하이 갤럭시 Z플립 6 저반사 지문방지 풀커버 액정보호필름 내부3매+외부3매 1세트,2026-04-01 01:21:13,DON1,5,"10,700","53,500",2026-05-29
29176556,발주,127711266,48183125,"오하이 전면 3D 풀커버 TPU 지문방지 + 무광택 휴대폰 액정보호필름 3p + 부착 가이드툴, 갤럭시 A35, 1세트",2026-04-01 01:21:13,DON1,2,"9,540","19,080",2026-05-29
29176556,발주,127711266,50427107,"오하이 사생활보호 프라이버시 TPU 지문인식 휴대폰 액정보호필름 2매+간편부착 툴, 애플 아이폰 16프로, 1세트",2026-04-01 01:20:38,DON1,2,"6,705","13,410",2026-05-29
29176556,발주,127711266,50428036,"오하이 전면 3D 풀커버 TPU 지문방지 + 무광택 휴대폰 액정보호필름 3p + 부착 가이드툴, 아이폰16, 1세트",2026-04-01 01:20:38,DON1,4,"9,540","38,160",2026-05-29
29176556,발주,127711266,52729614,"오하이 전면 3D 풀커버 TPU 지문방지 + 무광택 휴대폰 액정보호필름 3p + 부착 가이드툴, 삼성 갤럭시 S24FE, 1세트",2026-04-01 01:20:38,DON1,1,"9,540","9,540",2026-05-29
29176556,발주,127711266,55701817,"오하이 풀커버 강화유리 액정보호필름 + 이지솔루션 제공, 2매1세트, 갤럭시S25 울트라",2026-04-01 01:20:38,DON1,5,"10,740","53,700",2026-05-29
29176556,발주,127711266,55701817,"오하이 풀커버 강화유리 액정보호필름 + 이지솔루션 제공, 2매1세트, 갤럭시S25 울트라",2026-04-01 01:21:13,DON1,2,"10,740","21,480",2026-05-29
29176556,발주,127711266,62178967,오하이 풀커버 강화유리 휴대폰 액정보호필름 2p + EZ 툴 세트 아이폰17프로맥스 1세트,2026-04-01 01:20:38,DON1,8,"10,740","85,920",2026-05-29
29176556,발주,127711266,62178967,오하이 풀커버 강화유리 휴대폰 액정보호필름 2p + EZ 툴 세트 아이폰17프로맥스 1세트,2026-04-01 01:21:13,DON1,13,"10,740","139,620",2026-05-29
29176556,발주,127711266,62922000,"오하이 폴드,플립 지문방지 무광택 액정보호 필름 + 부착 안내문, 삼성 갤럭시 Z폴드7, 1세트 투명",2026-04-01 01:21:13,DON1,5,"12,000","60,000",2026-05-29
29243506,발주,127935850,39017749,"오하이 풀커버 강화유리 액정보호필름 + 이지솔루션 제공, 2개, 아이폰15프로",2026-04-07 20:43:39,GOY1,9,"10,740","96,660",2026-06-05
29243506,발주,127935850,50342949,"오하이 풀커버 강화유리 액정보호필름2개 + EZ툴 제공, 아이폰16프로",2026-04-07 20:43:39,GOY1,25,"10,740","268,500",2026-06-05
29243506,발주,127935850,62178970,오하이 풀커버 강화유리 휴대폰 액정보호필름 2p + EZ 툴 세트 아이폰17프로 1세트,2026-04-07 20:43:42,GOY1,9,"10,740","96,660",2026-06-05
29243506,발주,128024643,48102855,오하이 갤럭시 Z폴드6 저반사 지문방지 풀커버 액정보호필름 외부3매+내부 3매 1세트,2026-04-07 21:51:22,GOY1,2,"12,000","24,000",2026-06-05
29243506,발주,128024643,55707339,"오하이 전면 3D 풀커버 TPU 지문방지 + 무광택 휴대폰 액정보호필름 3p + 부착 가이드툴, 삼성 갤럭시 S25플러스, 1세트",2026-04-07 21:59:14,GOY1,4,"9,540","38,160",2026-06-05
29243506,발주,128024643,60043362,"오하이 전면 3D 풀커버 TPU 지문방지 + 무광택 휴대폰 액정보호필름 3p + 부착 가이드툴, 갤럭시 S25엣지, 1세트",2026-04-07 21:59:14,GOY1,3,"9,540","28,620",2026-06-05
29243506,발주,128024643,63688990,오하이 EZ툴 풀커버 사생활보호 프라이버시 강화유리 휴대폰 액정보호필름 2p 세트 아이폰17프로 1세트,2026-04-07 21:59:14,GOY1,2,"11,940","23,880",2026-06-05
29243506,발주,128027597,50342949,"오하이 풀커버 강화유리 액정보호필름2개 + EZ툴 제공, 아이폰16프로",2026-04-07 10:34:51,GWJ2,22,"10,740","236,280",2026-06-05
29243506,발주,128027693,39017749,"오하이 풀커버 강화유리 액정보호필름 + 이지솔루션 제공, 2개, 아이폰15프로",2026-04-07 20:43:39,GOY1,11,"10,740","118,140",2026-06-05
29243506,발주,128027693,50342949,"오하이 풀커버 강화유리 액정보호필름2개 + EZ툴 제공, 아이폰16프로",2026-04-07 20:43:39,GOY1,11,"10,740","118,140",2026-06-05
29243506,발주,128027693,62178970,오하이 풀커버 강화유리 휴대폰 액정보호필름 2p + EZ 툴 세트 아이폰17프로 1세트,2026-04-07 21:59:08,GOY1,1,"10,740","10,740",2026-06-05
29243506,발주,128120142,19454771,"오하이 풀커버 강화유리 액정보호필름2개 + EZ툴 제공, 아이폰12/12프로",2026-04-07 21:59:08,GOY1,2,"10,740","21,480",2026-06-05
29243506,발주,128120142,35373955,"오하이 EZ툴 아이폰 풀커버 사생활보호 프라이버시 강화유리필름 2매, 아이폰 14 프로, 1세트",2026-04-07 21:59:08,GOY1,2,"11,940","23,880",2026-06-05
29243506,발주,128120142,37350956,오하이 갤럭시 Z플립 5 저반사 지문방지 풀커버 액정보호필름 내부3매+외부3매 1세트,2026-04-07 21:55:19,GOY1,8,"10,700","85,600",2026-06-05
29243506,발주,128120142,48102855,오하이 갤럭시 Z폴드6 저반사 지문방지 풀커버 액정보호필름 외부3매+내부 3매 1세트,2026-04-07 21:51:22,GOY1,1,"12,000","12,000",2026-06-05
29243506,발주,128120142,50344701,"오하이 EZ툴 아이폰 풀커버 사생활보호 프라이버시 강화유리필름 2매, 아이폰 16 프로, 1세트",2026-04-07 21:59:08,GOY1,3,"11,940","35,820",2026-06-05
29243506,발주,128121005,50342949,"오하이 풀커버 강화유리 액정보호필름2개 + EZ툴 제공, 아이폰16프로",2026-04-07 21:59:14,GOY1,5,"10,740","53,700",2026-06-05
29243506,발주,128121532,50342949,"오하이 풀커버 강화유리 액정보호필름2개 + EZ툴 제공, 아이폰16프로",2026-04-07 10:44:56,GWJ2,15,"10,740","161,100",2026-06-05
29243506,발주,128234819,39017751,"오하이 풀커버 강화유리 액정보호필름 + 이지솔루션 제공, 2개, 아이폰15플러스",2026-04-07 21:59:20,GOY1,1,"10,740","10,740",2026-06-05
29243506,발주,128234819,41670010,"오하이 전면 3D 풀커버 TPU 지문방지 + 무광택 휴대폰 액정보호필름 3p + 부착 가이드툴, 갤럭시 S24울트라, 1세트",2026-04-07 21:51:22,GOY1,2,"9,540","19,080",2026-06-05
29243506,발주,128235745,50342949,"오하이 풀커버 강화유리 액정보호필름2개 + EZ툴 제공, 아이폰16프로",2026-04-07 21:59:14,GOY1,3,"10,740","32,220",2026-06-05
29243506,발주,128235745,62178970,오하이 풀커버 강화유리 휴대폰 액정보호필름 2p + EZ 툴 세트 아이폰17프로 1세트,2026-04-07 21:59:08,GOY1,1,"10,740","10,740",2026-06-05
29243506,발주,128235949,62178970,오하이 풀커버 강화유리 휴대폰 액정보호필름 2p + EZ 툴 세트 아이폰17프로 1세트,2026-04-07 21:59:08,GOY1,9,"10,740","96,660",2026-06-05
29243506,발주,128236281,50342949,"오하이 풀커버 강화유리 액정보호필름2개 + EZ툴 제공, 아이폰16프로",2026-04-07 10:44:56,GWJ2,3,"10,740","32,220",2026-06-05
29243506,발주,128280008,12424362,"오하이 풀커버 지문방지 무광택 액정보호필름 3매입, 갤럭시 노트20 울트라",2026-04-07 09:29:04,INC30,1,"8,200","8,200",2026-06-05
29243506,발주,128280008,13906339,오하이 전면 3D 풀커버 TPU 지문방지 액정보호필름 3p + 부착 가이드툴 세트 갤럭시 S21 1세트,2026-04-07 09:29:04,INC30,1,"9,600","9,600",2026-06-05
29243506,발주,128280008,13906347,오하이 전면 3D 풀커버 TPU 지문방지 액정보호필름 3p + 부착 가이드툴 세트 갤럭시 S10 1세트,2026-04-07 09:29:04,INC30,1,"9,600","9,600",2026-06-05
29243506,발주,128280008,17185165,오하이 갤럭시 Z플립 3 저반사 지문방지 풀커버 액정보호필름 내부3매+외부3매 1세트,2026-04-07 09:17:55,INC30,1,"10,700","10,700",2026-06-05
29243506,발주,128280008,27686155,"오하이 풀커버 강화유리 액정보호필름 + 이지솔루션 제공, 2개, 아이폰14프로",2026-04-07 09:29:04,INC30,19,"10,740","204,060",2026-06-05
29243506,발주,128280008,35373955,"오하이 EZ툴 아이폰 풀커버 사생활보호 프라이버시 강화유리필름 2매, 아이폰 14 프로, 1세트",2026-04-07 09:29:04,INC30,1,"11,940","11,940",2026-06-05
29243506,발주,128280008,39374850,"오하이 전면 3D 풀커버 TPU 지문방지 + 무광택 휴대폰 액정보호필름 3p + 부착 가이드툴, 삼성 갤럭시 S20울트라, 1세트",2026-04-07 09:24:26,INC30,1,"9,540","9,540",2026-06-05
29243506,발주,128280008,40840059,"오하이 전면 3D 풀커버 TPU 지문방지 + 무광택 휴대폰 액정보호필름 3p + 부착 가이드툴, 아이폰12미니, 1세트",2026-04-07 09:24:26,INC30,1,"9,540","9,540",2026-06-05
29243506,발주,128280008,40840077,"오하이 전면 3D 풀커버 TPU 지문방지 + 무광택 휴대폰 액정보호필름 3p + 부착 가이드툴, 아이폰14, 1세트",2026-04-07 09:24:26,INC30,1,"9,540","9,540",2026-06-05
29243506,발주,128280008,40840087,"오하이 전면 3D 풀커버 TPU 지문방지 + 무광택 휴대폰 액정보호필름 3p + 부착 가이드툴, 아이폰15프로, 1세트",2026-04-07 09:24:26,INC30,3,"9,540","28,620",2026-06-05
29243506,발주,128280008,41241011,"오하이 전면 3D 풀커버 TPU 지문방지 + 무광택 휴대폰 액정보호필름 3p + 부착 가이드툴, 아이폰SE2/SE3, 1세트",2026-04-07 09:24:26,INC30,1,"9,540","9,540",2026-06-05
29243506,발주,128280008,41241022,"오하이 전면 3D 풀커버 TPU 지문방지 + 무광택 휴대폰 액정보호필름 3p + 부착 가이드툴, 아이폰XS맥스/11프로맥스, 1세트",2026-04-07 09:17:55,INC30,1,"9,540","9,540",2026-06-05
29243506,발주,128280008,41241022,"오하이 전면 3D 풀커버 TPU 지문방지 + 무광택 휴대폰 액정보호필름 3p + 부착 가이드툴, 아이폰XS맥스/11프로맥스, 1세트",2026-04-07 09:24:26,INC30,1,"9,540","9,540",2026-06-05
29243506,발주,128280008,48102856,오하이 갤럭시 Z플립 6 저반사 지문방지 풀커버 액정보호필름 내부3매+외부3매 1세트,2026-04-07 09:29:04,INC30,1,"10,700","10,700",2026-06-05
29243506,발주,128280008,50344699,"오하이 EZ툴 풀커버 사생활보호 프라이버시 강화유리 휴대폰 액정보호필름 2매, 아이폰 16 플러스, 1세트",2026-04-07 09:29:04,INC30,1,"11,940","11,940",2026-06-05
29243506,발주,128280008,50344701,"오하이 EZ툴 아이폰 풀커버 사생활보호 프라이버시 강화유리필름 2매, 아이폰 16 프로, 1세트",2026-04-07 09:29:04,INC30,27,"11,940","322,380",2026-06-05
29243506,발주,128280008,54737755,"오하이 아이패드 갤럭시탭 6H 유리코팅 방탄강화 블루라이트 차단 고투명 PET 액정보호필름 간편부착 2매, 갤럭시탭 A9플러스 11인치, 1개",2026-04-07 09:17:55,INC30,2,"10,140","20,280",2026-06-05
29243506,발주,128280008,55707339,"오하이 전면 3D 풀커버 TPU 지문방지 + 무광택 휴대폰 액정보호필름 3p + 부착 가이드툴, 삼성 갤럭시 S25플러스, 1세트",2026-04-07 09:24:26,INC30,5,"9,540","47,700",2026-06-05
29243506,발주,128280008,62922000,"오하이 폴드,플립 지문방지 무광택 액정보호 필름 + 부착 안내문, 삼성 갤럭시 Z폴드7, 1세트 투명",2026-04-07 09:24:26,INC30,11,"12,000","132,000",2026-06-05
29243506,발주,128280008,65568322,오하이 갤럭시워치 캐쥬얼 실리콘 스트랩 밴드 20mm 다크그린 갤럭시워치 1개,2026-04-07 09:17:55,INC30,2,"5,655","11,310",2026-06-05
29243506,발주,128280008,65568328,오하이 갤럭시워치 캐쥬얼 실리콘 스트랩 밴드 20mm 그레이 갤럭시워치 1개,2026-04-07 09:17:55,INC30,1,"5,655","5,655",2026-06-05
29243506,발주,128283448,18371038,"오하이 풀커버 강화유리 액정보호필름2개 + EZ툴 제공, 아이폰13/13프로",2026-04-07 21:59:08,GOY1,2,"10,740","21,480",2026-06-05
29243506,발주,128283448,27686154,"오하이 풀커버 강화유리 액정보호필름 + 이지솔루션 제공, 2개, 아이폰14",2026-04-07 21:59:08,GOY1,3,"10,740","32,220",2026-06-05
29243506,발주,128283448,27686157,"오하이 풀커버 강화유리 액정보호필름 + 이지솔루션 제공, 2개, 아이폰14프로맥스",2026-04-07 21:59:08,GOY1,3,"10,740","32,220",2026-06-05
29243506,발주,128283448,39017747,"오하이 풀커버 강화유리 액정보호필름 + 이지솔루션 제공, 2개, 아이폰15",2026-04-07 20:43:42,GOY1,23,"10,740","247,020",2026-06-05
29243506,발주,128283448,41670010,"오하이 전면 3D 풀커버 TPU 지문방지 + 무광택 휴대폰 액정보호필름 3p + 부착 가이드툴, 갤럭시 S24울트라, 1세트",2026-04-07 21:51:22,GOY1,1,"9,540","9,540",2026-06-05
29243506,발주,128283448,41670010,"오하이 전면 3D 풀커버 TPU 지문방지 + 무광택 휴대폰 액정보호필름 3p + 부착 가이드툴, 갤럭시 S24울트라, 1세트",2026-04-07 21:59:08,GOY1,2,"9,540","19,080",2026-06-05
29243506,발주,128283448,41670025,"오하이 전면 3D 풀커버 TPU 지문방지 무광택 필름 3p + 부착 가이드툴, 갤럭시 S24플러스, 1세트",2026-04-07 21:59:06,GOY1,2,"9,540","19,080",2026-06-05
29243506,발주,128283448,48102855,오하이 갤럭시 Z폴드6 저반사 지문방지 풀커버 액정보호필름 외부3매+내부 3매 1세트,2026-04-07 21:51:22,GOY1,1,"12,000","12,000",2026-06-05
29243506,발주,128283448,48102856,오하이 갤럭시 Z플립 6 저반사 지문방지 풀커버 액정보호필름 내부3매+외부3매 1세트,2026-04-07 21:59:06,GOY1,1,"10,700","10,700",2026-06-05
29243506,발주,128283448,50428038,"오하이 전면 3D 풀커버 TPU 지문방지 + 무광택 휴대폰 액정보호필름 3p + 부착 가이드툴, 아이폰16프로, 1세트",2026-04-07 21:59:14,GOY1,1,"9,540","9,540",2026-06-05
29243506,발주,128283448,55701817,"오하이 풀커버 강화유리 액정보호필름 + 이지솔루션 제공, 2매1세트, 갤럭시S25 울트라",2026-04-07 21:59:08,GOY1,2,"10,740","21,480",2026-06-05
29243506,발주,128283448,55707340,"오하이 전면 3D 풀커버 TPU 지문방지 + 무광택 휴대폰 액정보호필름 3p + 부착 가이드툴, 삼성 갤럭시 S25, 1세트",2026-04-07 21:51:22,GOY1,1,"9,060","9,060",2026-06-05
29243506,발주,128283448,62178971,오하이 풀커버 강화유리 휴대폰 액정보호필름 2p + EZ 툴 세트 아이폰17 1세트,2026-04-07 20:43:42,GOY1,10,"10,740","107,400",2026-06-05
29243506,발주,128283448,62921998,"오하이 폴드,플립 지문방지 무광택 액정보호 필름 + 부착 안내문, 삼성 갤럭시 Z플립7, 1세트 투명",2026-04-07 21:51:22,GOY1,8,"10,700","85,600",2026-06-05
29243506,발주,128283448,62921998,"오하이 폴드,플립 지문방지 무광택 액정보호 필름 + 부착 안내문, 삼성 갤럭시 Z플립7, 1세트 투명",2026-04-07 21:55:19,GOY1,4,"10,700","42,800",2026-06-05
29243506,발주,128283448,62922000,"오하이 폴드,플립 지문방지 무광택 액정보호 필름 + 부착 안내문, 삼성 갤럭시 Z폴드7, 1세트 투명",2026-04-07 21:51:22,GOY1,11,"12,000","132,000",2026-06-05
29243506,발주,128329518,55707338,"오하이 전면 3D 풀커버 TPU 지문방지 + 무광택 휴대폰 액정보호필름 3p + 부착 가이드툴, 삼성 갤럭시 S25울트라, 1세트",2026-04-07 21:51:22,GOY1,6,"9,060","54,360",2026-06-05
29243506,발주,128329518,62178970,오하이 풀커버 강화유리 휴대폰 액정보호필름 2p + EZ 툴 세트 아이폰17프로 1세트,2026-04-07 21:59:08,GOY1,1,"10,740","10,740",2026-06-05
29392796,발주,129001245,19454772,"오하이 풀커버 강화유리 액정보호필름2개 + EZ툴 제공, 아이폰12프로맥스",2026-04-21 19:00:51,DON1,6,"10,740","64,440",2026-06-19
29392796,발주,129001245,27686154,"오하이 풀커버 강화유리 액정보호필름 + 이지솔루션 제공, 2개, 아이폰14",2026-04-21 18:57:03,DON1,1,"10,740","10,740",2026-06-19
29392796,발주,129001245,55701817,"오하이 풀커버 강화유리 액정보호필름 + 이지솔루션 제공, 2매1세트, 갤럭시S25 울트라",2026-04-21 18:57:03,DON1,4,"10,740","42,960",2026-06-19
29392796,발주,129001245,63688990,오하이 EZ툴 풀커버 사생활보호 프라이버시 강화유리 휴대폰 액정보호필름 2p 세트 아이폰17프로 1세트,2026-04-21 19:00:51,DON1,8,"11,940","95,520",2026-06-19
29392796,발주,129001656,18371038,"오하이 풀커버 강화유리 액정보호필름2개 + EZ툴 제공, 아이폰13/13프로",2026-04-21 13:26:17,GOY1,19,"10,740","204,060",2026-06-19
29392796,발주,129001656,27686154,"오하이 풀커버 강화유리 액정보호필름 + 이지솔루션 제공, 2개, 아이폰14",2026-04-21 13:22:36,GOY1,2,"10,740","21,480",2026-06-19
29392796,발주,129001656,39017751,"오하이 풀커버 강화유리 액정보호필름 + 이지솔루션 제공, 2개, 아이폰15플러스",2026-04-21 13:27:54,GOY1,1,"10,740","10,740",2026-06-19
29392796,발주,129001914,13906334,"오하이 전면 3D 풀커버 TPU 지문방지 + 무광택 휴대폰 액정보호필름 3p + 부착 가이드툴, 갤럭시노트20, 1세트",2026-04-21 16:39:29,ECH2,1,"9,540","9,540",2026-06-19
29392796,발주,129001914,35373969,"오하이 EZ툴 아이폰 풀커버 사생활보호 프라이버시 강화유리필름 2매, 아이폰 14 프로맥스, 1세트",2026-04-21 16:36:53,ECH2,3,"11,940","35,820",2026-06-19
29392796,발주,129001914,48472777,"오하이 풀커버 강화유리 액정보호필름2개 + EZ툴 제공, 갤럭시S24",2026-04-21 16:39:29,ECH2,1,"10,740","10,740",2026-06-19
29392796,발주,129008206,39017749,"오하이 풀커버 강화유리 액정보호필름 + 이지솔루션 제공, 2개, 아이폰15프로",2026-04-21 16:39:15,ECH2,8,"10,740","85,920",2026-06-19
29392796,발주,129008206,50342949,"오하이 풀커버 강화유리 액정보호필름2개 + EZ툴 제공, 아이폰16프로",2026-04-21 16:36:53,ECH2,24,"10,740","257,760",2026-06-19
29392796,발주,129008206,62178970,오하이 풀커버 강화유리 휴대폰 액정보호필름 2p + EZ 툴 세트 아이폰17프로 1세트,2026-04-21 16:35:59,ECH2,9,"10,740","96,660",2026-06-19
29392796,발주,129008206,62178970,오하이 풀커버 강화유리 휴대폰 액정보호필름 2p + EZ 툴 세트 아이폰17프로 1세트,2026-04-21 16:39:15,ECH2,6,"10,740","64,440",2026-06-19
29392796,발주,129008566,39017749,"오하이 풀커버 강화유리 액정보호필름 + 이지솔루션 제공, 2개, 아이폰15프로",2026-04-21 13:26:17,GOY1,4,"10,740","42,960",2026-06-19
29392796,발주,129008566,50342949,"오하이 풀커버 강화유리 액정보호필름2개 + EZ툴 제공, 아이폰16프로",2026-04-21 13:22:36,GOY1,3,"10,740","32,220",2026-06-19
29392796,발주,129008566,50342949,"오하이 풀커버 강화유리 액정보호필름2개 + EZ툴 제공, 아이폰16프로",2026-04-21 13:26:17,GOY1,1,"10,740","10,740",2026-06-19
29392796,발주,129008566,62178970,오하이 풀커버 강화유리 휴대폰 액정보호필름 2p + EZ 툴 세트 아이폰17프로 1세트,2026-04-21 13:22:36,GOY1,27,"10,740","289,980",2026-06-19
29392796,발주,129008774,39017749,"오하이 풀커버 강화유리 액정보호필름 + 이지솔루션 제공, 2개, 아이폰15프로",2026-04-21 18:57:15,DON1,26,"10,740","279,240",2026-06-19
29392796,발주,129008774,50342949,"오하이 풀커버 강화유리 액정보호필름2개 + EZ툴 제공, 아이폰16프로",2026-04-21 18:47:02,DON1,1,"10,740","10,740",2026-06-19
29392796,발주,129094685,27686154,"오하이 풀커버 강화유리 액정보호필름 + 이지솔루션 제공, 2개, 아이폰14",2026-04-21 18:57:03,DON1,1,"10,740","10,740",2026-06-19
29392796,발주,129094685,27686155,"오하이 풀커버 강화유리 액정보호필름 + 이지솔루션 제공, 2개, 아이폰14프로",2026-04-21 18:47:27,DON1,5,"10,740","53,700",2026-06-19
29392796,발주,129094685,27686157,"오하이 풀커버 강화유리 액정보호필름 + 이지솔루션 제공, 2개, 아이폰14프로맥스",2026-04-21 18:47:02,DON1,1,"10,740","10,740",2026-06-19
29392796,발주,129096098,18371038,"오하이 풀커버 강화유리 액정보호필름2개 + EZ툴 제공, 아이폰13/13프로",2026-04-21 13:26:17,GOY1,2,"10,740","21,480",2026-06-19
29392796,발주,129096098,48102856,오하이 갤럭시 Z플립 6 저반사 지문방지 풀커버 액정보호필름 내부3매+외부3매 1세트,2026-04-21 13:37:15,GOY1,3,"10,700","32,100",2026-06-19
29392796,발주,129096098,63688990,오하이 EZ툴 풀커버 사생활보호 프라이버시 강화유리 휴대폰 액정보호필름 2p 세트 아이폰17프로 1세트,2026-04-21 13:36:55,GOY1,3,"11,940","35,820",2026-06-19
29392796,발주,129096164,35373969,"오하이 EZ툴 아이폰 풀커버 사생활보호 프라이버시 강화유리필름 2매, 아이폰 14 프로맥스, 1세트",2026-04-21 18:49:23,INC30,1,"11,940","11,940",2026-06-19
29392796,발주,129100018,39017749,"오하이 풀커버 강화유리 액정보호필름 + 이지솔루션 제공, 2개, 아이폰15프로",2026-04-21 16:39:15,ECH2,4,"10,740","42,960",2026-06-19
29392796,발주,129100487,39017749,"오하이 풀커버 강화유리 액정보호필름 + 이지솔루션 제공, 2개, 아이폰15프로",2026-04-21 18:57:15,DON1,3,"10,740","32,220",2026-06-19
29392796,발주,129100487,50342949,"오하이 풀커버 강화유리 액정보호필름2개 + EZ툴 제공, 아이폰16프로",2026-04-21 18:47:02,DON1,2,"10,740","21,480",2026-06-19
29392796,발주,129100487,50342949,"오하이 풀커버 강화유리 액정보호필름2개 + EZ툴 제공, 아이폰16프로",2026-04-21 18:57:03,DON1,1,"10,740","10,740",2026-06-19
29392796,발주,129100487,50342949,"오하이 풀커버 강화유리 액정보호필름2개 + EZ툴 제공, 아이폰16프로",2026-04-21 18:57:27,DON1,6,"10,740","64,440",2026-06-19
29392796,발주,129100842,39017749,"오하이 풀커버 강화유리 액정보호필름 + 이지솔루션 제공, 2개, 아이폰15프로",2026-04-21 13:26:17,GOY1,3,"10,740","32,220",2026-06-19
29392796,발주,129211561,18371038,"오하이 풀커버 강화유리 액정보호필름2개 + EZ툴 제공, 아이폰13/13프로",2026-04-21 20:53:06,SEL1,16,"10,740","171,840",2026-06-19
29392796,발주,129211561,19454771,"오하이 풀커버 강화유리 액정보호필름2개 + EZ툴 제공, 아이폰12/12프로",2026-04-21 21:36:26,SEL1,2,"10,740","21,480",2026-06-19
29392796,발주,129211561,27686157,"오하이 풀커버 강화유리 액정보호필름 + 이지솔루션 제공, 2개, 아이폰14프로맥스",2026-04-21 21:45:06,SEL1,2,"10,740","21,480",2026-06-19
29392796,발주,129211561,31762099,"오하이 전면 3D 풀커버 TPU 지문방지 + 무광택 휴대폰 액정보호필름 3p + 부착 가이드툴, 갤럭시S23울트라, 1세트",2026-04-21 19:49:45,SEL1,7,"9,540","66,780",2026-06-19
29392796,발주,129211561,35373969,"오하이 EZ툴 아이폰 풀커버 사생활보호 프라이버시 강화유리필름 2매, 아이폰 14 프로맥스, 1세트",2026-04-21 20:05:35,SEL1,2,"11,940","23,880",2026-06-19
29392796,발주,129211561,39017754,"오하이 풀커버 강화유리 액정보호필름 + 이지솔루션 제공, 2개, 아이폰15프로맥스",2026-04-21 20:53:26,SEL1,4,"10,740","42,960",2026-06-19
29392796,발주,129211561,40840066,"오하이 전면 3D 풀커버 TPU 지문방지 + 무광택 휴대폰 액정보호필름 3p + 부착 가이드툴, 아이폰13미니, 1세트",2026-04-21 20:05:35,SEL1,2,"9,540","19,080",2026-06-19
29392796,발주,129211561,40840087,"오하이 전면 3D 풀커버 TPU 지문방지 + 무광택 휴대폰 액정보호필름 3p + 부착 가이드툴, 아이폰15프로, 1세트",2026-04-21 20:11:12,SEL1,1,"9,540","9,540",2026-06-19
29392796,발주,129211561,48102855,오하이 갤럭시 Z폴드6 저반사 지문방지 풀커버 액정보호필름 외부3매+내부 3매 1세트,2026-04-21 20:05:35,SEL1,4,"12,000","48,000",2026-06-19
29392796,발주,129211561,48102856,오하이 갤럭시 Z플립 6 저반사 지문방지 풀커버 액정보호필름 내부3매+외부3매 1세트,2026-04-21 20:53:06,SEL1,3,"10,700","32,100",2026-06-19
29392796,발주,129211561,50342950,"오하이 풀커버 강화유리 액정보호필름2개 + EZ툴 제공, 아이폰16프로맥스",2026-04-21 21:10:46,SEL1,10,"10,740","107,400",2026-06-19
29392796,발주,129211561,65314217,"오하이 전면 3D 풀커버 TPU 지문방지 무광택 필름 + 부착 가이드툴 아이폰 17 Pro, 3매입 1세트",2026-04-21 20:53:42,SEL1,1,"9,600","9,600",2026-06-19
29392796,발주,129211561,65568322,오하이 갤럭시워치 캐쥬얼 실리콘 스트랩 밴드 20mm 다크그린 갤럭시워치 1개,2026-04-21 19:49:45,SEL1,1,"5,655","5,655",2026-06-19
29392796,발주,129211561,69748316,"오하이 전면 3D 풀커버 TPU 지문방지 + 무광택 필름 + 필름 부착도구, 아이폰17e",2026-04-21 20:53:26,SEL1,1,"9,600","9,600",2026-06-19
29392796,발주,129212439,19454771,"오하이 풀커버 강화유리 액정보호필름2개 + EZ툴 제공, 아이폰12/12프로",2026-04-21 13:22:36,GOY1,1,"10,740","10,740",2026-06-19
29392796,발주,129212439,35373955,"오하이 EZ툴 아이폰 풀커버 사생활보호 프라이버시 강화유리필름 2매, 아이폰 14 프로, 1세트",2026-04-21 13:22:36,GOY1,1,"11,940","11,940",2026-06-19
29392796,발주,129212439,48102855,오하이 갤럭시 Z폴드6 저반사 지문방지 풀커버 액정보호필름 외부3매+내부 3매 1세트,2026-04-21 13:37:15,GOY1,1,"12,000","12,000",2026-06-19
29392796,발주,129212439,48102856,오하이 갤럭시 Z플립 6 저반사 지문방지 풀커버 액정보호필름 내부3매+외부3매 1세트,2026-04-21 13:37:15,GOY1,2,"10,700","21,400",2026-06-19
29392796,발주,129212439,55707340,"오하이 전면 3D 풀커버 TPU 지문방지 + 무광택 휴대폰 액정보호필름 3p + 부착 가이드툴, 삼성 갤럭시 S25, 1세트",2026-04-21 13:37:15,GOY1,4,"9,060","36,240",2026-06-19
29392796,발주,129212439,60043362,"오하이 전면 3D 풀커버 TPU 지문방지 + 무광택 휴대폰 액정보호필름 3p + 부착 가이드툴, 갤럭시 S25엣지, 1세트",2026-04-21 13:36:55,GOY1,1,"9,540","9,540",2026-06-19
29392796,발주,129212670,19454771,"오하이 풀커버 강화유리 액정보호필름2개 + EZ툴 제공, 아이폰12/12프로",2026-04-21 18:57:03,DON1,1,"10,740","10,740",2026-06-19
29392796,발주,129212670,27686157,"오하이 풀커버 강화유리 액정보호필름 + 이지솔루션 제공, 2개, 아이폰14프로맥스",2026-04-21 18:47:02,DON1,1,"10,740","10,740",2026-06-19
29392796,발주,129212670,39017751,"오하이 풀커버 강화유리 액정보호필름 + 이지솔루션 제공, 2개, 아이폰15플러스",2026-04-21 19:05:01,DON1,1,"10,740","10,740",2026-06-19
29392796,발주,129215366,39017749,"오하이 풀커버 강화유리 액정보호필름 + 이지솔루션 제공, 2개, 아이폰15프로",2026-04-21 13:26:17,GOY1,2,"10,740","21,480",2026-06-19
29392796,발주,129215445,39017749,"오하이 풀커버 강화유리 액정보호필름 + 이지솔루션 제공, 2개, 아이폰15프로",2026-04-21 16:39:15,ECH2,2,"10,740","21,480",2026-06-19
29392796,발주,129308847,35373954,"오하이 EZ툴 아이폰 풀커버 사생활보호 프라이버시 강화유리필름 2매, 아이폰 13/13프로, 1세트",2026-04-21 20:53:42,SEL1,4,"11,940","47,760",2026-06-19
29392796,발주,129308847,35373955,"오하이 EZ툴 아이폰 풀커버 사생활보호 프라이버시 강화유리필름 2매, 아이폰 14 프로, 1세트",2026-04-21 19:49:45,SEL1,1,"11,940","11,940",2026-06-19
29392796,발주,129308847,41555864,"오하이 EZ툴 풀커버 사생활보호 프라이버시 강화유리 휴대폰 액정보호필름 2매, 아이폰 15, 1세트",2026-04-21 20:11:12,SEL1,1,"11,940","11,940",2026-06-19
29392796,발주,129308847,62922000,"오하이 폴드,플립 지문방지 무광택 액정보호 필름 + 부착 안내문, 삼성 갤럭시 Z폴드7, 1세트 투명",2026-04-21 19:49:45,SEL1,8,"12,000","96,000",2026-06-19
29392796,발주,129309271,27686155,"오하이 풀커버 강화유리 액정보호필름 + 이지솔루션 제공, 2개, 아이폰14프로",2026-04-21 13:22:36,GOY1,6,"10,740","64,440",2026-06-19
29392796,발주,129309271,35373955,"오하이 EZ툴 아이폰 풀커버 사생활보호 프라이버시 강화유리필름 2매, 아이폰 14 프로, 1세트",2026-04-21 13:22:36,GOY1,2,"11,940","23,880",2026-06-19
29392796,발주,129309271,48102856,오하이 갤럭시 Z플립 6 저반사 지문방지 풀커버 액정보호필름 내부3매+외부3매 1세트,2026-04-21 13:37:15,GOY1,1,"10,700","10,700",2026-06-19
29392796,발주,129309271,60043362,"오하이 전면 3D 풀커버 TPU 지문방지 + 무광택 휴대폰 액정보호필름 3p + 부착 가이드툴, 갤럭시 S25엣지, 1세트",2026-04-21 13:36:55,GOY1,2,"9,540","19,080",2026-06-19
29392796,발주,129398036,19454771,"오하이 풀커버 강화유리 액정보호필름2개 + EZ툴 제공, 아이폰12/12프로",2026-04-21 18:41:57,INC30,1,"10,740","10,740",2026-06-19
29392796,발주,129398036,35373955,"오하이 EZ툴 아이폰 풀커버 사생활보호 프라이버시 강화유리필름 2매, 아이폰 14 프로, 1세트",2026-04-21 18:41:57,INC30,1,"11,940","11,940",2026-06-19
29392796,발주,129398036,39374850,"오하이 전면 3D 풀커버 TPU 지문방지 + 무광택 휴대폰 액정보호필름 3p + 부착 가이드툴, 삼성 갤럭시 S20울트라, 1세트",2026-04-21 18:39:21,INC30,2,"9,540","19,080",2026-06-19
29392796,발주,129398036,40840087,"오하이 전면 3D 풀커버 TPU 지문방지 + 무광택 휴대폰 액정보호필름 3p + 부착 가이드툴, 아이폰15프로, 1세트",2026-04-21 18:39:21,INC30,3,"9,540","28,620",2026-06-19
29392796,발주,129398036,48102856,오하이 갤럭시 Z플립 6 저반사 지문방지 풀커버 액정보호필름 내부3매+외부3매 1세트,2026-04-21 18:37:11,INC30,2,"10,700","21,400",2026-06-19
29392796,발주,129398288,18371042,"오하이 풀커버 강화유리 액정보호필름2개 + EZ툴 제공, 아이폰13프로맥스",2026-04-21 19:01:53,DON1,1,"10,740","10,740",2026-06-19
29392796,발주,129398288,27686155,"오하이 풀커버 강화유리 액정보호필름 + 이지솔루션 제공, 2개, 아이폰14프로",2026-04-21 18:47:27,DON1,12,"10,740","128,880",2026-06-19
29392796,발주,129398288,27686157,"오하이 풀커버 강화유리 액정보호필름 + 이지솔루션 제공, 2개, 아이폰14프로맥스",2026-04-21 18:47:02,DON1,2,"10,740","21,480",2026-06-19
29392796,발주,129398288,35373961,"오하이 EZ툴 아이폰 풀커버 사생활보호 프라이버시 강화유리필름 2매, 아이폰 14, 1세트",2026-04-21 18:57:03,DON1,1,"11,940","11,940",2026-06-19
29392796,발주,129398288,39017749,"오하이 풀커버 강화유리 액정보호필름 + 이지솔루션 제공, 2개, 아이폰15프로",2026-04-21 18:57:15,DON1,11,"10,740","118,140",2026-06-19
29392796,발주,129398288,39017754,"오하이 풀커버 강화유리 액정보호필름 + 이지솔루션 제공, 2개, 아이폰15프로맥스",2026-04-21 18:57:21,DON1,15,"10,740","161,100",2026-06-19
29392796,발주,129398288,50342949,"오하이 풀커버 강화유리 액정보호필름2개 + EZ툴 제공, 아이폰16프로",2026-04-21 18:57:16,DON1,38,"10,740","408,120",2026-06-19
29392796,발주,129398288,50342952,"오하이 풀커버 강화유리 액정보호필름2개 + EZ툴 제공, 아이폰16",2026-04-21 18:59:13,DON1,24,"10,740","257,760",2026-06-19
29392796,발주,129398288,50342952,"오하이 풀커버 강화유리 액정보호필름2개 + EZ툴 제공, 아이폰16",2026-04-21 19:00:37,DON1,3,"10,740","32,220",2026-06-19
29392796,발주,129398288,62178971,오하이 풀커버 강화유리 휴대폰 액정보호필름 2p + EZ 툴 세트 아이폰17 1세트,2026-04-21 19:00:37,DON1,20,"10,740","214,800",2026-06-19
29392796,발주,129398288,65076573,오하이 모션핏 맥세이프 미니 셀카봉 브이로그 삼각대 화이트 1개 모션핏_W,2026-04-21 19:01:53,DON1,1,"13,740","13,740",2026-06-19
29392796,발주,129398398,62178971,오하이 풀커버 강화유리 휴대폰 액정보호필름 2p + EZ 툴 세트 아이폰17 1세트,2026-04-21 16:39:15,ECH2,2,"10,740","21,480",2026-06-19
29392796,발주,129398512,19454771,"오하이 풀커버 강화유리 액정보호필름2개 + EZ툴 제공, 아이폰12/12프로",2026-04-21 18:41:57,INC30,1,"10,740","10,740",2026-06-19
29392796,발주,129398512,41670004,"오하이 전면 3D 풀커버 TPU 지문방지 + 무광택 휴대폰 액정보호필름 3p + 부착 가이드툴, 갤럭시 S24, 1세트",2026-04-21 18:39:21,INC30,1,"9,540","9,540",2026-06-19
29392796,발주,129398815,12424360,"오하이 풀커버 지문방지 무광택 액정보호필름 3매입, 갤럭시 노트20",2026-04-21 18:41:57,INC30,1,"8,200","8,200",2026-06-19
29392796,발주,129398815,13906323,오하이 전면 3D 풀커버 TPU 지문방지 액정보호필름 3p + 부착 가이드툴 세트 갤럭시S21울트라 1세트,2026-04-21 18:41:57,INC30,1,"9,600","9,600",2026-06-19
29392796,발주,129398815,17185168,오하이 저반사 지문방지 풀커버 액정보호필름 전면 3매+내부 3매 +option+ 갤럭시 Z폴드3 ::,2026-04-21 18:41:57,INC30,1,"12,000","12,000",2026-06-19
29392796,발주,129398815,21585982,오하이 전면 3D 풀커버 TPU 지문방지 액정보호필름 3p + 부착 가이드툴 세트 갤럭시S22플러스 1세트,2026-04-21 18:39:21,INC30,1,"9,600","9,600",2026-06-19
29392796,발주,129398815,39017749,"오하이 풀커버 강화유리 액정보호필름 + 이지솔루션 제공, 2개, 아이폰15프로",2026-04-21 18:49:23,INC30,2,"10,740","21,480",2026-06-19
29392796,발주,129398815,39374831,"오하이 전면 3D 풀커버 TPU 지문방지 + 무광택 휴대폰 액정보호필름 3p + 부착 가이드툴, 갤럭시 S20FE, 1세트",2026-04-21 18:39:21,INC30,1,"9,540","9,540",2026-06-19
29392796,발주,129398815,41241023,"오하이 전면 3D 풀커버 TPU 지문방지 + 무광택 휴대폰 액정보호필름 3p + 부착 가이드툴, 아이폰XR/11, 1세트",2026-04-21 18:41:57,INC30,1,"9,540","9,540",2026-06-19
29392796,발주,129398815,41269824,"오하이 사생활보호 프라이버시 TPU 지문인식 휴대폰 액정보호필름 2매+간편부착 툴, 애플 아이폰 15프로맥스, 1세트",2026-04-21 18:41:57,INC30,1,"6,705","6,705",2026-06-19
29392796,발주,129398815,50342949,"오하이 풀커버 강화유리 액정보호필름2개 + EZ툴 제공, 아이폰16프로",2026-04-21 18:49:23,INC30,6,"10,740","64,440",2026-06-19
29392796,발주,129398815,50344699,"오하이 EZ툴 풀커버 사생활보호 프라이버시 강화유리 휴대폰 액정보호필름 2매, 아이폰 16 플러스, 1세트",2026-04-21 18:49:23,INC30,1,"11,940","11,940",2026-06-19
29392796,발주,129398815,54175430,"오하이 지문방지 PET 무광필름 2매, 아이폰16프로, 1세트",2026-04-21 18:39:21,INC30,1,"9,600","9,600",2026-06-19
29392796,발주,129398815,62178971,오하이 풀커버 강화유리 휴대폰 액정보호필름 2p + EZ 툴 세트 아이폰17 1세트,2026-04-21 18:49:23,INC30,5,"10,740","53,700",2026-06-19
29392796,발주,129398815,62922000,"오하이 폴드,플립 지문방지 무광택 액정보호 필름 + 부착 안내문, 삼성 갤럭시 Z폴드7, 1세트 투명",2026-04-21 18:37:11,INC30,17,"12,000","204,000",2026-06-19
29392796,발주,129398815,65568325,오하이 갤럭시워치 캐쥬얼 실리콘 스트랩 밴드 20mm 오렌지 갤럭시워치 1개,2026-04-21 18:41:57,INC30,1,"5,655","5,655",2026-06-19
29392796,발주,129400551,50342949,"오하이 풀커버 강화유리 액정보호필름2개 + EZ툴 제공, 아이폰16프로",2026-04-21 13:26:17,GOY1,1,"10,740","10,740",2026-06-19
29392796,발주,129400551,62178971,오하이 풀커버 강화유리 휴대폰 액정보호필름 2p + EZ 툴 세트 아이폰17 1세트,2026-04-21 13:22:36,GOY1,10,"10,740","107,400",2026-06-19
29392796,발주,129400578,18371038,"오하이 풀커버 강화유리 액정보호필름2개 + EZ툴 제공, 아이폰13/13프로",2026-04-21 18:49:23,INC30,10,"10,740","107,400",2026-06-19
29392796,발주,129400578,27686157,"오하이 풀커버 강화유리 액정보호필름 + 이지솔루션 제공, 2개, 아이폰14프로맥스",2026-04-21 18:51:43,INC30,1,"10,740","10,740",2026-06-19
29392796,발주,129400578,39017749,"오하이 풀커버 강화유리 액정보호필름 + 이지솔루션 제공, 2개, 아이폰15프로",2026-04-21 18:49:23,INC30,5,"10,740","53,700",2026-06-19
29392796,발주,129400578,41670010,"오하이 전면 3D 풀커버 TPU 지문방지 + 무광택 휴대폰 액정보호필름 3p + 부착 가이드툴, 갤럭시 S24울트라, 1세트",2026-04-21 18:39:21,INC30,1,"9,540","9,540",2026-06-19
29392796,발주,129400578,55707339,"오하이 전면 3D 풀커버 TPU 지문방지 + 무광택 휴대폰 액정보호필름 3p + 부착 가이드툴, 삼성 갤럭시 S25플러스, 1세트",2026-04-21 18:39:21,INC30,5,"9,540","47,700",2026-06-19
29392796,발주,129400578,62178971,오하이 풀커버 강화유리 휴대폰 액정보호필름 2p + EZ 툴 세트 아이폰17 1세트,2026-04-21 18:49:23,INC30,9,"10,740","96,660",2026-06-19
29392796,발주,129400610,27686154,"오하이 풀커버 강화유리 액정보호필름 + 이지솔루션 제공, 2개, 아이폰14",2026-04-21 23:36:26,SEL1,1,"10,740","10,740",2026-06-19
29392796,발주,129400610,35373955,"오하이 EZ툴 아이폰 풀커버 사생활보호 프라이버시 강화유리필름 2매, 아이폰 14 프로, 1세트",2026-04-21 23:42:04,SEL1,1,"11,940","11,940",2026-06-19
29392796,발주,129400610,62178971,오하이 풀커버 강화유리 휴대폰 액정보호필름 2p + EZ 툴 세트 아이폰17 1세트,2026-04-21 21:30:04,SEL1,2,"10,740","21,480",2026-06-19
29404184,발주,129000320,39017754,"오하이 풀커버 강화유리 액정보호필름 + 이지솔루션 제공, 2개, 아이폰15프로맥스",2026-04-22 19:28:30,CHW1,19,"10,740","204,060",2026-06-19
29404184,발주,129000320,62178967,오하이 풀커버 강화유리 휴대폰 액정보호필름 2p + EZ 툴 세트 아이폰17프로맥스 1세트,2026-04-22 19:28:30,CHW1,2,"10,740","21,480",2026-06-19
29404184,발주,129001245,11222413,"오하이 풀커버 지문방지 무광택 액정보호필름 2매입, 갤럭시 노트10플러스",2026-04-22 14:29:05,DON1,1,"6,960","6,960",2026-06-19
29404184,발주,129001245,40840056,"오하이 전면 3D 풀커버 TPU 지문방지 + 무광택 휴대폰 액정보호필름 3p + 부착 가이드툴, 아이폰12/12프로, 1세트",2026-04-22 14:29:05,DON1,1,"9,540","9,540",2026-06-19
29404184,발주,129001245,40840085,"오하이 전면 3D 풀커버 TPU 지문방지 + 무광택 휴대폰 액정보호필름 3p + 부착 가이드툴, 아이폰15, 1세트",2026-04-22 14:29:05,DON1,2,"9,540","19,080",2026-06-19
29404184,발주,129001245,41670004,"오하이 전면 3D 풀커버 TPU 지문방지 + 무광택 휴대폰 액정보호필름 3p + 부착 가이드툴, 갤럭시 S24, 1세트",2026-04-22 14:35:22,DON1,1,"9,540","9,540",2026-06-19
29404184,발주,129001245,42671147,"오하이 전면 3D 풀커버 TPU 지문방지 + 무광택 휴대폰 액정보호필름 3p + 부착 가이드툴, 삼성 갤럭시 S9, 1세트",2026-04-22 14:29:05,DON1,1,"9,540","9,540",2026-06-19
29404184,발주,129001245,60043362,"오하이 전면 3D 풀커버 TPU 지문방지 + 무광택 휴대폰 액정보호필름 3p + 부착 가이드툴, 갤럭시 S25엣지, 1세트",2026-04-22 14:29:05,DON1,4,"9,540","38,160",2026-06-19
29404184,발주,129001914,40840087,"오하이 전면 3D 풀커버 TPU 지문방지 + 무광택 휴대폰 액정보호필름 3p + 부착 가이드툴, 아이폰15프로, 1세트",2026-04-22 20:19:40,ECH2,1,"9,540","9,540",2026-06-19
29404184,발주,129002062,48102856,오하이 갤럭시 Z플립 6 저반사 지문방지 풀커버 액정보호필름 내부3매+외부3매 1세트,2026-04-22 21:04:21,CHW1,3,"10,700","32,100",2026-06-19
29404184,발주,129008595,62178970,오하이 풀커버 강화유리 휴대폰 액정보호필름 2p + EZ 툴 세트 아이폰17프로 1세트,2026-04-22 21:13:41,CHW1,14,"10,740","150,360",2026-06-19
29404184,발주,129094152,27686154,"오하이 풀커버 강화유리 액정보호필름 + 이지솔루션 제공, 2개, 아이폰14",2026-04-22 21:04:21,CHW1,2,"10,740","21,480",2026-06-19
29404184,발주,129094152,31762099,"오하이 전면 3D 풀커버 TPU 지문방지 + 무광택 휴대폰 액정보호필름 3p + 부착 가이드툴, 갤럭시S23울트라, 1세트",2026-04-22 21:04:21,CHW1,6,"9,540","57,240",2026-06-19
29404184,발주,129094152,48102856,오하이 갤럭시 Z플립 6 저반사 지문방지 풀커버 액정보호필름 내부3매+외부3매 1세트,2026-04-22 21:04:21,CHW1,2,"10,700","21,400",2026-06-19
29404184,발주,129094685,13906334,"오하이 전면 3D 풀커버 TPU 지문방지 + 무광택 휴대폰 액정보호필름 3p + 부착 가이드툴, 갤럭시노트20, 1세트",2026-04-22 14:29:05,DON1,1,"9,540","9,540",2026-06-19
29404184,발주,129094685,21585994,오하이 전면 3D 풀커버 TPU 지문방지 액정보호필름 3p + 부착 가이드툴 세트 갤럭시S22울트라 1세트,2026-04-22 14:29:05,DON1,6,"9,600","57,600",2026-06-19
29404184,발주,129094685,65314216,"오하이 전면 3D 풀커버 TPU 지문방지 무광택 필름 + 부착 가이드툴, 아이폰 17, 3매입 1세트",2026-04-22 14:29:05,DON1,4,"9,600","38,400",2026-06-19
29404184,발주,129100209,50342949,"오하이 풀커버 강화유리 액정보호필름2개 + EZ툴 제공, 아이폰16프로",2026-04-22 19:34:51,CHW1,1,"10,740","10,740",2026-06-19
29404184,발주,129211626,62178971,오하이 풀커버 강화유리 휴대폰 액정보호필름 2p + EZ 툴 세트 아이폰17 1세트,2026-04-22 19:28:29,CHW1,4,"10,740","42,960",2026-06-19
29404184,발주,129211853,55707339,"오하이 전면 3D 풀커버 TPU 지문방지 + 무광택 휴대폰 액정보호필름 3p + 부착 가이드툴, 삼성 갤럭시 S25플러스, 1세트",2026-04-22 21:04:21,CHW1,1,"9,540","9,540",2026-06-19
29404184,발주,129398239,27686155,"오하이 풀커버 강화유리 액정보호필름 + 이지솔루션 제공, 2개, 아이폰14프로",2026-04-22 19:28:30,CHW1,12,"10,740","128,880",2026-06-19
29404184,발주,129398239,39017749,"오하이 풀커버 강화유리 액정보호필름 + 이지솔루션 제공, 2개, 아이폰15프로",2026-04-22 19:28:30,CHW1,7,"10,740","75,180",2026-06-19
29404184,발주,129398239,50342949,"오하이 풀커버 강화유리 액정보호필름2개 + EZ툴 제공, 아이폰16프로",2026-04-22 19:34:51,CHW1,9,"10,740","96,660",2026-06-19
29404184,발주,129398239,50344701,"오하이 EZ툴 아이폰 풀커버 사생활보호 프라이버시 강화유리필름 2매, 아이폰 16 프로, 1세트",2026-04-22 21:04:21,CHW1,13,"11,940","155,220",2026-06-19
29404184,발주,129398239,62178971,오하이 풀커버 강화유리 휴대폰 액정보호필름 2p + EZ 툴 세트 아이폰17 1세트,2026-04-22 19:28:30,CHW1,2,"10,740","21,480",2026-06-19
29404184,발주,129398288,31762097,"오하이 전면 3D 풀커버 TPU 지문방지 + 무광택 휴대폰 액정보호필름 3p + 부착 가이드툴, 갤럭시S23, 1세트",2026-04-22 14:29:05,DON1,2,"9,540","19,080",2026-06-19
29404184,발주,129398288,41670010,"오하이 전면 3D 풀커버 TPU 지문방지 + 무광택 휴대폰 액정보호필름 3p + 부착 가이드툴, 갤럭시 S24울트라, 1세트",2026-04-22 14:35:22,DON1,1,"9,540","9,540",2026-06-19
29404184,발주,129398288,50427105,"오하이 사생활보호 프라이버시 TPU 지문인식 휴대폰 액정보호필름 2매+간편부착 툴, 애플 아이폰 16프로맥스, 1세트",2026-04-22 14:40:05,DON1,1,"6,705","6,705",2026-06-19
29404184,발주,129398288,69748316,"오하이 전면 3D 풀커버 TPU 지문방지 + 무광택 필름 + 필름 부착도구, 아이폰17e",2026-04-22 14:29:05,DON1,4,"9,600","38,400",2026-06-19
29404184,발주,129398512,48102856,오하이 갤럭시 Z플립 6 저반사 지문방지 풀커버 액정보호필름 내부3매+외부3매 1세트,2026-04-22 15:43:04,INC30,1,"10,700","10,700",2026-06-19
29404184,발주,129400578,55707339,"오하이 전면 3D 풀커버 TPU 지문방지 + 무광택 휴대폰 액정보호필름 3p + 부착 가이드툴, 삼성 갤럭시 S25플러스, 1세트",2026-04-22 15:39:36,INC30,2,"9,540","19,080",2026-06-19
29416408,발주,129001748,65314216,"오하이 전면 3D 풀커버 TPU 지문방지 무광택 필름 + 부착 가이드툴, 아이폰 17, 3매입 1세트",2026-04-23 09:23:08,DAE3,1,"9,600","9,600",2026-06-19
29416408,발주,129001839,27686154,"오하이 풀커버 강화유리 액정보호필름 + 이지솔루션 제공, 2개, 아이폰14",2026-04-23 09:39:18,DAE3,3,"10,740","32,220",2026-06-19
29416408,발주,129001839,50428036,"오하이 전면 3D 풀커버 TPU 지문방지 + 무광택 휴대폰 액정보호필름 3p + 부착 가이드툴, 아이폰16, 1세트",2026-04-23 09:46:56,DAE3,1,"9,540","9,540",2026-06-19
29416408,발주,129001839,55705545,"오하이 지문방지 PET 무광필름 2매, 갤럭시 S25플러스, 1세트",2026-04-23 09:43:36,DAE3,1,"9,600","9,600",2026-06-19
29416408,발주,129001839,69748316,"오하이 전면 3D 풀커버 TPU 지문방지 + 무광택 필름 + 필름 부착도구, 아이폰17e",2026-04-23 09:26:47,DAE3,5,"9,600","48,000",2026-06-19
29416408,발주,129095710,11222412,"오하이 풀커버 지문방지 무광택 액정보호필름 2매입, 갤럭시 노트10",2026-04-23 09:53:35,DAE3,1,"6,960","6,960",2026-06-19
29416408,발주,129095710,18371042,"오하이 풀커버 강화유리 액정보호필름2개 + EZ툴 제공, 아이폰13프로맥스",2026-04-23 02:41:33,DAE3,1,"10,740","10,740",2026-06-19
29416408,발주,129095710,41241005,"오하이 전면 3D 풀커버 TPU 지문방지 + 무광택 휴대폰 액정보호필름 3p + 부착 가이드툴, 아이폰 X/XS/11프로, 1세트",2026-04-23 09:45:10,DAE3,1,"9,540","9,540",2026-06-19
29416408,발주,129095710,50342950,"오하이 풀커버 강화유리 액정보호필름2개 + EZ툴 제공, 아이폰16프로맥스",2026-04-23 09:26:47,DAE3,1,"10,740","10,740",2026-06-19
29416408,발주,129095710,55707340,"오하이 전면 3D 풀커버 TPU 지문방지 + 무광택 휴대폰 액정보호필름 3p + 부착 가이드툴, 삼성 갤럭시 S25, 1세트",2026-04-23 09:48:03,DAE3,1,"9,060","9,060",2026-06-19
29416408,발주,129096098,18371038,"오하이 풀커버 강화유리 액정보호필름2개 + EZ툴 제공, 아이폰13/13프로",2026-04-23 13:23:46,GOY1,1,"10,740","10,740",2026-06-19
29416408,발주,129099996,50342949,"오하이 풀커버 강화유리 액정보호필름2개 + EZ툴 제공, 아이폰16프로",2026-04-23 02:34:53,DAE3,3,"10,740","32,220",2026-06-19
29416408,발주,129099996,55707338,"오하이 전면 3D 풀커버 TPU 지문방지 + 무광택 휴대폰 액정보호필름 3p + 부착 가이드툴, 삼성 갤럭시 S25울트라, 1세트",2026-04-23 10:00:09,DAE3,1,"9,060","9,060",2026-06-19
29416408,발주,129212401,35373955,"오하이 EZ툴 아이폰 풀커버 사생활보호 프라이버시 강화유리필름 2매, 아이폰 14 프로, 1세트",2026-04-23 09:46:56,DAE3,1,"11,940","11,940",2026-06-19
29416408,발주,129212401,48102855,오하이 갤럭시 Z폴드6 저반사 지문방지 풀커버 액정보호필름 외부3매+내부 3매 1세트,2026-04-23 02:47:59,DAE3,1,"12,000","12,000",2026-06-19
29416408,발주,129212401,48102856,오하이 갤럭시 Z플립 6 저반사 지문방지 풀커버 액정보호필름 내부3매+외부3매 1세트,2026-04-23 02:46:33,DAE3,1,"10,700","10,700",2026-06-19
29416408,발주,129212439,27686157,"오하이 풀커버 강화유리 액정보호필름 + 이지솔루션 제공, 2개, 아이폰14프로맥스",2026-04-23 13:23:46,GOY1,2,"10,740","21,480",2026-06-19
29416408,발주,129212439,55707340,"오하이 전면 3D 풀커버 TPU 지문방지 + 무광택 휴대폰 액정보호필름 3p + 부착 가이드툴, 삼성 갤럭시 S25, 1세트",2026-04-23 13:23:46,GOY1,2,"9,060","18,120",2026-06-19
29416408,발주,129212495,50342950,"오하이 풀커버 강화유리 액정보호필름2개 + EZ툴 제공, 아이폰16프로맥스",2026-04-23 10:43:58,DAE3,10,"10,740","107,400",2026-06-19
29416408,발주,129215366,39017749,"오하이 풀커버 강화유리 액정보호필름 + 이지솔루션 제공, 2개, 아이폰15프로",2026-04-23 13:23:46,GOY1,1,"10,740","10,740",2026-06-19
29416408,발주,129309556,35373969,"오하이 EZ툴 아이폰 풀커버 사생활보호 프라이버시 강화유리필름 2매, 아이폰 14 프로맥스, 1세트",2026-04-23 09:50:41,DAE3,1,"11,940","11,940",2026-06-19
29416408,발주,129309917,48102856,오하이 갤럭시 Z플립 6 저반사 지문방지 풀커버 액정보호필름 내부3매+외부3매 1세트,2026-04-23 09:50:41,DAE3,1,"10,700","10,700",2026-06-19
29416408,발주,129309917,63688989,오하이 EZ툴 풀커버 사생활보호 프라이버시 강화유리 휴대폰 액정보호필름 2p 세트 아이폰17 1세트,2026-04-23 09:43:36,DAE3,1,"11,940","11,940",2026-06-19
29416408,발주,129317338,39017749,"오하이 풀커버 강화유리 액정보호필름 + 이지솔루션 제공, 2개, 아이폰15프로",2026-04-23 12:06:28,DAE3,10,"10,740","107,400",2026-06-19
29416408,발주,129397600,18371038,"오하이 풀커버 강화유리 액정보호필름2개 + EZ툴 제공, 아이폰13/13프로",2026-04-23 11:01:57,DAE3,10,"10,740","107,400",2026-06-19
29416408,발주,129397600,18371042,"오하이 풀커버 강화유리 액정보호필름2개 + EZ툴 제공, 아이폰13프로맥스",2026-04-23 09:35:30,DAE3,1,"10,740","10,740",2026-06-19
29416408,발주,129397600,19454771,"오하이 풀커버 강화유리 액정보호필름2개 + EZ툴 제공, 아이폰12/12프로",2026-04-23 09:28:43,DAE3,1,"10,740","10,740",2026-06-19
29416408,발주,129397600,27686154,"오하이 풀커버 강화유리 액정보호필름 + 이지솔루션 제공, 2개, 아이폰14",2026-04-23 09:42:01,DAE3,1,"10,740","10,740",2026-06-19
29416408,발주,129397600,31762099,"오하이 전면 3D 풀커버 TPU 지문방지 + 무광택 휴대폰 액정보호필름 3p + 부착 가이드툴, 갤럭시S23울트라, 1세트",2026-04-23 02:42:39,DAE3,6,"9,540","57,240",2026-06-19
29416408,발주,129397600,35373969,"오하이 EZ툴 아이폰 풀커버 사생활보호 프라이버시 강화유리필름 2매, 아이폰 14 프로맥스, 1세트",2026-04-23 09:53:35,DAE3,1,"11,940","11,940",2026-06-19
29416408,발주,129397600,39017747,"오하이 풀커버 강화유리 액정보호필름 + 이지솔루션 제공, 2개, 아이폰15",2026-04-23 10:56:16,DAE3,11,"10,740","118,140",2026-06-19
29416408,발주,129397600,39017754,"오하이 풀커버 강화유리 액정보호필름 + 이지솔루션 제공, 2개, 아이폰15프로맥스",2026-04-23 10:50:31,DAE3,15,"10,740","161,100",2026-06-19
29416408,발주,129397600,48102855,오하이 갤럭시 Z폴드6 저반사 지문방지 풀커버 액정보호필름 외부3매+내부 3매 1세트,2026-04-23 09:35:30,DAE3,4,"12,000","48,000",2026-06-19
29416408,발주,129397600,48472777,"오하이 풀커버 강화유리 액정보호필름2개 + EZ툴 제공, 갤럭시S24",2026-04-23 09:48:03,DAE3,1,"10,740","10,740",2026-06-19
29416408,발주,129397600,55013234,"[전기종]오하이 도어락 지문방지 사생활보호 범죄예방 문캅스필름 2매+간편부착, 1세트, 지문방지필름 단일상품",2026-04-23 09:39:18,DAE3,3,"8,600","25,800",2026-06-19
29416408,발주,129397600,55701818,"오하이 풀커버 강화유리 액정보호필름 + 이지솔루션 제공, 2매1세트, 갤럭시S25",2026-04-23 09:23:08,DAE3,3,"10,740","32,220",2026-06-19
29416408,발주,129397600,60043362,"오하이 전면 3D 풀커버 TPU 지문방지 + 무광택 휴대폰 액정보호필름 3p + 부착 가이드툴, 갤럭시 S25엣지, 1세트",2026-04-23 09:28:43,DAE3,3,"9,540","28,620",2026-06-19
29416408,발주,129397600,62178967,오하이 풀커버 강화유리 휴대폰 액정보호필름 2p + EZ 툴 세트 아이폰17프로맥스 1세트,2026-04-23 10:15:51,DAE3,17,"10,740","182,580",2026-06-19
29416408,발주,129397600,62178967,오하이 풀커버 강화유리 휴대폰 액정보호필름 2p + EZ 툴 세트 아이폰17프로맥스 1세트,2026-04-23 10:24:23,DAE3,20,"10,740","214,800",2026-06-19
29416408,발주,129397600,63073467,"오하이 전면 3D 풀커버 TPU 지문방지 + 무광택 필름 + 부착 가이드툴, 갤럭시S23플러스, 1세트",2026-04-23 09:42:01,DAE3,1,"9,540","9,540",2026-06-19
29416408,발주,129397600,63688989,오하이 EZ툴 풀커버 사생활보호 프라이버시 강화유리 휴대폰 액정보호필름 2p 세트 아이폰17 1세트,2026-04-23 09:45:10,DAE3,1,"11,940","11,940",2026-06-19
29416408,발주,129397600,63688990,오하이 EZ툴 풀커버 사생활보호 프라이버시 강화유리 휴대폰 액정보호필름 2p 세트 아이폰17프로 1세트,2026-04-23 10:58:37,DAE3,8,"11,940","95,520",2026-06-19
29416408,발주,129398884,27686154,"오하이 풀커버 강화유리 액정보호필름 + 이지솔루션 제공, 2개, 아이폰14",2026-04-23 03:28:15,KKW3,3,"10,740","32,220",2026-06-19
29416408,발주,129398884,27686155,"오하이 풀커버 강화유리 액정보호필름 + 이지솔루션 제공, 2개, 아이폰14프로",2026-04-23 03:28:15,KKW3,12,"10,740","128,880",2026-06-19
29416408,발주,129398884,27686157,"오하이 풀커버 강화유리 액정보호필름 + 이지솔루션 제공, 2개, 아이폰14프로맥스",2026-04-23 03:28:15,KKW3,6,"10,740","64,440",2026-06-19
29416408,발주,129398884,35373955,"오하이 EZ툴 아이폰 풀커버 사생활보호 프라이버시 강화유리필름 2매, 아이폰 14 프로, 1세트",2026-04-23 03:28:15,KKW3,3,"11,940","35,820",2026-06-19
29416408,발주,129398884,39017749,"오하이 풀커버 강화유리 액정보호필름 + 이지솔루션 제공, 2개, 아이폰15프로",2026-04-23 03:38:20,KKW3,4,"10,740","42,960",2026-06-19
29416408,발주,129398884,39017751,"오하이 풀커버 강화유리 액정보호필름 + 이지솔루션 제공, 2개, 아이폰15플러스",2026-04-23 03:29:23,KKW3,1,"10,740","10,740",2026-06-19
29416408,발주,129398884,50342949,"오하이 풀커버 강화유리 액정보호필름2개 + EZ툴 제공, 아이폰16프로",2026-04-23 03:38:20,KKW3,7,"10,740","75,180",2026-06-19
29416408,발주,129398884,50342950,"오하이 풀커버 강화유리 액정보호필름2개 + EZ툴 제공, 아이폰16프로맥스",2026-04-23 03:38:20,KKW3,17,"10,740","182,580",2026-06-19
29416408,발주,129398884,62178971,오하이 풀커버 강화유리 휴대폰 액정보호필름 2p + EZ 툴 세트 아이폰17 1세트,2026-04-23 03:38:20,KKW3,7,"10,740","75,180",2026-06-19
29416408,발주,129399117,27686157,"오하이 풀커버 강화유리 액정보호필름 + 이지솔루션 제공, 2개, 아이폰14프로맥스",2026-04-23 00:01:37,DAE6,2,"10,740","21,480",2026-06-19
29416408,발주,129399117,39017747,"오하이 풀커버 강화유리 액정보호필름 + 이지솔루션 제공, 2개, 아이폰15",2026-04-23 00:01:37,DAE6,11,"10,740","118,140",2026-06-19
29416408,발주,129399117,41670010,"오하이 전면 3D 풀커버 TPU 지문방지 + 무광택 휴대폰 액정보호필름 3p + 부착 가이드툴, 갤럭시 S24울트라, 1세트",2026-04-23 00:06:11,DAE6,2,"9,540","19,080",2026-06-19
29416408,발주,129399117,48102855,오하이 갤럭시 Z폴드6 저반사 지문방지 풀커버 액정보호필름 외부3매+내부 3매 1세트,2026-04-23 00:06:11,DAE6,1,"12,000","12,000",2026-06-19
29416408,발주,129399117,50342949,"오하이 풀커버 강화유리 액정보호필름2개 + EZ툴 제공, 아이폰16프로",2026-04-23 00:01:37,DAE6,14,"10,740","150,360",2026-06-19
29416408,발주,129399117,50342950,"오하이 풀커버 강화유리 액정보호필름2개 + EZ툴 제공, 아이폰16프로맥스",2026-04-23 00:01:37,DAE6,17,"10,740","182,580",2026-06-19
29416408,발주,129399117,62178971,오하이 풀커버 강화유리 휴대폰 액정보호필름 2p + EZ 툴 세트 아이폰17 1세트,2026-04-23 00:01:37,DAE6,4,"10,740","42,960",2026-06-19
29416408,발주,129399117,62921998,"오하이 폴드,플립 지문방지 무광택 액정보호 필름 + 부착 안내문, 삼성 갤럭시 Z플립7, 1세트 투명",2026-04-23 00:06:11,DAE6,11,"10,700","117,700",2026-06-19
29416408,발주,129399117,62922000,"오하이 폴드,플립 지문방지 무광택 액정보호 필름 + 부착 안내문, 삼성 갤럭시 Z폴드7, 1세트 투명",2026-04-23 00:06:11,DAE6,17,"12,000","204,000",2026-06-19
29416408,발주,129399158,39017747,"오하이 풀커버 강화유리 액정보호필름 + 이지솔루션 제공, 2개, 아이폰15",2026-04-23 03:38:20,KKW3,11,"10,740","118,140",2026-06-19
29416408,발주,129399158,39017749,"오하이 풀커버 강화유리 액정보호필름 + 이지솔루션 제공, 2개, 아이폰15프로",2026-04-23 03:38:20,KKW3,1,"10,740","10,740",2026-06-19
29416408,발주,129399158,50342948,"오하이 풀커버 강화유리 액정보호필름2개 + EZ툴 제공, 아이폰16플러스",2026-04-23 03:28:15,KKW3,1,"10,740","10,740",2026-06-19
29416408,발주,129399158,50342949,"오하이 풀커버 강화유리 액정보호필름2개 + EZ툴 제공, 아이폰16프로",2026-04-23 03:38:20,KKW3,1,"10,740","10,740",2026-06-19
29416408,발주,129399158,62178971,오하이 풀커버 강화유리 휴대폰 액정보호필름 2p + EZ 툴 세트 아이폰17 1세트,2026-04-23 03:38:20,KKW3,1,"10,740","10,740",2026-06-19
29416409,발주,129001221,41555864,"오하이 EZ툴 풀커버 사생활보호 프라이버시 강화유리 휴대폰 액정보호필름 2매, 아이폰 15, 1세트",2026-04-23 15:31:17,CHW4,3,"11,940","35,820",2026-06-22
29416409,발주,129001416,27686154,"오하이 풀커버 강화유리 액정보호필름 + 이지솔루션 제공, 2개, 아이폰14",2026-04-23 16:25:46,CHW4,1,"10,740","10,740",2026-06-22
29416409,발주,129001416,35373954,"오하이 EZ툴 아이폰 풀커버 사생활보호 프라이버시 강화유리필름 2매, 아이폰 13/13프로, 1세트",2026-04-23 14:39:59,CHW4,2,"11,940","23,880",2026-06-22
29416409,발주,129001416,50342948,"오하이 풀커버 강화유리 액정보호필름2개 + EZ툴 제공, 아이폰16플러스",2026-04-23 14:54:54,CHW4,2,"10,740","21,480",2026-06-22
29416409,발주,129001416,63688989,오하이 EZ툴 풀커버 사생활보호 프라이버시 강화유리 휴대폰 액정보호필름 2p 세트 아이폰17 1세트,2026-04-23 16:40:11,CHW4,2,"11,940","23,880",2026-06-22
29416409,발주,129002152,27686154,"오하이 풀커버 강화유리 액정보호필름 + 이지솔루션 제공, 2개, 아이폰14",2026-04-23 08:37:21,SAN3,4,"10,740","42,960",2026-06-22
29416409,발주,129002152,39017751,"오하이 풀커버 강화유리 액정보호필름 + 이지솔루션 제공, 2개, 아이폰15플러스",2026-04-23 08:44:30,SAN3,1,"10,740","10,740",2026-06-22
29416409,발주,129002152,48102855,오하이 갤럭시 Z폴드6 저반사 지문방지 풀커버 액정보호필름 외부3매+내부 3매 1세트,2026-04-23 08:44:30,SAN3,2,"12,000","24,000",2026-06-22
29416409,발주,129002152,48102856,오하이 갤럭시 Z플립 6 저반사 지문방지 풀커버 액정보호필름 내부3매+외부3매 1세트,2026-04-23 08:44:30,SAN3,1,"10,700","10,700",2026-06-22
29416409,발주,129008384,50342949,"오하이 풀커버 강화유리 액정보호필름2개 + EZ툴 제공, 아이폰16프로",2026-04-23 13:11:44,CHW4,2,"10,740","21,480",2026-06-22
29416409,발주,129008557,50342949,"오하이 풀커버 강화유리 액정보호필름2개 + EZ툴 제공, 아이폰16프로",2026-04-23 03:34:39,SAN3,2,"10,740","21,480",2026-06-22
29416409,발주,129212039,27686155,"오하이 풀커버 강화유리 액정보호필름 + 이지솔루션 제공, 2개, 아이폰14프로",2026-04-23 03:34:39,SAN3,8,"10,740","85,920",2026-06-22
29416409,발주,129212039,35373961,"오하이 EZ툴 아이폰 풀커버 사생활보호 프라이버시 강화유리필름 2매, 아이폰 14, 1세트",2026-04-23 03:39:40,SAN3,2,"11,940","23,880",2026-06-22
29416409,발주,129212039,48472778,"오하이 풀커버 강화유리 액정보호필름2개 + EZ툴 제공, 갤럭시S24 울트라",2026-04-23 08:37:21,SAN3,2,"10,740","21,480",2026-06-22
29416409,발주,129212039,63688990,오하이 EZ툴 풀커버 사생활보호 프라이버시 강화유리 휴대폰 액정보호필름 2p 세트 아이폰17프로 1세트,2026-04-23 03:39:40,SAN3,2,"11,940","23,880",2026-06-22
29416409,발주,129212039,63688991,오하이 EZ툴 풀커버 사생활보호 프라이버시 강화유리 휴대폰 액정보호필름 2p 세트 아이폰17프로맥스 1세트,2026-04-23 03:39:40,SAN3,4,"11,940","47,760",2026-06-22
29416409,발주,129212384,35373955,"오하이 EZ툴 아이폰 풀커버 사생활보호 프라이버시 강화유리필름 2매, 아이폰 14 프로, 1세트",2026-04-23 14:42:46,CHW4,1,"11,940","11,940",2026-06-22
29416409,발주,129212727,21585994,오하이 전면 3D 풀커버 TPU 지문방지 액정보호필름 3p + 부착 가이드툴 세트 갤럭시S22울트라 1세트,2026-04-23 08:44:30,SAN3,3,"9,600","28,800",2026-06-22
29416409,발주,129212727,35373954,"오하이 EZ툴 아이폰 풀커버 사생활보호 프라이버시 강화유리필름 2매, 아이폰 13/13프로, 1세트",2026-04-23 08:55:56,SAN3,1,"11,940","11,940",2026-06-22
29416409,발주,129212727,48472777,"오하이 풀커버 강화유리 액정보호필름2개 + EZ툴 제공, 갤럭시S24",2026-04-23 08:55:56,SAN3,1,"10,740","10,740",2026-06-22
29416409,발주,129212727,50428036,"오하이 전면 3D 풀커버 TPU 지문방지 + 무광택 휴대폰 액정보호필름 3p + 부착 가이드툴, 아이폰16, 1세트",2026-04-23 08:59:40,SAN3,1,"9,540","9,540",2026-06-22
29416409,발주,129212727,65314219,"오하이 전면 3D 풀커버 TPU 지문방지 무광택 필름 + 부착 가이드툴 아이폰 Air, 3매입 1세트",2026-04-23 08:59:40,SAN3,2,"9,600","19,200",2026-06-22
29416409,발주,129308698,39017747,"오하이 풀커버 강화유리 액정보호필름 + 이지솔루션 제공, 2개, 아이폰15",2026-04-23 03:39:40,SAN3,1,"10,740","10,740",2026-06-22
29416409,발주,129308698,39017754,"오하이 풀커버 강화유리 액정보호필름 + 이지솔루션 제공, 2개, 아이폰15프로맥스",2026-04-23 03:39:40,SAN3,3,"10,740","32,220",2026-06-22
29416409,발주,129308698,48102856,오하이 갤럭시 Z플립 6 저반사 지문방지 풀커버 액정보호필름 내부3매+외부3매 1세트,2026-04-23 08:44:30,SAN3,2,"10,700","21,400",2026-06-22
29416409,발주,129308880,35373955,"오하이 EZ툴 아이폰 풀커버 사생활보호 프라이버시 강화유리필름 2매, 아이폰 14 프로, 1세트",2026-04-23 15:12:26,CHW4,1,"11,940","11,940",2026-06-22
29416409,발주,129308880,35373961,"오하이 EZ툴 아이폰 풀커버 사생활보호 프라이버시 강화유리필름 2매, 아이폰 14, 1세트",2026-04-23 14:26:50,CHW4,3,"11,940","35,820",2026-06-22
29416409,발주,129309254,11222408,"오하이 풀커버 지문방지 무광택 액정보호필름 2매입, 갤럭시S10 5G",2026-04-23 08:59:40,SAN3,1,"6,960","6,960",2026-06-22
29416409,발주,129309254,13906333,오하이 전면 3D 풀커버 TPU 지문방지 액정보호필름 3p + 부착 가이드툴 세트 삼성갤럭시S21플러스 1세트,2026-04-23 08:59:40,SAN3,1,"9,600","9,600",2026-06-22
29416409,발주,129309254,18371038,"오하이 풀커버 강화유리 액정보호필름2개 + EZ툴 제공, 아이폰13/13프로",2026-04-23 08:44:30,SAN3,6,"10,740","64,440",2026-06-22
29416409,발주,129309254,19454771,"오하이 풀커버 강화유리 액정보호필름2개 + EZ툴 제공, 아이폰12/12프로",2026-04-23 08:55:56,SAN3,1,"10,740","10,740",2026-06-22
29416409,발주,129309254,31729104,"오하이 지문방지 PET 무광필름 2매, 갤럭시S23플러스, 1세트",2026-04-23 09:09:05,SAN3,1,"9,600","9,600",2026-06-22
29416409,발주,129309254,31762097,"오하이 전면 3D 풀커버 TPU 지문방지 + 무광택 휴대폰 액정보호필름 3p + 부착 가이드툴, 갤럭시S23, 1세트",2026-04-23 09:09:05,SAN3,2,"9,540","19,080",2026-06-22
29416409,발주,129309254,50342952,"오하이 풀커버 강화유리 액정보호필름2개 + EZ툴 제공, 아이폰16",2026-04-23 03:34:39,SAN3,2,"10,740","21,480",2026-06-22
29416409,발주,129309254,50344698,"오하이 EZ툴 풀커버 사생활보호 프라이버시 강화유리 휴대폰 액정보호필름 2매, 아이폰 16 프로맥스, 1세트",2026-04-23 08:37:21,SAN3,4,"11,940","47,760",2026-06-22
29416409,발주,129309254,55701816,"오하이 풀커버 강화유리 액정보호필름2개 + EZ툴 제공, 갤럭시S25 플러스",2026-04-23 08:37:21,SAN3,2,"10,740","21,480",2026-06-22
29416409,발주,129309254,62178967,오하이 풀커버 강화유리 휴대폰 액정보호필름 2p + EZ 툴 세트 아이폰17프로맥스 1세트,2026-04-23 08:37:21,SAN3,3,"10,740","32,220",2026-06-22
29416409,발주,129317304,50342949,"오하이 풀커버 강화유리 액정보호필름2개 + EZ툴 제공, 아이폰16프로",2026-04-23 13:11:44,CHW4,13,"10,740","139,620",2026-06-22
29416409,발주,129317304,50342949,"오하이 풀커버 강화유리 액정보호필름2개 + EZ툴 제공, 아이폰16프로",2026-04-23 13:57:49,CHW4,7,"10,740","75,180",2026-06-22
29416409,발주,129317304,50342949,"오하이 풀커버 강화유리 액정보호필름2개 + EZ툴 제공, 아이폰16프로",2026-04-23 14:33:03,CHW4,2,"10,740","21,480",2026-06-22
29416409,발주,129398460,18371038,"오하이 풀커버 강화유리 액정보호필름2개 + EZ툴 제공, 아이폰13/13프로",2026-04-23 13:47:00,CHW4,10,"10,740","107,400",2026-06-22
29416409,발주,129398460,18371042,"오하이 풀커버 강화유리 액정보호필름2개 + EZ툴 제공, 아이폰13프로맥스",2026-04-23 14:59:01,CHW4,2,"10,740","21,480",2026-06-22
29416409,발주,129398460,19454771,"오하이 풀커버 강화유리 액정보호필름2개 + EZ툴 제공, 아이폰12/12프로",2026-04-23 17:32:19,CHW4,1,"10,740","10,740",2026-06-22
29416409,발주,129398460,27686154,"오하이 풀커버 강화유리 액정보호필름 + 이지솔루션 제공, 2개, 아이폰14",2026-04-23 16:25:46,CHW4,1,"10,740","10,740",2026-06-22
29416409,발주,129398460,27686157,"오하이 풀커버 강화유리 액정보호필름 + 이지솔루션 제공, 2개, 아이폰14프로맥스",2026-04-23 15:24:15,CHW4,1,"10,740","10,740",2026-06-22
29416409,발주,129398460,39017747,"오하이 풀커버 강화유리 액정보호필름 + 이지솔루션 제공, 2개, 아이폰15",2026-04-23 14:03:58,CHW4,11,"10,740","118,140",2026-06-22
29416409,발주,129398460,48472776,"오하이 풀커버 강화유리 액정보호필름2개 + EZ툴 제공, 갤럭시S24 플러스",2026-04-23 16:54:33,CHW4,1,"10,740","10,740",2026-06-22
29416409,발주,129398460,50344698,"오하이 EZ툴 풀커버 사생활보호 프라이버시 강화유리 휴대폰 액정보호필름 2매, 아이폰 16 프로맥스, 1세트",2026-04-23 15:38:08,CHW4,1,"11,940","11,940",2026-06-22
29416409,발주,129398460,62178970,오하이 풀커버 강화유리 휴대폰 액정보호필름 2p + EZ 툴 세트 아이폰17프로 1세트,2026-04-23 13:21:29,CHW4,16,"10,740","171,840",2026-06-22
29416409,발주,129398460,62178971,오하이 풀커버 강화유리 휴대폰 액정보호필름 2p + EZ 툴 세트 아이폰17 1세트,2026-04-23 14:10:05,CHW4,3,"10,740","32,220",2026-06-22
29416409,발주,129398460,63688991,오하이 EZ툴 풀커버 사생활보호 프라이버시 강화유리 휴대폰 액정보호필름 2p 세트 아이폰17프로맥스 1세트,2026-04-23 17:35:10,CHW4,2,"11,940","23,880",2026-06-22
29416409,발주,129398579,11222412,"오하이 풀커버 지문방지 무광택 액정보호필름 2매입, 갤럭시 노트10",2026-04-23 08:59:40,SAN3,1,"6,960","6,960",2026-06-22
29416409,발주,129398579,13906309,오하이 전면 3D 풀커버 TPU 지문방지 액정보호필름 3p + 부착 가이드툴 세트 갤럭시 S20플러스 1세트,2026-04-23 08:59:40,SAN3,1,"9,600","9,600",2026-06-22
29416409,발주,129398579,27686155,"오하이 풀커버 강화유리 액정보호필름 + 이지솔루션 제공, 2개, 아이폰14프로",2026-04-23 03:34:39,SAN3,10,"10,740","107,400",2026-06-22
29416409,발주,129398579,27686155,"오하이 풀커버 강화유리 액정보호필름 + 이지솔루션 제공, 2개, 아이폰14프로",2026-04-23 03:39:40,SAN3,2,"10,740","21,480",2026-06-22
29416409,발주,129398579,39017747,"오하이 풀커버 강화유리 액정보호필름 + 이지솔루션 제공, 2개, 아이폰15",2026-04-23 03:39:40,SAN3,11,"10,740","118,140",2026-06-22
29416409,발주,129398579,39017749,"오하이 풀커버 강화유리 액정보호필름 + 이지솔루션 제공, 2개, 아이폰15프로",2026-04-23 08:44:30,SAN3,2,"10,740","21,480",2026-06-22
29416409,발주,129398579,39017754,"오하이 풀커버 강화유리 액정보호필름 + 이지솔루션 제공, 2개, 아이폰15프로맥스",2026-04-23 03:39:40,SAN3,7,"10,740","75,180",2026-06-22
29416409,발주,129398579,39017754,"오하이 풀커버 강화유리 액정보호필름 + 이지솔루션 제공, 2개, 아이폰15프로맥스",2026-04-23 08:37:21,SAN3,8,"10,740","85,920",2026-06-22
29416409,발주,129398579,40840077,"오하이 전면 3D 풀커버 TPU 지문방지 + 무광택 휴대폰 액정보호필름 3p + 부착 가이드툴, 아이폰14, 1세트",2026-04-23 08:55:56,SAN3,1,"9,540","9,540",2026-06-22
29416409,발주,129398579,41241005,"오하이 전면 3D 풀커버 TPU 지문방지 + 무광택 휴대폰 액정보호필름 3p + 부착 가이드툴, 아이폰 X/XS/11프로, 1세트",2026-04-23 08:55:56,SAN3,1,"9,540","9,540",2026-06-22
29416409,발주,129398579,41555864,"오하이 EZ툴 풀커버 사생활보호 프라이버시 강화유리 휴대폰 액정보호필름 2매, 아이폰 15, 1세트",2026-04-23 08:55:56,SAN3,1,"11,940","11,940",2026-06-22
29416409,발주,129398579,41670004,"오하이 전면 3D 풀커버 TPU 지문방지 + 무광택 휴대폰 액정보호필름 3p + 부착 가이드툴, 갤럭시 S24, 1세트",2026-04-23 08:59:40,SAN3,1,"9,540","9,540",2026-06-22
29416409,발주,129398579,41670010,"오하이 전면 3D 풀커버 TPU 지문방지 + 무광택 휴대폰 액정보호필름 3p + 부착 가이드툴, 갤럭시 S24울트라, 1세트",2026-04-23 08:44:30,SAN3,3,"9,540","28,620",2026-06-22
29416409,발주,129398579,48102855,오하이 갤럭시 Z폴드6 저반사 지문방지 풀커버 액정보호필름 외부3매+내부 3매 1세트,2026-04-23 08:55:56,SAN3,1,"12,000","12,000",2026-06-22
29416409,발주,129398579,48102856,오하이 갤럭시 Z플립 6 저반사 지문방지 풀커버 액정보호필름 내부3매+외부3매 1세트,2026-04-23 08:44:30,SAN3,4,"10,700","42,800",2026-06-22
29416409,발주,129398579,50342949,"오하이 풀커버 강화유리 액정보호필름2개 + EZ툴 제공, 아이폰16프로",2026-04-23 03:34:39,SAN3,1,"10,740","10,740",2026-06-22
29416409,발주,129398579,50342949,"오하이 풀커버 강화유리 액정보호필름2개 + EZ툴 제공, 아이폰16프로",2026-04-23 03:39:40,SAN3,5,"10,740","53,700",2026-06-22
29416409,발주,129398579,50342950,"오하이 풀커버 강화유리 액정보호필름2개 + EZ툴 제공, 아이폰16프로맥스",2026-04-23 03:34:39,SAN3,17,"10,740","182,580",2026-06-22
29416409,발주,129398579,62178971,오하이 풀커버 강화유리 휴대폰 액정보호필름 2p + EZ 툴 세트 아이폰17 1세트,2026-04-23 08:44:30,SAN3,4,"10,740","42,960",2026-06-22
29416409,발주,129398579,63688993,오하이 EZ툴 풀커버 사생활보호 프라이버시 강화유리 휴대폰 액정보호필름 2p 세트 아이폰17에어 1세트,2026-04-23 08:55:56,SAN3,1,"11,940","11,940",2026-06-22
29416409,발주,129398579,65568329,오하이 갤럭시워치 캐쥬얼 실리콘 스트랩 밴드 20mm 블랙 갤럭시워치 1개,2026-04-23 08:59:40,SAN3,1,"5,655","5,655",2026-06-22
29429171,발주,129398884,48102855,오하이 갤럭시 Z폴드6 저반사 지문방지 풀커버 액정보호필름 외부3매+내부 3매 1세트,2026-04-24 11:38:46,KKW3,6,"12,000","72,000",2026-06-19
29429173,발주,129001221,65314217,"오하이 전면 3D 풀커버 TPU 지문방지 무광택 필름 + 부착 가이드툴 아이폰 17 Pro, 3매입 1세트",2026-04-24 12:45:15,CHW4,5,"9,600","48,000",2026-06-23
29429173,발주,129001416,27217829,오하이 저반사 지문방지 풀커버 내부액정보호필름 내부3매+외부 3매 +option+ 갤럭시 Z플립4 ::,2026-04-24 13:33:10,CHW4,1,"10,700","10,700",2026-06-23
29429173,발주,129001416,41241005,"오하이 전면 3D 풀커버 TPU 지문방지 + 무광택 휴대폰 액정보호필름 3p + 부착 가이드툴, 아이폰 X/XS/11프로, 1세트",2026-04-24 13:33:10,CHW4,1,"9,540","9,540",2026-06-23
29429173,발주,129001416,52420641,"오하이 태블릿 지문방지 필름 2매, 갤럭시탭 S9FE 플러스 투명",2026-04-24 11:42:57,CHW4,1,"9,540","9,540",2026-06-23
29429173,발주,129001416,65314219,"오하이 전면 3D 풀커버 TPU 지문방지 무광택 필름 + 부착 가이드툴 아이폰 Air, 3매입 1세트",2026-04-24 13:19:10,CHW4,1,"9,600","9,600",2026-06-23
29429173,발주,129094975,60043362,"오하이 전면 3D 풀커버 TPU 지문방지 + 무광택 휴대폰 액정보호필름 3p + 부착 가이드툴, 갤럭시 S25엣지, 1세트",2026-04-24 02:12:48,INC28,2,"9,540","19,080",2026-06-23
29429173,발주,129099996,55707338,"오하이 전면 3D 풀커버 TPU 지문방지 + 무광택 휴대폰 액정보호필름 3p + 부착 가이드툴, 삼성 갤럭시 S25울트라, 1세트",2026-04-24 23:28:17,DAE3,2,"9,060","18,120",2026-06-23
29429173,발주,129212401,35373955,"오하이 EZ툴 아이폰 풀커버 사생활보호 프라이버시 강화유리필름 2매, 아이폰 14 프로, 1세트",2026-04-24 23:15:12,DAE3,1,"11,940","11,940",2026-06-23
29429173,발주,129308880,40840066,"오하이 전면 3D 풀커버 TPU 지문방지 + 무광택 휴대폰 액정보호필름 3p + 부착 가이드툴, 아이폰13미니, 1세트",2026-04-24 13:14:15,CHW4,2,"9,540","19,080",2026-06-23
29429173,발주,129308880,48102856,오하이 갤럭시 Z플립 6 저반사 지문방지 풀커버 액정보호필름 내부3매+외부3매 1세트,2026-04-24 11:38:16,CHW4,3,"10,700","32,100",2026-06-23
29429173,발주,129308880,65314217,"오하이 전면 3D 풀커버 TPU 지문방지 무광택 필름 + 부착 가이드툴 아이폰 17 Pro, 3매입 1세트",2026-04-24 13:28:31,CHW4,2,"9,600","19,200",2026-06-23
29429173,발주,129308880,65568322,오하이 갤럭시워치 캐쥬얼 실리콘 스트랩 밴드 20mm 다크그린 갤럭시워치 1개,2026-04-24 11:42:57,CHW4,1,"5,655","5,655",2026-06-23
29429173,발주,129309741,35373955,"오하이 EZ툴 아이폰 풀커버 사생활보호 프라이버시 강화유리필름 2매, 아이폰 14 프로, 1세트",2026-04-24 23:15:12,DAE3,1,"11,940","11,940",2026-06-23
29429173,발주,129317404,39017749,"오하이 풀커버 강화유리 액정보호필름 + 이지솔루션 제공, 2개, 아이폰15프로",2026-04-24 03:05:13,GOY1,1,"10,740","10,740",2026-06-23
29429173,발주,129397600,27686157,"오하이 풀커버 강화유리 액정보호필름 + 이지솔루션 제공, 2개, 아이폰14프로맥스",2026-04-24 23:15:12,DAE3,1,"10,740","10,740",2026-06-23
29429173,발주,129397600,35373969,"오하이 EZ툴 아이폰 풀커버 사생활보호 프라이버시 강화유리필름 2매, 아이폰 14 프로맥스, 1세트",2026-04-24 23:28:17,DAE3,1,"11,940","11,940",2026-06-23
29429173,발주,129397600,48102856,오하이 갤럭시 Z플립 6 저반사 지문방지 풀커버 액정보호필름 내부3매+외부3매 1세트,2026-04-24 23:30:14,DAE3,1,"10,700","10,700",2026-06-23
29429173,발주,129397600,50428036,"오하이 전면 3D 풀커버 TPU 지문방지 + 무광택 휴대폰 액정보호필름 3p + 부착 가이드툴, 아이폰16, 1세트",2026-04-24 23:15:12,DAE3,1,"9,540","9,540",2026-06-23
29429173,발주,129398460,13906333,오하이 전면 3D 풀커버 TPU 지문방지 액정보호필름 3p + 부착 가이드툴 세트 삼성갤럭시S21플러스 1세트,2026-04-24 11:34:49,CHW4,2,"9,600","19,200",2026-06-23
29429173,발주,129398460,13906334,"오하이 전면 3D 풀커버 TPU 지문방지 + 무광택 휴대폰 액정보호필름 3p + 부착 가이드툴, 갤럭시노트20, 1세트",2026-04-24 11:42:57,CHW4,2,"9,540","19,080",2026-06-23
29429173,발주,129398460,41670010,"오하이 전면 3D 풀커버 TPU 지문방지 + 무광택 휴대폰 액정보호필름 3p + 부착 가이드툴, 갤럭시 S24울트라, 1세트",2026-04-24 13:23:32,CHW4,1,"9,540","9,540",2026-06-23
29429173,발주,129398460,48102855,오하이 갤럭시 Z폴드6 저반사 지문방지 풀커버 액정보호필름 외부3매+내부 3매 1세트,2026-04-24 12:56:51,CHW4,3,"12,000","36,000",2026-06-23
29429173,발주,129398460,55707340,"오하이 전면 3D 풀커버 TPU 지문방지 + 무광택 휴대폰 액정보호필름 3p + 부착 가이드툴, 삼성 갤럭시 S25, 1세트",2026-04-24 11:17:54,CHW4,13,"9,060","117,780",2026-06-23
29429173,발주,129398460,60136101,"오하이 사생활보호 프라이버시 TPU 지문인식 휴대폰 액정보호필름 2매+간편부착 툴, 삼성 갤럭시 S25엣지, 1세트",2026-04-24 13:21:21,CHW4,1,"6,705","6,705",2026-06-23
29429173,발주,129398460,65314216,"오하이 전면 3D 풀커버 TPU 지문방지 무광택 필름 + 부착 가이드툴, 아이폰 17, 3매입 1세트",2026-04-24 13:05:58,CHW4,3,"9,600","28,800",2026-06-23
29452250,발주,129398884,62922000,"오하이 폴드,플립 지문방지 무광택 액정보호 필름 + 부착 안내문, 삼성 갤럭시 Z폴드7, 1세트 투명",2026-04-26 13:42:51,KKW3,17,"12,000","204,000",2026-06-19
29612469,발주,130712632,41670004,"오하이 전면 3D 풀커버 TPU 지문방지 + 무광택 휴대폰 액정보호필름 3p + 부착 가이드툴, 갤럭시 S24, 1세트",2026-05-12 17:34:49,INC32,2,"9,540","19,080",2026-07-10
29612469,발주,130848299,48102856,오하이 갤럭시 Z플립 6 저반사 지문방지 풀커버 액정보호필름 내부3매+외부3매 1세트,2026-05-12 17:34:49,INC32,4,"10,700","42,800",2026-07-10
29612469,발주,130991721,50428038,"오하이 전면 3D 풀커버 TPU 지문방지 + 무광택 휴대폰 액정보호필름 3p + 부착 가이드툴, 아이폰16프로, 1세트",2026-05-12 17:47:03,INC32,4,"9,540","38,160",2026-07-10
29612469,발주,131035242,18371042,"오하이 풀커버 강화유리 액정보호필름2개 + EZ툴 제공, 아이폰13프로맥스",2026-05-12 17:34:49,INC32,7,"10,740","75,180",2026-07-10
29612469,발주,131035242,19454771,"오하이 풀커버 강화유리 액정보호필름2개 + EZ툴 제공, 아이폰12/12프로",2026-05-12 17:34:49,INC32,12,"10,740","128,880",2026-07-10
29612469,발주,131035242,35373969,"오하이 EZ툴 아이폰 풀커버 사생활보호 프라이버시 강화유리필름 2매, 아이폰 14 프로맥스, 1세트",2026-05-12 17:48:30,INC32,1,"11,940","11,940",2026-07-10
29612469,발주,131035242,39017751,"오하이 풀커버 강화유리 액정보호필름 + 이지솔루션 제공, 2개, 아이폰15플러스",2026-05-12 17:34:49,INC32,2,"10,740","21,480",2026-07-10
29612469,발주,131035242,41670010,"오하이 전면 3D 풀커버 TPU 지문방지 + 무광택 휴대폰 액정보호필름 3p + 부착 가이드툴, 갤럭시 S24울트라, 1세트",2026-05-12 17:34:49,INC32,12,"9,540","114,480",2026-07-10
29612469,발주,131035242,48102856,오하이 갤럭시 Z플립 6 저반사 지문방지 풀커버 액정보호필름 내부3매+외부3매 1세트,2026-05-12 17:34:49,INC32,19,"10,700","203,300",2026-07-10
29714838,발주,131228847,50342949,"오하이 풀커버 강화유리 액정보호필름2개 + EZ툴 제공, 아이폰16프로",2026-05-21 03:47:55,ECH2,30,"10,740","322,200",2026-07-20
29714838,발주,131263381,15328214,"오하이 갤럭시 저반사 지문방지 필름 2매입, 갤럭시S21플러스",2026-05-21 01:00:36,KKW3,2,"5,900","11,800",2026-07-20
29714838,발주,131263381,41670004,"오하이 전면 3D 풀커버 TPU 지문방지 + 무광택 휴대폰 액정보호필름 3p + 부착 가이드툴, 갤럭시 S24, 1세트",2026-05-21 01:00:36,KKW3,1,"9,540","9,540",2026-07-20
29714838,발주,131263381,48183127,"오하이 전면 3D 풀커버 TPU 지문방지 + 무광택 휴대폰 액정보호필름 3p + 부착 가이드툴, 갤럭시 A15, 1세트",2026-05-21 01:00:36,KKW3,5,"9,540","47,700",2026-07-20
29714838,발주,131263381,50428038,"오하이 전면 3D 풀커버 TPU 지문방지 + 무광택 휴대폰 액정보호필름 3p + 부착 가이드툴, 아이폰16프로, 1세트",2026-05-21 01:00:36,KKW3,3,"9,540","28,620",2026-07-20
29714838,발주,131263381,65314218,"오하이 전면 3D 풀커버 TPU 지문방지 무광택 필름 + 부착 가이드툴 아이폰 17 Pro Max, 3매입 1세트",2026-05-21 01:00:36,KKW3,4,"9,600","38,400",2026-07-20
29714838,발주,131263683,41670025,"오하이 전면 3D 풀커버 TPU 지문방지 무광택 필름 3p + 부착 가이드툴, 갤럭시 S24플러스, 1세트",2026-05-21 01:00:36,KKW3,1,"9,540","9,540",2026-07-20
29714838,발주,131352581,50342949,"오하이 풀커버 강화유리 액정보호필름2개 + EZ툴 제공, 아이폰16프로",2026-05-21 01:00:36,KKW3,2,"10,740","21,480",2026-07-20
29714838,발주,131352663,39017749,"오하이 풀커버 강화유리 액정보호필름 + 이지솔루션 제공, 2개, 아이폰15프로",2026-05-21 03:55:02,ECH2,8,"10,740","85,920",2026-07-20
29714838,발주,131352663,50342949,"오하이 풀커버 강화유리 액정보호필름2개 + EZ툴 제공, 아이폰16프로",2026-05-21 03:47:55,ECH2,8,"10,740","85,920",2026-07-20
29714838,발주,131373676,41911911,"오하이 지문방지 PET 무광필름 2매, 갤럭시 S24, 1세트",2026-05-21 01:00:36,KKW3,1,"9,600","9,600",2026-07-20
29714838,발주,131373676,65199912,오하이 전면 3D 풀커버 TPU 지문방지 + 무광택 필름 + 부착 가이드툴 갤럭시 S25FE 1세트,2026-05-21 01:00:36,KKW3,6,"9,600","57,600",2026-07-20
29714838,발주,131471173,48472776,"오하이 풀커버 강화유리 액정보호필름2개 + EZ툴 제공, 갤럭시S24 플러스",2026-05-21 01:00:36,KKW3,1,"10,740","10,740",2026-07-20
29714838,발주,131471173,55701817,"오하이 풀커버 강화유리 액정보호필름 + 이지솔루션 제공, 2매1세트, 갤럭시S25 울트라",2026-05-21 01:00:36,KKW3,3,"10,740","32,220",2026-07-20
29714838,발주,131599460,55013234,"[전기종]오하이 도어락 지문방지 사생활보호 범죄예방 문캅스필름 2매+간편부착, 1세트, 지문방지필름 단일상품",2026-05-21 01:00:36,KKW3,2,"8,600","17,200",2026-07-20
29714838,발주,131599460,62922000,"오하이 폴드,플립 지문방지 무광택 액정보호 필름 + 부착 안내문, 삼성 갤럭시 Z폴드7, 1세트 투명",2026-05-21 01:00:36,KKW3,1,"12,000","12,000",2026-07-20
29714838,발주,131669847,18371042,"오하이 풀커버 강화유리 액정보호필름2개 + EZ툴 제공, 아이폰13프로맥스",2026-05-21 01:00:36,KKW3,3,"10,740","32,220",2026-07-20
29714838,발주,131669847,27686154,"오하이 풀커버 강화유리 액정보호필름 + 이지솔루션 제공, 2개, 아이폰14",2026-05-21 01:00:36,KKW3,1,"10,740","10,740",2026-07-20
29741561,발주,131373865,41670025,"오하이 전면 3D 풀커버 TPU 지문방지 무광택 필름 3p + 부착 가이드툴, 갤럭시 S24플러스, 1세트",2026-05-23 02:26:13,DAE3,1,"9,540","9,540",2026-07-21
29741561,발주,131373865,50428036,"오하이 전면 3D 풀커버 TPU 지문방지 + 무광택 휴대폰 액정보호필름 3p + 부착 가이드툴, 아이폰16, 1세트",2026-05-23 02:29:15,DAE3,1,"9,540","9,540",2026-07-21
29741561,발주,131373865,54737750,"오하이 아이패드 갤럭시탭 6H 유리코팅 방탄강화 블루라이트 차단 고투명 PET 액정보호필름 간편부착 2매, 갤럭시탭 A9 8.7인치, 1개",2026-05-23 02:26:12,DAE3,1,"10,140","10,140",2026-07-21
29741561,발주,131470912,21585982,오하이 전면 3D 풀커버 TPU 지문방지 액정보호필름 3p + 부착 가이드툴 세트 갤럭시S22플러스 1세트,2026-05-23 02:26:12,DAE3,2,"9,600","19,200",2026-07-21
29741561,발주,131470912,31729103,"오하이 지문방지 PET 무광필름 2매, 갤럭시S23, 1세트",2026-05-23 02:29:15,DAE3,2,"9,600","19,200",2026-07-21
29741561,발주,131470912,55705544,"오하이 지문방지 PET 무광필름 2매, 갤럭시 S25울트라, 1세트",2026-05-23 02:26:13,DAE3,1,"9,600","9,600",2026-07-21
29741561,발주,131470912,55705545,"오하이 지문방지 PET 무광필름 2매, 갤럭시 S25플러스, 1세트",2026-05-23 02:26:12,DAE3,2,"9,600","19,200",2026-07-21
29741561,발주,131599593,21585981,오하이 전면 3D 풀커버 TPU 지문방지 액정보호필름 3p + 부착 가이드툴 세트 갤럭시 S22 1세트,2026-05-23 02:26:12,DAE3,2,"9,600","19,200",2026-07-21
29741561,발주,131599593,29553158,"오하이 지문방지 PET 무광필름 2매, 아이폰14프로맥스, 1세트",2026-05-23 02:29:15,DAE3,2,"9,600","19,200",2026-07-21
29741561,발주,131599593,41670025,"오하이 전면 3D 풀커버 TPU 지문방지 무광택 필름 3p + 부착 가이드툴, 갤럭시 S24플러스, 1세트",2026-05-23 02:26:13,DAE3,1,"9,540","9,540",2026-07-21
29741561,발주,131670378,11373209,"오하이 풀커버 지문방지 무광택 액정보호필름 2매입, 갤럭시 S20플러스",2026-05-23 02:26:12,DAE3,1,"6,960","6,960",2026-07-21
29741561,발주,131670378,13906323,오하이 전면 3D 풀커버 TPU 지문방지 액정보호필름 3p + 부착 가이드툴 세트 갤럭시S21울트라 1세트,2026-05-23 02:26:12,DAE3,2,"9,600","19,200",2026-07-21
29741561,발주,131670378,13906362,오하이 전면 3D 풀커버 TPU 지문방지 액정보호필름 3p + 부착 가이드툴 세트 갤럭시 S20 1세트,2026-05-23 02:26:12,DAE3,1,"9,600","9,600",2026-07-21
29741561,발주,131670378,17185168,오하이 저반사 지문방지 풀커버 액정보호필름 전면 3매+내부 3매 +option+ 갤럭시 Z폴드3 ::,2026-05-23 02:29:15,DAE3,2,"12,000","24,000",2026-07-21
29741561,발주,131670378,18371042,"오하이 풀커버 강화유리 액정보호필름2개 + EZ툴 제공, 아이폰13프로맥스",2026-05-23 02:26:12,DAE3,3,"10,740","32,220",2026-07-21
29741561,발주,131670378,19454771,"오하이 풀커버 강화유리 액정보호필름2개 + EZ툴 제공, 아이폰12/12프로",2026-05-23 02:26:12,DAE3,21,"10,740","225,540",2026-07-21
29741561,발주,131670378,35373959,"오하이 EZ툴 아이폰 풀커버 사생활보호 프라이버시 강화유리필름 2매, 아이폰 12 프로맥스, 1세트",2026-05-23 02:26:12,DAE3,1,"11,940","11,940",2026-07-21
29741561,발주,131670378,40840063,"오하이 전면 3D 풀커버 TPU 지문방지 + 무광택 휴대폰 액정보호필름 3p + 부착 가이드툴, 아이폰12프로맥스, 1세트",2026-05-23 02:29:15,DAE3,1,"9,540","9,540",2026-07-21
29741561,발주,131670378,41555864,"오하이 EZ툴 풀커버 사생활보호 프라이버시 강화유리 휴대폰 액정보호필름 2매, 아이폰 15, 1세트",2026-05-23 12:13:22,DAE3,4,"11,940","47,760",2026-07-21
29741561,발주,131670378,50427106,"오하이 사생활보호 프라이버시 TPU 지문인식 휴대폰 액정보호필름 2매+간편부착 툴, 애플 아이폰 16, 1세트",2026-05-23 02:29:15,DAE3,1,"6,705","6,705",2026-07-21
29741561,발주,131700178,27217829,오하이 저반사 지문방지 풀커버 내부액정보호필름 내부3매+외부 3매 +option+ 갤럭시 Z플립4 ::,2026-05-23 02:29:15,DAE3,2,"10,700","21,400",2026-07-21
29741561,발주,131700178,31729104,"오하이 지문방지 PET 무광필름 2매, 갤럭시S23플러스, 1세트",2026-05-23 02:29:15,DAE3,1,"9,600","9,600",2026-07-21
29741561,발주,131700178,35373969,"오하이 EZ툴 아이폰 풀커버 사생활보호 프라이버시 강화유리필름 2매, 아이폰 14 프로맥스, 1세트",2026-05-23 02:26:12,DAE3,3,"11,940","35,820",2026-07-21
29741561,발주,131700178,40840065,"오하이 전면 3D 풀커버 TPU 지문방지 + 무광택 휴대폰 액정보호필름 3p + 부착 가이드툴, 아이폰13/13프로, 1세트",2026-05-23 02:29:15,DAE3,1,"9,540","9,540",2026-07-21
29741561,발주,131700178,42015229,"오하이 사생활보호 프라이버시 TPU 지문인식 휴대폰 액정보호필름 2매+간편부착 툴, 삼성 갤럭시 S24, 1세트",2026-05-23 02:29:15,DAE3,1,"6,705","6,705",2026-07-21
29741561,발주,131700178,48183127,"오하이 전면 3D 풀커버 TPU 지문방지 + 무광택 휴대폰 액정보호필름 3p + 부착 가이드툴, 갤럭시 A15, 1세트",2026-05-23 02:26:13,DAE3,1,"9,540","9,540",2026-07-21
29741561,발주,131700178,48472776,"오하이 풀커버 강화유리 액정보호필름2개 + EZ툴 제공, 갤럭시S24 플러스",2026-05-23 02:26:12,DAE3,1,"10,740","10,740",2026-07-21
29741561,발주,131700178,49343788,"오하이 사생활보호 프라이버시 TPU 지문인식 휴대폰 액정보호필름 2매+간편부착 툴, 삼성 갤럭시노트 20울트라, 1세트",2026-05-23 02:29:15,DAE3,1,"6,705","6,705",2026-07-21
29741561,발주,131700178,49343791,"오하이 사생활보호 프라이버시 TPU 지문인식 휴대폰 액정보호필름 2매+간편부착 툴, 삼성 갤럭시 S21플러스, 1세트",2026-05-23 02:29:15,DAE3,1,"6,705","6,705",2026-07-21
29741561,발주,131700178,50428036,"오하이 전면 3D 풀커버 TPU 지문방지 + 무광택 휴대폰 액정보호필름 3p + 부착 가이드툴, 아이폰16, 1세트",2026-05-23 02:29:15,DAE3,1,"9,540","9,540",2026-07-21
29741561,발주,131700178,55013234,"[전기종]오하이 도어락 지문방지 사생활보호 범죄예방 문캅스필름 2매+간편부착, 1세트, 지문방지필름 단일상품",2026-05-23 02:26:12,DAE3,7,"8,600","60,200",2026-07-21
29741561,발주,131700178,56759288,"오하이 전면 3D 풀커버 TPU 지문방지 + 무광택 휴대폰 액정보호필름 3p + 부착 가이드툴, 아이폰 16e (SE4), 1세트",2026-05-23 02:26:13,DAE3,1,"9,540","9,540",2026-07-21
29741561,발주,131700178,62178969,오하이 풀커버 강화유리 휴대폰 액정보호필름 2p + EZ 툴 세트 아이폰 Air,2026-05-23 02:26:12,DAE3,15,"10,740","161,100",2026-07-21
29741561,발주,131700178,63688993,오하이 EZ툴 풀커버 사생활보호 프라이버시 강화유리 휴대폰 액정보호필름 2p 세트 아이폰17에어 1세트,2026-05-23 02:26:12,DAE3,1,"11,940","11,940",2026-07-21
29741561,발주,131701230,53305588,"[20매]오하이 버디필름 장타 비거리스티커 드라이버 우드 헤드 보호 슬라이스방지 골프필름, 드라이버용, 1세트, 드라이버용 20매 95*48mm 단일색상",2026-05-23 02:26:12,DAE3,9,"14,000","126,000",2026-07-21
29820524,발주,132583025,39017749,"오하이 풀커버 강화유리 액정보호필름 + 이지솔루션 제공, 2개, 아이폰15프로",2026-05-30 20:40:39,ECH2,1,"10,740","10,740",2026-07-29
29820524,발주,132583025,50342949,"오하이 풀커버 강화유리 액정보호필름2개 + EZ툴 제공, 아이폰16프로",2026-05-30 20:40:35,ECH2,28,"10,740","300,720",2026-07-29
29820524,발주,132583025,62178970,오하이 풀커버 강화유리 휴대폰 액정보호필름 2p + EZ 툴 세트 아이폰17프로 1세트,2026-05-30 20:39:48,ECH2,23,"10,740","247,020",2026-07-29
29820524,발주,132583071,39017749,"오하이 풀커버 강화유리 액정보호필름 + 이지솔루션 제공, 2개, 아이폰15프로",2026-05-30 11:36:42,DON1,6,"10,740","64,440",2026-07-29
29820524,발주,132583071,39017749,"오하이 풀커버 강화유리 액정보호필름 + 이지솔루션 제공, 2개, 아이폰15프로",2026-05-30 15:46:15,DON1,7,"10,740","75,180",2026-07-29
29820524,발주,132583071,50342949,"오하이 풀커버 강화유리 액정보호필름2개 + EZ툴 제공, 아이폰16프로",2026-05-30 15:46:15,DON1,30,"10,740","322,200",2026-07-29
29820524,발주,132583071,55701816,"오하이 풀커버 강화유리 액정보호필름2개 + EZ툴 제공, 갤럭시S25 플러스",2026-05-30 11:26:05,DON1,2,"10,740","21,480",2026-07-29
29820524,발주,132583071,62178970,오하이 풀커버 강화유리 휴대폰 액정보호필름 2p + EZ 툴 세트 아이폰17프로 1세트,2026-05-30 15:46:15,DON1,52,"10,740","558,480",2026-07-29
29820524,발주,132583225,62178970,오하이 풀커버 강화유리 휴대폰 액정보호필름 2p + EZ 툴 세트 아이폰17프로 1세트,2026-05-30 20:51:47,DAE6,16,"10,740","171,840",2026-07-29
29820524,발주,132583447,62178970,오하이 풀커버 강화유리 휴대폰 액정보호필름 2p + EZ 툴 세트 아이폰17프로 1세트,2026-05-30 12:07:28,GOY1,34,"10,740","365,160",2026-07-29
29820524,발주,132783273,36758773,"오하이 지문방지 PET 무광필름 2매, 아이폰14프로, 1세트",2026-05-30 11:28:09,DON1,2,"9,600","19,200",2026-07-29
29820524,발주,132783273,41670004,"오하이 전면 3D 풀커버 TPU 지문방지 + 무광택 휴대폰 액정보호필름 3p + 부착 가이드툴, 갤럭시 S24, 1세트",2026-05-30 11:26:05,DON1,1,"9,540","9,540",2026-07-29
29820524,발주,132783273,50428038,"오하이 전면 3D 풀커버 TPU 지문방지 + 무광택 휴대폰 액정보호필름 3p + 부착 가이드툴, 아이폰16프로, 1세트",2026-05-30 11:26:05,DON1,2,"9,540","19,080",2026-07-29
29820524,발주,132888621,62178967,오하이 풀커버 강화유리 휴대폰 액정보호필름 2p + EZ 툴 세트 아이폰17프로맥스 1세트,2026-05-30 11:26:05,DON1,2,"10,740","21,480",2026-07-29
29840981,발주,132379309,31762099,"오하이 전면 3D 풀커버 TPU 지문방지 + 무광택 휴대폰 액정보호필름 3p + 부착 가이드툴, 갤럭시S23울트라, 1세트",2026-06-01 14:02:27,INC36,11,"9,540","104,940",2026-07-31
29840981,발주,132379309,50344701,"오하이 EZ툴 아이폰 풀커버 사생활보호 프라이버시 강화유리필름 2매, 아이폰 16 프로, 1세트",2026-06-01 14:02:27,INC36,30,"11,940","358,200",2026-07-31
29840981,발주,132583732,55701818,"오하이 풀커버 강화유리 액정보호필름 + 이지솔루션 제공, 2매1세트, 갤럭시S25",2026-06-01 03:19:50,CHW4,1,"10,740","10,740",2026-07-31
29840981,발주,132676808,55701816,"오하이 풀커버 강화유리 액정보호필름2개 + EZ툴 제공, 갤럭시S25 플러스",2026-06-01 03:10:22,CHW4,4,"10,740","42,960",2026-07-31
29840981,발주,132676808,62178970,오하이 풀커버 강화유리 휴대폰 액정보호필름 2p + EZ 툴 세트 아이폰17프로 1세트,2026-06-01 02:50:09,CHW4,3,"10,740","32,220",2026-07-31
29840981,발주,132676808,62178970,오하이 풀커버 강화유리 휴대폰 액정보호필름 2p + EZ 툴 세트 아이폰17프로 1세트,2026-06-01 03:15:05,CHW4,1,"10,740","10,740",2026-07-31
29840981,발주,132676808,63688989,오하이 EZ툴 풀커버 사생활보호 프라이버시 강화유리 휴대폰 액정보호필름 2p 세트 아이폰17 1세트,2026-06-01 02:55:46,CHW4,6,"11,940","71,640",2026-07-31
29840981,발주,132676808,65314218,"오하이 전면 3D 풀커버 TPU 지문방지 무광택 필름 + 부착 가이드툴 아이폰 17 Pro Max, 3매입 1세트",2026-06-01 03:14:52,CHW4,2,"9,600","19,200",2026-07-31
29840981,발주,132676911,65199912,오하이 전면 3D 풀커버 TPU 지문방지 + 무광택 필름 + 부착 가이드툴 갤럭시 S25FE 1세트,2026-06-01 03:15:05,CHW4,1,"9,600","9,600",2026-07-31
29840981,발주,132783273,39017749,"오하이 풀커버 강화유리 액정보호필름 + 이지솔루션 제공, 2개, 아이폰15프로",2026-06-01 16:50:32,DON1,2,"10,740","21,480",2026-07-31
29840981,발주,132783426,42015231,"오하이 사생활보호 프라이버시 TPU 지문인식 휴대폰 액정보호필름 2매+간편부착 툴, 삼성 갤럭시 S24울트라, 1세트",2026-06-01 02:50:09,CHW4,3,"6,705","20,115",2026-07-31
29840981,발주,132783426,50342948,"오하이 풀커버 강화유리 액정보호필름2개 + EZ툴 제공, 아이폰16플러스",2026-06-01 03:14:52,CHW4,2,"10,740","21,480",2026-07-31
29840981,발주,132783426,50428036,"오하이 전면 3D 풀커버 TPU 지문방지 + 무광택 휴대폰 액정보호필름 3p + 부착 가이드툴, 아이폰16, 1세트",2026-06-01 03:10:22,CHW4,2,"9,540","19,080",2026-07-31
29840981,발주,132783426,55701376,"오하이 사생활보호 프라이버시 TPU 지문인식 휴대폰 액정보호필름 2매+간편부착 툴, 삼성 갤럭시 S25울트라, 1세트",2026-06-01 03:19:50,CHW4,2,"6,705","13,410",2026-07-31
29840981,발주,132783426,63688991,오하이 EZ툴 풀커버 사생활보호 프라이버시 강화유리 휴대폰 액정보호필름 2p 세트 아이폰17프로맥스 1세트,2026-06-01 03:00:25,CHW4,3,"11,940","35,820",2026-07-31
29840981,발주,132783426,65199912,오하이 전면 3D 풀커버 TPU 지문방지 + 무광택 필름 + 부착 가이드툴 갤럭시 S25FE 1세트,2026-06-01 03:38:52,CHW4,1,"9,600","9,600",2026-07-31
29939078,발주,132854673,18371042,"오하이 풀커버 강화유리 액정보호필름2개 + EZ툴 제공, 아이폰13프로맥스",2026-06-09 23:23:39,DON1,1,"10,740","10,740",2026-08-07
29939078,발주,132854673,27686157,"오하이 풀커버 강화유리 액정보호필름 + 이지솔루션 제공, 2개, 아이폰14프로맥스",2026-06-09 23:23:39,DON1,2,"10,740","21,480",2026-08-07
29939078,발주,132854673,39017749,"오하이 풀커버 강화유리 액정보호필름 + 이지솔루션 제공, 2개, 아이폰15프로",2026-06-09 23:23:31,DON1,6,"10,740","64,440",2026-08-07
29939078,발주,132854673,39017754,"오하이 풀커버 강화유리 액정보호필름 + 이지솔루션 제공, 2개, 아이폰15프로맥스",2026-06-09 23:23:31,DON1,6,"10,740","64,440",2026-08-07
29939078,발주,132854673,41670004,"오하이 전면 3D 풀커버 TPU 지문방지 + 무광택 휴대폰 액정보호필름 3p + 부착 가이드툴, 갤럭시 S24, 1세트",2026-06-09 23:23:39,DON1,1,"9,540","9,540",2026-08-07
29939078,발주,132854673,50342949,"오하이 풀커버 강화유리 액정보호필름2개 + EZ툴 제공, 아이폰16프로",2026-06-09 23:23:31,DON1,21,"10,740","225,540",2026-08-07
29939078,발주,132854673,50342952,"오하이 풀커버 강화유리 액정보호필름2개 + EZ툴 제공, 아이폰16",2026-06-09 23:23:39,DON1,7,"10,740","75,180",2026-08-07
29939078,발주,132854673,52404711,"오하이 태블릿 지문방지 필름 2매, 아이패드 프로 7세대(M4) 11인치 투명",2026-06-09 23:25:55,DON1,1,"9,540","9,540",2026-08-07
29939078,발주,132854673,55701818,"오하이 풀커버 강화유리 액정보호필름 + 이지솔루션 제공, 2매1세트, 갤럭시S25",2026-06-09 23:23:39,DON1,2,"10,740","21,480",2026-08-07
29939078,발주,132854673,63688990,오하이 EZ툴 풀커버 사생활보호 프라이버시 강화유리 휴대폰 액정보호필름 2p 세트 아이폰17프로 1세트,2026-06-09 23:23:39,DON1,3,"11,940","35,820",2026-08-07
29939078,발주,132860515,13906309,오하이 전면 3D 풀커버 TPU 지문방지 액정보호필름 3p + 부착 가이드툴 세트 갤럭시 S20플러스 1세트,2026-06-09 16:39:44,SIH2,1,"9,600","9,600",2026-08-07
29939078,발주,132860515,40840081,"오하이 전면 3D 풀커버 TPU 지문방지 + 무광택 휴대폰 액정보호필름 3p + 부착 가이드툴, 아이폰14프로맥스, 1세트",2026-06-09 16:39:44,SIH2,1,"9,540","9,540",2026-08-07
29939078,발주,132860515,40840085,"오하이 전면 3D 풀커버 TPU 지문방지 + 무광택 휴대폰 액정보호필름 3p + 부착 가이드툴, 아이폰15, 1세트",2026-06-09 16:39:44,SIH2,1,"9,540","9,540",2026-08-07
29939078,발주,132860515,41241023,"오하이 전면 3D 풀커버 TPU 지문방지 + 무광택 휴대폰 액정보호필름 3p + 부착 가이드툴, 아이폰XR/11, 1세트",2026-06-09 16:39:44,SIH2,1,"9,540","9,540",2026-08-07
29939078,발주,132860515,41555864,"오하이 EZ툴 풀커버 사생활보호 프라이버시 강화유리 휴대폰 액정보호필름 2매, 아이폰 15, 1세트",2026-06-09 16:39:43,SIH2,6,"11,940","71,640",2026-08-07
29939078,발주,132860515,41555886,"오하이 EZ툴 풀커버 사생활보호 프라이버시 강화유리 휴대폰 액정보호필름 2매, 아이폰 15 프로맥스, 1세트",2026-06-09 16:39:44,SIH2,2,"11,940","23,880",2026-08-07
29939078,발주,132860515,42671137,"오하이 전면 3D 풀커버 TPU 지문방지 + 무광택 휴대폰 액정보호필름 3p + 부착 가이드툴, 삼성 갤럭시 노트8/9, 1세트",2026-06-09 17:23:18,SIH2,1,"9,540","9,540",2026-08-07
29939078,발주,132860515,48183125,"오하이 전면 3D 풀커버 TPU 지문방지 + 무광택 휴대폰 액정보호필름 3p + 부착 가이드툴, 갤럭시 A35, 1세트",2026-06-09 16:39:44,SIH2,1,"9,540","9,540",2026-08-07
29939078,발주,132860515,48472777,"오하이 풀커버 강화유리 액정보호필름2개 + EZ툴 제공, 갤럭시S24",2026-06-09 16:39:44,SIH2,1,"10,740","10,740",2026-08-07
29939078,발주,132860515,50342948,"오하이 풀커버 강화유리 액정보호필름2개 + EZ툴 제공, 아이폰16플러스",2026-06-09 16:39:44,SIH2,1,"10,740","10,740",2026-08-07
29939078,발주,132860515,50344699,"오하이 EZ툴 풀커버 사생활보호 프라이버시 강화유리 휴대폰 액정보호필름 2매, 아이폰 16 플러스, 1세트",2026-06-09 16:39:44,SIH2,1,"11,940","11,940",2026-08-07
29939078,발주,132860515,50428036,"오하이 전면 3D 풀커버 TPU 지문방지 + 무광택 휴대폰 액정보호필름 3p + 부착 가이드툴, 아이폰16, 1세트",2026-06-09 16:39:44,SIH2,1,"9,540","9,540",2026-08-07
29939078,발주,132860515,50428038,"오하이 전면 3D 풀커버 TPU 지문방지 + 무광택 휴대폰 액정보호필름 3p + 부착 가이드툴, 아이폰16프로, 1세트",2026-06-09 16:39:44,SIH2,4,"9,540","38,160",2026-08-07
29939078,발주,132860515,63688993,오하이 EZ툴 풀커버 사생활보호 프라이버시 강화유리 휴대폰 액정보호필름 2p 세트 아이폰17에어 1세트,2026-06-09 16:39:44,SIH2,1,"11,940","11,940",2026-08-07
29939078,발주,132860515,65314218,"오하이 전면 3D 풀커버 TPU 지문방지 무광택 필름 + 부착 가이드툴 아이폰 17 Pro Max, 3매입 1세트",2026-06-09 16:39:44,SIH2,1,"9,600","9,600",2026-08-07
29939078,발주,133035730,39017749,"오하이 풀커버 강화유리 액정보호필름 + 이지솔루션 제공, 2개, 아이폰15프로",2026-06-09 23:23:31,DON1,19,"10,740","204,060",2026-08-07
29939078,발주,133035730,62178967,오하이 풀커버 강화유리 휴대폰 액정보호필름 2p + EZ 툴 세트 아이폰17프로맥스 1세트,2026-06-09 23:23:39,DON1,3,"10,740","32,220",2026-08-07
29939078,발주,133035730,62178970,오하이 풀커버 강화유리 휴대폰 액정보호필름 2p + EZ 툴 세트 아이폰17프로 1세트,2026-06-09 23:23:31,DON1,7,"10,740","75,180",2026-08-07
29939078,발주,133036155,35373959,"오하이 EZ툴 아이폰 풀커버 사생활보호 프라이버시 강화유리필름 2매, 아이폰 12 프로맥스, 1세트",2026-06-09 16:39:44,SIH2,1,"11,940","11,940",2026-08-07
29939078,발주,133036155,40840063,"오하이 전면 3D 풀커버 TPU 지문방지 + 무광택 휴대폰 액정보호필름 3p + 부착 가이드툴, 아이폰12프로맥스, 1세트",2026-06-09 16:39:44,SIH2,1,"9,540","9,540",2026-08-07
29939078,발주,133036155,60136101,"오하이 사생활보호 프라이버시 TPU 지문인식 휴대폰 액정보호필름 2매+간편부착 툴, 삼성 갤럭시 S25엣지, 1세트",2026-06-09 16:39:44,SIH2,2,"6,705","13,410",2026-08-07
29939078,발주,133036537,39017749,"오하이 풀커버 강화유리 액정보호필름 + 이지솔루션 제공, 2개, 아이폰15프로",2026-06-09 17:20:36,CHW3,3,"10,740","32,220",2026-08-07
29939078,발주,133036537,39017749,"오하이 풀커버 강화유리 액정보호필름 + 이지솔루션 제공, 2개, 아이폰15프로",2026-06-09 17:36:34,CHW3,12,"10,740","128,880",2026-08-07
29939078,발주,133036537,62178970,오하이 풀커버 강화유리 휴대폰 액정보호필름 2p + EZ 툴 세트 아이폰17프로 1세트,2026-06-09 17:20:36,CHW3,20,"10,740","214,800",2026-08-07
29939078,발주,133036861,41670004,"오하이 전면 3D 풀커버 TPU 지문방지 + 무광택 휴대폰 액정보호필름 3p + 부착 가이드툴, 갤럭시 S24, 1세트",2026-06-09 16:39:44,SIH2,1,"9,540","9,540",2026-08-07
29939078,발주,133036861,55707339,"오하이 전면 3D 풀커버 TPU 지문방지 + 무광택 휴대폰 액정보호필름 3p + 부착 가이드툴, 삼성 갤럭시 S25플러스, 1세트",2026-06-09 16:39:44,SIH2,2,"9,540","19,080",2026-08-07
29939078,발주,133036952,62178970,오하이 풀커버 강화유리 휴대폰 액정보호필름 2p + EZ 툴 세트 아이폰17프로 1세트,2026-06-09 21:05:11,INC4,35,"10,740","375,900",2026-08-07
29939078,발주,133219060,11222408,"오하이 풀커버 지문방지 무광택 액정보호필름 2매입, 갤럭시S10 5G",2026-06-09 16:11:24,SAN3,2,"6,960","13,920",2026-08-07
29939078,발주,133219060,11222412,"오하이 풀커버 지문방지 무광택 액정보호필름 2매입, 갤럭시 노트10",2026-06-09 16:11:24,SAN3,2,"6,960","13,920",2026-08-07
29939078,발주,133219060,13906339,오하이 전면 3D 풀커버 TPU 지문방지 액정보호필름 3p + 부착 가이드툴 세트 갤럭시 S21 1세트,2026-06-09 16:11:24,SAN3,2,"9,600","19,200",2026-08-07
29939078,발주,133219060,35373963,"오하이 EZ툴 아이폰 풀커버 사생활보호 프라이버시 강화유리필름 2매, 아이폰 12/12프로, 1세트",2026-06-09 16:08:34,SAN3,2,"11,940","23,880",2026-08-07
29939078,발주,133219060,40840066,"오하이 전면 3D 풀커버 TPU 지문방지 + 무광택 휴대폰 액정보호필름 3p + 부착 가이드툴, 아이폰13미니, 1세트",2026-06-09 16:11:24,SAN3,2,"9,540","19,080",2026-08-07
29939078,발주,133219060,40840079,"오하이 전면 3D 풀커버 TPU 지문방지 + 무광택 휴대폰 액정보호필름 3p + 부착 가이드툴, 아이폰14프로, 1세트",2026-06-09 16:08:34,SAN3,2,"9,540","19,080",2026-08-07
29939078,발주,133219060,41269843,"오하이 사생활보호 프라이버시 TPU 지문인식 휴대폰 액정보호필름 2매+간편부착 툴, 애플 아이폰 14프로, 1세트",2026-06-09 16:11:24,SAN3,2,"6,705","13,410",2026-08-07
29939078,발주,133219060,41555857,"오하이 EZ툴 풀커버 사생활보호 프라이버시 강화유리 휴대폰 액정보호필름 2매, 아이폰 15 프로, 1세트",2026-06-09 16:08:34,SAN3,2,"11,940","23,880",2026-08-07
29939078,발주,133219060,48472776,"오하이 풀커버 강화유리 액정보호필름2개 + EZ툴 제공, 갤럭시S24 플러스",2026-06-09 16:08:34,SAN3,1,"10,740","10,740",2026-08-07
29939078,발주,133219060,48472778,"오하이 풀커버 강화유리 액정보호필름2개 + EZ툴 제공, 갤럭시S24 울트라",2026-06-09 16:08:34,SAN3,4,"10,740","42,960",2026-08-07
29939078,발주,133219060,50428035,"오하이 전면 3D 풀커버 TPU 지문방지 + 무광택 휴대폰 액정보호필름 3p + 부착 가이드툴, 아이폰16프로맥스, 1세트",2026-06-09 16:11:35,SAN3,1,"9,540","9,540",2026-08-07
29939078,발주,133219060,52729614,"오하이 전면 3D 풀커버 TPU 지문방지 + 무광택 휴대폰 액정보호필름 3p + 부착 가이드툴, 삼성 갤럭시 S24FE, 1세트",2026-06-09 16:11:35,SAN3,1,"9,540","9,540",2026-08-07
29939078,발주,133219060,53854611,"오하이 전면 3D 풀커버 TPU 지문방지 + 무광택 휴대폰 액정보호필름 3p + 부착 가이드툴, 갤럭시 A16 5G, 1세트",2026-06-09 16:11:24,SAN3,2,"9,540","19,080",2026-08-07
29939078,발주,133219060,55705546,"오하이 지문방지 PET 무광필름 2매, 갤럭시 S25, 1세트",2026-06-09 16:11:24,SAN3,2,"9,600","19,200",2026-08-07
29939078,발주,133219060,60043362,"오하이 전면 3D 풀커버 TPU 지문방지 + 무광택 휴대폰 액정보호필름 3p + 부착 가이드툴, 갤럭시 S25엣지, 1세트",2026-06-09 16:08:34,SAN3,10,"9,540","95,400",2026-08-07
29939078,발주,133219060,62178967,오하이 풀커버 강화유리 휴대폰 액정보호필름 2p + EZ 툴 세트 아이폰17프로맥스 1세트,2026-06-09 16:08:34,SAN3,7,"10,740","75,180",2026-08-07
29939078,발주,133219060,63073467,"오하이 전면 3D 풀커버 TPU 지문방지 + 무광택 필름 + 부착 가이드툴, 갤럭시S23플러스, 1세트",2026-06-09 16:11:24,SAN3,2,"9,540","19,080",2026-08-07
29939078,발주,133219060,65199912,오하이 전면 3D 풀커버 TPU 지문방지 + 무광택 필름 + 부착 가이드툴 갤럭시 S25FE 1세트,2026-06-09 16:08:34,SAN3,5,"9,600","48,000",2026-08-07
29939078,발주,133219455,50342949,"오하이 풀커버 강화유리 액정보호필름2개 + EZ툴 제공, 아이폰16프로",2026-06-09 23:23:31,DON1,2,"10,740","21,480",2026-08-07
29939078,발주,133219455,50428038,"오하이 전면 3D 풀커버 TPU 지문방지 + 무광택 휴대폰 액정보호필름 3p + 부착 가이드툴, 아이폰16프로, 1세트",2026-06-09 23:23:39,DON1,5,"9,540","47,700",2026-08-07
29939078,발주,133219455,55707339,"오하이 전면 3D 풀커버 TPU 지문방지 + 무광택 휴대폰 액정보호필름 3p + 부착 가이드툴, 삼성 갤럭시 S25플러스, 1세트",2026-06-09 23:23:39,DON1,2,"9,540","19,080",2026-08-07
29939078,발주,133219455,62178970,오하이 풀커버 강화유리 휴대폰 액정보호필름 2p + EZ 툴 세트 아이폰17프로 1세트,2026-06-09 23:23:31,DON1,3,"10,740","32,220",2026-08-07
29939078,발주,133219836,35373955,"오하이 EZ툴 아이폰 풀커버 사생활보호 프라이버시 강화유리필름 2매, 아이폰 14 프로, 1세트",2026-06-09 15:57:19,INC30,1,"11,940","11,940",2026-08-07
29939078,발주,133219836,39017749,"오하이 풀커버 강화유리 액정보호필름 + 이지솔루션 제공, 2개, 아이폰15프로",2026-06-09 15:52:25,INC30,30,"10,740","322,200",2026-08-07
29939078,발주,133219836,50342949,"오하이 풀커버 강화유리 액정보호필름2개 + EZ툴 제공, 아이폰16프로",2026-06-09 15:57:19,INC30,7,"10,740","75,180",2026-08-07
29939078,발주,133219836,62178970,오하이 풀커버 강화유리 휴대폰 액정보호필름 2p + EZ 툴 세트 아이폰17프로 1세트,2026-06-09 15:52:25,INC30,14,"10,740","150,360",2026-08-07
29939078,발주,133219836,62178970,오하이 풀커버 강화유리 휴대폰 액정보호필름 2p + EZ 툴 세트 아이폰17프로 1세트,2026-06-09 15:57:19,INC30,4,"10,740","42,960",2026-08-07
29939078,발주,133219836,65314216,"오하이 전면 3D 풀커버 TPU 지문방지 무광택 필름 + 부착 가이드툴, 아이폰 17, 3매입 1세트",2026-06-09 15:52:25,INC30,11,"9,600","105,600",2026-08-07
29939078,발주,133347810,50342950,"오하이 풀커버 강화유리 액정보호필름2개 + EZ툴 제공, 아이폰16프로맥스",2026-06-09 11:22:52,DAE6,17,"10,740","182,580",2026-08-07
29939078,발주,133347810,55707338,"오하이 전면 3D 풀커버 TPU 지문방지 + 무광택 휴대폰 액정보호필름 3p + 부착 가이드툴, 삼성 갤럭시 S25울트라, 1세트",2026-06-09 11:22:52,DAE6,2,"9,060","18,120",2026-08-07
29939078,발주,133347810,62178967,오하이 풀커버 강화유리 휴대폰 액정보호필름 2p + EZ 툴 세트 아이폰17프로맥스 1세트,2026-06-09 11:22:52,DAE6,10,"10,740","107,400",2026-08-07
29939078,발주,133389297,27686155,"오하이 풀커버 강화유리 액정보호필름 + 이지솔루션 제공, 2개, 아이폰14프로",2026-06-09 16:22:05,DAE6,47,"10,740","504,780",2026-08-07
29939078,발주,133389297,31762099,"오하이 전면 3D 풀커버 TPU 지문방지 + 무광택 휴대폰 액정보호필름 3p + 부착 가이드툴, 갤럭시S23울트라, 1세트",2026-06-09 11:22:52,DAE6,10,"9,540","95,400",2026-08-07
29939078,발주,133389297,50342950,"오하이 풀커버 강화유리 액정보호필름2개 + EZ툴 제공, 아이폰16프로맥스",2026-06-09 16:26:29,DAE6,42,"10,740","451,080",2026-08-07
29939078,발주,133389297,50342952,"오하이 풀커버 강화유리 액정보호필름2개 + EZ툴 제공, 아이폰16",2026-06-09 16:26:29,DAE6,10,"10,740","107,400",2026-08-07
29939078,발주,133389297,62921998,"오하이 폴드,플립 지문방지 무광택 액정보호 필름 + 부착 안내문, 삼성 갤럭시 Z플립7, 1세트 투명",2026-06-09 11:22:52,DAE6,35,"10,700","374,500",2026-08-07
29939078,발주,133401100,48562240,"[10매]오하이 버디필름 장타 비거리스티커 드라이버 우드 헤드 보호 슬라이스방지 골프필름, 드라이버용, 1세트, 드라이버용 10매 95*48mm 단일색상",2026-06-09 11:22:52,DAE6,11,"9,000","99,000",2026-08-07
29939078,발주,133402531,31729103,"오하이 지문방지 PET 무광필름 2매, 갤럭시S23, 1세트",2026-06-09 19:26:47,INC4,1,"9,600","9,600",2026-08-07
29939078,발주,133402531,39017754,"오하이 풀커버 강화유리 액정보호필름 + 이지솔루션 제공, 2개, 아이폰15프로맥스",2026-06-09 19:26:40,INC4,15,"10,740","161,100",2026-08-07
29939078,발주,133402531,39017754,"오하이 풀커버 강화유리 액정보호필름 + 이지솔루션 제공, 2개, 아이폰15프로맥스",2026-06-09 21:19:52,INC4,46,"10,740","494,040",2026-08-07
29939078,발주,133402531,42671224,"오하이 전면 3D 풀커버 TPU 지문방지 + 무광택 휴대폰 액정보호필름 3p + 부착 가이드툴, 삼성 갤럭시 S8, 1세트",2026-06-09 19:26:54,INC4,1,"9,540","9,540",2026-08-07
29939078,발주,133402531,62178970,오하이 풀커버 강화유리 휴대폰 액정보호필름 2p + EZ 툴 세트 아이폰17프로 1세트,2026-06-09 19:55:53,INC4,80,"10,740","859,200",2026-08-07
29939078,발주,133402531,62178970,오하이 풀커버 강화유리 휴대폰 액정보호필름 2p + EZ 툴 세트 아이폰17프로 1세트,2026-06-09 20:05:00,INC4,20,"10,740","214,800",2026-08-07
29939078,발주,133402531,62178970,오하이 풀커버 강화유리 휴대폰 액정보호필름 2p + EZ 툴 세트 아이폰17프로 1세트,2026-06-09 21:05:11,INC4,19,"10,740","204,060",2026-08-07
29939078,발주,133402531,65568322,오하이 갤럭시워치 캐쥬얼 실리콘 스트랩 밴드 20mm 다크그린 갤럭시워치 1개,2026-06-09 19:26:47,INC4,1,"5,655","5,655",2026-08-07
29939078,발주,133429047,41670010,"오하이 전면 3D 풀커버 TPU 지문방지 + 무광택 휴대폰 액정보호필름 3p + 부착 가이드툴, 갤럭시 S24울트라, 1세트",2026-06-09 11:22:52,DAE6,1,"9,540","9,540",2026-08-07
29939078,발주,133429047,48102856,오하이 갤럭시 Z플립 6 저반사 지문방지 풀커버 액정보호필름 내부3매+외부3매 1세트,2026-06-09 11:22:52,DAE6,3,"10,700","32,100",2026-08-07
29952005,발주,132340006,39374831,"오하이 전면 3D 풀커버 TPU 지문방지 + 무광택 휴대폰 액정보호필름 3p + 부착 가이드툴, 갤럭시 S20FE, 1세트",2026-06-10 19:36:07,KKW3,1,"9,540","9,540",2026-08-07
29952005,발주,132340006,50342952,"오하이 풀커버 강화유리 액정보호필름2개 + EZ툴 제공, 아이폰16",2026-06-10 19:36:07,KKW3,3,"10,740","32,220",2026-08-07
29952005,발주,132853669,17185165,오하이 갤럭시 Z플립 3 저반사 지문방지 풀커버 액정보호필름 내부3매+외부3매 1세트,2026-06-10 19:36:07,KKW3,2,"10,700","21,400",2026-08-07
29952005,발주,132853669,35373954,"오하이 EZ툴 아이폰 풀커버 사생활보호 프라이버시 강화유리필름 2매, 아이폰 13/13프로, 1세트",2026-06-10 19:36:07,KKW3,3,"11,940","35,820",2026-08-07
29952005,발주,132853669,35373969,"오하이 EZ툴 아이폰 풀커버 사생활보호 프라이버시 강화유리필름 2매, 아이폰 14 프로맥스, 1세트",2026-06-10 19:38:40,KKW3,2,"11,940","23,880",2026-08-07
29952005,발주,132853669,40840087,"오하이 전면 3D 풀커버 TPU 지문방지 + 무광택 휴대폰 액정보호필름 3p + 부착 가이드툴, 아이폰15프로, 1세트",2026-06-10 19:36:07,KKW3,2,"9,540","19,080",2026-08-07
29952005,발주,132853669,41269832,"오하이 사생활보호 프라이버시 TPU 지문인식 휴대폰 액정보호필름 2매+간편부착 툴, 애플 아이폰 15프로, 1세트",2026-06-10 19:36:07,KKW3,2,"6,705","13,410",2026-08-07
29952005,발주,132853669,52729614,"오하이 전면 3D 풀커버 TPU 지문방지 + 무광택 휴대폰 액정보호필름 3p + 부착 가이드툴, 삼성 갤럭시 S24FE, 1세트",2026-06-10 19:36:07,KKW3,2,"9,540","19,080",2026-08-07
29952005,발주,132853669,55707339,"오하이 전면 3D 풀커버 TPU 지문방지 + 무광택 휴대폰 액정보호필름 3p + 부착 가이드툴, 삼성 갤럭시 S25플러스, 1세트",2026-06-10 19:36:07,KKW3,2,"9,540","19,080",2026-08-07
29952005,발주,132853669,63835702,오하이 1mm 변색 없는 PC 하드 케이스 투명 아이폰17,2026-06-10 19:36:07,KKW3,2,"7,680","15,360",2026-08-07
29952005,발주,132853669,65199912,오하이 전면 3D 풀커버 TPU 지문방지 + 무광택 필름 + 부착 가이드툴 갤럭시 S25FE 1세트,2026-06-10 19:36:07,KKW3,3,"9,600","28,800",2026-08-07
29952005,발주,132855256,13906333,오하이 전면 3D 풀커버 TPU 지문방지 액정보호필름 3p + 부착 가이드툴 세트 삼성갤럭시S21플러스 1세트,2026-06-10 17:33:30,ECH2,1,"9,600","9,600",2026-08-07
29952005,발주,132855256,15328211,"오하이 갤럭시 저반사 지문방지 필름 2매입, 갤럭시S21울트라",2026-06-10 17:33:30,ECH2,1,"5,900","5,900",2026-08-07
29952005,발주,132855256,39017749,"오하이 풀커버 강화유리 액정보호필름 + 이지솔루션 제공, 2개, 아이폰15프로",2026-06-10 15:30:58,ECH2,25,"10,740","268,500",2026-08-07
29952005,발주,132855256,39017754,"오하이 풀커버 강화유리 액정보호필름 + 이지솔루션 제공, 2개, 아이폰15프로맥스",2026-06-10 15:33:03,ECH2,7,"10,740","75,180",2026-08-07
29952005,발주,132855256,41269801,"오하이 사생활보호 프라이버시 TPU 지문인식 휴대폰 액정보호필름 2매+간편부착 툴, 삼성 갤럭시 S23울트라, 1세트",2026-06-10 17:33:30,ECH2,1,"6,705","6,705",2026-08-07
29952005,발주,132855256,42015231,"오하이 사생활보호 프라이버시 TPU 지문인식 휴대폰 액정보호필름 2매+간편부착 툴, 삼성 갤럭시 S24울트라, 1세트",2026-06-10 17:33:30,ECH2,1,"6,705","6,705",2026-08-07
29952005,발주,132855256,50342949,"오하이 풀커버 강화유리 액정보호필름2개 + EZ툴 제공, 아이폰16프로",2026-06-10 15:27:49,ECH2,34,"10,740","365,160",2026-08-07
29952005,발주,132855256,50342949,"오하이 풀커버 강화유리 액정보호필름2개 + EZ툴 제공, 아이폰16프로",2026-06-10 15:29:44,ECH2,34,"10,740","365,160",2026-08-07
29952005,발주,132855256,62178967,오하이 풀커버 강화유리 휴대폰 액정보호필름 2p + EZ 툴 세트 아이폰17프로맥스 1세트,2026-06-10 17:33:27,ECH2,2,"10,740","21,480",2026-08-07
29952005,발주,132855256,62178967,오하이 풀커버 강화유리 휴대폰 액정보호필름 2p + EZ 툴 세트 아이폰17프로맥스 1세트,2026-06-10 17:33:30,ECH2,3,"10,740","32,220",2026-08-07
29952005,발주,132855256,62178971,오하이 풀커버 강화유리 휴대폰 액정보호필름 2p + EZ 툴 세트 아이폰17 1세트,2026-06-10 17:33:27,ECH2,5,"10,740","53,700",2026-08-07
29952005,발주,132855256,69517690,오하이 히든범퍼 하이브리드 소다 휴대폰 케이스 투명 아이폰 17,2026-06-10 17:33:30,ECH2,1,"8,000","8,000",2026-08-07
29952005,발주,132855515,18371042,"오하이 풀커버 강화유리 액정보호필름2개 + EZ툴 제공, 아이폰13프로맥스",2026-06-10 23:05:24,INC28,1,"10,740","10,740",2026-08-07
29952005,발주,132855515,41670004,"오하이 전면 3D 풀커버 TPU 지문방지 + 무광택 휴대폰 액정보호필름 3p + 부착 가이드툴, 갤럭시 S24, 1세트",2026-06-10 23:05:24,INC28,1,"9,540","9,540",2026-08-07
29952005,발주,133037043,48472778,"오하이 풀커버 강화유리 액정보호필름2개 + EZ툴 제공, 갤럭시S24 울트라",2026-06-10 19:36:07,KKW3,2,"10,740","21,480",2026-08-07
29952005,발주,133037233,39017749,"오하이 풀커버 강화유리 액정보호필름 + 이지솔루션 제공, 2개, 아이폰15프로",2026-06-10 23:05:24,INC28,23,"10,740","247,020",2026-08-07
29952005,발주,133037233,41670004,"오하이 전면 3D 풀커버 TPU 지문방지 + 무광택 휴대폰 액정보호필름 3p + 부착 가이드툴, 갤럭시 S24, 1세트",2026-06-10 23:05:24,INC28,2,"9,540","19,080",2026-08-07
29952005,발주,133347525,39017749,"오하이 풀커버 강화유리 액정보호필름 + 이지솔루션 제공, 2개, 아이폰15프로",2026-06-10 11:46:53,GWJ2,59,"10,740","633,660",2026-08-07
29952005,발주,133347620,39017749,"오하이 풀커버 강화유리 액정보호필름 + 이지솔루션 제공, 2개, 아이폰15프로",2026-06-10 17:33:27,ECH2,5,"10,740","53,700",2026-08-07
29952005,발주,133347907,41670010,"오하이 전면 3D 풀커버 TPU 지문방지 + 무광택 휴대폰 액정보호필름 3p + 부착 가이드툴, 갤럭시 S24울트라, 1세트",2026-06-10 17:03:25,KKW3,1,"9,540","9,540",2026-08-07
29952005,발주,133347907,50344701,"오하이 EZ툴 아이폰 풀커버 사생활보호 프라이버시 강화유리필름 2매, 아이폰 16 프로, 1세트",2026-06-10 19:30:31,KKW3,8,"11,940","95,520",2026-08-07
29952005,발주,133347907,50428035,"오하이 전면 3D 풀커버 TPU 지문방지 + 무광택 휴대폰 액정보호필름 3p + 부착 가이드툴, 아이폰16프로맥스, 1세트",2026-06-10 17:03:25,KKW3,1,"9,540","9,540",2026-08-07
29952005,발주,133347907,50428036,"오하이 전면 3D 풀커버 TPU 지문방지 + 무광택 휴대폰 액정보호필름 3p + 부착 가이드툴, 아이폰16, 1세트",2026-06-10 19:38:40,KKW3,1,"9,540","9,540",2026-08-07
29952005,발주,133347907,62178967,오하이 풀커버 강화유리 휴대폰 액정보호필름 2p + EZ 툴 세트 아이폰17프로맥스 1세트,2026-06-10 19:30:31,KKW3,10,"10,740","107,400",2026-08-07
29952005,발주,133347907,62921998,"오하이 폴드,플립 지문방지 무광택 액정보호 필름 + 부착 안내문, 삼성 갤럭시 Z플립7, 1세트 투명",2026-06-10 19:36:07,KKW3,8,"10,700","85,600",2026-08-07
29952005,발주,133390266,13906362,오하이 전면 3D 풀커버 TPU 지문방지 액정보호필름 3p + 부착 가이드툴 세트 갤럭시 S20 1세트,2026-06-10 23:09:48,INC28,1,"9,600","9,600",2026-08-07
29952005,발주,133390266,18371042,"오하이 풀커버 강화유리 액정보호필름2개 + EZ툴 제공, 아이폰13프로맥스",2026-06-10 23:05:24,INC28,4,"10,740","42,960",2026-08-07
29952005,발주,133390266,27686154,"오하이 풀커버 강화유리 액정보호필름 + 이지솔루션 제공, 2개, 아이폰14",2026-06-10 23:05:24,INC28,2,"10,740","21,480",2026-08-07
29952005,발주,133390266,37350957,오하이 지문방지 풀커버 저반사 매트 액정보호필름 전면 3매+내부 3매 +option+ 갤럭시 Z폴드5 ::,2026-06-10 23:05:24,INC28,1,"12,000","12,000",2026-08-07
29952005,발주,133390266,41670004,"오하이 전면 3D 풀커버 TPU 지문방지 + 무광택 휴대폰 액정보호필름 3p + 부착 가이드툴, 갤럭시 S24, 1세트",2026-06-10 23:05:24,INC28,2,"9,540","19,080",2026-08-07
29952005,발주,133390266,48102855,오하이 갤럭시 Z폴드6 저반사 지문방지 풀커버 액정보호필름 외부3매+내부 3매 1세트,2026-06-10 23:05:24,INC28,9,"12,000","108,000",2026-08-07
29952005,발주,133399692,21585994,오하이 전면 3D 풀커버 TPU 지문방지 액정보호필름 3p + 부착 가이드툴 세트 갤럭시S22울트라 1세트,2026-06-10 19:38:40,KKW3,1,"9,600","9,600",2026-08-07
29952005,발주,133399692,27686154,"오하이 풀커버 강화유리 액정보호필름 + 이지솔루션 제공, 2개, 아이폰14",2026-06-10 19:36:07,KKW3,2,"10,740","21,480",2026-08-07
29952005,발주,133399692,27686156,"오하이 풀커버 강화유리 액정보호필름 + 이지솔루션 제공, 2개, 아이폰14맥스(플러스)",2026-06-10 19:36:07,KKW3,1,"10,740","10,740",2026-08-07
29952005,발주,133399692,31762099,"오하이 전면 3D 풀커버 TPU 지문방지 + 무광택 휴대폰 액정보호필름 3p + 부착 가이드툴, 갤럭시S23울트라, 1세트",2026-06-10 17:03:25,KKW3,30,"9,540","286,200",2026-08-07
29952005,발주,133399692,41555857,"오하이 EZ툴 풀커버 사생활보호 프라이버시 강화유리 휴대폰 액정보호필름 2매, 아이폰 15 프로, 1세트",2026-06-10 19:36:07,KKW3,2,"11,940","23,880",2026-08-07
29952005,발주,133399692,41555857,"오하이 EZ툴 풀커버 사생활보호 프라이버시 강화유리 휴대폰 액정보호필름 2매, 아이폰 15 프로, 1세트",2026-06-10 19:38:40,KKW3,2,"11,940","23,880",2026-08-07
29952005,발주,133399692,41555864,"오하이 EZ툴 풀커버 사생활보호 프라이버시 강화유리 휴대폰 액정보호필름 2매, 아이폰 15, 1세트",2026-06-10 19:36:07,KKW3,4,"11,940","47,760",2026-08-07
29952005,발주,133399692,48102855,오하이 갤럭시 Z폴드6 저반사 지문방지 풀커버 액정보호필름 외부3매+내부 3매 1세트,2026-06-10 19:36:07,KKW3,3,"12,000","36,000",2026-08-07
29952005,발주,133399692,48472777,"오하이 풀커버 강화유리 액정보호필름2개 + EZ툴 제공, 갤럭시S24",2026-06-10 19:38:40,KKW3,1,"10,740","10,740",2026-08-07
29952005,발주,133399692,50344701,"오하이 EZ툴 아이폰 풀커버 사생활보호 프라이버시 강화유리필름 2매, 아이폰 16 프로, 1세트",2026-06-10 19:38:40,KKW3,35,"11,940","417,900",2026-08-07
29952005,발주,133400643,39017749,"오하이 풀커버 강화유리 액정보호필름 + 이지솔루션 제공, 2개, 아이폰15프로",2026-06-10 11:34:50,GWJ2,50,"10,740","537,000",2026-08-07
29952005,발주,133400643,39017749,"오하이 풀커버 강화유리 액정보호필름 + 이지솔루션 제공, 2개, 아이폰15프로",2026-06-10 11:44:01,GWJ2,50,"10,740","537,000",2026-08-07
29952005,발주,133400643,62922000,"오하이 폴드,플립 지문방지 무광택 액정보호 필름 + 부착 안내문, 삼성 갤럭시 Z폴드7, 1세트 투명",2026-06-10 11:44:01,GWJ2,44,"12,000","528,000",2026-08-07
29965334,발주,132340104,40840081,"오하이 전면 3D 풀커버 TPU 지문방지 + 무광택 휴대폰 액정보호필름 3p + 부착 가이드툴, 아이폰14프로맥스, 1세트",2026-06-11 01:39:03,DAE3,1,"9,540","9,540",2026-08-07
29965334,발주,133037139,50428038,"오하이 전면 3D 풀커버 TPU 지문방지 + 무광택 휴대폰 액정보호필름 3p + 부착 가이드툴, 아이폰16프로, 1세트",2026-06-11 01:39:03,DAE3,1,"9,540","9,540",2026-08-07
29965334,발주,133037139,62178970,오하이 풀커버 강화유리 휴대폰 액정보호필름 2p + EZ 툴 세트 아이폰17프로 1세트,2026-06-11 00:02:08,DAE3,22,"10,740","236,280",2026-08-07
29965334,발주,133219375,35373955,"오하이 EZ툴 아이폰 풀커버 사생활보호 프라이버시 강화유리필름 2매, 아이폰 14 프로, 1세트",2026-06-11 00:02:01,DAE3,1,"11,940","11,940",2026-08-07
29965334,발주,133219375,50342949,"오하이 풀커버 강화유리 액정보호필름2개 + EZ툴 제공, 아이폰16프로",2026-06-11 00:02:01,DAE3,12,"10,740","128,880",2026-08-07
29965334,발주,133219375,50342950,"오하이 풀커버 강화유리 액정보호필름2개 + EZ툴 제공, 아이폰16프로맥스",2026-06-11 00:02:08,DAE3,1,"10,740","10,740",2026-08-07
29965334,발주,133219375,50344698,"오하이 EZ툴 풀커버 사생활보호 프라이버시 강화유리 휴대폰 액정보호필름 2매, 아이폰 16 프로맥스, 1세트",2026-06-11 00:02:15,DAE3,15,"11,940","179,100",2026-08-07
29965334,발주,133219375,50344700,"오하이 EZ툴 풀커버 사생활보호 프라이버시 강화유리 휴대폰 액정보호필름 2매, 아이폰 16, 1세트",2026-06-11 00:04:11,DAE3,15,"11,940","179,100",2026-08-07
29965334,발주,133219375,50344701,"오하이 EZ툴 아이폰 풀커버 사생활보호 프라이버시 강화유리필름 2매, 아이폰 16 프로, 1세트",2026-06-11 00:32:47,DAE3,2,"11,940","23,880",2026-08-07
29965334,발주,133219375,55701817,"오하이 풀커버 강화유리 액정보호필름 + 이지솔루션 제공, 2매1세트, 갤럭시S25 울트라",2026-06-11 00:28:32,DAE3,4,"10,740","42,960",2026-08-07
29965334,발주,133219375,55701818,"오하이 풀커버 강화유리 액정보호필름 + 이지솔루션 제공, 2매1세트, 갤럭시S25",2026-06-11 00:32:55,DAE3,1,"10,740","10,740",2026-08-07
29965334,발주,133219375,62178970,오하이 풀커버 강화유리 휴대폰 액정보호필름 2p + EZ 툴 세트 아이폰17프로 1세트,2026-06-11 00:02:08,DAE3,1,"10,740","10,740",2026-08-07
29965334,발주,133219375,65314216,"오하이 전면 3D 풀커버 TPU 지문방지 무광택 필름 + 부착 가이드툴, 아이폰 17, 3매입 1세트",2026-06-11 01:39:03,DAE3,11,"9,600","105,600",2026-08-07
29965334,발주,133219375,65314217,"오하이 전면 3D 풀커버 TPU 지문방지 무광택 필름 + 부착 가이드툴 아이폰 17 Pro, 3매입 1세트",2026-06-11 01:39:03,DAE3,1,"9,600","9,600",2026-08-07
30050589,발주,133638766,50342949,"오하이 풀커버 강화유리 액정보호필름2개 + EZ툴 제공, 아이폰16프로",2026-06-18 09:49:04,DON1,26,"10,740","279,240",2026-08-14
30050589,발주,133638950,40840056,"오하이 전면 3D 풀커버 TPU 지문방지 + 무광택 휴대폰 액정보호필름 3p + 부착 가이드툴, 아이폰12/12프로, 1세트",2026-06-18 03:21:50,INC30,2,"9,540","19,080",2026-08-14
30050589,발주,133638950,41241005,"오하이 전면 3D 풀커버 TPU 지문방지 + 무광택 휴대폰 액정보호필름 3p + 부착 가이드툴, 아이폰 X/XS/11프로, 1세트",2026-06-18 03:18:57,INC30,2,"9,540","19,080",2026-08-14
30050589,발주,133638950,41670025,"오하이 전면 3D 풀커버 TPU 지문방지 무광택 필름 3p + 부착 가이드툴, 갤럭시 S24플러스, 1세트",2026-06-18 03:21:50,INC30,1,"9,540","9,540",2026-08-14
30050589,발주,133722796,55701817,"오하이 풀커버 강화유리 액정보호필름 + 이지솔루션 제공, 2매1세트, 갤럭시S25 울트라",2026-06-18 03:21:50,INC30,1,"10,740","10,740",2026-08-14
30050589,발주,133722891,39017749,"오하이 풀커버 강화유리 액정보호필름 + 이지솔루션 제공, 2개, 아이폰15프로",2026-06-18 09:49:04,DON1,13,"10,740","139,620",2026-08-14
30050589,발주,133821683,41670025,"오하이 전면 3D 풀커버 TPU 지문방지 무광택 필름 3p + 부착 가이드툴, 갤럭시 S24플러스, 1세트",2026-06-18 11:11:08,DAE3,2,"9,540","19,080",2026-08-14
30050589,발주,133821683,55707339,"오하이 전면 3D 풀커버 TPU 지문방지 + 무광택 휴대폰 액정보호필름 3p + 부착 가이드툴, 삼성 갤럭시 S25플러스, 1세트",2026-06-18 11:22:56,DAE3,1,"9,540","9,540",2026-08-14
30050589,발주,133821744,39017749,"오하이 풀커버 강화유리 액정보호필름 + 이지솔루션 제공, 2개, 아이폰15프로",2026-06-18 09:49:04,DON1,20,"10,740","214,800",2026-08-14
30050589,발주,133821744,41670025,"오하이 전면 3D 풀커버 TPU 지문방지 무광택 필름 3p + 부착 가이드툴, 갤럭시 S24플러스, 1세트",2026-06-18 04:23:01,DON1,2,"9,540","19,080",2026-08-14
30050589,발주,133821744,48102855,오하이 갤럭시 Z폴드6 저반사 지문방지 풀커버 액정보호필름 외부3매+내부 3매 1세트,2026-06-18 04:18:43,DON1,1,"12,000","12,000",2026-08-14
30050589,발주,133821744,62922000,"오하이 폴드,플립 지문방지 무광택 액정보호 필름 + 부착 안내문, 삼성 갤럭시 Z폴드7, 1세트 투명",2026-06-18 04:23:01,DON1,3,"12,000","36,000",2026-08-14
30050589,발주,133821839,62922000,"오하이 폴드,플립 지문방지 무광택 액정보호 필름 + 부착 안내문, 삼성 갤럭시 Z폴드7, 1세트 투명",2026-06-18 11:11:08,DAE3,8,"12,000","96,000",2026-08-14
30050589,발주,133821868,41670025,"오하이 전면 3D 풀커버 TPU 지문방지 무광택 필름 3p + 부착 가이드툴, 갤럭시 S24플러스, 1세트",2026-06-18 03:21:50,INC30,2,"9,540","19,080",2026-08-14
30050589,발주,133822057,41670025,"오하이 전면 3D 풀커버 TPU 지문방지 무광택 필름 3p + 부착 가이드툴, 갤럭시 S24플러스, 1세트",2026-06-18 03:21:50,INC30,1,"9,540","9,540",2026-08-14
30050589,발주,133929543,41670025,"오하이 전면 3D 풀커버 TPU 지문방지 무광택 필름 3p + 부착 가이드툴, 갤럭시 S24플러스, 1세트",2026-06-18 11:12:58,DAE3,7,"9,540","66,780",2026-08-14
30050589,발주,133929543,48102855,오하이 갤럭시 Z폴드6 저반사 지문방지 풀커버 액정보호필름 외부3매+내부 3매 1세트,2026-06-18 11:09:03,DAE3,8,"12,000","96,000",2026-08-14
30050589,발주,133929543,55701818,"오하이 풀커버 강화유리 액정보호필름 + 이지솔루션 제공, 2매1세트, 갤럭시S25",2026-06-18 11:14:12,DAE3,2,"10,740","21,480",2026-08-14
30050589,발주,133929573,62922000,"오하이 폴드,플립 지문방지 무광택 액정보호 필름 + 부착 안내문, 삼성 갤럭시 Z폴드7, 1세트 투명",2026-06-18 03:24:13,INC30,38,"12,000","456,000",2026-08-14
30050589,발주,133930520,69592736,"오하이 맥세이프 하이브리드 투명 소다 휴대폰 케이스, 아이폰 17 프로맥스",2026-06-18 03:42:45,INC30,2,"11,000","22,000",2026-08-14
30050589,발주,133986455,19454771,"오하이 풀커버 강화유리 액정보호필름2개 + EZ툴 제공, 아이폰12/12프로",2026-06-18 09:48:52,DON1,3,"10,740","32,220",2026-08-14
30050589,발주,133986455,27686154,"오하이 풀커버 강화유리 액정보호필름 + 이지솔루션 제공, 2개, 아이폰14",2026-06-18 09:48:52,DON1,3,"10,740","32,220",2026-08-14
30050589,발주,133986455,27686157,"오하이 풀커버 강화유리 액정보호필름 + 이지솔루션 제공, 2개, 아이폰14프로맥스",2026-06-18 09:48:52,DON1,2,"10,740","21,480",2026-08-14
30050589,발주,133986455,62922000,"오하이 폴드,플립 지문방지 무광택 액정보호 필름 + 부착 안내문, 삼성 갤럭시 Z폴드7, 1세트 투명",2026-06-18 04:22:45,DON1,11,"12,000","132,000",2026-08-14
30050589,발주,133986455,62922000,"오하이 폴드,플립 지문방지 무광택 액정보호 필름 + 부착 안내문, 삼성 갤럭시 Z폴드7, 1세트 투명",2026-06-18 04:23:01,DON1,2,"12,000","24,000",2026-08-14
30050589,발주,133986836,19454771,"오하이 풀커버 강화유리 액정보호필름2개 + EZ툴 제공, 아이폰12/12프로",2026-06-18 11:14:54,DAE3,5,"10,740","53,700",2026-08-14
30050589,발주,133986836,27686157,"오하이 풀커버 강화유리 액정보호필름 + 이지솔루션 제공, 2개, 아이폰14프로맥스",2026-06-18 11:11:08,DAE3,2,"10,740","21,480",2026-08-14
30050589,발주,133987022,27686154,"오하이 풀커버 강화유리 액정보호필름 + 이지솔루션 제공, 2개, 아이폰14",2026-06-18 03:18:57,INC30,2,"10,740","21,480",2026-08-14
30050589,발주,133987299,19454771,"오하이 풀커버 강화유리 액정보호필름2개 + EZ툴 제공, 아이폰12/12프로",2026-06-18 03:18:57,INC30,1,"10,740","10,740",2026-08-14
30050589,발주,133987390,19454771,"오하이 풀커버 강화유리 액정보호필름2개 + EZ툴 제공, 아이폰12/12프로",2026-06-18 03:18:57,INC30,3,"10,740","32,220",2026-08-14
30050589,발주,133987390,27686157,"오하이 풀커버 강화유리 액정보호필름 + 이지솔루션 제공, 2개, 아이폰14프로맥스",2026-06-18 03:21:50,INC30,3,"10,740","32,220",2026-08-14
30050589,발주,133987390,55701818,"오하이 풀커버 강화유리 액정보호필름 + 이지솔루션 제공, 2매1세트, 갤럭시S25",2026-06-18 03:21:50,INC30,2,"10,740","21,480",2026-08-14
30050589,발주,133987574,19454771,"오하이 풀커버 강화유리 액정보호필름2개 + EZ툴 제공, 아이폰12/12프로",2026-06-18 03:18:57,INC30,3,"10,740","32,220",2026-08-14
30050589,발주,134000097,13906309,오하이 전면 3D 풀커버 TPU 지문방지 액정보호필름 3p + 부착 가이드툴 세트 갤럭시 S20플러스 1세트,2026-06-18 11:26:14,DAE3,1,"9,600","9,600",2026-08-14
30050589,발주,134000097,15328213,"오하이 갤럭시 저반사 지문방지 필름 2매입, 갤럭시S21",2026-06-18 11:19:17,DAE3,1,"5,900","5,900",2026-08-14
30050589,발주,134000097,15328214,"오하이 갤럭시 저반사 지문방지 필름 2매입, 갤럭시S21플러스",2026-06-18 11:09:03,DAE3,1,"5,900","5,900",2026-08-14
30050589,발주,134000097,18371042,"오하이 풀커버 강화유리 액정보호필름2개 + EZ툴 제공, 아이폰13프로맥스",2026-06-18 11:09:03,DAE3,2,"10,740","21,480",2026-08-14
30050589,발주,134000097,27686155,"오하이 풀커버 강화유리 액정보호필름 + 이지솔루션 제공, 2개, 아이폰14프로",2026-06-18 11:08:54,DAE3,26,"10,740","279,240",2026-08-14
30050589,발주,134000097,27686156,"오하이 풀커버 강화유리 액정보호필름 + 이지솔루션 제공, 2개, 아이폰14맥스(플러스)",2026-06-18 11:14:12,DAE3,1,"10,740","10,740",2026-08-14
30050589,발주,134000097,27686157,"오하이 풀커버 강화유리 액정보호필름 + 이지솔루션 제공, 2개, 아이폰14프로맥스",2026-06-18 11:37:41,DAE3,2,"10,740","21,480",2026-08-14
30050589,발주,134000097,31729103,"오하이 지문방지 PET 무광필름 2매, 갤럭시S23, 1세트",2026-06-18 11:16:41,DAE3,1,"9,600","9,600",2026-08-14
30050589,발주,134000097,35373959,"오하이 EZ툴 아이폰 풀커버 사생활보호 프라이버시 강화유리필름 2매, 아이폰 12 프로맥스, 1세트",2026-06-18 11:12:58,DAE3,1,"11,940","11,940",2026-08-14
30050589,발주,134000097,39017751,"오하이 풀커버 강화유리 액정보호필름 + 이지솔루션 제공, 2개, 아이폰15플러스",2026-06-18 11:26:14,DAE3,1,"10,740","10,740",2026-08-14
30050589,발주,134000097,40840065,"오하이 전면 3D 풀커버 TPU 지문방지 + 무광택 휴대폰 액정보호필름 3p + 부착 가이드툴, 아이폰13/13프로, 1세트",2026-06-18 11:37:41,DAE3,1,"9,540","9,540",2026-08-14
30050589,발주,134000097,41241005,"오하이 전면 3D 풀커버 TPU 지문방지 + 무광택 휴대폰 액정보호필름 3p + 부착 가이드툴, 아이폰 X/XS/11프로, 1세트",2026-06-18 11:14:12,DAE3,1,"9,540","9,540",2026-08-14
30050589,발주,134000097,41555886,"오하이 EZ툴 풀커버 사생활보호 프라이버시 강화유리 휴대폰 액정보호필름 2매, 아이폰 15 프로맥스, 1세트",2026-06-18 11:16:41,DAE3,1,"11,940","11,940",2026-08-14
30050589,발주,134000097,48183125,"오하이 전면 3D 풀커버 TPU 지문방지 + 무광택 휴대폰 액정보호필름 3p + 부착 가이드툴, 갤럭시 A35, 1세트",2026-06-18 11:14:54,DAE3,1,"9,540","9,540",2026-08-14
30050589,발주,134000097,48472777,"오하이 풀커버 강화유리 액정보호필름2개 + EZ툴 제공, 갤럭시S24",2026-06-18 11:22:56,DAE3,1,"10,740","10,740",2026-08-14
30050589,발주,134000097,52729614,"오하이 전면 3D 풀커버 TPU 지문방지 + 무광택 휴대폰 액정보호필름 3p + 부착 가이드툴, 삼성 갤럭시 S24FE, 1세트",2026-06-18 11:15:33,DAE3,3,"9,540","28,620",2026-08-14
30050589,발주,134000097,55701818,"오하이 풀커버 강화유리 액정보호필름 + 이지솔루션 제공, 2매1세트, 갤럭시S25",2026-06-18 11:15:33,DAE3,5,"10,740","53,700",2026-08-14
30050589,발주,134000097,69592740,"오하이 맥세이프 하이브리드 투명 소다 휴대폰 케이스, 아이폰 16",2026-06-18 11:11:08,DAE3,1,"11,000","11,000",2026-08-14
30050589,발주,134000529,40840087,"오하이 전면 3D 풀커버 TPU 지문방지 + 무광택 휴대폰 액정보호필름 3p + 부착 가이드툴, 아이폰15프로, 1세트",2026-06-18 03:24:13,INC30,1,"9,540","9,540",2026-08-14
30050589,발주,134000529,50428036,"오하이 전면 3D 풀커버 TPU 지문방지 + 무광택 휴대폰 액정보호필름 3p + 부착 가이드툴, 아이폰16, 1세트",2026-06-18 03:18:57,INC30,3,"9,540","28,620",2026-08-14
30050589,발주,134000529,57316048,"오하이 일미리 케이스 1mm 변색 없는 PC 하드 케이스, 갤럭시 S24",2026-06-18 03:18:57,INC30,1,"8,000","8,000",2026-08-14
30050589,발주,134000529,63835702,오하이 1mm 변색 없는 PC 하드 케이스 투명 아이폰17,2026-06-18 03:18:57,INC30,2,"7,680","15,360",2026-08-14
30050589,발주,134000529,65314219,"오하이 전면 3D 풀커버 TPU 지문방지 무광택 필름 + 부착 가이드툴 아이폰 Air, 3매입 1세트",2026-06-18 03:18:57,INC30,1,"9,600","9,600",2026-08-14
30050589,발주,134000803,17185168,오하이 저반사 지문방지 풀커버 액정보호필름 전면 3매+내부 3매 +option+ 갤럭시 Z폴드3 ::,2026-06-18 03:24:13,INC30,1,"12,000","12,000",2026-08-14
30050589,발주,134000803,19454772,"오하이 풀커버 강화유리 액정보호필름2개 + EZ툴 제공, 아이폰12프로맥스",2026-06-18 03:21:50,INC30,4,"10,740","42,960",2026-08-14
30050589,발주,134000803,27217829,오하이 저반사 지문방지 풀커버 내부액정보호필름 내부3매+외부 3매 +option+ 갤럭시 Z플립4 ::,2026-06-18 03:18:57,INC30,3,"10,700","32,100",2026-08-14
30050589,발주,134001272,31762099,"오하이 전면 3D 풀커버 TPU 지문방지 + 무광택 휴대폰 액정보호필름 3p + 부착 가이드툴, 갤럭시S23울트라, 1세트",2026-06-18 00:43:13,CHW1,29,"9,540","276,660",2026-08-14
30050589,발주,134001272,39017754,"오하이 풀커버 강화유리 액정보호필름 + 이지솔루션 제공, 2개, 아이폰15프로맥스",2026-06-18 00:43:13,CHW1,11,"10,740","118,140",2026-08-14
30050589,발주,134001272,50342950,"오하이 풀커버 강화유리 액정보호필름2개 + EZ툴 제공, 아이폰16프로맥스",2026-06-18 00:43:13,CHW1,34,"10,740","365,160",2026-08-14
30050589,발주,134001272,55707338,"오하이 전면 3D 풀커버 TPU 지문방지 + 무광택 휴대폰 액정보호필름 3p + 부착 가이드툴, 삼성 갤럭시 S25울트라, 1세트",2026-06-18 00:43:13,CHW1,16,"9,060","144,960",2026-08-14
30050589,발주,134001456,50428035,"오하이 전면 3D 풀커버 TPU 지문방지 + 무광택 휴대폰 액정보호필름 3p + 부착 가이드툴, 아이폰16프로맥스, 1세트",2026-06-18 03:21:50,INC30,3,"9,540","28,620",2026-08-14
30050589,발주,134001456,55701817,"오하이 풀커버 강화유리 액정보호필름 + 이지솔루션 제공, 2매1세트, 갤럭시S25 울트라",2026-06-18 03:21:50,INC30,1,"10,740","10,740",2026-08-14
30050589,발주,134001456,65568329,오하이 갤럭시워치 캐쥬얼 실리콘 스트랩 밴드 20mm 블랙 갤럭시워치 1개,2026-06-18 03:21:50,INC30,1,"5,655","5,655",2026-08-14
30050589,발주,134057805,11789198,"오하이 풀커버 지문방지 무광택 액정보호필름 2매입, LG V50",2026-06-18 04:18:43,DON1,2,"6,960","13,920",2026-08-14
30050589,발주,134057805,13906309,오하이 전면 3D 풀커버 TPU 지문방지 액정보호필름 3p + 부착 가이드툴 세트 갤럭시 S20플러스 1세트,2026-06-18 04:18:43,DON1,2,"9,600","19,200",2026-08-14
30050589,발주,134057805,13906333,오하이 전면 3D 풀커버 TPU 지문방지 액정보호필름 3p + 부착 가이드툴 세트 삼성갤럭시S21플러스 1세트,2026-06-18 04:18:43,DON1,1,"9,600","9,600",2026-08-14
30050589,발주,134057805,13906334,"오하이 전면 3D 풀커버 TPU 지문방지 + 무광택 휴대폰 액정보호필름 3p + 부착 가이드툴, 갤럭시노트20, 1세트",2026-06-18 04:18:43,DON1,2,"9,540","19,080",2026-08-14
30050589,발주,134057805,13906347,오하이 전면 3D 풀커버 TPU 지문방지 액정보호필름 3p + 부착 가이드툴 세트 갤럭시 S10 1세트,2026-06-18 04:18:43,DON1,1,"9,600","9,600",2026-08-14
30050589,발주,134057805,13906362,오하이 전면 3D 풀커버 TPU 지문방지 액정보호필름 3p + 부착 가이드툴 세트 갤럭시 S20 1세트,2026-06-18 04:18:43,DON1,2,"9,600","19,200",2026-08-14
30050589,발주,134057805,15328211,"오하이 갤럭시 저반사 지문방지 필름 2매입, 갤럭시S21울트라",2026-06-18 04:18:43,DON1,1,"5,900","5,900",2026-08-14
30050589,발주,134057805,15328213,"오하이 갤럭시 저반사 지문방지 필름 2매입, 갤럭시S21",2026-06-18 04:18:43,DON1,2,"5,900","11,800",2026-08-14
30050589,발주,134057805,15328214,"오하이 갤럭시 저반사 지문방지 필름 2매입, 갤럭시S21플러스",2026-06-18 04:18:43,DON1,2,"5,900","11,800",2026-08-14
30050589,발주,134057805,21585981,오하이 전면 3D 풀커버 TPU 지문방지 액정보호필름 3p + 부착 가이드툴 세트 갤럭시 S22 1세트,2026-06-18 04:18:43,DON1,1,"9,600","9,600",2026-08-14
30050589,발주,134057805,27217841,오하이 갤럭시 Z폴드4 지문방지 풀커버 저반사 매트 액정보호필름 전면 3매+내부 3매 1세트,2026-06-18 04:23:01,DON1,3,"12,000","36,000",2026-08-14
30050589,발주,134057805,27686156,"오하이 풀커버 강화유리 액정보호필름 + 이지솔루션 제공, 2개, 아이폰14맥스(플러스)",2026-06-18 09:48:52,DON1,2,"10,740","21,480",2026-08-14
30050589,발주,134057805,29553158,"오하이 지문방지 PET 무광필름 2매, 아이폰14프로맥스, 1세트",2026-06-18 04:18:43,DON1,1,"9,600","9,600",2026-08-14
30050589,발주,134057805,31729103,"오하이 지문방지 PET 무광필름 2매, 갤럭시S23, 1세트",2026-06-18 04:18:43,DON1,2,"9,600","19,200",2026-08-14
30050589,발주,134057805,31729104,"오하이 지문방지 PET 무광필름 2매, 갤럭시S23플러스, 1세트",2026-06-18 04:18:43,DON1,1,"9,600","9,600",2026-08-14
30050589,발주,134057805,31762097,"오하이 전면 3D 풀커버 TPU 지문방지 + 무광택 휴대폰 액정보호필름 3p + 부착 가이드툴, 갤럭시S23, 1세트",2026-06-18 04:18:43,DON1,2,"9,540","19,080",2026-08-14
30050589,발주,134057805,36684361,"오하이 전면 3D 풀커버 TPU 지문방지 + 무광택 휴대폰 액정보호필름 3p + 부착 가이드툴, 갤럭시노트20울트라, 1세트",2026-06-18 04:18:43,DON1,3,"9,540","28,620",2026-08-14
30050589,발주,134057805,39017751,"오하이 풀커버 강화유리 액정보호필름 + 이지솔루션 제공, 2개, 아이폰15플러스",2026-06-18 09:49:16,DON1,1,"10,740","10,740",2026-08-14
30050589,발주,134057805,39374850,"오하이 전면 3D 풀커버 TPU 지문방지 + 무광택 휴대폰 액정보호필름 3p + 부착 가이드툴, 삼성 갤럭시 S20울트라, 1세트",2026-06-18 04:18:43,DON1,1,"9,540","9,540",2026-08-14
30050589,발주,134057805,40840065,"오하이 전면 3D 풀커버 TPU 지문방지 + 무광택 휴대폰 액정보호필름 3p + 부착 가이드툴, 아이폰13/13프로, 1세트",2026-06-18 04:18:43,DON1,2,"9,540","19,080",2026-08-14
30050589,발주,134057805,40840077,"오하이 전면 3D 풀커버 TPU 지문방지 + 무광택 휴대폰 액정보호필름 3p + 부착 가이드툴, 아이폰14, 1세트",2026-06-18 04:18:43,DON1,2,"9,540","19,080",2026-08-14
30050589,발주,134057805,40840081,"오하이 전면 3D 풀커버 TPU 지문방지 + 무광택 휴대폰 액정보호필름 3p + 부착 가이드툴, 아이폰14프로맥스, 1세트",2026-06-18 04:18:43,DON1,1,"9,540","9,540",2026-08-14
30050589,발주,134057805,40840085,"오하이 전면 3D 풀커버 TPU 지문방지 + 무광택 휴대폰 액정보호필름 3p + 부착 가이드툴, 아이폰15, 1세트",2026-06-18 04:18:43,DON1,2,"9,540","19,080",2026-08-14
30050589,발주,134057805,40840089,"오하이 전면 3D 풀커버 TPU 지문방지 + 무광택 휴대폰 액정보호필름 3p + 부착 가이드툴, 아이폰15프로맥스, 1세트",2026-06-18 04:18:43,DON1,2,"9,558","19,116",2026-08-14
30050589,발주,134057805,40840096,"오하이 전면 3D 풀커버 TPU 지문방지 + 무광택 휴대폰 액정보호필름 3p + 부착 가이드툴, 아이폰15플러스, 1세트",2026-06-18 04:18:43,DON1,1,"9,540","9,540",2026-08-14
30050589,발주,134057805,41241005,"오하이 전면 3D 풀커버 TPU 지문방지 + 무광택 휴대폰 액정보호필름 3p + 부착 가이드툴, 아이폰 X/XS/11프로, 1세트",2026-06-18 04:18:43,DON1,1,"9,540","9,540",2026-08-14
30050589,발주,134057805,41269832,"오하이 사생활보호 프라이버시 TPU 지문인식 휴대폰 액정보호필름 2매+간편부착 툴, 애플 아이폰 15프로, 1세트",2026-06-18 04:18:43,DON1,1,"6,705","6,705",2026-08-14
30050589,발주,134057805,41555878,"오하이 EZ툴 풀커버 사생활보호 프라이버시 강화유리 휴대폰 액정보호필름 2매, 아이폰 15 플러스, 1세트",2026-06-18 09:48:52,DON1,1,"11,940","11,940",2026-08-14
30050589,발주,134057805,41555886,"오하이 EZ툴 풀커버 사생활보호 프라이버시 강화유리 휴대폰 액정보호필름 2매, 아이폰 15 프로맥스, 1세트",2026-06-18 09:48:52,DON1,4,"11,940","47,760",2026-08-14
30050589,발주,134057805,41670057,"오하이 전면 3D 풀커버 TPU 지문방지 + 무광택 휴대폰 액정보호필름 3p + 부착 가이드툴, 갤럭시 A34, 1세트",2026-06-18 04:18:43,DON1,1,"9,540","9,540",2026-08-14
30050589,발주,134057805,41941966,"오하이 지문방지 PET 무광필름 2매, 아이폰15, 1세트",2026-06-18 04:18:43,DON1,1,"9,600","9,600",2026-08-14
30050589,발주,134057805,42671224,"오하이 전면 3D 풀커버 TPU 지문방지 + 무광택 휴대폰 액정보호필름 3p + 부착 가이드툴, 삼성 갤럭시 S8, 1세트",2026-06-18 04:18:43,DON1,1,"9,540","9,540",2026-08-14
30050589,발주,134057805,48472776,"오하이 풀커버 강화유리 액정보호필름2개 + EZ툴 제공, 갤럭시S24 플러스",2026-06-18 09:49:16,DON1,1,"10,740","10,740",2026-08-14
30050589,발주,134057805,48472777,"오하이 풀커버 강화유리 액정보호필름2개 + EZ툴 제공, 갤럭시S24",2026-06-18 09:48:52,DON1,3,"10,740","32,220",2026-08-14
30050589,발주,134057805,50344699,"오하이 EZ툴 풀커버 사생활보호 프라이버시 강화유리 휴대폰 액정보호필름 2매, 아이폰 16 플러스, 1세트",2026-06-18 04:18:43,DON1,1,"11,940","11,940",2026-08-14
30050589,발주,134057805,50427106,"오하이 사생활보호 프라이버시 TPU 지문인식 휴대폰 액정보호필름 2매+간편부착 툴, 애플 아이폰 16, 1세트",2026-06-18 04:21:03,DON1,1,"6,705","6,705",2026-08-14
30050589,발주,134057805,51606930,"오하이 태블릿용 종이질감 필름 2매입, 갤럭시탭 S10울트라, 투명, 2매",2026-06-18 04:21:03,DON1,1,"9,540","9,540",2026-08-14
30050589,발주,134057805,52404708,"오하이 태블릿 지문방지 필름 2매, 아이패드 미니 7세대 8.3인치 투명",2026-06-18 09:49:16,DON1,1,"9,540","9,540",2026-08-14
30050589,발주,134057805,52729614,"오하이 전면 3D 풀커버 TPU 지문방지 + 무광택 휴대폰 액정보호필름 3p + 부착 가이드툴, 삼성 갤럭시 S24FE, 1세트",2026-06-18 04:18:43,DON1,2,"9,540","19,080",2026-08-14
30050589,발주,134057805,54175430,"오하이 지문방지 PET 무광필름 2매, 아이폰16프로, 1세트",2026-06-18 04:18:43,DON1,1,"9,600","9,600",2026-08-14
30050589,발주,134057805,54175431,"오하이 지문방지 PET 무광필름 2매, 아이폰16프로맥스, 1세트",2026-06-18 04:18:43,DON1,1,"9,600","9,600",2026-08-14
30050589,발주,134057805,55701377,"오하이 사생활보호 프라이버시 TPU 지문인식 휴대폰 액정보호필름 2매+간편부착 툴, 삼성 갤럭시 S25플러스, 1세트",2026-06-18 04:18:43,DON1,1,"6,705","6,705",2026-08-14
30050589,발주,134057805,55701378,"오하이 사생활보호 프라이버시 TPU 지문인식 휴대폰 액정보호필름 2매+간편부착 툴, 삼성 갤럭시 S25, 1세트",2026-06-18 04:18:43,DON1,1,"6,705","6,705",2026-08-14
30050589,발주,134057805,57316048,"오하이 일미리 케이스 1mm 변색 없는 PC 하드 케이스, 갤럭시 S24",2026-06-18 04:18:43,DON1,1,"8,000","8,000",2026-08-14
30050589,발주,134057805,60136101,"오하이 사생활보호 프라이버시 TPU 지문인식 휴대폰 액정보호필름 2매+간편부착 툴, 삼성 갤럭시 S25엣지, 1세트",2026-06-18 04:18:43,DON1,1,"6,705","6,705",2026-08-14
30050589,발주,134057805,65314219,"오하이 전면 3D 풀커버 TPU 지문방지 무광택 필름 + 부착 가이드툴 아이폰 Air, 3매입 1세트",2026-06-18 04:18:43,DON1,2,"9,600","19,200",2026-08-14
30050589,발주,134057805,65568322,오하이 갤럭시워치 캐쥬얼 실리콘 스트랩 밴드 20mm 다크그린 갤럭시워치 1개,2026-06-18 04:18:43,DON1,1,"5,655","5,655",2026-08-14
30050589,발주,134057805,69748316,"오하이 전면 3D 풀커버 TPU 지문방지 + 무광택 필름 + 필름 부착도구, 아이폰17e",2026-06-18 09:48:52,DON1,6,"9,600","57,600",2026-08-14
30050589,발주,134058115,11222408,"오하이 풀커버 지문방지 무광택 액정보호필름 2매입, 갤럭시S10 5G",2026-06-18 04:18:43,DON1,1,"6,960","6,960",2026-08-14
30050589,발주,134058115,12424360,"오하이 풀커버 지문방지 무광택 액정보호필름 3매입, 갤럭시 노트20",2026-06-18 09:48:52,DON1,2,"8,200","16,400",2026-08-14
30050589,발주,134058115,12424363,"오하이 풀커버 지문방지 무광택 액정보호필름 2개입 , 갤럭시 노트20",2026-06-18 04:18:43,DON1,1,"6,950","6,950",2026-08-14
30050589,발주,134058115,17185165,오하이 갤럭시 Z플립 3 저반사 지문방지 풀커버 액정보호필름 내부3매+외부3매 1세트,2026-06-18 09:48:52,DON1,2,"10,700","21,400",2026-08-14
30050589,발주,134058115,17185168,오하이 저반사 지문방지 풀커버 액정보호필름 전면 3매+내부 3매 +option+ 갤럭시 Z폴드3 ::,2026-06-18 04:18:43,DON1,1,"12,000","12,000",2026-08-14
30050589,발주,134058115,21585994,오하이 전면 3D 풀커버 TPU 지문방지 액정보호필름 3p + 부착 가이드툴 세트 갤럭시S22울트라 1세트,2026-06-18 09:48:52,DON1,2,"9,600","19,200",2026-08-14
30050589,발주,134058115,35373956,"오하이 EZ툴 아이폰 풀커버 사생활보호 프라이버시 강화유리필름 2매, 아이폰 13 프로맥스, 1세트",2026-06-18 09:48:52,DON1,1,"11,940","11,940",2026-08-14
30050589,발주,134058115,35373959,"오하이 EZ툴 아이폰 풀커버 사생활보호 프라이버시 강화유리필름 2매, 아이폰 12 프로맥스, 1세트",2026-06-18 09:48:52,DON1,2,"11,940","23,880",2026-08-14
30050589,발주,134058115,35373963,"오하이 EZ툴 아이폰 풀커버 사생활보호 프라이버시 강화유리필름 2매, 아이폰 12/12프로, 1세트",2026-06-18 09:48:52,DON1,1,"11,940","11,940",2026-08-14
30050589,발주,134058115,35373965,"오하이 EZ툴 아이폰 풀커버 사생활보호 프라이버시 강화유리필름 2매, 아이폰 14 플러스, 1세트",2026-06-18 09:48:52,DON1,2,"11,940","23,880",2026-08-14
30050589,발주,134058115,35373969,"오하이 EZ툴 아이폰 풀커버 사생활보호 프라이버시 강화유리필름 2매, 아이폰 14 프로맥스, 1세트",2026-06-18 09:48:52,DON1,1,"11,940","11,940",2026-08-14
30050589,발주,134058115,37350957,오하이 지문방지 풀커버 저반사 매트 액정보호필름 전면 3매+내부 3매 +option+ 갤럭시 Z폴드5 ::,2026-06-18 04:21:03,DON1,1,"12,000","12,000",2026-08-14
30050589,발주,134058115,40840056,"오하이 전면 3D 풀커버 TPU 지문방지 + 무광택 휴대폰 액정보호필름 3p + 부착 가이드툴, 아이폰12/12프로, 1세트",2026-06-18 04:18:43,DON1,1,"9,540","9,540",2026-08-14
30050589,발주,134058115,40840063,"오하이 전면 3D 풀커버 TPU 지문방지 + 무광택 휴대폰 액정보호필름 3p + 부착 가이드툴, 아이폰12프로맥스, 1세트",2026-06-18 04:18:43,DON1,1,"9,540","9,540",2026-08-14
30050589,발주,134058115,41911904,"오하이 지문방지 PET 무광필름 2매, 갤럭시 S24울트라, 1세트",2026-06-18 04:18:43,DON1,1,"9,600","9,600",2026-08-14
30050589,발주,134058115,42671137,"오하이 전면 3D 풀커버 TPU 지문방지 + 무광택 휴대폰 액정보호필름 3p + 부착 가이드툴, 삼성 갤럭시 노트8/9, 1세트",2026-06-18 04:18:43,DON1,1,"9,540","9,540",2026-08-14
30050589,발주,134058115,48183125,"오하이 전면 3D 풀커버 TPU 지문방지 + 무광택 휴대폰 액정보호필름 3p + 부착 가이드툴, 갤럭시 A35, 1세트",2026-06-18 04:18:43,DON1,2,"9,540","19,080",2026-08-14
30050589,발주,134058115,48183126,"오하이 전면 3D 풀커버 TPU 지문방지 + 무광택 휴대폰 액정보호필름 3p + 부착 가이드툴, 갤럭시 A55, 1세트",2026-06-18 04:18:43,DON1,1,"9,540","9,540",2026-08-14
30050589,발주,134058115,48183127,"오하이 전면 3D 풀커버 TPU 지문방지 + 무광택 휴대폰 액정보호필름 3p + 부착 가이드툴, 갤럭시 A15, 1세트",2026-06-18 04:18:43,DON1,2,"9,540","19,080",2026-08-14
30050589,발주,134058115,50428035,"오하이 전면 3D 풀커버 TPU 지문방지 + 무광택 휴대폰 액정보호필름 3p + 부착 가이드툴, 아이폰16프로맥스, 1세트",2026-06-18 04:18:43,DON1,3,"9,540","28,620",2026-08-14
30050589,발주,134058115,50428036,"오하이 전면 3D 풀커버 TPU 지문방지 + 무광택 휴대폰 액정보호필름 3p + 부착 가이드툴, 아이폰16, 1세트",2026-06-18 09:48:52,DON1,4,"9,540","38,160",2026-08-14
30050589,발주,134058115,53854611,"오하이 전면 3D 풀커버 TPU 지문방지 + 무광택 휴대폰 액정보호필름 3p + 부착 가이드툴, 갤럭시 A16 5G, 1세트",2026-06-18 04:18:43,DON1,1,"9,540","9,540",2026-08-14
30050589,발주,134058115,55705544,"오하이 지문방지 PET 무광필름 2매, 갤럭시 S25울트라, 1세트",2026-06-18 04:18:43,DON1,1,"9,600","9,600",2026-08-14
30050589,발주,134058115,55705546,"오하이 지문방지 PET 무광필름 2매, 갤럭시 S25, 1세트",2026-06-18 04:18:43,DON1,1,"9,600","9,600",2026-08-14
30050589,발주,134058115,56759288,"오하이 전면 3D 풀커버 TPU 지문방지 + 무광택 휴대폰 액정보호필름 3p + 부착 가이드툴, 아이폰 16e (SE4), 1세트",2026-06-18 04:18:43,DON1,2,"9,540","19,080",2026-08-14
30050589,발주,134058115,57316047,"오하이 일미리 케이스 1mm 변색 없는 PC 하드 케이스, 아이폰 16프로맥스",2026-06-18 04:18:43,DON1,1,"8,000","8,000",2026-08-14
30064022,발주,133637594,40840059,"오하이 전면 3D 풀커버 TPU 지문방지 + 무광택 휴대폰 액정보호필름 3p + 부착 가이드툴, 아이폰12미니, 1세트",2026-06-19 17:29:31,CHW4,2,"9,540","19,080",2026-08-18
30064022,발주,133637594,40840096,"오하이 전면 3D 풀커버 TPU 지문방지 + 무광택 휴대폰 액정보호필름 3p + 부착 가이드툴, 아이폰15플러스, 1세트",2026-06-19 17:28:36,CHW4,2,"9,540","19,080",2026-08-18
30064022,발주,133637594,55701817,"오하이 풀커버 강화유리 액정보호필름 + 이지솔루션 제공, 2매1세트, 갤럭시S25 울트라",2026-06-19 14:52:12,CHW4,4,"10,740","42,960",2026-08-18
30064022,발주,133637594,55701818,"오하이 풀커버 강화유리 액정보호필름 + 이지솔루션 제공, 2매1세트, 갤럭시S25",2026-06-19 11:19:44,CHW4,1,"10,740","10,740",2026-08-18
30064022,발주,133821558,41670025,"오하이 전면 3D 풀커버 TPU 지문방지 무광택 필름 3p + 부착 가이드툴, 갤럭시 S24플러스, 1세트",2026-06-19 17:19:26,CHW4,2,"9,540","19,080",2026-08-18
30064022,발주,133821558,55701818,"오하이 풀커버 강화유리 액정보호필름 + 이지솔루션 제공, 2매1세트, 갤럭시S25",2026-06-19 11:19:44,CHW4,1,"10,740","10,740",2026-08-18
30064022,발주,133821652,65314217,"오하이 전면 3D 풀커버 TPU 지문방지 무광택 필름 + 부착 가이드툴 아이폰 17 Pro, 3매입 1세트",2026-06-19 16:48:39,CHW4,1,"9,600","9,600",2026-08-18
30064022,발주,133822145,39017749,"오하이 풀커버 강화유리 액정보호필름 + 이지솔루션 제공, 2개, 아이폰15프로",2026-06-19 14:19:09,CHW4,11,"10,740","118,140",2026-08-18
30064022,발주,133929174,41670025,"오하이 전면 3D 풀커버 TPU 지문방지 무광택 필름 3p + 부착 가이드툴, 갤럭시 S24플러스, 1세트",2026-06-19 17:19:26,CHW4,1,"9,540","9,540",2026-08-18
30064022,발주,133929174,48102855,오하이 갤럭시 Z폴드6 저반사 지문방지 풀커버 액정보호필름 외부3매+내부 3매 1세트,2026-06-19 14:50:53,CHW4,4,"12,000","48,000",2026-08-18
30064022,발주,133929174,62922000,"오하이 폴드,플립 지문방지 무광택 액정보호 필름 + 부착 안내문, 삼성 갤럭시 Z폴드7, 1세트 투명",2026-06-19 16:09:40,CHW4,8,"12,000","96,000",2026-08-18
30064022,발주,133930712,39017749,"오하이 풀커버 강화유리 액정보호필름 + 이지솔루션 제공, 2개, 아이폰15프로",2026-06-19 14:19:09,CHW4,2,"10,740","21,480",2026-08-18
30064022,발주,133930712,48102855,오하이 갤럭시 Z폴드6 저반사 지문방지 풀커버 액정보호필름 외부3매+내부 3매 1세트,2026-06-19 16:02:28,CHW4,3,"12,000","36,000",2026-08-18
30064022,발주,133930712,55701817,"오하이 풀커버 강화유리 액정보호필름 + 이지솔루션 제공, 2매1세트, 갤럭시S25 울트라",2026-06-19 14:52:12,CHW4,5,"10,740","53,700",2026-08-18
30064022,발주,133930712,55707339,"오하이 전면 3D 풀커버 TPU 지문방지 + 무광택 휴대폰 액정보호필름 3p + 부착 가이드툴, 삼성 갤럭시 S25플러스, 1세트",2026-06-19 16:20:33,CHW4,2,"9,540","19,080",2026-08-18
30064022,발주,133930712,62922000,"오하이 폴드,플립 지문방지 무광택 액정보호 필름 + 부착 안내문, 삼성 갤럭시 Z폴드7, 1세트 투명",2026-06-19 16:09:40,CHW4,2,"12,000","24,000",2026-08-18
30064022,발주,133930712,62922000,"오하이 폴드,플립 지문방지 무광택 액정보호 필름 + 부착 안내문, 삼성 갤럭시 Z폴드7, 1세트 투명",2026-06-19 17:53:48,CHW4,1,"12,000","12,000",2026-08-18
30064022,발주,133930712,65314217,"오하이 전면 3D 풀커버 TPU 지문방지 무광택 필름 + 부착 가이드툴 아이폰 17 Pro, 3매입 1세트",2026-06-19 16:48:39,CHW4,3,"9,600","28,800",2026-08-18
30064022,발주,133987203,27686154,"오하이 풀커버 강화유리 액정보호필름 + 이지솔루션 제공, 2개, 아이폰14",2026-06-19 16:26:17,CHW4,1,"10,740","10,740",2026-08-18
30064022,발주,133999385,13906362,오하이 전면 3D 풀커버 TPU 지문방지 액정보호필름 3p + 부착 가이드툴 세트 갤럭시 S20 1세트,2026-06-19 17:32:27,CHW4,1,"9,600","9,600",2026-08-18
30064022,발주,133999385,18371042,"오하이 풀커버 강화유리 액정보호필름2개 + EZ툴 제공, 아이폰13프로맥스",2026-06-19 11:23:30,CHW4,1,"10,740","10,740",2026-08-18
30064022,발주,133999385,21585994,오하이 전면 3D 풀커버 TPU 지문방지 액정보호필름 3p + 부착 가이드툴 세트 갤럭시S22울트라 1세트,2026-06-19 16:26:17,CHW4,4,"9,600","38,400",2026-08-18
30064022,발주,133999385,27217841,오하이 갤럭시 Z폴드4 지문방지 풀커버 저반사 매트 액정보호필름 전면 3매+내부 3매 1세트,2026-06-19 15:54:06,CHW4,3,"12,000","36,000",2026-08-18
30064022,발주,133999385,35373965,"오하이 EZ툴 아이폰 풀커버 사생활보호 프라이버시 강화유리필름 2매, 아이폰 14 플러스, 1세트",2026-06-19 16:02:28,CHW4,1,"11,940","11,940",2026-08-18
30064022,발주,133999385,36684361,"오하이 전면 3D 풀커버 TPU 지문방지 + 무광택 휴대폰 액정보호필름 3p + 부착 가이드툴, 갤럭시노트20울트라, 1세트",2026-06-19 16:37:45,CHW4,4,"9,540","38,160",2026-08-18
30064022,발주,133999385,37350956,오하이 갤럭시 Z플립 5 저반사 지문방지 풀커버 액정보호필름 내부3매+외부3매 1세트,2026-06-19 16:52:49,CHW4,3,"10,700","32,100",2026-08-18
30064022,발주,133999385,40840077,"오하이 전면 3D 풀커버 TPU 지문방지 + 무광택 휴대폰 액정보호필름 3p + 부착 가이드툴, 아이폰14, 1세트",2026-06-19 17:44:04,CHW4,1,"9,540","9,540",2026-08-18
30064022,발주,133999385,41941966,"오하이 지문방지 PET 무광필름 2매, 아이폰15, 1세트",2026-06-19 17:04:05,CHW4,1,"9,600","9,600",2026-08-18
30064022,발주,133999385,50428038,"오하이 전면 3D 풀커버 TPU 지문방지 + 무광택 휴대폰 액정보호필름 3p + 부착 가이드툴, 아이폰16프로, 1세트",2026-06-19 17:06:45,CHW4,1,"9,540","9,540",2026-08-18
30064022,발주,134036131,48472778,"오하이 풀커버 강화유리 액정보호필름2개 + EZ툴 제공, 갤럭시S24 울트라",2026-06-19 16:20:33,CHW4,2,"10,740","21,480",2026-08-18
30064022,발주,134057698,11373209,"오하이 풀커버 지문방지 무광택 액정보호필름 2매입, 갤럭시 S20플러스",2026-06-19 17:31:52,CHW4,1,"6,960","6,960",2026-08-18
30064022,발주,134057698,13906351,오하이 전면 3D 풀커버 TPU 지문방지 액정보호필름 3p + 부착 가이드툴 세트 갤럭시 S10 5G 1세트,2026-06-19 17:20:52,CHW4,1,"9,600","9,600",2026-08-18
30064022,발주,134057698,13906357,오하이 전면 3D 풀커버 TPU 지문방지 액정보호필름 3p + 부착 가이드툴 세트 갤럭시 S9플러스 1세트,2026-06-19 21:48:52,CHW4,1,"9,600","9,600",2026-08-18
30064022,발주,134057698,13906359,오하이 전면 3D 풀커버 TPU 지문방지 액정보호필름 3p + 부착 가이드툴 세트 갤럭시 노트10플러스 1세트,2026-06-19 17:12:08,CHW4,2,"9,600","19,200",2026-08-18
30064022,발주,134057698,15328210,"오하이 갤럭시 저반사 지문방지 필름 2매입, 갤럭시S20FE",2026-06-19 21:48:52,CHW4,1,"5,900","5,900",2026-08-18
30064022,발주,134057698,19454772,"오하이 풀커버 강화유리 액정보호필름2개 + EZ툴 제공, 아이폰12프로맥스",2026-06-19 11:26:08,CHW4,3,"10,740","32,220",2026-08-18
30064022,발주,134057698,27217829,오하이 저반사 지문방지 풀커버 내부액정보호필름 내부3매+외부 3매 +option+ 갤럭시 Z플립4 ::,2026-06-19 11:19:44,CHW4,2,"10,700","21,400",2026-08-18
30064022,발주,134057698,37350957,오하이 지문방지 풀커버 저반사 매트 액정보호필름 전면 3매+내부 3매 +option+ 갤럭시 Z폴드5 ::,2026-06-19 21:44:16,CHW4,1,"12,000","12,000",2026-08-18
30064022,발주,134057698,40840083,"오하이 전면 3D 풀커버 TPU 지문방지 + 무광택 휴대폰 액정보호필름 3p + 부착 가이드툴, 아이폰14플러스, 1세트",2026-06-19 21:48:52,CHW4,2,"9,540","19,080",2026-08-18
30064022,발주,134057698,40840087,"오하이 전면 3D 풀커버 TPU 지문방지 + 무광택 휴대폰 액정보호필름 3p + 부착 가이드툴, 아이폰15프로, 1세트",2026-06-19 17:01:47,CHW4,4,"9,540","38,160",2026-08-18
30064022,발주,134057698,41241023,"오하이 전면 3D 풀커버 TPU 지문방지 + 무광택 휴대폰 액정보호필름 3p + 부착 가이드툴, 아이폰XR/11, 1세트",2026-06-19 21:48:31,CHW4,1,"9,540","9,540",2026-08-18
30064022,발주,134057698,41670037,"오하이 전면 3D 풀커버 TPU 지문방지 + 무광택 휴대폰 액정보호필름 3p + 부착 가이드툴, 갤럭시 A54, 1세트",2026-06-19 17:26:04,CHW4,2,"9,540","19,080",2026-08-18
30064022,발주,134057698,42015245,"오하이 사생활보호 프라이버시 TPU 지문인식 휴대폰 액정보호필름 2매+간편부착 툴, 삼성 갤럭시 S24플러스, 1세트",2026-06-19 17:16:11,CHW4,2,"6,705","13,410",2026-08-18
30064022,발주,134057698,49343790,"오하이 사생활보호 프라이버시 TPU 지문인식 휴대폰 액정보호필름 2매+간편부착 툴, 삼성 갤럭시 S21울트라, 1세트",2026-06-19 17:49:31,CHW4,1,"6,705","6,705",2026-08-18
30064022,발주,134057698,49343792,"오하이 사생활보호 프라이버시 TPU 지문인식 휴대폰 액정보호필름 2매+간편부착 툴, 삼성 갤럭시 S20, 1세트",2026-06-19 16:59:50,CHW4,2,"6,705","13,410",2026-08-18
30064022,발주,134057698,57316053,"오하이 일미리 케이스 1mm 변색 없는 PC 하드 케이스, 아이폰 14프로맥스",2026-06-19 11:09:43,CHW4,2,"8,000","16,000",2026-08-18
30064022,발주,134057698,65568329,오하이 갤럭시워치 캐쥬얼 실리콘 스트랩 밴드 20mm 블랙 갤럭시워치 1개,2026-06-19 11:19:44,CHW4,1,"5,655","5,655",2026-08-18
30064022,발주,134057698,65568329,오하이 갤럭시워치 캐쥬얼 실리콘 스트랩 밴드 20mm 블랙 갤럭시워치 1개,2026-06-19 11:26:08,CHW4,1,"5,655","5,655",2026-08-18
30109352,발주,134178687,50428038,"오하이 전면 3D 풀커버 TPU 지문방지 + 무광택 휴대폰 액정보호필름 3p + 부착 가이드툴, 아이폰16프로, 1세트",2026-06-23 15:12:37,KKW3,3,"9,540","28,620",2026-08-21
30109352,발주,134342205,41670025,"오하이 전면 3D 풀커버 TPU 지문방지 무광택 필름 3p + 부착 가이드툴, 갤럭시 S24플러스, 1세트",2026-06-23 15:12:57,KKW3,2,"9,540","19,080",2026-08-21
30109352,발주,134342454,11786547,"오하이 풀커버 지문방지 무광택 액정보호필름 2매입, 갤럭시 노트9",2026-06-23 15:12:37,KKW3,1,"6,960","6,960",2026-08-21
30109352,발주,134342454,12424362,"오하이 풀커버 지문방지 무광택 액정보호필름 3매입, 갤럭시 노트20 울트라",2026-06-23 15:12:57,KKW3,1,"8,200","8,200",2026-08-21
30109352,발주,134342454,12424363,"오하이 풀커버 지문방지 무광택 액정보호필름 2개입 , 갤럭시 노트20",2026-06-23 15:12:57,KKW3,1,"6,950","6,950",2026-08-21
30109352,발주,134342454,13906323,오하이 전면 3D 풀커버 TPU 지문방지 액정보호필름 3p + 부착 가이드툴 세트 갤럭시S21울트라 1세트,2026-06-23 15:12:57,KKW3,2,"9,600","19,200",2026-08-21
30109352,발주,134342454,17185165,오하이 갤럭시 Z플립 3 저반사 지문방지 풀커버 액정보호필름 내부3매+외부3매 1세트,2026-06-23 15:12:57,KKW3,2,"10,700","21,400",2026-08-21
30109352,발주,134342454,31729104,"오하이 지문방지 PET 무광필름 2매, 갤럭시S23플러스, 1세트",2026-06-23 15:12:57,KKW3,1,"9,600","9,600",2026-08-21
30109352,발주,134342454,35373956,"오하이 EZ툴 아이폰 풀커버 사생활보호 프라이버시 강화유리필름 2매, 아이폰 13 프로맥스, 1세트",2026-06-23 15:12:37,KKW3,1,"11,940","11,940",2026-08-21
30109352,발주,134342454,41241022,"오하이 전면 3D 풀커버 TPU 지문방지 + 무광택 휴대폰 액정보호필름 3p + 부착 가이드툴, 아이폰XS맥스/11프로맥스, 1세트",2026-06-23 15:12:57,KKW3,1,"9,540","9,540",2026-08-21
30109352,발주,134342454,41269801,"오하이 사생활보호 프라이버시 TPU 지문인식 휴대폰 액정보호필름 2매+간편부착 툴, 삼성 갤럭시 S23울트라, 1세트",2026-06-23 15:12:57,KKW3,1,"6,705","6,705",2026-08-21
30109352,발주,134342454,41269824,"오하이 사생활보호 프라이버시 TPU 지문인식 휴대폰 액정보호필름 2매+간편부착 툴, 애플 아이폰 15프로맥스, 1세트",2026-06-23 15:12:57,KKW3,1,"6,705","6,705",2026-08-21
30109352,발주,134342454,41670037,"오하이 전면 3D 풀커버 TPU 지문방지 + 무광택 휴대폰 액정보호필름 3p + 부착 가이드툴, 갤럭시 A54, 1세트",2026-06-23 15:12:57,KKW3,1,"9,540","9,540",2026-08-21
30109352,발주,134342454,41670057,"오하이 전면 3D 풀커버 TPU 지문방지 + 무광택 휴대폰 액정보호필름 3p + 부착 가이드툴, 갤럭시 A34, 1세트",2026-06-23 15:12:57,KKW3,1,"9,540","9,540",2026-08-21
30109352,발주,134342454,41848991,오하이 변색 없는 소다 휴대폰 케이스 투명 갤럭시 S24+,2026-06-23 15:12:57,KKW3,1,"8,000","8,000",2026-08-21
30109352,발주,134342454,44648766,"오하이 태블릿용 종이질감 필름 2매입, 아이패드 10세대, 투명, 2매",2026-06-23 15:25:23,KKW3,1,"9,540","9,540",2026-08-21
30109352,발주,134342454,47349439,"오하이 태블릿용 종이질감 필름 2매입, 아이패드 에어 6세대(M2) 13형, 투명, 2매",2026-06-23 15:25:23,KKW3,1,"9,540","9,540",2026-08-21
30109352,발주,134342454,48183128,"오하이 전면 3D 풀커버 TPU 지문방지 + 무광택 휴대폰 액정보호필름 3p + 부착 가이드툴, 갤럭시 A25, 1세트",2026-06-23 15:12:57,KKW3,2,"9,540","19,080",2026-08-21
30109352,발주,134342454,48472778,"오하이 풀커버 강화유리 액정보호필름2개 + EZ툴 제공, 갤럭시S24 울트라",2026-06-23 15:12:37,KKW3,2,"10,740","21,480",2026-08-21
30109352,발주,134342454,50342948,"오하이 풀커버 강화유리 액정보호필름2개 + EZ툴 제공, 아이폰16플러스",2026-06-23 15:12:37,KKW3,1,"10,740","10,740",2026-08-21
30109352,발주,134342454,55701378,"오하이 사생활보호 프라이버시 TPU 지문인식 휴대폰 액정보호필름 2매+간편부착 툴, 삼성 갤럭시 S25, 1세트",2026-06-23 15:12:57,KKW3,1,"6,705","6,705",2026-08-21
30109352,발주,134342454,55701817,"오하이 풀커버 강화유리 액정보호필름 + 이지솔루션 제공, 2매1세트, 갤럭시S25 울트라",2026-06-23 15:12:37,KKW3,4,"10,740","42,960",2026-08-21
30109352,발주,134342454,55701818,"오하이 풀커버 강화유리 액정보호필름 + 이지솔루션 제공, 2매1세트, 갤럭시S25",2026-06-23 15:12:37,KKW3,1,"10,740","10,740",2026-08-21
30109352,발주,134342454,55705544,"오하이 지문방지 PET 무광필름 2매, 갤럭시 S25울트라, 1세트",2026-06-23 15:12:57,KKW3,2,"9,600","19,200",2026-08-21
30109352,발주,134342454,65314219,"오하이 전면 3D 풀커버 TPU 지문방지 무광택 필름 + 부착 가이드툴 아이폰 Air, 3매입 1세트",2026-06-23 15:12:37,KKW3,1,"9,600","9,600",2026-08-21
30109352,발주,134342454,65568330,오하이 갤럭시워치 캐쥬얼 실리콘 스트랩 밴드 20mm 화이트 갤럭시워치 1개,2026-06-23 15:12:57,KKW3,1,"5,655","5,655",2026-08-21
30109352,발주,134342454,65568331,오하이 갤럭시워치 캐쥬얼 실리콘 스트랩 밴드 20mm 스카이블루 갤럭시워치 1개,2026-06-23 15:12:57,KKW3,2,"5,655","11,310",2026-08-21
30109352,발주,134342454,69517692,오하이 히든범퍼 하이브리드 소다 휴대폰 케이스 투명 아이폰 17 Pro,2026-06-23 15:12:57,KKW3,1,"8,000","8,000",2026-08-21
30109352,발주,134433231,62921998,"오하이 폴드,플립 지문방지 무광택 액정보호 필름 + 부착 안내문, 삼성 갤럭시 Z플립7, 1세트 투명",2026-06-23 15:12:57,KKW3,1,"10,700","10,700",2026-08-21
30109352,발주,134530350,62921998,"오하이 폴드,플립 지문방지 무광택 액정보호 필름 + 부착 안내문, 삼성 갤럭시 Z플립7, 1세트 투명",2026-06-23 15:12:57,KKW3,1,"10,700","10,700",2026-08-21
30109352,발주,134545499,37350957,오하이 지문방지 풀커버 저반사 매트 액정보호필름 전면 3매+내부 3매 +option+ 갤럭시 Z폴드5 ::,2026-06-23 15:25:23,KKW3,1,"12,000","12,000",2026-08-21
30109352,발주,134545499,40840087,"오하이 전면 3D 풀커버 TPU 지문방지 + 무광택 휴대폰 액정보호필름 3p + 부착 가이드툴, 아이폰15프로, 1세트",2026-06-23 15:12:57,KKW3,1,"9,540","9,540",2026-08-21
30109352,발주,134545499,65568322,오하이 갤럭시워치 캐쥬얼 실리콘 스트랩 밴드 20mm 다크그린 갤럭시워치 1개,2026-06-23 15:12:57,KKW3,1,"5,655","5,655",2026-08-21
30109352,발주,134625172,39017754,"오하이 풀커버 강화유리 액정보호필름 + 이지솔루션 제공, 2개, 아이폰15프로맥스",2026-06-23 21:08:15,INC28,16,"10,740","171,840",2026-08-21
30109352,발주,134638687,27686155,"오하이 풀커버 강화유리 액정보호필름 + 이지솔루션 제공, 2개, 아이폰14프로",2026-06-23 23:49:35,DAEGU2,39,"10,740","418,860",2026-08-21
30109352,발주,134638781,18371038,"오하이 풀커버 강화유리 액정보호필름2개 + EZ툴 제공, 아이폰13/13프로",2026-06-23 21:18:46,INC14,18,"10,740","193,320",2026-08-21
30109352,발주,134638781,27217829,오하이 저반사 지문방지 풀커버 내부액정보호필름 내부3매+외부 3매 +option+ 갤럭시 Z플립4 ::,2026-06-23 21:46:13,INC14,2,"10,700","21,400",2026-08-21
30109352,발주,134638781,39017749,"오하이 풀커버 강화유리 액정보호필름 + 이지솔루션 제공, 2개, 아이폰15프로",2026-06-23 21:14:47,INC14,40,"10,740","429,600",2026-08-21
30109352,발주,134638781,39017749,"오하이 풀커버 강화유리 액정보호필름 + 이지솔루션 제공, 2개, 아이폰15프로",2026-06-23 21:27:24,INC14,31,"10,740","332,940",2026-08-21
30109352,발주,134638781,41555864,"오하이 EZ툴 풀커버 사생활보호 프라이버시 강화유리 휴대폰 액정보호필름 2매, 아이폰 15, 1세트",2026-06-23 21:18:46,INC14,3,"11,940","35,820",2026-08-21
30109352,발주,134638781,48102856,오하이 갤럭시 Z플립 6 저반사 지문방지 풀커버 액정보호필름 내부3매+외부3매 1세트,2026-06-23 21:46:13,INC14,9,"10,700","96,300",2026-08-21
30109352,발주,134638781,50428038,"오하이 전면 3D 풀커버 TPU 지문방지 + 무광택 휴대폰 액정보호필름 3p + 부착 가이드툴, 아이폰16프로, 1세트",2026-06-23 21:46:13,INC14,1,"9,540","9,540",2026-08-21
30109352,발주,134638861,48102855,오하이 갤럭시 Z폴드6 저반사 지문방지 풀커버 액정보호필름 외부3매+내부 3매 1세트,2026-06-23 21:08:15,INC28,5,"12,000","60,000",2026-08-21
30109352,발주,134649501,27686157,"오하이 풀커버 강화유리 액정보호필름 + 이지솔루션 제공, 2개, 아이폰14프로맥스",2026-06-23 17:54:47,INC28,41,"10,740","440,340",2026-08-21
30109352,발주,134649501,50342950,"오하이 풀커버 강화유리 액정보호필름2개 + EZ툴 제공, 아이폰16프로맥스",2026-06-23 18:14:27,INC28,8,"10,740","85,920",2026-08-21
30109352,발주,134649501,50342950,"오하이 풀커버 강화유리 액정보호필름2개 + EZ툴 제공, 아이폰16프로맥스",2026-06-23 21:05:04,INC28,5,"10,740","53,700",2026-08-21
30109352,발주,134649501,55707338,"오하이 전면 3D 풀커버 TPU 지문방지 + 무광택 휴대폰 액정보호필름 3p + 부착 가이드툴, 삼성 갤럭시 S25울트라, 1세트",2026-06-23 21:05:04,INC28,2,"9,060","18,120",2026-08-21
30109352,발주,134649501,62178967,오하이 풀커버 강화유리 휴대폰 액정보호필름 2p + EZ 툴 세트 아이폰17프로맥스 1세트,2026-06-23 17:20:17,INC28,16,"10,740","171,840",2026-08-21
30109352,발주,134649501,62178967,오하이 풀커버 강화유리 휴대폰 액정보호필름 2p + EZ 툴 세트 아이폰17프로맥스 1세트,2026-06-23 21:05:04,INC28,3,"10,740","32,220",2026-08-21
30109352,발주,134649501,65314216,"오하이 전면 3D 풀커버 TPU 지문방지 무광택 필름 + 부착 가이드툴, 아이폰 17, 3매입 1세트",2026-06-23 17:48:53,INC28,7,"9,600","67,200",2026-08-21
30109352,발주,134649593,27686154,"오하이 풀커버 강화유리 액정보호필름 + 이지솔루션 제공, 2개, 아이폰14",2026-06-23 15:12:37,KKW3,10,"10,740","107,400",2026-08-21
30109352,발주,134649593,35373969,"오하이 EZ툴 아이폰 풀커버 사생활보호 프라이버시 강화유리필름 2매, 아이폰 14 프로맥스, 1세트",2026-06-23 15:12:37,KKW3,3,"11,940","35,820",2026-08-21
30109352,발주,134649686,62178969,오하이 풀커버 강화유리 휴대폰 액정보호필름 2p + EZ 툴 세트 아이폰 Air,2026-06-23 09:44:29,YAS1,10,"10,740","107,400",2026-08-21
30205196,발주,135194612,15328213,"오하이 갤럭시 저반사 지문방지 필름 2매입, 갤럭시S21",2026-07-01 16:59:15,KKW3,1,"5,900","5,900",2026-08-28
30205196,발주,135194612,18371042,"오하이 풀커버 강화유리 액정보호필름2개 + EZ툴 제공, 아이폰13프로맥스",2026-07-01 16:59:14,KKW3,1,"10,740","10,740",2026-08-28
30205196,발주,135194612,19454772,"오하이 풀커버 강화유리 액정보호필름2개 + EZ툴 제공, 아이폰12프로맥스",2026-07-01 16:59:15,KKW3,3,"10,740","32,220",2026-08-28
30205196,발주,135194612,35373954,"오하이 EZ툴 아이폰 풀커버 사생활보호 프라이버시 강화유리필름 2매, 아이폰 13/13프로, 1세트",2026-07-01 16:59:15,KKW3,1,"11,940","11,940",2026-08-28
30205196,발주,135194612,39017751,"오하이 풀커버 강화유리 액정보호필름 + 이지솔루션 제공, 2개, 아이폰15플러스",2026-07-01 17:01:03,KKW3,1,"10,740","10,740",2026-08-28
30205196,발주,135194612,40840056,"오하이 전면 3D 풀커버 TPU 지문방지 + 무광택 휴대폰 액정보호필름 3p + 부착 가이드툴, 아이폰12/12프로, 1세트",2026-07-01 16:59:15,KKW3,1,"9,540","9,540",2026-08-28
30205196,발주,135194612,40840065,"오하이 전면 3D 풀커버 TPU 지문방지 + 무광택 휴대폰 액정보호필름 3p + 부착 가이드툴, 아이폰13/13프로, 1세트",2026-07-01 16:59:15,KKW3,1,"9,540","9,540",2026-08-28
30205196,발주,135194612,40840085,"오하이 전면 3D 풀커버 TPU 지문방지 + 무광택 휴대폰 액정보호필름 3p + 부착 가이드툴, 아이폰15, 1세트",2026-07-01 16:59:15,KKW3,1,"9,540","9,540",2026-08-28
30205196,발주,135194612,41555886,"오하이 EZ툴 풀커버 사생활보호 프라이버시 강화유리 휴대폰 액정보호필름 2매, 아이폰 15 프로맥스, 1세트",2026-07-01 16:59:15,KKW3,1,"11,940","11,940",2026-08-28
30205196,발주,135194612,41670004,"오하이 전면 3D 풀커버 TPU 지문방지 + 무광택 휴대폰 액정보호필름 3p + 부착 가이드툴, 갤럭시 S24, 1세트",2026-07-01 16:59:15,KKW3,1,"9,540","9,540",2026-08-28
30205196,발주,135194612,55705546,"오하이 지문방지 PET 무광필름 2매, 갤럭시 S25, 1세트",2026-07-01 16:59:15,KKW3,1,"9,600","9,600",2026-08-28
30205196,발주,135194612,55707339,"오하이 전면 3D 풀커버 TPU 지문방지 + 무광택 휴대폰 액정보호필름 3p + 부착 가이드툴, 삼성 갤럭시 S25플러스, 1세트",2026-07-01 16:59:15,KKW3,3,"9,540","28,620",2026-08-28
30205196,발주,135194612,55707340,"오하이 전면 3D 풀커버 TPU 지문방지 + 무광택 휴대폰 액정보호필름 3p + 부착 가이드툴, 삼성 갤럭시 S25, 1세트",2026-07-01 16:59:15,KKW3,1,"9,060","9,060",2026-08-28
30205196,발주,135233887,18371042,"오하이 풀커버 강화유리 액정보호필름2개 + EZ툴 제공, 아이폰13프로맥스",2026-07-01 16:59:14,KKW3,3,"10,740","32,220",2026-08-28
30205196,발주,135233887,19454771,"오하이 풀커버 강화유리 액정보호필름2개 + EZ툴 제공, 아이폰12/12프로",2026-07-01 16:59:14,KKW3,2,"10,740","21,480",2026-08-28
30205196,발주,135233887,27217829,오하이 저반사 지문방지 풀커버 내부액정보호필름 내부3매+외부 3매 +option+ 갤럭시 Z플립4 ::,2026-07-01 17:01:03,KKW3,2,"10,700","21,400",2026-08-28
30205196,발주,135233887,37350956,오하이 갤럭시 Z플립 5 저반사 지문방지 풀커버 액정보호필름 내부3매+외부3매 1세트,2026-07-01 16:59:15,KKW3,12,"10,700","128,400",2026-08-28
30205196,발주,135233887,62178969,오하이 풀커버 강화유리 휴대폰 액정보호필름 2p + EZ 툴 세트 아이폰 Air,2026-07-01 16:59:14,KKW3,6,"10,740","64,440",2026-08-28
30205196,발주,135233887,62922000,"오하이 폴드,플립 지문방지 무광택 액정보호 필름 + 부착 안내문, 삼성 갤럭시 Z폴드7, 1세트 투명",2026-07-01 17:09:11,KKW3,20,"12,000","240,000",2026-08-28
30351235,발주,136072437,11222413,"오하이 풀커버 지문방지 무광택 액정보호필름 2매입, 갤럭시 노트10플러스",2026-07-14 23:30:19,SEL1,1,"6,960","6,960",2026-09-11
30351235,발주,136072437,11373208,"오하이 풀커버 지문방지 무광택 액정보호필름 2매입, 갤럭시 S20",2026-07-14 23:24:53,SEL1,1,"6,960","6,960",2026-09-11
30351235,발주,136072437,11786547,"오하이 풀커버 지문방지 무광택 액정보호필름 2매입, 갤럭시 노트9",2026-07-14 20:18:46,SEL1,1,"6,960","6,960",2026-09-11
30351235,발주,136072437,15328213,"오하이 갤럭시 저반사 지문방지 필름 2매입, 갤럭시S21",2026-07-14 21:00:02,SEL1,1,"5,900","5,900",2026-09-11
30351235,발주,136072437,35373956,"오하이 EZ툴 아이폰 풀커버 사생활보호 프라이버시 강화유리필름 2매, 아이폰 13 프로맥스, 1세트",2026-07-14 20:53:52,SEL1,1,"11,940","11,940",2026-09-11
30351235,발주,136072437,36684361,"오하이 전면 3D 풀커버 TPU 지문방지 + 무광택 휴대폰 액정보호필름 3p + 부착 가이드툴, 갤럭시노트20울트라, 1세트",2026-07-14 23:19:25,SEL1,1,"9,540","9,540",2026-09-11
30351235,발주,136072437,39017749,"오하이 풀커버 강화유리 액정보호필름 + 이지솔루션 제공, 2개, 아이폰15프로",2026-07-14 20:18:46,SEL1,14,"10,740","150,360",2026-09-11
30351235,발주,136072437,39017751,"오하이 풀커버 강화유리 액정보호필름 + 이지솔루션 제공, 2개, 아이폰15플러스",2026-07-14 20:37:36,SEL1,1,"10,740","10,740",2026-09-11
30351235,발주,136072437,39374850,"오하이 전면 3D 풀커버 TPU 지문방지 + 무광택 휴대폰 액정보호필름 3p + 부착 가이드툴, 삼성 갤럭시 S20울트라, 1세트",2026-07-14 20:29:05,SEL1,1,"9,540","9,540",2026-09-11
30351235,발주,136072437,40840079,"오하이 전면 3D 풀커버 TPU 지문방지 + 무광택 휴대폰 액정보호필름 3p + 부착 가이드툴, 아이폰14프로, 1세트",2026-07-14 21:36:06,SEL1,1,"9,540","9,540",2026-09-11
30351235,발주,136072437,40840081,"오하이 전면 3D 풀커버 TPU 지문방지 + 무광택 휴대폰 액정보호필름 3p + 부착 가이드툴, 아이폰14프로맥스, 1세트",2026-07-14 21:32:11,SEL1,1,"9,540","9,540",2026-09-11
30351235,발주,136072437,40840085,"오하이 전면 3D 풀커버 TPU 지문방지 + 무광택 휴대폰 액정보호필름 3p + 부착 가이드툴, 아이폰15, 1세트",2026-07-14 21:40:04,SEL1,1,"9,540","9,540",2026-09-11
30351235,발주,136072437,40840087,"오하이 전면 3D 풀커버 TPU 지문방지 + 무광택 휴대폰 액정보호필름 3p + 부착 가이드툴, 아이폰15프로, 1세트",2026-07-14 20:33:33,SEL1,3,"9,540","28,620",2026-09-11
30351235,발주,136072437,41555886,"오하이 EZ툴 풀커버 사생활보호 프라이버시 강화유리 휴대폰 액정보호필름 2매, 아이폰 15 프로맥스, 1세트",2026-07-14 20:34:56,SEL1,1,"11,940","11,940",2026-09-11
30351235,발주,136072437,48102856,오하이 갤럭시 Z플립 6 저반사 지문방지 풀커버 액정보호필름 내부3매+외부3매 1세트,2026-07-14 20:34:56,SEL1,4,"10,700","42,800",2026-09-11
30351235,발주,136072437,50344701,"오하이 EZ툴 아이폰 풀커버 사생활보호 프라이버시 강화유리필름 2매, 아이폰 16 프로, 1세트",2026-07-14 20:12:43,SEL1,10,"11,940","119,400",2026-09-11
30351235,발주,136072437,50427107,"오하이 사생활보호 프라이버시 TPU 지문인식 휴대폰 액정보호필름 2매+간편부착 툴, 애플 아이폰 16프로, 1세트",2026-07-14 23:20:24,SEL1,1,"6,705","6,705",2026-09-11
30351235,발주,136072437,55701378,"오하이 사생활보호 프라이버시 TPU 지문인식 휴대폰 액정보호필름 2매+간편부착 툴, 삼성 갤럭시 S25, 1세트",2026-07-14 20:12:43,SEL1,2,"6,705","13,410",2026-09-11
30351235,발주,136072437,55701816,"오하이 풀커버 강화유리 액정보호필름2개 + EZ툴 제공, 갤럭시S25 플러스",2026-07-14 20:33:33,SEL1,1,"10,740","10,740",2026-09-11
30351235,발주,136072437,55705544,"오하이 지문방지 PET 무광필름 2매, 갤럭시 S25울트라, 1세트",2026-07-14 23:40:35,SEL1,1,"9,600","9,600",2026-09-11
30351235,발주,136072437,59459681,"오하이 지문방지 무광택 액정보호 필름 삼성 갤럭시 Z폴드SE (스페셜 에디션), 1세트",2026-07-14 21:40:04,SEL1,1,"11,940","11,940",2026-09-11
30351235,발주,136072437,65314217,"오하이 전면 3D 풀커버 TPU 지문방지 무광택 필름 + 부착 가이드툴 아이폰 17 Pro, 3매입 1세트",2026-07-14 21:08:59,SEL1,2,"9,600","19,200",2026-09-11
30351235,발주,136073615,18371042,"오하이 풀커버 강화유리 액정보호필름2개 + EZ툴 제공, 아이폰13프로맥스",2026-07-14 17:37:09,SIH2,1,"10,740","10,740",2026-09-11
30351235,발주,136073615,48102856,오하이 갤럭시 Z플립 6 저반사 지문방지 풀커버 액정보호필름 내부3매+외부3매 1세트,2026-07-14 17:36:27,SIH2,1,"10,700","10,700",2026-09-11
30351235,발주,136073852,39017751,"오하이 풀커버 강화유리 액정보호필름 + 이지솔루션 제공, 2개, 아이폰15플러스",2026-07-14 17:35:45,SIH2,1,"10,740","10,740",2026-09-11
30351235,발주,136191218,39017751,"오하이 풀커버 강화유리 액정보호필름 + 이지솔루션 제공, 2개, 아이폰15플러스",2026-07-14 17:35:45,SIH2,1,"10,740","10,740",2026-09-11
30351235,발주,136191774,35373955,"오하이 EZ툴 아이폰 풀커버 사생활보호 프라이버시 강화유리필름 2매, 아이폰 14 프로, 1세트",2026-07-14 17:37:09,SIH2,1,"11,940","11,940",2026-09-11
30351235,발주,136191774,48102856,오하이 갤럭시 Z플립 6 저반사 지문방지 풀커버 액정보호필름 내부3매+외부3매 1세트,2026-07-14 17:36:27,SIH2,2,"10,700","21,400",2026-09-11
30351235,발주,136194277,39017749,"오하이 풀커버 강화유리 액정보호필름 + 이지솔루션 제공, 2개, 아이폰15프로",2026-07-14 20:18:46,SEL1,3,"10,740","32,220",2026-09-11
30351235,발주,136194277,48102856,오하이 갤럭시 Z플립 6 저반사 지문방지 풀커버 액정보호필름 내부3매+외부3매 1세트,2026-07-14 20:53:52,SEL1,1,"10,700","10,700",2026-09-11
30351235,발주,136194277,48472776,"오하이 풀커버 강화유리 액정보호필름2개 + EZ툴 제공, 갤럭시S24 플러스",2026-07-14 20:29:05,SEL1,1,"10,740","10,740",2026-09-11
30351235,발주,136194334,62178970,오하이 풀커버 강화유리 휴대폰 액정보호필름 2p + EZ 툴 세트 아이폰17프로 1세트,2026-07-14 17:36:27,SIH2,9,"10,740","96,660",2026-09-11
30351235,발주,136309026,41269801,"오하이 사생활보호 프라이버시 TPU 지문인식 휴대폰 액정보호필름 2매+간편부착 툴, 삼성 갤럭시 S23울트라, 1세트",2026-07-14 17:35:24,SIH2,1,"6,705","6,705",2026-09-11
30351235,발주,136309026,48102856,오하이 갤럭시 Z플립 6 저반사 지문방지 풀커버 액정보호필름 내부3매+외부3매 1세트,2026-07-14 17:35:24,SIH2,4,"10,700","42,800",2026-09-11
30351235,발주,136309026,50428038,"오하이 전면 3D 풀커버 TPU 지문방지 + 무광택 휴대폰 액정보호필름 3p + 부착 가이드툴, 아이폰16프로, 1세트",2026-07-14 17:35:24,SIH2,1,"9,540","9,540",2026-09-11
30351235,발주,136309200,39017749,"오하이 풀커버 강화유리 액정보호필름 + 이지솔루션 제공, 2개, 아이폰15프로",2026-07-14 20:18:46,SEL1,6,"10,740","64,440",2026-09-11
30351235,발주,136309219,39017749,"오하이 풀커버 강화유리 액정보호필름 + 이지솔루션 제공, 2개, 아이폰15프로",2026-07-14 17:37:09,SIH2,7,"10,740","75,180",2026-09-11
30351235,발주,136309219,48102856,오하이 갤럭시 Z플립 6 저반사 지문방지 풀커버 액정보호필름 내부3매+외부3매 1세트,2026-07-14 17:35:24,SIH2,1,"10,700","10,700",2026-09-11
30351235,발주,136309793,48102856,오하이 갤럭시 Z플립 6 저반사 지문방지 풀커버 액정보호필름 내부3매+외부3매 1세트,2026-07-14 17:35:24,SIH2,2,"10,700","21,400",2026-09-11
30351235,발주,136436105,50342949,"오하이 풀커버 강화유리 액정보호필름2개 + EZ툴 제공, 아이폰16프로",2026-07-14 17:36:27,SIH2,12,"10,740","128,880",2026-09-11
30351235,발주,136497707,27686154,"오하이 풀커버 강화유리 액정보호필름 + 이지솔루션 제공, 2개, 아이폰14",2026-07-14 22:13:19,DAE3,5,"10,740","53,700",2026-09-11
30351235,발주,136497707,37350956,오하이 갤럭시 Z플립 5 저반사 지문방지 풀커버 액정보호필름 내부3매+외부3매 1세트,2026-07-14 22:02:40,DAE3,1,"10,700","10,700",2026-09-11
30351235,발주,136497707,39017754,"오하이 풀커버 강화유리 액정보호필름 + 이지솔루션 제공, 2개, 아이폰15프로맥스",2026-07-14 22:09:14,DAE3,43,"10,740","461,820",2026-09-11
30351235,발주,136497707,62922000,"오하이 폴드,플립 지문방지 무광택 액정보호 필름 + 부착 안내문, 삼성 갤럭시 Z폴드7, 1세트 투명",2026-07-14 22:02:40,DAE3,13,"12,000","156,000",2026-09-11
30351235,발주,136497707,63688989,오하이 EZ툴 풀커버 사생활보호 프라이버시 강화유리 휴대폰 액정보호필름 2p 세트 아이폰17 1세트,2026-07-14 22:02:40,DAE3,2,"11,940","23,880",2026-09-11
30363007,발주,136073046,18371042,"오하이 풀커버 강화유리 액정보호필름2개 + EZ툴 제공, 아이폰13프로맥스",2026-07-15 02:00:03,GOY1,1,"10,740","10,740",2026-09-11
30363007,발주,136073046,39017749,"오하이 풀커버 강화유리 액정보호필름 + 이지솔루션 제공, 2개, 아이폰15프로",2026-07-15 02:00:03,GOY1,7,"10,740","75,180",2026-09-11
30363007,발주,136073046,39017751,"오하이 풀커버 강화유리 액정보호필름 + 이지솔루션 제공, 2개, 아이폰15플러스",2026-07-15 02:10:00,GOY1,1,"10,740","10,740",2026-09-11
30363007,발주,136073046,48102856,오하이 갤럭시 Z플립 6 저반사 지문방지 풀커버 액정보호필름 내부3매+외부3매 1세트,2026-07-15 01:55:03,GOY1,4,"10,700","42,800",2026-09-11
30363007,발주,136073046,50342949,"오하이 풀커버 강화유리 액정보호필름2개 + EZ툴 제공, 아이폰16프로",2026-07-15 02:02:08,GOY1,29,"10,740","311,460",2026-09-11
30363007,발주,136073046,50344701,"오하이 EZ툴 아이폰 풀커버 사생활보호 프라이버시 강화유리필름 2매, 아이폰 16 프로, 1세트",2026-07-15 01:55:03,GOY1,10,"11,940","119,400",2026-09-11
30363007,발주,136073046,62178970,오하이 풀커버 강화유리 휴대폰 액정보호필름 2p + EZ 툴 세트 아이폰17프로 1세트,2026-07-15 02:00:03,GOY1,6,"10,740","64,440",2026-09-11
30363007,발주,136194405,50342949,"오하이 풀커버 강화유리 액정보호필름2개 + EZ툴 제공, 아이폰16프로",2026-07-15 02:08:21,GOY1,6,"10,740","64,440",2026-09-11
30363007,발주,136194405,62178967,오하이 풀커버 강화유리 휴대폰 액정보호필름 2p + EZ 툴 세트 아이폰17프로맥스 1세트,2026-07-15 02:00:03,GOY1,2,"10,740","21,480",2026-09-11
30363007,발주,136194405,62178970,오하이 풀커버 강화유리 휴대폰 액정보호필름 2p + EZ 툴 세트 아이폰17프로 1세트,2026-07-15 02:00:03,GOY1,3,"10,740","32,220",2026-09-11
30363007,발주,136309480,39017749,"오하이 풀커버 강화유리 액정보호필름 + 이지솔루션 제공, 2개, 아이폰15프로",2026-07-15 02:00:03,GOY1,4,"10,740","42,960",2026-09-11
30363007,발주,136309480,48102856,오하이 갤럭시 Z플립 6 저반사 지문방지 풀커버 액정보호필름 내부3매+외부3매 1세트,2026-07-15 01:55:03,GOY1,1,"10,700","10,700",2026-09-11
30363007,발주,136309480,50342949,"오하이 풀커버 강화유리 액정보호필름2개 + EZ툴 제공, 아이폰16프로",2026-07-15 02:08:21,GOY1,8,"10,740","85,920",2026-09-11
30363007,발주,136309480,62178967,오하이 풀커버 강화유리 휴대폰 액정보호필름 2p + EZ 툴 세트 아이폰17프로맥스 1세트,2026-07-15 02:00:03,GOY1,5,"10,740","53,700",2026-09-11
30363007,발주,136436133,19454771,"오하이 풀커버 강화유리 액정보호필름2개 + EZ툴 제공, 아이폰12/12프로",2026-07-15 02:00:03,GOY1,1,"10,740","10,740",2026-09-11
30363007,발주,136436133,55013234,"[전기종]오하이 도어락 지문방지 사생활보호 범죄예방 문캅스필름 2매+간편부착, 1세트, 지문방지필름 단일상품",2026-07-15 02:02:08,GOY1,2,"8,600","17,200",2026-09-11
30363007,발주,136497707,18371038,"오하이 풀커버 강화유리 액정보호필름2개 + EZ툴 제공, 아이폰13/13프로",2026-07-15 03:22:57,DAE3,1,"10,740","10,740",2026-09-11
30363007,발주,136497707,18371042,"오하이 풀커버 강화유리 액정보호필름2개 + EZ툴 제공, 아이폰13프로맥스",2026-07-15 03:08:04,DAE3,5,"10,740","53,700",2026-09-11
30363007,발주,136497707,19454772,"오하이 풀커버 강화유리 액정보호필름2개 + EZ툴 제공, 아이폰12프로맥스",2026-07-15 03:04:08,DAE3,2,"10,740","21,480",2026-09-11
30363007,발주,136497707,27686156,"오하이 풀커버 강화유리 액정보호필름 + 이지솔루션 제공, 2개, 아이폰14맥스(플러스)",2026-07-15 03:28:23,DAE3,1,"10,740","10,740",2026-09-11
30363007,발주,136497707,27686157,"오하이 풀커버 강화유리 액정보호필름 + 이지솔루션 제공, 2개, 아이폰14프로맥스",2026-07-15 03:26:29,DAE3,2,"10,740","21,480",2026-09-11
30363007,발주,136497707,63688989,오하이 EZ툴 풀커버 사생활보호 프라이버시 강화유리 휴대폰 액정보호필름 2p 세트 아이폰17 1세트,2026-07-15 03:12:02,DAE3,2,"11,940","23,880",2026-09-11
30363007,발주,136544631,13906323,오하이 전면 3D 풀커버 TPU 지문방지 액정보호필름 3p + 부착 가이드툴 세트 갤럭시S21울트라 1세트,2026-07-15 03:28:23,DAE3,1,"9,600","9,600",2026-09-11
30363007,발주,136544631,69411568,"오하이 전면 3D 풀커버 TPU 지문방지 무광택 필름 3p, 부착 안내문 Galaxy S26 1개",2026-07-15 03:35:02,DAE3,1,"9,600","9,600",2026-09-11
30411386,발주,136435977,18371042,"오하이 풀커버 강화유리 액정보호필름2개 + EZ툴 제공, 아이폰13프로맥스",2026-07-20 10:39:37,DAE3,1,"10,740","10,740",2026-09-18
30411386,발주,136435977,36684361,"오하이 전면 3D 풀커버 TPU 지문방지 + 무광택 휴대폰 액정보호필름 3p + 부착 가이드툴, 갤럭시노트20울트라, 1세트",2026-07-20 10:49:37,DAE3,2,"9,540","19,080",2026-09-18
30411386,발주,136435977,37350957,오하이 지문방지 풀커버 저반사 매트 액정보호필름 전면 3매+내부 3매 +option+ 갤럭시 Z폴드5 ::,2026-07-20 10:26:10,DAE3,1,"12,000","12,000",2026-09-18
30411386,발주,136435977,39017751,"오하이 풀커버 강화유리 액정보호필름 + 이지솔루션 제공, 2개, 아이폰15플러스",2026-07-20 10:25:56,DAE3,1,"10,740","10,740",2026-09-18
30411386,발주,136435977,39374831,"오하이 전면 3D 풀커버 TPU 지문방지 + 무광택 휴대폰 액정보호필름 3p + 부착 가이드툴, 갤럭시 S20FE, 1세트",2026-07-20 10:50:00,DAE3,1,"9,540","9,540",2026-09-18
30411386,발주,136435977,40840066,"오하이 전면 3D 풀커버 TPU 지문방지 + 무광택 휴대폰 액정보호필름 3p + 부착 가이드툴, 아이폰13미니, 1세트",2026-07-20 10:39:37,DAE3,1,"9,540","9,540",2026-09-18
30411386,발주,136435977,41269801,"오하이 사생활보호 프라이버시 TPU 지문인식 휴대폰 액정보호필름 2매+간편부착 툴, 삼성 갤럭시 S23울트라, 1세트",2026-07-20 10:25:56,DAE3,1,"6,705","6,705",2026-09-18
30411386,발주,136435977,41555886,"오하이 EZ툴 풀커버 사생활보호 프라이버시 강화유리 휴대폰 액정보호필름 2매, 아이폰 15 프로맥스, 1세트",2026-07-20 10:26:10,DAE3,1,"11,940","11,940",2026-09-18
30411386,발주,136435977,55705544,"오하이 지문방지 PET 무광필름 2매, 갤럭시 S25울트라, 1세트",2026-07-20 10:55:14,DAE3,1,"9,600","9,600",2026-09-18
30411386,발주,136435977,62178970,오하이 풀커버 강화유리 휴대폰 액정보호필름 2p + EZ 툴 세트 아이폰17프로 1세트,2026-07-20 10:49:37,DAE3,1,"10,740","10,740",2026-09-18
30411386,발주,136435977,63427930,오하이 일미리 맥세이프 케이스 1mm PC 하드 케이스 투명 아이폰 16프로맥스,2026-07-20 10:26:10,DAE3,1,"10,080","10,080",2026-09-18
30411386,발주,136435977,63427939,오하이 일미리 맥세이프 케이스 1mm PC 하드 케이스 투명 아이폰 14프로맥스,2026-07-20 10:25:56,DAE3,2,"10,080","20,160",2026-09-18
