adgroup_id,campaign_id,campaign_type,cost,conv_amt,conv_cnt,clk,n_days,band,roas,aov_used,aov_layer
grp-a001-01-000000031116306,cmp-a001-01-000000006006664,WEB_SITE,548772,8264340,405,2188,358,band1,15.059696923312414,20405.777777777777,adgroup
grp-a001-01-000000031175118,cmp-a001-01-000000005930052,WEB_SITE,312020,802250,44,497,192,band1,2.571149285302224,18232.954545454544,adgroup
grp-a001-01-000000031176101,cmp-a001-01-000000005930052,WEB_SITE,218882,610750,31,368,192,band1,2.790316243455378,19701.612903225807,adgroup
grp-a001-01-000000031176229,cmp-a001-01-000000005930052,WEB_SITE,133640,318510,19,282,192,band1,2.383343310386112,16763.684210526317,adgroup
grp-a001-01-000000031185769,cmp-a001-01-000000005314376,WEB_SITE,82090,308100,18,163,192,band1,3.7531977098306735,17116.666666666668,adgroup
grp-a001-01-000000031185770,cmp-a001-01-000000005314376,WEB_SITE,20670,35910,2,46,192,band2,1.737300435413643,17955.0,adgroup
grp-a001-01-000000031185773,cmp-a001-01-000000005314376,WEB_SITE,21620,115300,6,44,192,band1,5.333024976873266,19216.666666666668,adgroup
grp-a001-01-000000031186688,cmp-a001-01-000000005930052,WEB_SITE,40180,130410,6,45,192,band1,3.245644599303136,21735.0,adgroup
grp-a001-01-000000032245671,cmp-a001-01-000000005930052,WEB_SITE,690520,1496530,91,840,192,band1,2.167250767537508,16445.384615384617,adgroup
grp-a001-01-000000037423343,cmp-a001-01-000000005930052,WEB_SITE,235400,525600,26,464,192,band1,2.2327952421410364,20215.384615384617,adgroup
grp-a001-01-000000037423348,cmp-a001-01-000000005930052,WEB_SITE,478790,419020,23,562,193,band3,0.8751644771194051,18218.260869565216,adgroup
grp-a001-01-000000037423351,cmp-a001-01-000000005930052,WEB_SITE,134220,85530,5,447,141,band3,0.6372373714796603,17106.0,adgroup
grp-a001-01-000000037423354,cmp-a001-01-000000005930052,WEB_SITE,585524,1573150,79,987,192,band1,2.6867387160902028,19913.291139240508,adgroup
grp-a001-01-000000037423356,cmp-a001-01-000000005930052,WEB_SITE,553480,1022030,58,933,192,band2,1.8465527209655273,17621.206896551725,adgroup
grp-a001-01-000000037423624,cmp-a001-01-000000005314376,WEB_SITE,198842,452800,24,296,192,band1,2.2771849005743254,18866.666666666668,adgroup
grp-a001-01-000000037423628,cmp-a001-01-000000005314376,WEB_SITE,53120,285230,12,113,192,band1,5.369540662650603,23769.166666666668,adgroup
grp-a001-01-000000037423635,cmp-a001-01-000000005314376,WEB_SITE,238991,623130,27,313,193,band1,2.6073366779502156,23078.88888888889,adgroup
grp-a001-01-000000037423636,cmp-a001-01-000000005314376,WEB_SITE,214612,452830,24,312,192,band1,2.1099938493653663,18867.916666666668,adgroup
grp-a001-01-000000037840548,cmp-a001-01-000000005930052,WEB_SITE,178757,361100,19,175,193,band2,2.0200607528656223,19005.263157894737,adgroup
grp-a001-01-000000037842041,cmp-a001-01-000000005314376,WEB_SITE,32651,73600,4,37,191,band1,2.2541422927322285,18400.0,adgroup
grp-a001-01-000000038737184,cmp-a001-01-000000005930052,WEB_SITE,165270,439200,20,146,192,band1,2.6574695952078415,21960.0,adgroup
grp-a001-01-000000038737213,cmp-a001-01-000000005930052,WEB_SITE,129300,516250,28,157,192,band1,3.9926527455529777,18437.5,adgroup
grp-a001-01-000000038737226,cmp-a001-01-000000005930052,WEB_SITE,76090,63600,4,92,45,band3,0.8358522801945065,15900.0,adgroup
grp-a001-01-000000038769329,cmp-a001-01-000000005314376,WEB_SITE,20740,37800,2,24,192,band2,1.8225650916104146,18900.0,adgroup
grp-a001-01-000000038769330,cmp-a001-01-000000005314376,WEB_SITE,40780,186900,7,43,192,band1,4.583128984796469,26700.0,adgroup
grp-a001-01-000000038769331,cmp-a001-01-000000005314376,WEB_SITE,54490,115510,6,77,192,band1,2.119838502477519,19251.666666666668,adgroup
grp-a001-01-000000038769333,cmp-a001-01-000000005314376,WEB_SITE,43680,64500,3,70,189,band3,1.4766483516483517,21500.0,adgroup
grp-a001-01-000000038934985,cmp-a001-01-000000005930052,WEB_SITE,485280,560500,29,638,192,band3,1.1550032970656117,19327.58620689655,adgroup
grp-a001-01-000000038934999,cmp-a001-01-000000005314376,WEB_SITE,131580,253810,15,197,192,band2,1.9289405684754521,16920.666666666668,adgroup
grp-a001-01-000000038935115,cmp-a001-01-000000005314376,WEB_SITE,48410,111300,6,88,192,band1,2.2991117537698824,18550.0,adgroup
grp-a001-01-000000040080458,cmp-a001-01-000000005314376,WEB_SITE,145072,425710,26,186,192,band1,2.9344739164001323,16373.461538461539,adgroup
grp-a001-01-000000040080459,cmp-a001-01-000000005930052,WEB_SITE,164810,618540,38,365,192,band1,3.753048965475396,16277.368421052632,adgroup
grp-a001-01-000000040173278,cmp-a001-01-000000005930052,WEB_SITE,827484,1425700,74,720,192,band2,1.7229336156348642,19266.216216216217,adgroup
grp-a001-01-000000040173279,cmp-a001-01-000000005930052,WEB_SITE,205340,552200,27,278,192,band1,2.689198402649265,20451.85185185185,adgroup
grp-a001-01-000000040173283,cmp-a001-01-000000005930052,WEB_SITE,166856,306200,17,317,192,band2,1.8351153090089658,18011.764705882353,adgroup
grp-a001-01-000000040173285,cmp-a001-01-000000005314376,WEB_SITE,105050,166100,9,118,192,band3,1.581151832460733,18455.555555555555,adgroup
grp-a001-01-000000040173291,cmp-a001-01-000000005314376,WEB_SITE,71250,139300,7,95,192,band2,1.9550877192982457,19900.0,adgroup
grp-a001-01-000000040173293,cmp-a001-01-000000005314376,WEB_SITE,77661,178900,8,106,192,band1,2.3036015503277065,22362.5,adgroup
grp-a001-01-000000040189692,cmp-a001-01-000000005930052,WEB_SITE,185370,439840,25,336,192,band1,2.3727679775583965,17593.6,adgroup
grp-a001-01-000000040189693,cmp-a001-01-000000005930052,WEB_SITE,426247,1330020,79,646,194,band1,3.12030348600694,16835.696202531646,adgroup
grp-a001-01-000000040189696,cmp-a001-01-000000005314376,WEB_SITE,168200,378030,21,296,192,band1,2.2475029726516054,18001.428571428572,adgroup
grp-a001-01-000000040211251,cmp-a001-01-000000005930052,WEB_SITE,70020,157410,10,133,190,band1,2.2480719794344473,15741.0,adgroup
grp-a001-01-000000040284140,cmp-a001-01-000000005930052,WEB_SITE,105290,253600,13,180,192,band1,2.4085858106182925,19507.69230769231,adgroup
grp-a001-01-000000040284151,cmp-a001-01-000000005314376,WEB_SITE,27920,85500,4,42,192,band1,3.062320916905444,21375.0,adgroup
grp-a001-01-000000042724551,cmp-a001-01-000000005930052,WEB_SITE,35360,79500,5,125,192,band1,2.2483031674208145,15900.0,adgroup
grp-a001-01-000000042969517,cmp-a001-01-000000005930052,WEB_SITE,132360,165900,15,379,192,band3,1.2533998186763373,11060.0,adgroup
grp-a001-01-000000042969832,cmp-a001-01-000000005314376,WEB_SITE,34664,0,0,96,191,band3,0.0,19085.79598145286,campaign
grp-a001-01-000000043502507,cmp-a001-01-000000005930052,WEB_SITE,203170,407780,24,354,192,band2,2.00708766057981,16990.833333333332,adgroup
grp-a001-01-000000043935093,cmp-a001-01-000000006006664,WEB_SITE,42250,298200,18,126,334,band1,7.057988165680474,16566.666666666668,adgroup
grp-a001-01-000000044377702,cmp-a001-01-000000005930052,WEB_SITE,10820,15900,1,28,191,band3,1.4695009242144177,15900.0,adgroup
grp-a001-01-000000044378320,cmp-a001-01-000000005314376,WEB_SITE,6720,15900,1,18,178,band1,2.3660714285714284,15900.0,adgroup
grp-a001-01-000000044807690,cmp-a001-01-000000005930052,WEB_SITE,1298350,2997920,160,1052,193,band1,2.3090229907189896,18737.0,adgroup
grp-a001-01-000000044807691,cmp-a001-01-000000005930052,WEB_SITE,61070,205900,13,122,192,band1,3.3715408547568364,15838.461538461539,adgroup
grp-a001-01-000000044808405,cmp-a001-01-000000005930052,WEB_SITE,204050,822800,41,303,192,band1,4.032345013477089,20068.29268292683,adgroup
grp-a001-01-000000044808498,cmp-a001-01-000000005314376,WEB_SITE,190453,500100,24,203,192,band1,2.62584469659181,20837.5,adgroup
grp-a001-01-000000044808499,cmp-a001-01-000000005314376,WEB_SITE,49740,113300,5,66,192,band1,2.277844792923201,22660.0,adgroup
grp-a001-01-000000044808500,cmp-a001-01-000000005314376,WEB_SITE,23860,111300,6,44,189,band1,4.664710813076279,18550.0,adgroup
grp-a001-01-000000045692018,cmp-a001-01-000000005930052,WEB_SITE,28670,132120,8,75,192,band1,4.608301360306941,16515.0,adgroup
grp-a001-01-000000045694026,cmp-a001-01-000000005314376,WEB_SITE,10980,19800,1,30,190,band2,1.8032786885245902,19800.0,adgroup
grp-a001-01-000000045800955,cmp-a001-01-000000005930052,WEB_SITE,515720,2101990,122,1023,192,band1,4.075835724811913,17229.426229508197,adgroup
grp-a001-01-000000045802263,cmp-a001-01-000000005314376,WEB_SITE,161220,459000,25,301,193,band1,2.8470413100111647,18360.0,adgroup
grp-a001-01-000000045920162,cmp-a001-01-000000005930052,WEB_SITE,135660,545410,31,287,192,band1,4.020418693793307,17593.870967741936,adgroup
grp-a001-01-000000046127917,cmp-a001-01-000000005930052,WEB_SITE,66800,79500,5,164,192,band3,1.1901197604790419,15900.0,adgroup
grp-a001-01-000000046132066,cmp-a001-01-000000005314376,WEB_SITE,15749,47700,3,33,192,band1,3.0287637310305415,15900.0,adgroup
grp-a001-01-000000046416698,cmp-a001-01-000000008790976,WEB_SITE,34301,111000,7,89,357,band1,3.236057257805895,15857.142857142857,adgroup
grp-a001-01-000000046416699,cmp-a001-01-000000008790976,WEB_SITE,179552,291800,16,345,357,band3,1.625155943682053,18237.5,adgroup
grp-a001-01-000000046416701,cmp-a001-01-000000008790976,WEB_SITE,69647,92120,5,158,357,band3,1.322670036038882,18424.0,adgroup
grp-a001-01-000000046416702,cmp-a001-01-000000008790976,WEB_SITE,31243,75100,2,76,357,band1,2.40373843740998,37550.0,adgroup
grp-a001-01-000000046436514,cmp-a001-01-000000005930052,WEB_SITE,3720,44310,2,11,161,band1,11.911290322580646,22155.0,adgroup
grp-a001-01-000000046475854,cmp-a001-01-000000005930052,WEB_SITE,135600,461420,28,206,192,band1,3.402802359882006,16479.285714285714,adgroup
grp-a001-01-000000046477597,cmp-a001-01-000000005314376,WEB_SITE,29350,95400,5,54,191,band1,3.250425894378194,19080.0,adgroup
grp-a001-01-000000046478478,cmp-a001-01-000000005930052,WEB_SITE,7040,15900,1,19,178,band1,2.258522727272727,15900.0,adgroup
grp-a001-01-000000046480952,cmp-a001-01-000000005314376,WEB_SITE,4900,31800,1,13,177,band1,6.489795918367347,31800.0,adgroup
grp-a001-01-000000046483564,cmp-a001-01-000000005314376,WEB_SITE,84070,302610,17,155,192,band1,3.5995004163197337,17800.58823529412,adgroup
grp-a001-01-000000046507364,cmp-a001-01-000000005930052,WEB_SITE,99230,124020,8,245,192,band3,1.2498236420437367,15502.5,adgroup
grp-a001-01-000000046578743,cmp-a001-01-000000005930052,WEB_SITE,140190,557500,34,323,192,band1,3.976745844924745,16397.058823529413,adgroup
grp-a001-01-000000046579761,cmp-a001-01-000000005930052,WEB_SITE,73244,220210,14,186,192,band1,3.0065261318333243,15729.285714285714,adgroup
grp-a001-01-000000046581751,cmp-a001-01-000000005930052,WEB_SITE,73460,317400,18,151,192,band1,4.320718758508032,17633.333333333332,adgroup
grp-a001-01-000000046583926,cmp-a001-01-000000005930052,WEB_SITE,46130,172720,11,127,192,band1,3.7442011706048124,15701.818181818182,adgroup
grp-a001-01-000000046584475,cmp-a001-01-000000005930052,WEB_SITE,27820,205110,12,84,192,band1,7.372753414809489,17092.5,adgroup
grp-a001-01-000000046585858,cmp-a001-01-000000005930052,WEB_SITE,20580,47700,3,62,192,band1,2.317784256559767,15900.0,adgroup
grp-a001-01-000000046588417,cmp-a001-01-000000005314376,WEB_SITE,26630,209700,13,68,192,band1,7.874577544123169,16130.76923076923,adgroup
grp-a001-01-000000046645092,cmp-a001-01-000000005930052,WEB_SITE,232770,698930,42,416,192,band1,3.0026635734845555,16641.190476190477,adgroup
grp-a001-01-000000046646662,cmp-a001-01-000000005930052,WEB_SITE,82739,283710,17,171,192,band1,3.428975452930299,16688.823529411766,adgroup
grp-a001-01-000000046646763,cmp-a001-01-000000005930052,WEB_SITE,102720,156000,7,190,192,band3,1.5186915887850467,22285.714285714286,adgroup
grp-a001-01-000000046742693,cmp-a001-01-000000005930052,WEB_SITE,126560,324510,20,218,192,band1,2.5640802781289507,16225.5,adgroup
grp-a001-01-000000046807499,cmp-a001-01-000000005930052,WEB_SITE,31180,47700,3,57,191,band3,1.5298268120590122,15900.0,adgroup
grp-a001-01-000000046834534,cmp-a001-01-000000005930052,WEB_SITE,8640,46900,3,23,189,band1,5.4282407407407405,15633.333333333334,adgroup
grp-a001-01-000000046835241,cmp-a001-01-000000005930052,WEB_SITE,17941,31800,2,48,192,band2,1.7724764505880386,15900.0,adgroup
grp-a001-01-000000046835750,cmp-a001-01-000000005930052,WEB_SITE,84190,221800,14,226,192,band1,2.6345171635586175,15842.857142857143,adgroup
grp-a001-01-000000046837921,cmp-a001-01-000000005314376,WEB_SITE,20640,31800,2,48,189,band3,1.5406976744186047,15900.0,adgroup
grp-a001-01-000000046838157,cmp-a001-01-000000005314376,WEB_SITE,11780,0,0,30,191,band4_unjudgeable,,19085.79598145286,campaign
grp-a001-01-000000046838297,cmp-a001-01-000000005314376,WEB_SITE,7870,0,0,22,190,band4_unjudgeable,,19085.79598145286,campaign
grp-a001-01-000000046838896,cmp-a001-01-000000005314376,WEB_SITE,540,0,0,2,86,band4_unjudgeable,,19085.79598145286,campaign
grp-a001-01-000000046839132,cmp-a001-01-000000005314376,WEB_SITE,14370,79500,4,38,191,band1,5.532359081419624,19875.0,adgroup
grp-a001-01-000000046839232,cmp-a001-01-000000005314376,WEB_SITE,12630,47700,3,40,190,band1,3.776722090261283,15900.0,adgroup
grp-a001-01-000000046904555,cmp-a001-01-000000005930052,WEB_SITE,27560,101510,4,64,192,band1,3.6832365747460085,25377.5,adgroup
grp-a001-01-000000046904979,cmp-a001-01-000000005930052,WEB_SITE,39190,131510,8,96,193,band1,3.355702985455473,16438.75,adgroup
grp-a001-01-000000046939750,cmp-a001-01-000000005930052,WEB_SITE,24310,92900,4,52,190,band1,3.8214726450020566,23225.0,adgroup
grp-a001-01-000000046939809,cmp-a001-01-000000005930052,WEB_SITE,11880,83500,5,28,192,band1,7.0286195286195285,16700.0,adgroup
grp-a001-01-000000046954263,cmp-a001-01-000000005930052,WEB_SITE,179730,508700,31,385,192,band1,2.8303566460802316,16409.677419354837,adgroup
grp-a001-01-000000046954978,cmp-a001-01-000000005930052,WEB_SITE,118500,157410,10,183,192,band3,1.3283544303797468,15741.0,adgroup
grp-a001-01-000000046962945,cmp-a001-01-000000005930052,WEB_SITE,46690,192000,10,74,191,band1,4.112229599485971,19200.0,adgroup
grp-a001-01-000000046970779,cmp-a001-01-000000005930052,WEB_SITE,2090,0,0,3,188,band4_unjudgeable,,17822.94074074074,campaign
grp-a001-01-000000046970893,cmp-a001-01-000000005930052,WEB_SITE,15170,79500,5,33,192,band1,5.240606460118655,15900.0,adgroup
grp-a001-01-000000046971358,cmp-a001-01-000000005314376,WEB_SITE,26454,15900,1,66,192,band3,0.6010433204808346,15900.0,adgroup
grp-a001-01-000000046971480,cmp-a001-01-000000005314376,WEB_SITE,7070,31800,2,16,185,band1,4.497878359264498,15900.0,adgroup
grp-a001-01-000000046971678,cmp-a001-01-000000005314376,WEB_SITE,3410,61600,2,6,179,band1,18.06451612903226,30800.0,adgroup
grp-a001-01-000000046973844,cmp-a001-01-000000005930052,WEB_SITE,11390,33800,2,30,190,band1,2.967515364354697,16900.0,adgroup
grp-a001-01-000000046974236,cmp-a001-01-000000005930052,WEB_SITE,12080,16900,1,36,192,band3,1.3990066225165563,16900.0,adgroup
grp-a001-01-000000046975254,cmp-a001-01-000000005930052,WEB_SITE,2860,31800,1,9,190,band1,11.118881118881118,31800.0,adgroup
grp-a001-01-000000046975512,cmp-a001-01-000000005314376,WEB_SITE,2970,0,0,10,187,band4_unjudgeable,,19085.79598145286,campaign
grp-a001-01-000000046975542,cmp-a001-01-000000005314376,WEB_SITE,2980,16900,1,8,187,band1,5.671140939597316,16900.0,adgroup
grp-a001-01-000000046975626,cmp-a001-01-000000005314376,WEB_SITE,3730,16900,1,10,167,band1,4.53083109919571,16900.0,adgroup
grp-a001-01-000000046975770,cmp-a001-01-000000005314376,WEB_SITE,990,0,0,3,161,band4_unjudgeable,,19085.79598145286,campaign
grp-a001-01-000000046976107,cmp-a001-01-000000005314376,WEB_SITE,160,0,0,1,161,band4_unjudgeable,,19085.79598145286,campaign
grp-a001-01-000000046976135,cmp-a001-01-000000005314376,WEB_SITE,1390,0,0,3,159,band4_unjudgeable,,19085.79598145286,campaign
grp-a001-01-000000046976468,cmp-a001-01-000000005930052,WEB_SITE,20728,159820,8,53,192,band1,7.710343496719413,19977.5,adgroup
grp-a001-01-000000046977473,cmp-a001-01-000000005930052,WEB_SITE,3030,0,0,7,179,band4_unjudgeable,,17822.94074074074,campaign
grp-a001-01-000000046978005,cmp-a001-01-000000005314376,WEB_SITE,47210,111300,7,95,192,band1,2.357551366235967,15900.0,adgroup
grp-a001-01-000000046978099,cmp-a001-01-000000005314376,WEB_SITE,1670,0,0,4,182,band4_unjudgeable,,19085.79598145286,campaign
grp-a001-01-000000046979820,cmp-a001-01-000000005314376,WEB_SITE,17700,111300,7,45,190,band1,6.288135593220339,15900.0,adgroup
grp-a001-01-000000046980388,cmp-a001-01-000000005314376,WEB_SITE,142136,541930,32,231,192,band1,3.8127567963077618,16935.3125,adgroup
grp-a001-01-000000046980878,cmp-a001-01-000000005314376,WEB_SITE,115740,206700,12,142,192,band2,1.7858994297563504,17225.0,adgroup
grp-a001-01-000000047003535,cmp-a001-01-000000005930052,WEB_SITE,104270,448140,30,242,192,band1,4.297880502541479,14938.0,adgroup
grp-a001-01-000000047003798,cmp-a001-01-000000005314376,WEB_SITE,13710,56500,4,33,190,band1,4.121079504011671,14125.0,adgroup
grp-a001-01-000000047075282,cmp-a001-01-000000005930052,WEB_SITE,29280,61600,4,90,192,band1,2.1038251366120218,15400.0,adgroup
grp-a001-01-000000047076625,cmp-a001-01-000000005930052,WEB_SITE,36510,106120,6,104,192,band1,2.906600931251712,17686.666666666668,adgroup
grp-a001-01-000000047162713,cmp-a001-01-000000005930052,WEB_SITE,48423,96930,5,113,192,band2,2.0017347128430703,19386.0,adgroup
grp-a001-01-000000047166586,cmp-a001-01-000000005314376,WEB_SITE,9988,33800,2,24,150,band1,3.384060873047657,16900.0,adgroup
grp-a001-01-000000047485469,cmp-a001-01-000000005930052,WEB_SITE,1105630,3382500,206,1724,194,band1,3.0593417327677432,16419.90291262136,adgroup
grp-a001-01-000000047485563,cmp-a001-01-000000005314376,WEB_SITE,272890,716100,41,438,193,band1,2.624134266554289,17465.853658536584,adgroup
grp-a001-01-000000047486489,cmp-a001-01-000000005930052,WEB_SITE,146480,244750,11,250,192,band3,1.6708765701802293,22250.0,adgroup
grp-a001-01-000000047486647,cmp-a001-01-000000005314376,WEB_SITE,61818,73600,4,107,192,band3,1.1905917370345207,18400.0,adgroup
grp-a001-01-000000047486686,cmp-a001-01-000000005930052,WEB_SITE,8100,0,0,16,192,band4_unjudgeable,,17822.94074074074,campaign
grp-a001-01-000000047487792,cmp-a001-01-000000005314376,WEB_SITE,790,0,0,2,189,band4_unjudgeable,,19085.79598145286,campaign
grp-a001-01-000000047488792,cmp-a001-01-000000005930052,WEB_SITE,116510,465150,25,289,192,band1,3.99236117071496,18606.0,adgroup
grp-a001-01-000000047488926,cmp-a001-01-000000005314376,WEB_SITE,48669,144100,8,97,192,band1,2.9608169471326717,18012.5,adgroup
grp-a001-01-000000047489113,cmp-a001-01-000000005314376,WEB_SITE,10150,33800,2,26,188,band1,3.3300492610837438,16900.0,adgroup
grp-a001-01-000000048499536,cmp-a001-01-000000005930052,WEB_SITE,572000,1028700,53,1183,192,band2,1.7984265734265734,19409.43396226415,adgroup
grp-a001-01-000000048499741,cmp-a001-01-000000005314376,WEB_SITE,162770,275200,13,354,192,band3,1.690729249861768,21169.23076923077,adgroup
grp-a001-01-000000048564412,cmp-a001-01-000000009149812,WEB_SITE,327926,2067200,108,851,357,band1,6.303861236986394,19140.74074074074,adgroup
grp-a001-01-000000049350730,cmp-a001-01-000000005314376,WEB_SITE,3910,0,0,10,166,band4_unjudgeable,,19085.79598145286,campaign
grp-a001-01-000000049350994,cmp-a001-01-000000005930052,WEB_SITE,18010,31800,2,45,192,band2,1.7656857301499167,15900.0,adgroup
grp-a001-01-000000049354066,cmp-a001-01-000000005930052,WEB_SITE,2130,0,0,9,189,band4_unjudgeable,,17822.94074074074,campaign
grp-a001-01-000000049354073,cmp-a001-01-000000005314376,WEB_SITE,1030,0,0,2,149,band4_unjudgeable,,19085.79598145286,campaign
grp-a001-01-000000049549995,cmp-a001-01-000000005930052,WEB_SITE,60530,110500,7,138,192,band2,1.8255410540227985,15785.714285714286,adgroup
grp-a001-01-000000049863305,cmp-a001-01-000000005930052,WEB_SITE,488530,1088630,61,791,192,band1,2.228379014594805,17846.39344262295,adgroup
grp-a001-01-000000049864292,cmp-a001-01-000000005930052,WEB_SITE,85470,348550,20,202,192,band1,4.078039078039078,17427.5,adgroup
grp-a001-01-000000049865057,cmp-a001-01-000000005930052,WEB_SITE,28280,114400,7,73,192,band1,4.045261669024045,16342.857142857143,adgroup
grp-a001-01-000000049865502,cmp-a001-01-000000005930052,WEB_SITE,136940,89280,13,301,192,band3,0.6519643639550168,6867.692307692308,adgroup
grp-a001-01-000000049866750,cmp-a001-01-000000005930052,WEB_SITE,148480,185200,21,375,192,band3,1.2473060344827587,8819.047619047618,adgroup
grp-a001-01-000000050212614,cmp-a001-01-000000005930052,WEB_SITE,113840,349920,23,167,192,band1,3.073787772312017,15213.91304347826,adgroup
grp-a001-01-000000050221991,cmp-a001-01-000000005314376,WEB_SITE,27810,47700,3,44,192,band2,1.715210355987055,15900.0,adgroup
grp-a001-01-000000050397977,cmp-a001-01-000000005930052,WEB_SITE,55530,375700,22,118,192,band1,6.765712227624707,17077.272727272728,adgroup
grp-a001-01-000000050409988,cmp-a001-01-000000005314376,WEB_SITE,6790,0,0,18,188,band4_unjudgeable,,19085.79598145286,campaign
grp-a001-01-000000051955092,cmp-a001-01-000000005930052,WEB_SITE,22606,47700,3,40,192,band1,2.110059276298328,15900.0,adgroup
grp-a001-01-000000052182861,cmp-a001-01-000000005930052,WEB_SITE,1581083,3491890,194,1950,192,band1,2.208543131511755,17999.432989690722,adgroup
grp-a001-01-000000052225586,cmp-a001-01-000000005314376,WEB_SITE,357459,618920,31,432,192,band2,1.7314433263674995,19965.16129032258,adgroup
grp-a001-01-000000052260531,cmp-a001-01-000000005930052,WEB_SITE,1901329,3860030,204,2743,192,band2,2.0301746830769427,18921.71568627451,adgroup
grp-a001-01-000000052263060,cmp-a001-01-000000005314376,WEB_SITE,336107,1014920,54,706,192,band1,3.019633628576614,18794.814814814814,adgroup
grp-a001-01-000000052822167,cmp-a001-01-000000005930052,WEB_SITE,210830,127360,8,476,189,band3,0.604088602191339,15920.0,adgroup
grp-a001-01-000000052822210,cmp-a001-01-000000005930052,WEB_SITE,324970,290400,20,903,188,band3,0.8936209496261194,14520.0,adgroup
grp-a001-01-000000053177765,cmp-a001-01-000000005930052,WEB_SITE,144790,106170,7,466,179,band3,0.7332688721596795,15167.142857142857,adgroup
grp-a001-01-000000053180338,cmp-a001-01-000000005314376,WEB_SITE,94340,15500,1,213,179,band3,0.16429934280262878,15500.0,adgroup
grp-a001-01-000000053266390,cmp-a001-01-000000005930052,WEB_SITE,35438,0,0,99,177,band3,0.0,17822.94074074074,campaign
grp-a001-01-000000053273491,cmp-a001-01-000000005314376,WEB_SITE,1350,0,0,7,177,band4_unjudgeable,,19085.79598145286,campaign
grp-a001-01-000000054203750,cmp-a001-01-000000005930052,WEB_SITE,410702,555370,24,935,82,band3,1.3522456671747398,23140.416666666668,adgroup
grp-a001-01-000000054212536,cmp-a001-01-000000005314376,WEB_SITE,119519,87020,4,249,82,band3,0.7280850743396448,21755.0,adgroup
grp-a001-01-000000054403622,cmp-a001-01-000000005930052,WEB_SITE,39210,47600,2,156,43,band3,1.213976026523846,23800.0,adgroup
grp-a001-01-000000054405090,cmp-a001-01-000000005314376,WEB_SITE,11270,0,0,37,144,band4_unjudgeable,,19085.79598145286,campaign
grp-a001-01-000000054618773,cmp-a001-01-000000005314376,WEB_SITE,84703,63510,1,271,141,band3,0.7497963472368157,63510.0,adgroup
grp-a001-01-000000054664266,cmp-a001-01-000000005930052,WEB_SITE,0,0,0,0,1,excluded_cost0,,17822.94074074074,campaign
grp-a001-01-000000054666555,cmp-a001-01-000000005930052,WEB_SITE,410460,1113290,56,456,140,band1,2.712298396920528,19880.178571428572,adgroup
grp-a001-01-000000054666566,cmp-a001-01-000000005930052,WEB_SITE,982310,2145410,110,1233,140,band1,2.1840457696653806,19503.727272727272,adgroup
grp-a001-01-000000054671417,cmp-a001-01-000000005314376,WEB_SITE,400098,810920,41,449,140,band2,2.026803433158876,19778.536585365855,adgroup
grp-a001-01-000000054671419,cmp-a001-01-000000005314376,WEB_SITE,95030,296210,13,136,140,band1,3.117015679259181,22785.384615384617,adgroup
grp-a001-01-000000055142639,cmp-a001-01-000000005930052,WEB_SITE,186005,679200,38,275,128,band1,3.6515147442273057,17873.684210526317,adgroup
grp-a001-01-000000055151707,cmp-a001-01-000000005314376,WEB_SITE,90800,344100,17,144,128,band1,3.789647577092511,20241.176470588234,adgroup
grp-a001-01-000000056068060,cmp-a001-01-000000005930052,WEB_SITE,99870,0,0,197,8,band3,0.0,17822.94074074074,campaign
grp-a001-01-000000056068629,cmp-a001-01-000000005314376,WEB_SITE,18040,0,0,36,86,band4_unjudgeable,,19085.79598145286,campaign
grp-a001-01-000000058445222,cmp-a001-01-000000005930052,WEB_SITE,52700,0,0,83,58,band3,0.0,17822.94074074074,campaign
grp-a001-01-000000058445534,cmp-a001-01-000000005314376,WEB_SITE,19460,30510,1,28,58,band3,1.5678314491264131,30510.0,adgroup
grp-a001-01-000000059039599,cmp-a001-01-000000005314376,WEB_SITE,4670,15900,1,6,45,band1,3.404710920770878,15900.0,adgroup
grp-a001-01-000000059040364,cmp-a001-01-000000005930052,WEB_SITE,13020,0,0,16,44,band4_unjudgeable,,17822.94074074074,campaign
grp-a001-01-000000060480003,cmp-a001-01-000000010206612,WEB_SITE,270117,760100,42,341,168,band1,2.813965800005183,18097.619047619046,adgroup
grp-a001-01-000000060480311,cmp-a001-01-000000010206612,WEB_SITE,273471,642800,38,271,168,band1,2.350523455869178,16915.78947368421,adgroup
grp-a001-01-000000060480313,cmp-a001-01-000000010206612,WEB_SITE,781355,1860500,112,774,169,band1,2.3811199774750276,16611.60714285714,adgroup
grp-a001-01-000000060480315,cmp-a001-01-000000010206612,WEB_SITE,321674,759100,47,294,168,band1,2.3598425735371835,16151.063829787234,adgroup
grp-a001-01-000000060480386,cmp-a001-01-000000010206612,WEB_SITE,388490,914100,50,315,168,band1,2.3529563180519446,18282.0,adgroup
grp-a001-01-000000060480649,cmp-a001-01-000000010206612,WEB_SITE,130651,349640,21,136,166,band1,2.676137189918179,16649.52380952381,adgroup
grp-a001-01-000000060480724,cmp-a001-01-000000010206612,WEB_SITE,677211,1256800,77,573,168,band2,1.8558469959879564,16322.077922077922,adgroup
grp-a001-01-000000060480725,cmp-a001-01-000000010206612,WEB_SITE,397240,791840,47,355,168,band2,1.9933541435907765,16847.659574468085,adgroup
grp-a001-01-000000060480727,cmp-a001-01-000000010206612,WEB_SITE,211112,389500,24,197,168,band2,1.8449922316116563,16229.166666666666,adgroup
grp-a001-01-000000060480728,cmp-a001-01-000000010206612,WEB_SITE,526609,839800,50,388,125,band3,1.5947315750395454,16796.0,adgroup
grp-a001-01-000000060481114,cmp-a001-01-000000010206612,WEB_SITE,145741,413400,21,158,168,band1,2.836538791417652,19685.714285714286,adgroup
grp-a001-01-000000060481115,cmp-a001-01-000000010206612,WEB_SITE,72851,143100,9,87,168,band2,1.9642832630986533,15900.0,adgroup
grp-a001-01-000000060481178,cmp-a001-01-000000010206612,WEB_SITE,291777,518900,32,331,168,band2,1.7784129660665509,16215.625,adgroup
grp-a001-01-000000060481180,cmp-a001-01-000000010206612,WEB_SITE,167997,538200,29,182,168,band1,3.203628636225647,18558.620689655174,adgroup
grp-a001-01-000000060481584,cmp-a001-01-000000010206612,WEB_SITE,25769,63600,4,33,166,band1,2.468081803717645,15900.0,adgroup
grp-a001-01-000000060481588,cmp-a001-01-000000010206612,WEB_SITE,58659,270300,15,92,167,band1,4.607988543957449,18020.0,adgroup
grp-a001-01-000000060481589,cmp-a001-01-000000010206612,WEB_SITE,67447,124200,8,76,166,band2,1.8414458760211723,15525.0,adgroup
grp-a001-01-000000060481590,cmp-a001-01-000000010206612,WEB_SITE,127534,174900,11,115,168,band3,1.3713989994824909,15900.0,adgroup
grp-a001-01-000000060481591,cmp-a001-01-000000010206612,WEB_SITE,64914,127200,8,70,168,band2,1.9595156668823366,15900.0,adgroup
grp-a001-01-000000060489568,cmp-a001-01-000000010206612,WEB_SITE,66839,111300,6,96,168,band3,1.6651954697107976,18550.0,adgroup
grp-a001-01-000000060489686,cmp-a001-01-000000010206612,WEB_SITE,62216,95400,6,76,168,band3,1.5333676224765334,15900.0,adgroup
grp-a001-01-000000060489687,cmp-a001-01-000000010206612,WEB_SITE,26872,57600,3,36,168,band1,2.143495087823757,19200.0,adgroup
grp-a001-01-000000060530499,cmp-a001-01-000000010206612,WEB_SITE,188185,469100,29,206,168,band1,2.4927597842548557,16175.862068965518,adgroup
grp-a001-01-000000060531067,cmp-a001-01-000000010206612,WEB_SITE,12607,0,0,23,142,band4_unjudgeable,,17645.139364303177,campaign
grp-a001-01-000000060531082,cmp-a001-01-000000010206612,WEB_SITE,25082,105800,5,32,151,band1,4.218164420700104,21160.0,adgroup
grp-a001-01-000000060531708,cmp-a001-01-000000010206612,WEB_SITE,17393,0,0,19,155,band4_unjudgeable,,17645.139364303177,campaign
grp-a001-01-000000060531709,cmp-a001-01-000000010206612,WEB_SITE,250645,594200,29,274,168,band1,2.370683636218556,20489.655172413793,adgroup
grp-a001-01-000000060531710,cmp-a001-01-000000010206612,WEB_SITE,88925,164200,8,104,168,band2,1.8464998594321058,20525.0,adgroup
grp-a001-01-000000060531711,cmp-a001-01-000000010206612,WEB_SITE,284354,413800,19,299,168,band3,1.4552283421369139,21778.947368421053,adgroup
grp-a001-01-000000060531781,cmp-a001-01-000000010206612,WEB_SITE,700065,938800,58,705,168,band3,1.3410183340118418,16186.206896551725,adgroup
grp-a001-01-000000060548659,cmp-a001-01-000000010206612,WEB_SITE,72588,197100,10,104,163,band1,2.7153248470821625,19710.0,adgroup
grp-a001-01-000000060548667,cmp-a001-01-000000010206612,WEB_SITE,54391,89000,5,66,168,band3,1.6363001231821441,17800.0,adgroup
grp-a001-01-000000060548974,cmp-a001-01-000000010206612,WEB_SITE,101898,224700,12,121,168,band1,2.2051463227933814,18725.0,adgroup
grp-a001-01-000000060554859,cmp-a001-01-000000010206612,WEB_SITE,138444,376900,19,139,168,band1,2.722400392938661,19836.842105263157,adgroup
grp-a001-01-000000060554861,cmp-a001-01-000000010206612,WEB_SITE,123763,267100,12,185,168,band1,2.1581571228881007,22258.333333333332,adgroup
grp-a001-01-000000060554862,cmp-a001-01-000000010206612,WEB_SITE,1177317,2490000,121,1116,168,band1,2.1149783788053687,20578.512396694216,adgroup
grp-a001-01-000000060554863,cmp-a001-01-000000010206612,WEB_SITE,234971,416600,21,231,168,band2,1.772984751309736,19838.095238095237,adgroup
grp-a001-01-000000060558824,cmp-a001-01-000000010206612,WEB_SITE,21886,49800,2,28,93,band1,2.2754272137439457,24900.0,adgroup
grp-a001-01-000000060603885,cmp-a001-01-000000010217616,WEB_SITE,325900,667600,30,261,168,band2,2.0484811291807303,22253.333333333332,adgroup
grp-a001-01-000000060603888,cmp-a001-01-000000010217616,WEB_SITE,70542,71400,4,60,167,band3,1.0121629667432168,17850.0,adgroup
grp-a001-01-000000060603890,cmp-a001-01-000000010217616,WEB_SITE,93358,372100,13,105,75,band1,3.9857323421667132,28623.076923076922,adgroup
grp-a001-01-000000060603891,cmp-a001-01-000000010217616,WEB_SITE,236976,421500,20,246,168,band2,1.7786611302410371,21075.0,adgroup
grp-a001-01-000000060604009,cmp-a001-01-000000010217616,WEB_SITE,2874,0,0,4,151,band4_unjudgeable,,20277.029177718832,campaign
grp-a001-01-000000060604010,cmp-a001-01-000000010217616,WEB_SITE,641,0,0,1,154,band4_unjudgeable,,20277.029177718832,campaign
grp-a001-01-000000060604011,cmp-a001-01-000000010217616,WEB_SITE,31404,18900,1,27,166,band3,0.6018341612533435,18900.0,adgroup
grp-a001-01-000000060604013,cmp-a001-01-000000010217616,WEB_SITE,13382,15900,1,11,168,band3,1.1881632043042893,15900.0,adgroup
grp-a001-01-000000060604014,cmp-a001-01-000000010217616,WEB_SITE,137990,236700,13,89,168,band2,1.715341691426915,18207.69230769231,adgroup
grp-a001-01-000000060604015,cmp-a001-01-000000010217616,WEB_SITE,176158,63600,3,136,168,band3,0.36103952133879813,21200.0,adgroup
grp-a001-01-000000060604017,cmp-a001-01-000000010217616,WEB_SITE,65514,168100,8,45,168,band1,2.5658637848398818,21012.5,adgroup
grp-a001-01-000000060604019,cmp-a001-01-000000010217616,WEB_SITE,48287,71600,4,34,168,band3,1.4828007538260815,17900.0,adgroup
grp-a001-01-000000060604020,cmp-a001-01-000000010217616,WEB_SITE,27142,18900,1,22,168,band3,0.6963377790877606,18900.0,adgroup
grp-a001-01-000000060604022,cmp-a001-01-000000010217616,WEB_SITE,117923,216800,12,91,168,band2,1.8384878268022353,18066.666666666668,adgroup
grp-a001-01-000000060604025,cmp-a001-01-000000010217616,WEB_SITE,42929,36800,2,33,168,band3,0.8572293787416432,18400.0,adgroup
grp-a001-01-000000060604027,cmp-a001-01-000000010217616,WEB_SITE,3451,0,0,4,159,band4_unjudgeable,,20277.029177718832,campaign
grp-a001-01-000000060604029,cmp-a001-01-000000010217616,WEB_SITE,233285,366000,19,155,168,band3,1.568896414257239,19263.157894736843,adgroup
grp-a001-01-000000060604032,cmp-a001-01-000000010217616,WEB_SITE,340811,592200,33,209,123,band2,1.737619971186376,17945.454545454544,adgroup
grp-a001-01-000000060604034,cmp-a001-01-000000010217616,WEB_SITE,168499,382800,18,197,167,band1,2.2718235716532442,21266.666666666668,adgroup
grp-a001-01-000000060604037,cmp-a001-01-000000010217616,WEB_SITE,17190,18900,1,14,167,band3,1.0994764397905759,18900.0,adgroup
grp-a001-01-000000060604039,cmp-a001-01-000000010217616,WEB_SITE,183166,265500,15,139,168,band3,1.449504820763679,17700.0,adgroup
grp-a001-01-000000060604040,cmp-a001-01-000000010217616,WEB_SITE,123292,260500,14,94,106,band1,2.1128702592220097,18607.14285714286,adgroup
grp-a001-01-000000060604043,cmp-a001-01-000000010217616,WEB_SITE,102084,281500,15,79,168,band1,2.757533012029309,18766.666666666668,adgroup
grp-a001-01-000000060604044,cmp-a001-01-000000010217616,WEB_SITE,24214,76600,3,21,165,band1,3.163459155860246,25533.333333333332,adgroup
grp-a001-01-000000060609365,cmp-a001-01-000000010206612,WEB_SITE,24818,31800,2,25,168,band3,1.281328068337497,15900.0,adgroup
grp-a001-01-000000060610033,cmp-a001-01-000000010206612,WEB_SITE,75880,193800,10,81,168,band1,2.5540326831839746,19380.0,adgroup
grp-a001-01-000000060610036,cmp-a001-01-000000010206612,WEB_SITE,66873,143100,9,71,168,band1,2.1398770804360505,15900.0,adgroup
grp-a001-01-000000060610039,cmp-a001-01-000000010206612,WEB_SITE,70629,184800,11,79,168,band1,2.616488977615427,16800.0,adgroup
grp-a001-01-000000060610042,cmp-a001-01-000000010206612,WEB_SITE,39366,92400,6,43,167,band1,2.347203170248438,15400.0,adgroup
grp-a001-01-000000060610047,cmp-a001-01-000000010206612,WEB_SITE,25135,111300,6,40,168,band1,4.4280883230555,18550.0,adgroup
grp-a001-01-000000060610050,cmp-a001-01-000000010206612,WEB_SITE,9116,15900,1,14,167,band2,1.744186046511628,15900.0,adgroup
grp-a001-01-000000060612108,cmp-a001-01-000000010206612,WEB_SITE,20285,79500,4,30,164,band1,3.9191520828198176,19875.0,adgroup
grp-a001-01-000000060612109,cmp-a001-01-000000010206612,WEB_SITE,28729,95400,6,38,166,band1,3.3206864144244492,15900.0,adgroup
grp-a001-01-000000060612110,cmp-a001-01-000000010206612,WEB_SITE,28675,79500,5,31,168,band1,2.772449869224063,15900.0,adgroup
grp-a001-01-000000060612113,cmp-a001-01-000000010206612,WEB_SITE,4792,15900,1,8,124,band1,3.3180300500834723,15900.0,adgroup
grp-a001-01-000000060612114,cmp-a001-01-000000010206612,WEB_SITE,73032,190800,11,80,168,band1,2.6125534012487677,17345.454545454544,adgroup
grp-a001-01-000000060612115,cmp-a001-01-000000010206612,WEB_SITE,21669,33600,2,20,164,band3,1.550602242835387,16800.0,adgroup
grp-a001-01-000000060612840,cmp-a001-01-000000010206612,WEB_SITE,15738,15900,1,20,166,band3,1.0102935569958063,15900.0,adgroup
grp-a001-01-000000060612841,cmp-a001-01-000000010206612,WEB_SITE,28061,58700,4,35,168,band1,2.091871280424789,14675.0,adgroup
grp-a001-01-000000060612842,cmp-a001-01-000000010206612,WEB_SITE,10454,0,0,13,163,band4_unjudgeable,,17645.139364303177,campaign
grp-a001-01-000000060612843,cmp-a001-01-000000010206612,WEB_SITE,27799,31800,2,25,165,band3,1.1439260405050542,15900.0,adgroup
grp-a001-01-000000060612844,cmp-a001-01-000000010206612,WEB_SITE,101005,173800,10,113,168,band2,1.7207068956982328,17380.0,adgroup
grp-a001-01-000000060612964,cmp-a001-01-000000010206612,WEB_SITE,148884,140100,9,125,168,band3,0.9410010477955992,15566.666666666666,adgroup
grp-a001-01-000000060613245,cmp-a001-01-000000010206612,WEB_SITE,11556,0,0,16,161,band4_unjudgeable,,17645.139364303177,campaign
grp-a001-01-000000060613246,cmp-a001-01-000000010206612,WEB_SITE,13971,15900,1,22,162,band3,1.1380717199914108,15900.0,adgroup
grp-a001-01-000000060613247,cmp-a001-01-000000010206612,WEB_SITE,17803,127200,8,30,165,band1,7.144863225299107,15900.0,adgroup
grp-a001-01-000000060613249,cmp-a001-01-000000010206612,WEB_SITE,24184,31800,2,39,167,band3,1.3149189546807807,15900.0,adgroup
grp-a001-01-000000060613254,cmp-a001-01-000000010206612,WEB_SITE,23081,95400,5,38,167,band1,4.1332697890039425,19080.0,adgroup
grp-a001-01-000000060613256,cmp-a001-01-000000010206612,WEB_SITE,13746,31800,2,20,166,band1,2.3134002618943694,15900.0,adgroup
grp-a001-01-000000060617379,cmp-a001-01-000000010206612,WEB_SITE,118490,272300,18,163,168,band1,2.298084226517006,15127.777777777777,adgroup
grp-a001-01-000000060617381,cmp-a001-01-000000010206612,WEB_SITE,87125,159000,10,97,168,band2,1.824964131994261,15900.0,adgroup
grp-a001-01-000000060763483,cmp-a001-01-000000010206612,WEB_SITE,71658,190800,12,71,168,band1,2.6626475759859334,15900.0,adgroup
grp-a001-01-000000060763689,cmp-a001-01-000000010206612,WEB_SITE,57056,143100,9,70,166,band1,2.508062254627033,15900.0,adgroup
grp-a001-01-000000060763694,cmp-a001-01-000000010206612,WEB_SITE,303859,573400,33,335,168,band2,1.8870594584988432,17375.757575757576,adgroup
grp-a001-01-000000060763718,cmp-a001-01-000000010206612,WEB_SITE,63422,205110,12,93,168,band1,3.234051275582605,17092.5,adgroup
grp-a001-01-000000060763874,cmp-a001-01-000000010206612,WEB_SITE,268872,524700,30,293,168,band2,1.9514862090511471,17490.0,adgroup
grp-a001-01-000000060763875,cmp-a001-01-000000010206612,WEB_SITE,93982,210700,11,119,167,band1,2.2419186652763297,19154.545454545456,adgroup
grp-a001-01-000000060763876,cmp-a001-01-000000010206612,WEB_SITE,106864,223600,13,153,168,band1,2.092379098667465,17200.0,adgroup
grp-a001-01-000000060763877,cmp-a001-01-000000010206612,WEB_SITE,34842,47700,3,48,165,band3,1.3690373686929567,15900.0,adgroup
grp-a001-01-000000060764711,cmp-a001-01-000000010217616,WEB_SITE,82573,111400,6,73,168,band3,1.3491092730069152,18566.666666666668,adgroup
grp-a001-01-000000060764713,cmp-a001-01-000000010217616,WEB_SITE,206003,155200,7,165,168,band3,0.7533870865958263,22171.428571428572,adgroup
grp-a001-01-000000060764895,cmp-a001-01-000000010217616,WEB_SITE,24442,19900,1,25,145,band3,0.8141723263235414,19900.0,adgroup
grp-a001-01-000000060765090,cmp-a001-01-000000010206612,WEB_SITE,23841,63600,4,31,155,band1,2.667673335850006,15900.0,adgroup
grp-a001-01-000000060765091,cmp-a001-01-000000010206612,WEB_SITE,53634,174900,9,71,166,band1,3.2609911623224073,19433.333333333332,adgroup
grp-a001-01-000000060765092,cmp-a001-01-000000010206612,WEB_SITE,38207,143100,9,45,159,band1,3.745386970973905,15900.0,adgroup
grp-a001-01-000000060765094,cmp-a001-01-000000010206612,WEB_SITE,13084,47700,3,21,154,band1,3.6456741057780495,15900.0,adgroup
grp-a001-01-000000060784942,cmp-a001-01-000000010206612,WEB_SITE,116237,387700,20,151,168,band1,3.335426757400828,19385.0,adgroup
grp-a001-01-000000060784943,cmp-a001-01-000000010206612,WEB_SITE,215911,651900,38,251,168,band1,3.019299618824423,17155.263157894737,adgroup
grp-a001-01-000000060784944,cmp-a001-01-000000010206612,WEB_SITE,166466,333900,21,186,168,band2,2.005815001261519,15900.0,adgroup
grp-a001-01-000000060792702,cmp-a001-01-000000010206612,WEB_SITE,612060,1766000,101,729,168,band1,2.8853380387543703,17485.148514851484,adgroup
grp-a001-01-000000060792703,cmp-a001-01-000000010206612,WEB_SITE,70673,191800,12,103,168,band1,2.713907715817922,15983.333333333334,adgroup
grp-a001-01-000000060792982,cmp-a001-01-000000010206612,WEB_SITE,454223,942200,51,415,169,band1,2.074311516589869,18474.50980392157,adgroup
grp-a001-01-000000060792983,cmp-a001-01-000000010206612,WEB_SITE,175456,554900,28,203,168,band1,3.1626162684661683,19817.85714285714,adgroup
grp-a001-01-000000060792984,cmp-a001-01-000000010206612,WEB_SITE,163871,143100,9,165,167,band3,0.873247859596878,15900.0,adgroup
grp-a001-01-000000060792987,cmp-a001-01-000000010217616,WEB_SITE,206111,492200,23,198,168,band1,2.388033632363144,21400.0,adgroup
grp-a001-01-000000060792988,cmp-a001-01-000000010217616,WEB_SITE,58360,172100,7,48,168,band1,2.94893762851268,24585.714285714286,adgroup
grp-a001-01-000000060792989,cmp-a001-01-000000010217616,WEB_SITE,65172,75600,4,60,161,band3,1.1600073651261278,18900.0,adgroup
grp-a001-01-000000060792990,cmp-a001-01-000000010217616,WEB_SITE,204552,465600,21,155,162,band1,2.2761938284641556,22171.428571428572,adgroup
grp-a001-01-000000060792991,cmp-a001-01-000000010217616,WEB_SITE,206101,290400,15,188,168,band3,1.4090179086952515,19360.0,adgroup
grp-a001-01-000000060792992,cmp-a001-01-000000010217616,WEB_SITE,105506,280500,15,96,168,band1,2.6586165715693895,18700.0,adgroup
grp-a001-01-000000060792993,cmp-a001-01-000000010217616,WEB_SITE,8098,0,0,12,133,band4_unjudgeable,,20277.029177718832,campaign
grp-a001-01-000000060792994,cmp-a001-01-000000010217616,WEB_SITE,36989,119400,6,32,163,band1,3.2279866987482766,19900.0,adgroup
grp-a001-01-000000060796462,cmp-a001-01-000000010217616,WEB_SITE,9532,19900,1,13,145,band1,2.087704574066303,19900.0,adgroup
grp-a001-01-000000060796463,cmp-a001-01-000000010217616,WEB_SITE,15336,99500,4,18,156,band1,6.488002086593636,24875.0,adgroup
grp-a001-01-000000060796465,cmp-a001-01-000000010217616,WEB_SITE,43401,125300,8,47,153,band1,2.887030252759153,15662.5,adgroup
grp-a001-01-000000060796466,cmp-a001-01-000000010217616,WEB_SITE,4578,0,0,5,126,band4_unjudgeable,,20277.029177718832,campaign
grp-a001-01-000000060796467,cmp-a001-01-000000010217616,WEB_SITE,104719,218900,10,78,167,band1,2.0903560958374316,21890.0,adgroup
grp-a001-01-000000060796549,cmp-a001-01-000000010217616,WEB_SITE,51586,36800,2,40,148,band3,0.713371845074245,18400.0,adgroup
grp-a001-01-000000060796550,cmp-a001-01-000000010217616,WEB_SITE,26238,154200,8,27,155,band1,5.876972330208095,19275.0,adgroup
grp-a001-01-000000060796551,cmp-a001-01-000000010217616,WEB_SITE,5870,0,0,9,160,band4_unjudgeable,,20277.029177718832,campaign
grp-a001-01-000000060796552,cmp-a001-01-000000010217616,WEB_SITE,980,0,0,2,93,band4_unjudgeable,,20277.029177718832,campaign
grp-a001-01-000000060796704,cmp-a001-01-000000010217616,WEB_SITE,9825,0,0,13,157,band4_unjudgeable,,20277.029177718832,campaign
grp-a001-01-000000060796707,cmp-a001-01-000000010217616,WEB_SITE,38505,38800,2,42,152,band3,1.0076613426827685,19400.0,adgroup
grp-a001-01-000000060809909,cmp-a001-01-000000010206612,WEB_SITE,62917,174900,10,91,167,band1,2.779852821971804,17490.0,adgroup
grp-a001-01-000000060823525,cmp-a001-01-000000010236263,WEB_SITE,289652,824500,41,417,128,band1,2.8465192714015437,20109.756097560974,adgroup
grp-a001-01-000000060823768,cmp-a001-01-000000010236263,WEB_SITE,426549,291700,12,962,138,band3,0.6838604708954892,24308.333333333332,adgroup
grp-a001-01-000000060823769,cmp-a001-01-000000010236263,WEB_SITE,1677,0,0,5,44,band4_unjudgeable,,19032.075471698114,campaign
grp-a001-01-000000060823923,cmp-a001-01-000000010236263,WEB_SITE,13305,0,0,44,44,band4_unjudgeable,,19032.075471698114,campaign
grp-a001-01-000000060823924,cmp-a001-01-000000010236263,WEB_SITE,33411,0,0,111,44,band3,0.0,19032.075471698114,campaign
grp-a001-01-000000060823925,cmp-a001-01-000000010236263,WEB_SITE,160,0,0,1,44,band4_unjudgeable,,19032.075471698114,campaign
grp-a001-01-000000060823926,cmp-a001-01-000000010236263,WEB_SITE,2850,14200,1,6,44,band1,4.982456140350878,14200.0,adgroup
grp-a001-01-000000060824081,cmp-a001-01-000000010236263,WEB_SITE,6363,0,0,14,44,band4_unjudgeable,,19032.075471698114,campaign
grp-a001-01-000000060824082,cmp-a001-01-000000010236263,WEB_SITE,277362,427200,24,289,66,band3,1.5402254093927792,17800.0,adgroup
grp-a001-01-000000060824084,cmp-a001-01-000000010236263,WEB_SITE,70129,0,0,85,44,band3,0.0,19032.075471698114,campaign
grp-a001-01-000000060824085,cmp-a001-01-000000010236263,WEB_SITE,3685,0,0,7,44,band4_unjudgeable,,19032.075471698114,campaign
grp-a001-01-000000060824088,cmp-a001-01-000000010236263,WEB_SITE,279630,314900,19,347,78,band3,1.1261309587669421,16573.684210526317,adgroup
grp-a001-01-000000060824108,cmp-a001-01-000000010236263,WEB_SITE,73263,110300,6,118,44,band3,1.5055348538825875,18383.333333333332,adgroup
grp-a001-01-000000060824109,cmp-a001-01-000000010236263,WEB_SITE,74566,68500,4,132,44,band3,0.918649250328568,17125.0,adgroup
grp-a001-01-000000060824110,cmp-a001-01-000000010236263,WEB_SITE,6555,0,0,23,43,band4_unjudgeable,,19032.075471698114,campaign
grp-a001-01-000000060824113,cmp-a001-01-000000010236263,WEB_SITE,30246,34800,4,71,44,band3,1.1505653640150764,8700.0,adgroup
grp-a001-01-000000060824785,cmp-a001-01-000000010236263,WEB_SITE,530,0,0,1,1,band4_unjudgeable,,19032.075471698114,campaign
grp-a001-01-000000060824786,cmp-a001-01-000000010236263,WEB_SITE,31198,117000,6,65,45,band1,3.7502404000256426,19500.0,adgroup
grp-a001-01-000000060824882,cmp-a001-01-000000010236308,WEB_SITE,29556,159000,9,41,167,band1,5.379618351603735,17666.666666666668,adgroup
grp-a001-01-000000060824932,cmp-a001-01-000000010236308,WEB_SITE,26817,15900,1,36,160,band3,0.5929074840586195,15900.0,adgroup
grp-a001-01-000000060824935,cmp-a001-01-000000010236308,WEB_SITE,22284,63600,4,34,168,band1,2.8540656973613356,15900.0,adgroup
grp-a001-01-000000060824936,cmp-a001-01-000000010236308,WEB_SITE,127606,210700,13,174,168,band3,1.6511762769775715,16207.692307692309,adgroup
grp-a001-01-000000060825654,cmp-a001-01-000000010236308,WEB_SITE,20183,31800,2,34,167,band3,1.575583411782193,15900.0,adgroup
grp-a001-01-000000060825655,cmp-a001-01-000000010236308,WEB_SITE,23507,31800,2,27,168,band3,1.3527885310758498,15900.0,adgroup
grp-a001-01-000000060825656,cmp-a001-01-000000010236308,WEB_SITE,97772,240500,15,130,167,band1,2.459804442989813,16033.333333333334,adgroup
grp-a001-01-000000060825657,cmp-a001-01-000000010236308,WEB_SITE,86198,408500,26,126,168,band1,4.739089073992436,15711.538461538461,adgroup
grp-a001-01-000000060825704,cmp-a001-01-000000010236308,WEB_SITE,69446,377700,20,104,168,band1,5.438758171816951,18885.0,adgroup
grp-a001-01-000000060825705,cmp-a001-01-000000010236308,WEB_SITE,51432,166800,10,78,168,band1,3.243117125524965,16680.0,adgroup
grp-a001-01-000000060825706,cmp-a001-01-000000010236308,WEB_SITE,68500,244300,12,101,168,band1,3.5664233576642337,20358.333333333332,adgroup
grp-a001-01-000000060825707,cmp-a001-01-000000010236308,WEB_SITE,48501,139100,7,75,166,band1,2.8679821034617845,19871.428571428572,adgroup
grp-a001-01-000000060825794,cmp-a001-01-000000010236308,WEB_SITE,34635,63600,4,51,168,band2,1.8362927674317886,15900.0,adgroup
grp-a001-01-000000060825796,cmp-a001-01-000000010236308,WEB_SITE,58174,127200,7,81,167,band1,2.186543816825386,18171.428571428572,adgroup
grp-a001-01-000000060825797,cmp-a001-01-000000010236308,WEB_SITE,33348,87500,5,53,168,band1,2.6238455079764904,17500.0,adgroup
grp-a001-01-000000060825798,cmp-a001-01-000000010236308,WEB_SITE,93732,254400,15,142,168,band1,2.7141211112533608,16960.0,adgroup
grp-a001-01-000000060825799,cmp-a001-01-000000010236308,WEB_SITE,85302,266200,13,133,168,band1,3.1206771236313333,20476.923076923078,adgroup
grp-a001-01-000000060825800,cmp-a001-01-000000010236308,WEB_SITE,39775,80500,5,65,168,band2,2.023884349465745,16100.0,adgroup
grp-a001-01-000000060825801,cmp-a001-01-000000010236308,WEB_SITE,159535,304100,17,204,168,band2,1.9061647914250792,17888.235294117647,adgroup
grp-a001-01-000000060825802,cmp-a001-01-000000010236308,WEB_SITE,80381,334900,19,104,168,band1,4.166407484355756,17626.315789473683,adgroup
grp-a001-01-000000060826103,cmp-a001-01-000000010236308,WEB_SITE,150211,340900,20,190,168,band1,2.2694742728561823,17045.0,adgroup
grp-a001-01-000000060826106,cmp-a001-01-000000010236308,WEB_SITE,167664,387340,24,200,167,band1,2.3102156694341063,16139.166666666666,adgroup
grp-a001-01-000000060826107,cmp-a001-01-000000010236308,WEB_SITE,252951,609200,36,339,168,band1,2.408371581847868,16922.222222222223,adgroup
grp-a001-01-000000060826108,cmp-a001-01-000000010236308,WEB_SITE,273724,452200,25,311,168,band3,1.6520290511610236,18088.0,adgroup
grp-a001-01-000000060826110,cmp-a001-01-000000010236308,WEB_SITE,294146,431300,27,330,168,band3,1.466278650738069,15974.074074074075,adgroup
grp-a001-01-000000060841229,cmp-a001-01-000000010236310,WEB_SITE,22873,32800,2,42,157,band3,1.4340051589209986,16400.0,adgroup
grp-a001-01-000000060841400,cmp-a001-01-000000010236310,WEB_SITE,5963,32800,2,7,158,band1,5.500586952876069,16400.0,adgroup
grp-a001-01-000000060841560,cmp-a001-01-000000010236310,WEB_SITE,619,31800,1,6,125,band1,51.37318255250404,31800.0,adgroup
grp-a001-01-000000060841575,cmp-a001-01-000000010236310,WEB_SITE,33303,0,0,53,157,band3,0.0,17973.372093023256,campaign
grp-a001-01-000000060841577,cmp-a001-01-000000010236310,WEB_SITE,45002,31800,2,48,158,band3,0.706635260655082,15900.0,adgroup
grp-a001-01-000000060841579,cmp-a001-01-000000010236310,WEB_SITE,4102,15900,1,9,154,band1,3.8761579717211117,15900.0,adgroup
grp-a001-01-000000060841580,cmp-a001-01-000000010236310,WEB_SITE,23493,84500,5,42,157,band1,3.5968160728727705,16900.0,adgroup
grp-a001-01-000000060841581,cmp-a001-01-000000010236310,WEB_SITE,39238,67600,2,65,158,band2,1.7228197155818339,33800.0,adgroup
grp-a001-01-000000060841582,cmp-a001-01-000000010236310,WEB_SITE,48039,46110,3,53,157,band3,0.9598451258352588,15370.0,adgroup
grp-a001-01-000000060841583,cmp-a001-01-000000010236310,WEB_SITE,204568,190800,11,192,157,band3,0.9326971960423918,17345.454545454544,adgroup
grp-a001-01-000000060841584,cmp-a001-01-000000010236310,WEB_SITE,63058,47700,3,65,156,band3,0.7564464461289606,15900.0,adgroup
grp-a001-01-000000060842559,cmp-a001-01-000000010236310,WEB_SITE,125728,401500,22,144,158,band1,3.1934016289132097,18250.0,adgroup
grp-a001-01-000000060842560,cmp-a001-01-000000010236310,WEB_SITE,2847,47700,2,5,40,band1,16.754478398314014,23850.0,adgroup
grp-a001-01-000000060842564,cmp-a001-01-000000010236310,WEB_SITE,46638,31800,2,73,156,band3,0.681847420558343,15900.0,adgroup
grp-a001-01-000000060842565,cmp-a001-01-000000010236310,WEB_SITE,71605,131100,7,93,158,band2,1.8308777320019551,18728.571428571428,adgroup
grp-a001-01-000000060842566,cmp-a001-01-000000010236310,WEB_SITE,127992,160000,9,143,158,band3,1.2500781298831176,17777.777777777777,adgroup
grp-a001-01-000000060842733,cmp-a001-01-000000010236310,WEB_SITE,11858,15900,1,23,158,band3,1.3408669252825096,15900.0,adgroup
grp-a001-01-000000060842734,cmp-a001-01-000000010236310,WEB_SITE,103563,175900,11,106,158,band3,1.6984830489653642,15990.90909090909,adgroup
grp-a001-01-000000060842824,cmp-a001-01-000000010236310,WEB_SITE,6722,0,0,14,155,band4_unjudgeable,,17973.372093023256,campaign
grp-a001-01-000000060843107,cmp-a001-01-000000010236308,WEB_SITE,52889,74600,4,68,168,band3,1.4105012384427764,18650.0,adgroup
grp-a001-01-000000060843258,cmp-a001-01-000000010236308,WEB_SITE,61445,16900,1,71,167,band3,0.2750427211327203,16900.0,adgroup
grp-a001-01-000000060843261,cmp-a001-01-000000010236308,WEB_SITE,10382,15900,1,17,158,band3,1.5314968214216913,15900.0,adgroup
grp-a001-01-000000060843263,cmp-a001-01-000000010236308,WEB_SITE,61638,66600,4,81,166,band3,1.080502287549888,16650.0,adgroup
grp-a001-01-000000060843265,cmp-a001-01-000000010236308,WEB_SITE,24458,36800,2,46,167,band3,1.5046201651811268,18400.0,adgroup
grp-a001-01-000000060843278,cmp-a001-01-000000010236308,WEB_SITE,27638,33800,2,47,162,band3,1.2229539040451551,16900.0,adgroup
grp-a001-01-000000060843279,cmp-a001-01-000000010236308,WEB_SITE,8812,16900,1,13,158,band2,1.9178393100317748,16900.0,adgroup
grp-a001-01-000000060843280,cmp-a001-01-000000010236308,WEB_SITE,5100,15900,1,9,158,band1,3.1176470588235294,15900.0,adgroup
grp-a001-01-000000060843281,cmp-a001-01-000000010236308,WEB_SITE,7423,0,0,11,152,band4_unjudgeable,,18140.758807588078,campaign
grp-a001-01-000000060843310,cmp-a001-01-000000010236308,WEB_SITE,13051,16900,1,20,153,band3,1.2949199295073175,16900.0,adgroup
grp-a001-01-000000060843311,cmp-a001-01-000000010236308,WEB_SITE,10678,304200,3,17,154,band1,28.48848098894924,101400.0,adgroup
grp-a001-01-000000060843312,cmp-a001-01-000000010236308,WEB_SITE,10932,0,0,17,163,band4_unjudgeable,,18140.758807588078,campaign
grp-a001-01-000000060843313,cmp-a001-01-000000010236308,WEB_SITE,33337,0,0,42,163,band3,0.0,18140.758807588078,campaign
grp-a001-01-000000060843314,cmp-a001-01-000000010236308,WEB_SITE,45198,67600,2,48,162,band3,1.4956414000619496,33800.0,adgroup
grp-a001-01-000000060843406,cmp-a001-01-000000010236308,WEB_SITE,12938,0,0,19,167,band4_unjudgeable,,18140.758807588078,campaign
grp-a001-01-000000060843407,cmp-a001-01-000000010236308,WEB_SITE,10955,32800,1,18,163,band1,2.99406663623916,32800.0,adgroup
grp-a001-01-000000060843408,cmp-a001-01-000000010236308,WEB_SITE,13871,66600,4,25,162,band1,4.801384182827482,16650.0,adgroup
grp-a001-01-000000060843409,cmp-a001-01-000000010236308,WEB_SITE,16866,0,0,28,161,band4_unjudgeable,,18140.758807588078,campaign
grp-a001-01-000000060843410,cmp-a001-01-000000010236308,WEB_SITE,30315,99400,4,51,166,band1,3.2789048325911265,24850.0,adgroup
grp-a001-01-000000060858091,cmp-a001-01-000000010236263,WEB_SITE,32169,49700,2,58,45,band3,1.544965650160092,24850.0,adgroup
grp-a001-01-000000060858092,cmp-a001-01-000000010236263,WEB_SITE,25951,36400,1,61,44,band3,1.4026434434125852,36400.0,adgroup
grp-a001-01-000000060865149,cmp-a001-01-000000010236263,WEB_SITE,7049,0,0,19,44,band4_unjudgeable,,19032.075471698114,campaign
grp-a001-01-000000060866006,cmp-a001-01-000000010236263,WEB_SITE,73690,101200,5,144,44,band3,1.3733206676618266,20240.0,adgroup
grp-a001-01-000000060868357,cmp-a001-01-000000010217616,WEB_SITE,83147,97300,5,101,148,band3,1.1702166043272757,19460.0,adgroup
grp-a001-01-000000060868358,cmp-a001-01-000000010217616,WEB_SITE,43125,47540,2,51,163,band3,1.102376811594203,23770.0,adgroup
grp-a001-01-000000060868899,cmp-a001-01-000000010236263,WEB_SITE,19347,111200,5,35,44,band1,5.747661136093451,22240.0,adgroup
grp-a001-01-000000061108461,cmp-a001-01-000000010206612,WEB_SITE,36480,152200,8,46,28,band1,4.172149122807017,19025.0,adgroup
grp-a001-01-000000061871554,cmp-a001-01-000000010298774,WEB_SITE,7425,12900,1,17,4,band2,1.7373737373737375,12900.0,adgroup
grp-a001-01-000000061883424,cmp-a001-01-000000010298774,WEB_SITE,3978,0,0,9,5,band4_unjudgeable,,16980.76923076923,campaign
grp-a001-01-000000061883426,cmp-a001-01-000000010298774,WEB_SITE,4368,0,0,10,4,band4_unjudgeable,,16980.76923076923,campaign
grp-a001-01-000000061883430,cmp-a001-01-000000010298774,WEB_SITE,7560,0,0,19,17,band4_unjudgeable,,16980.76923076923,campaign
grp-a001-01-000000061883437,cmp-a001-01-000000010298774,WEB_SITE,2695,0,0,7,17,band4_unjudgeable,,16980.76923076923,campaign
grp-a001-01-000000061883438,cmp-a001-01-000000010298774,WEB_SITE,17660,16900,1,40,21,band3,0.956964892412231,16900.0,adgroup
grp-a001-01-000000061883745,cmp-a001-01-000000010298774,WEB_SITE,6490,0,0,16,11,band4_unjudgeable,,16980.76923076923,campaign
grp-a001-01-000000061883746,cmp-a001-01-000000010298774,WEB_SITE,18080,0,0,51,11,band4_unjudgeable,,16980.76923076923,campaign
grp-a001-01-000000061883792,cmp-a001-01-000000010298774,WEB_SITE,16040,33800,2,43,12,band1,2.107231920199501,16900.0,adgroup
grp-a001-01-000000061883886,cmp-a001-01-000000010298774,WEB_SITE,2240,0,0,5,20,band4_unjudgeable,,16980.76923076923,campaign
grp-a001-01-000000061883887,cmp-a001-01-000000010298774,WEB_SITE,2351,0,0,6,21,band4_unjudgeable,,16980.76923076923,campaign
grp-a001-01-000000061883888,cmp-a001-01-000000010298774,WEB_SITE,9970,0,0,24,19,band4_unjudgeable,,16980.76923076923,campaign
grp-a001-01-000000061883889,cmp-a001-01-000000010298774,WEB_SITE,2708,0,0,7,21,band4_unjudgeable,,16980.76923076923,campaign
grp-a001-01-000000061883890,cmp-a001-01-000000010298774,WEB_SITE,7250,16900,1,16,19,band1,2.331034482758621,16900.0,adgroup
grp-a001-01-000000061883891,cmp-a001-01-000000010298774,WEB_SITE,670,0,0,2,16,band4_unjudgeable,,16980.76923076923,campaign
grp-a001-01-000000061883892,cmp-a001-01-000000010298774,WEB_SITE,6850,16900,1,15,16,band1,2.4671532846715327,16900.0,adgroup
grp-a001-01-000000061883893,cmp-a001-01-000000010298774,WEB_SITE,1858,0,0,5,17,band4_unjudgeable,,16980.76923076923,campaign
grp-a001-01-000000061883895,cmp-a001-01-000000010298774,WEB_SITE,7150,0,0,17,16,band4_unjudgeable,,16980.76923076923,campaign
grp-a001-01-000000061883896,cmp-a001-01-000000010298774,WEB_SITE,2210,0,0,5,10,band4_unjudgeable,,16980.76923076923,campaign
grp-a001-01-000000061883897,cmp-a001-01-000000010298774,WEB_SITE,5176,0,0,12,16,band4_unjudgeable,,16980.76923076923,campaign
grp-a001-01-000000061883898,cmp-a001-01-000000010298774,WEB_SITE,2028,0,0,5,17,band4_unjudgeable,,16980.76923076923,campaign
grp-a001-01-000000061883899,cmp-a001-01-000000010298774,WEB_SITE,3690,0,0,8,19,band4_unjudgeable,,16980.76923076923,campaign
grp-a001-01-000000061883900,cmp-a001-01-000000010298774,WEB_SITE,2810,0,0,7,16,band4_unjudgeable,,16980.76923076923,campaign
grp-a001-01-000000061883901,cmp-a001-01-000000010298774,WEB_SITE,6190,33800,2,13,21,band1,5.460420032310178,16900.0,adgroup
grp-a001-01-000000061883902,cmp-a001-01-000000010298774,WEB_SITE,1860,0,0,4,21,band4_unjudgeable,,16980.76923076923,campaign
grp-a001-01-000000061883903,cmp-a001-01-000000010298774,WEB_SITE,840,0,0,2,10,band4_unjudgeable,,16980.76923076923,campaign
grp-a001-01-000000061883904,cmp-a001-01-000000010298774,WEB_SITE,3330,0,0,8,14,band4_unjudgeable,,16980.76923076923,campaign
grp-a001-01-000000061924085,cmp-a001-01-000000010298774,WEB_SITE,860,0,0,2,14,band4_unjudgeable,,16980.76923076923,campaign
grp-a001-01-000000061924086,cmp-a001-01-000000010298774,WEB_SITE,3780,0,0,8,8,band4_unjudgeable,,16980.76923076923,campaign
grp-a001-01-000000061924087,cmp-a001-01-000000010298774,WEB_SITE,1245,0,0,3,8,band4_unjudgeable,,16980.76923076923,campaign
grp-a001-01-000000061924088,cmp-a001-01-000000010298774,WEB_SITE,490,0,0,1,11,band4_unjudgeable,,16980.76923076923,campaign
grp-a001-01-000000061924089,cmp-a001-01-000000010298774,WEB_SITE,470,0,0,1,12,band4_unjudgeable,,16980.76923076923,campaign
grp-a001-01-000000061924090,cmp-a001-01-000000010298774,WEB_SITE,2800,0,0,6,15,band4_unjudgeable,,16980.76923076923,campaign
grp-a001-01-000000061924091,cmp-a001-01-000000010298774,WEB_SITE,0,0,0,0,15,excluded_cost0,,16980.76923076923,campaign
grp-a001-01-000000061924092,cmp-a001-01-000000010298774,WEB_SITE,500,0,0,1,13,band4_unjudgeable,,16980.76923076923,campaign
grp-a001-01-000000061924093,cmp-a001-01-000000010298774,WEB_SITE,500,0,0,1,15,band4_unjudgeable,,16980.76923076923,campaign
grp-a001-01-000000061924094,cmp-a001-01-000000010298774,WEB_SITE,0,0,0,0,4,excluded_cost0,,16980.76923076923,campaign
grp-a001-01-000000061924107,cmp-a001-01-000000010298774,WEB_SITE,3250,0,0,7,16,band4_unjudgeable,,16980.76923076923,campaign
grp-a001-01-000000061924108,cmp-a001-01-000000010298774,WEB_SITE,5960,0,0,14,9,band4_unjudgeable,,16980.76923076923,campaign
grp-a001-01-000000061924109,cmp-a001-01-000000010298774,WEB_SITE,920,0,0,2,15,band4_unjudgeable,,16980.76923076923,campaign
grp-a001-01-000000061924110,cmp-a001-01-000000010298774,WEB_SITE,4660,12800,1,11,15,band1,2.7467811158798283,12800.0,adgroup
grp-a001-01-000000061924111,cmp-a001-01-000000010298774,WEB_SITE,4430,0,0,10,15,band4_unjudgeable,,16980.76923076923,campaign
grp-a001-01-000000061924112,cmp-a001-01-000000010298774,WEB_SITE,0,0,0,0,12,excluded_cost0,,16980.76923076923,campaign
grp-a001-01-000000061924113,cmp-a001-01-000000010298774,WEB_SITE,5070,0,0,11,15,band4_unjudgeable,,16980.76923076923,campaign
grp-a001-01-000000061924114,cmp-a001-01-000000010298774,WEB_SITE,11770,0,0,27,20,band4_unjudgeable,,16980.76923076923,campaign
grp-a001-01-000000061924115,cmp-a001-01-000000010298774,WEB_SITE,4650,0,0,11,21,band4_unjudgeable,,16980.76923076923,campaign
grp-a001-01-000000061924116,cmp-a001-01-000000010298774,WEB_SITE,9026,0,0,21,20,band4_unjudgeable,,16980.76923076923,campaign
grp-a001-01-000000061924149,cmp-a001-01-000000010298774,WEB_SITE,0,0,0,0,3,excluded_cost0,,16980.76923076923,campaign
grp-a001-01-000000061924150,cmp-a001-01-000000010298774,WEB_SITE,0,0,0,0,3,excluded_cost0,,16980.76923076923,campaign
grp-a001-01-000000061924151,cmp-a001-01-000000010298774,WEB_SITE,785,0,0,2,2,band4_unjudgeable,,16980.76923076923,campaign
grp-a001-01-000000061924152,cmp-a001-01-000000010298774,WEB_SITE,50890,41700,2,113,15,band3,0.8194144232658676,20850.0,adgroup
grp-a001-01-000000061924153,cmp-a001-01-000000010298774,WEB_SITE,16140,12900,1,38,16,band3,0.7992565055762082,12900.0,adgroup
grp-a001-01-000000061924154,cmp-a001-01-000000010298774,WEB_SITE,5490,0,0,13,10,band4_unjudgeable,,16980.76923076923,campaign
grp-a001-01-000000061924155,cmp-a001-01-000000010298774,WEB_SITE,37510,80100,4,84,20,band1,2.1354305518528394,20025.0,adgroup
grp-a001-01-000000061924156,cmp-a001-01-000000010298774,WEB_SITE,39162,55500,4,87,16,band3,1.4171901332924774,13875.0,adgroup
grp-a001-01-000000061924157,cmp-a001-01-000000010298774,WEB_SITE,12220,0,0,27,20,band4_unjudgeable,,16980.76923076923,campaign
grp-a001-01-000000061924158,cmp-a001-01-000000010298774,WEB_SITE,61490,53200,3,142,15,band3,0.8651813302976094,17733.333333333332,adgroup
grp-a001-01-000000061924189,cmp-a001-01-000000010298774,WEB_SITE,12470,41200,2,28,16,band1,3.3039294306335205,20600.0,adgroup
grp-a001-01-000000061924190,cmp-a001-01-000000010298774,WEB_SITE,12880,0,0,29,16,band4_unjudgeable,,16980.76923076923,campaign
grp-a001-01-000000061924191,cmp-a001-01-000000010298774,WEB_SITE,15080,0,0,41,20,band4_unjudgeable,,16980.76923076923,campaign
grp-a001-01-000000061924192,cmp-a001-01-000000010298774,WEB_SITE,59644,12900,1,171,20,band3,0.21628328079940984,12900.0,adgroup
grp-a001-01-000000061924193,cmp-a001-01-000000010298774,WEB_SITE,7660,0,0,19,19,band4_unjudgeable,,16980.76923076923,campaign
grp-a001-01-000000061924194,cmp-a001-01-000000010298774,WEB_SITE,260,0,0,1,2,band4_unjudgeable,,16980.76923076923,campaign
grp-a001-01-000000061924195,cmp-a001-01-000000010298774,WEB_SITE,420,0,0,1,2,band4_unjudgeable,,16980.76923076923,campaign
grp-a001-01-000000062965454,cmp-a001-01-000000010206612,WEB_SITE,1361785,2625000,150,1160,140,band2,1.927617061430402,17500.0,adgroup
grp-a001-01-000000062965457,cmp-a001-01-000000010206612,WEB_SITE,1409228,3292500,186,1323,140,band1,2.336385595517546,17701.612903225807,adgroup
grp-a001-01-000000062965459,cmp-a001-01-000000010206612,WEB_SITE,300366,760200,44,351,140,band1,2.530912287009848,17277.272727272728,adgroup
grp-a001-01-000000067675781,cmp-a001-01-000000010236263,WEB_SITE,811579,281600,15,986,76,band3,0.3469779282115481,18773.333333333332,adgroup
grp-a001-01-000000070094275,cmp-a001-01-000000010852962,WEB_SITE,40718,0,0,37,9,band3,0.0,18236.185078909613,campaign_type
grp-a001-01-000000070102294,cmp-a001-01-000000010852962,WEB_SITE,0,0,0,0,1,excluded_cost0,,18236.185078909613,campaign_type
grp-a001-01-000000070109481,cmp-a001-01-000000010852962,WEB_SITE,67142,0,0,62,9,band3,0.0,18236.185078909613,campaign_type
grp-a001-01-000000070110695,cmp-a001-01-000000010852962,WEB_SITE,62560,0,0,62,9,band3,0.0,18236.185078909613,campaign_type
grp-a001-01-000000070110703,cmp-a001-01-000000010852962,WEB_SITE,4388,0,0,8,8,band4_unjudgeable,,18236.185078909613,campaign_type
grp-a001-01-000000070111139,cmp-a001-01-000000010852962,WEB_SITE,14993,0,0,15,9,band4_unjudgeable,,18236.185078909613,campaign_type
grp-a001-01-000000070111142,cmp-a001-01-000000010852962,WEB_SITE,1721,0,0,4,8,band4_unjudgeable,,18236.185078909613,campaign_type
grp-a001-01-000000070136001,cmp-a001-01-000000010236263,WEB_SITE,88012,242900,14,95,27,band1,2.7598509294187155,17350.0,adgroup
grp-a001-01-000000070512941,cmp-a001-01-000000010206612,WEB_SITE,380783,737620,42,402,19,band2,1.9371137892185313,17562.380952380954,adgroup
grp-a001-01-000000070513016,cmp-a001-01-000000010206612,WEB_SITE,101592,248000,12,106,17,band1,2.441137097409245,20666.666666666668,adgroup
grp-a001-01-000000070513065,cmp-a001-01-000000010206612,WEB_SITE,57689,94800,6,52,18,band3,1.643294215535024,15800.0,adgroup
grp-a001-01-000000071340947,cmp-a001-01-000000010206612,WEB_SITE,19652,44500,2,25,4,band1,2.264400569916548,22250.0,adgroup
grp-a001-01-000000071340962,cmp-a001-01-000000010206612,WEB_SITE,90779,13800,1,107,4,band3,0.15201753709558377,13800.0,adgroup
grp-a001-01-000000071340970,cmp-a001-01-000000010206612,WEB_SITE,816,0,0,1,4,band4_unjudgeable,,17645.139364303177,campaign
grp-a001-02-000000043610882,cmp-a001-02-000000008336372,SHOPPING,876441,1304430,74,2477,357,band3,1.4883260824174132,17627.432432432433,adgroup
grp-a001-02-000000043610925,cmp-a001-02-000000008336372,SHOPPING,601973,952480,59,1681,357,band3,1.5822636563433907,16143.728813559323,adgroup
grp-a001-02-000000043610930,cmp-a001-02-000000008336372,SHOPPING,1461636,2356760,139,4261,357,band3,1.6124123926887406,16955.107913669064,adgroup
grp-a001-02-000000043615764,cmp-a001-02-000000008336372,SHOPPING,167656,225120,14,379,354,band3,1.342749439328148,16080.0,adgroup
grp-a001-02-000000043624035,cmp-a001-02-000000008339814,SHOPPING,226800,434290,28,468,65,band2,1.9148589065255732,15510.357142857143,adgroup
grp-a001-02-000000043624057,cmp-a001-02-000000008339814,SHOPPING,356630,640320,47,698,66,band2,1.7954743010963743,13623.829787234043,adgroup
grp-a001-02-000000043624087,cmp-a001-02-000000008339814,SHOPPING,117630,474840,32,225,65,band1,4.03672532517215,14838.75,adgroup
grp-a001-02-000000043624094,cmp-a001-02-000000008339814,SHOPPING,592490,1204520,75,1183,66,band2,2.0329794595689377,16060.266666666666,adgroup
grp-a001-02-000000044103604,cmp-a001-02-000000008425541,SHOPPING,26050,35800,2,17,5,band3,1.3742802303262955,17900.0,adgroup
grp-a001-02-000000044108257,cmp-a001-02-000000008425541,SHOPPING,2618758,5992370,370,1759,347,band1,2.2882488569008665,16195.594594594595,adgroup
grp-a001-02-000000044108615,cmp-a001-02-000000008425541,SHOPPING,1389874,3270920,198,931,352,band1,2.3533931852815435,16519.79797979798,adgroup
grp-a001-02-000000044108616,cmp-a001-02-000000008425541,SHOPPING,2413146,4635080,279,1513,354,band2,1.9207623575200174,16613.189964157707,adgroup
grp-a001-02-000000044299892,cmp-a001-02-000000008452546,SHOPPING,1487121,3304460,201,1023,356,band1,2.222051870695122,16440.099502487563,adgroup
grp-a001-02-000000044299955,cmp-a001-02-000000008452546,SHOPPING,614282,971210,60,372,357,band3,1.5810490947154565,16186.833333333334,adgroup
grp-a001-02-000000044299975,cmp-a001-02-000000008452546,SHOPPING,222309,277120,16,137,357,band3,1.2465532209672123,17320.0,adgroup
grp-a001-02-000000044300022,cmp-a001-02-000000008452546,SHOPPING,819583,2430690,154,669,357,band1,2.9657642972096787,15783.701298701299,adgroup
grp-a001-02-000000044300024,cmp-a001-02-000000008452546,SHOPPING,1355663,3586630,219,1029,357,band1,2.645664888692839,16377.305936073059,adgroup
grp-a001-02-000000044300027,cmp-a001-02-000000008452546,SHOPPING,907679,2296130,138,629,357,band1,2.529671833324336,16638.623188405796,adgroup
grp-a001-02-000000044300450,cmp-a001-02-000000008452546,SHOPPING,337705,489900,31,201,347,band3,1.4506744051761153,15803.225806451614,adgroup
grp-a001-02-000000044300513,cmp-a001-02-000000008452546,SHOPPING,256087,330810,21,143,350,band3,1.291787556572571,15752.857142857143,adgroup
grp-a001-02-000000044490481,cmp-a001-02-000000008425541,SHOPPING,4374451,9868330,482,3015,354,band1,2.2559013691089467,20473.713692946058,adgroup
grp-a001-02-000000044490484,cmp-a001-02-000000008425541,SHOPPING,3008410,5761400,329,2275,353,band2,1.9150980085826068,17511.854103343467,adgroup
grp-a001-02-000000044565865,cmp-a001-02-000000008425541,SHOPPING,25563,42600,2,18,2,band3,1.6664710714704847,21300.0,adgroup
grp-a001-02-000000044601438,cmp-a001-02-000000008492582,SHOPPING,2520924,4964570,266,1409,327,band2,1.969345367016221,18663.796992481202,adgroup
grp-a001-02-000000044601555,cmp-a001-02-000000008492582,SHOPPING,1559592,3667760,186,842,357,band1,2.3517432764466606,19719.139784946237,adgroup
grp-a001-02-000000044603941,cmp-a001-02-000000008492582,SHOPPING,691058,1244010,66,434,262,band2,1.8001528091708656,18848.636363636364,adgroup
grp-a001-02-000000044603942,cmp-a001-02-000000008492582,SHOPPING,940874,2050300,105,588,335,band1,2.179144072426276,19526.666666666668,adgroup
grp-a001-02-000000044628749,cmp-a001-02-000000008425541,SHOPPING,514875,1162660,59,404,295,band1,2.25814032532168,19706.101694915254,adgroup
grp-a001-02-000000044629990,cmp-a001-02-000000008425541,SHOPPING,1404888,2333600,138,979,186,band3,1.6610576786192208,16910.144927536232,adgroup
grp-a001-02-000000044629993,cmp-a001-02-000000008425541,SHOPPING,1128973,2531950,158,1010,186,band1,2.2427019955304512,16025.0,adgroup
grp-a001-02-000000044743916,cmp-a001-02-000000008514959,SHOPPING,274697,489230,27,211,347,band2,1.780980498512907,18119.62962962963,adgroup
grp-a001-02-000000044743917,cmp-a001-02-000000008514959,SHOPPING,154853,224960,14,126,347,band3,1.452732591554571,16068.57142857143,adgroup
grp-a001-02-000000044743918,cmp-a001-02-000000008514959,SHOPPING,374408,444200,28,272,347,band3,1.1864062733702272,15864.285714285714,adgroup
grp-a001-02-000000044743919,cmp-a001-02-000000008514959,SHOPPING,111189,236900,12,103,325,band1,2.1306064448821376,19741.666666666668,adgroup
grp-a001-02-000000044744110,cmp-a001-02-000000008514959,SHOPPING,615329,647010,38,407,347,band3,1.0514862780723808,17026.57894736842,adgroup
grp-a001-02-000000044744111,cmp-a001-02-000000008514959,SHOPPING,570392,648720,41,401,342,band3,1.1373231041108571,15822.439024390244,adgroup
grp-a001-02-000000044744526,cmp-a001-02-000000008514959,SHOPPING,368344,438920,26,284,347,band3,1.191603501075082,16881.53846153846,adgroup
grp-a001-02-000000044823468,cmp-a001-02-000000008492582,SHOPPING,2355414,5070780,266,1293,326,band1,2.1528189948773337,19063.082706766916,adgroup
grp-a001-02-000000044825994,cmp-a001-02-000000008514959,SHOPPING,297644,603720,36,248,347,band2,2.0283291448844927,16770.0,adgroup
grp-a001-02-000000044952212,cmp-a001-02-000000008551921,SHOPPING,1607,0,0,4,149,band4_unjudgeable,,17108.470588235294,campaign
grp-a001-02-000000044952305,cmp-a001-02-000000008551921,SHOPPING,18409,62010,3,30,351,band1,3.3684610788201423,20670.0,adgroup
grp-a001-02-000000045023175,cmp-a001-02-000000008425541,SHOPPING,50450,124010,7,50,141,band1,2.458077304261645,17715.714285714286,adgroup
grp-a001-02-000000045023176,cmp-a001-02-000000008425541,SHOPPING,608768,1163470,73,404,354,band2,1.9111878416736754,15937.945205479453,adgroup
grp-a001-02-000000045023177,cmp-a001-02-000000008425541,SHOPPING,1367556,2645530,159,931,354,band2,1.9344948214186475,16638.553459119496,adgroup
grp-a001-02-000000045023993,cmp-a001-02-000000008425541,SHOPPING,630014,1055400,66,413,354,band3,1.6752008685521274,15990.90909090909,adgroup
grp-a001-02-000000045025481,cmp-a001-02-000000008425541,SHOPPING,954955,1545810,93,644,354,band3,1.6187254896827599,16621.612903225807,adgroup
grp-a001-02-000000045025482,cmp-a001-02-000000008425541,SHOPPING,171125,270300,16,147,353,band3,1.5795471146822497,16893.75,adgroup
grp-a001-02-000000045025483,cmp-a001-02-000000008425541,SHOPPING,2669838,5878950,359,1772,354,band1,2.2019875363224286,16375.905292479109,adgroup
grp-a001-02-000000045087060,cmp-a001-02-000000008551921,SHOPPING,194365,522180,32,181,356,band1,2.6865948087361406,16318.125,adgroup
grp-a001-02-000000045087074,cmp-a001-02-000000008551921,SHOPPING,0,0,0,0,8,excluded_cost0,,17108.470588235294,campaign
grp-a001-02-000000045329157,cmp-a001-02-000000008551921,SHOPPING,934,0,0,5,275,band4_unjudgeable,,17108.470588235294,campaign
grp-a001-02-000000045448738,cmp-a001-02-000000008425541,SHOPPING,156817,179690,11,131,170,band3,1.145857910813241,16335.454545454546,adgroup
grp-a001-02-000000045448744,cmp-a001-02-000000008425541,SHOPPING,235399,537920,27,202,272,band1,2.2851413982217426,19922.962962962964,adgroup
grp-a001-02-000000045687119,cmp-a001-02-000000008425541,SHOPPING,170230,606460,41,170,353,band1,3.5625917875815074,14791.707317073171,adgroup
grp-a001-02-000000045811975,cmp-a001-02-000000008452546,SHOPPING,1865215,4398970,271,1353,357,band1,2.358425168144155,16232.361623616236,adgroup
grp-a001-02-000000045949118,cmp-a001-02-000000008551921,SHOPPING,320741,954040,55,243,354,band1,2.97448720307039,17346.18181818182,adgroup
grp-a001-02-000000045949120,cmp-a001-02-000000008551921,SHOPPING,0,0,0,0,1,excluded_cost0,,17108.470588235294,campaign
grp-a001-02-000000045949121,cmp-a001-02-000000008551921,SHOPPING,0,0,0,0,1,excluded_cost0,,17108.470588235294,campaign
grp-a001-02-000000046072248,cmp-a001-02-000000008723288,SHOPPING,434227,987950,45,344,357,band1,2.275192468455439,21954.444444444445,adgroup
grp-a001-02-000000046072553,cmp-a001-02-000000008723288,SHOPPING,560516,1105460,49,390,357,band2,1.972218455851394,22560.408163265307,adgroup
grp-a001-02-000000046072554,cmp-a001-02-000000008723288,SHOPPING,704835,1800600,89,484,350,band1,2.5546404477643705,20231.460674157304,adgroup
grp-a001-02-000000046074558,cmp-a001-02-000000008723288,SHOPPING,452833,927200,44,289,277,band2,2.0475539547691977,21072.727272727272,adgroup
grp-a001-02-000000046074559,cmp-a001-02-000000008723288,SHOPPING,86438,237800,11,88,301,band1,2.751104838149888,21618.18181818182,adgroup
grp-a001-02-000000046125958,cmp-a001-02-000000008740796,SHOPPING,101758,31800,2,63,343,band3,0.31250614202323157,15900.0,adgroup
grp-a001-02-000000046125983,cmp-a001-02-000000008740796,SHOPPING,164663,110500,7,100,355,band3,0.6710675743791866,15785.714285714286,adgroup
grp-a001-02-000000046126151,cmp-a001-02-000000008740796,SHOPPING,34775,26900,2,29,317,band3,0.7735442127965493,13450.0,adgroup
grp-a001-02-000000046126174,cmp-a001-02-000000008740796,SHOPPING,71074,159000,9,61,356,band1,2.237104989166221,17666.666666666668,adgroup
grp-a001-02-000000046126176,cmp-a001-02-000000008740796,SHOPPING,159345,77910,5,96,340,band3,0.4889390944177728,15582.0,adgroup
grp-a001-02-000000046126177,cmp-a001-02-000000008740796,SHOPPING,232340,174900,10,137,210,band3,0.7527761039855384,17490.0,adgroup
grp-a001-02-000000046126252,cmp-a001-02-000000008740796,SHOPPING,43541,31800,2,35,306,band3,0.7303461105624584,15900.0,adgroup
grp-a001-02-000000046126256,cmp-a001-02-000000008740796,SHOPPING,188173,143100,8,115,341,band3,0.7604704181790162,17887.5,adgroup
grp-a001-02-000000046126369,cmp-a001-02-000000008740796,SHOPPING,137613,190800,12,90,356,band3,1.3864969152623663,15900.0,adgroup
grp-a001-02-000000046126373,cmp-a001-02-000000008740796,SHOPPING,254817,559500,34,166,357,band1,2.1956933799550264,16455.882352941175,adgroup
grp-a001-02-000000046161213,cmp-a001-02-000000008551921,SHOPPING,254056,495310,31,200,357,band2,1.9496095349056901,15977.741935483871,adgroup
grp-a001-02-000000046161215,cmp-a001-02-000000008551921,SHOPPING,16135,79500,4,25,352,band1,4.927176944530523,19875.0,adgroup
grp-a001-02-000000046222149,cmp-a001-02-000000008425541,SHOPPING,24155,19200,3,42,83,band3,0.7948664872697164,6400.0,adgroup
grp-a001-02-000000046222157,cmp-a001-02-000000008425541,SHOPPING,79625,121600,19,128,133,band3,1.5271585557299843,6400.0,adgroup
grp-a001-02-000000046223421,cmp-a001-02-000000008757089,SHOPPING,1243743,2919050,179,777,369,band1,2.346988083551023,16307.541899441341,adgroup
grp-a001-02-000000046224017,cmp-a001-02-000000008757089,SHOPPING,1073270,1793420,105,675,368,band3,1.670986797357608,17080.190476190477,adgroup
grp-a001-02-000000046224018,cmp-a001-02-000000008757089,SHOPPING,1694265,4540440,266,1128,367,band1,2.6798877389310407,17069.323308270676,adgroup
grp-a001-02-000000046224076,cmp-a001-02-000000008757089,SHOPPING,987732,1956750,116,606,370,band2,1.981053565137102,16868.53448275862,adgroup
grp-a001-02-000000046224077,cmp-a001-02-000000008757089,SHOPPING,1473692,3043810,165,901,370,band1,2.065431582718777,18447.333333333332,adgroup
grp-a001-02-000000046415318,cmp-a001-02-000000008790659,SHOPPING,241633,521040,33,358,342,band1,2.1563279850020485,15789.09090909091,adgroup
grp-a001-02-000000046415341,cmp-a001-02-000000008790659,SHOPPING,152112,450160,29,222,340,band1,2.9593983380666877,15522.758620689656,adgroup
grp-a001-02-000000046437508,cmp-a001-02-000000008452546,SHOPPING,1519712,4285570,260,989,357,band1,2.8199882609336506,16482.96153846154,adgroup
grp-a001-02-000000046838302,cmp-a001-02-000000008757089,SHOPPING,1463309,4368490,256,924,368,band1,2.9853503258710226,17064.4140625,adgroup
grp-a001-02-000000046838304,cmp-a001-02-000000008757089,SHOPPING,637741,1808810,95,390,359,band1,2.8362767957525077,19040.105263157893,adgroup
grp-a001-02-000000046838305,cmp-a001-02-000000008757089,SHOPPING,324057,648130,41,217,367,band2,2.0000493740298775,15808.048780487805,adgroup
grp-a001-02-000000046842468,cmp-a001-02-000000008869872,SHOPPING,0,0,0,0,5,excluded_cost0,,15868.412698412698,campaign
grp-a001-02-000000046842692,cmp-a001-02-000000008869872,SHOPPING,0,0,0,0,3,excluded_cost0,,15868.412698412698,campaign
grp-a001-02-000000046842695,cmp-a001-02-000000008869872,SHOPPING,0,0,0,0,3,excluded_cost0,,15868.412698412698,campaign
grp-a001-02-000000046842713,cmp-a001-02-000000008869872,SHOPPING,0,0,0,0,4,excluded_cost0,,15868.412698412698,campaign
grp-a001-02-000000046842714,cmp-a001-02-000000008869872,SHOPPING,4030,0,0,3,6,band4_unjudgeable,,15868.412698412698,campaign
grp-a001-02-000000046842715,cmp-a001-02-000000008869872,SHOPPING,0,0,0,0,4,excluded_cost0,,15868.412698412698,campaign
grp-a001-02-000000046842716,cmp-a001-02-000000008869872,SHOPPING,1450,0,0,1,5,band4_unjudgeable,,15868.412698412698,campaign
grp-a001-02-000000046842729,cmp-a001-02-000000008869872,SHOPPING,2730,0,0,2,7,band4_unjudgeable,,15868.412698412698,campaign
grp-a001-02-000000046842731,cmp-a001-02-000000008869872,SHOPPING,3970,0,0,4,7,band4_unjudgeable,,15868.412698412698,campaign
grp-a001-02-000000046842732,cmp-a001-02-000000008869872,SHOPPING,2670,0,0,2,6,band4_unjudgeable,,15868.412698412698,campaign
grp-a001-02-000000046843727,cmp-a001-02-000000008869872,SHOPPING,0,0,0,0,2,excluded_cost0,,15868.412698412698,campaign
grp-a001-02-000000046843728,cmp-a001-02-000000008869872,SHOPPING,0,0,0,0,7,excluded_cost0,,15868.412698412698,campaign
grp-a001-02-000000046843730,cmp-a001-02-000000008869872,SHOPPING,3070,31800,2,5,7,band1,10.35830618892508,15900.0,adgroup
grp-a001-02-000000046843732,cmp-a001-02-000000008869872,SHOPPING,24380,15900,1,15,7,band3,0.6521739130434783,15900.0,adgroup
grp-a001-02-000000046843733,cmp-a001-02-000000008869872,SHOPPING,0,0,0,0,7,excluded_cost0,,15868.412698412698,campaign
grp-a001-02-000000046843734,cmp-a001-02-000000008869872,SHOPPING,4850,0,0,3,4,band4_unjudgeable,,15868.412698412698,campaign
grp-a001-02-000000046843735,cmp-a001-02-000000008869872,SHOPPING,26580,15900,1,17,6,band3,0.5981941309255079,15900.0,adgroup
grp-a001-02-000000046843736,cmp-a001-02-000000008869872,SHOPPING,45250,77910,5,29,9,band2,1.721767955801105,15582.0,adgroup
grp-a001-02-000000047005161,cmp-a001-02-000000008902804,SHOPPING,416611,2166620,155,979,357,band1,5.200582797861794,13978.193548387097,adgroup
grp-a001-02-000000047005364,cmp-a001-02-000000008902804,SHOPPING,5496128,11988900,679,4433,357,band1,2.1813356603048546,17656.701030927834,adgroup
grp-a001-02-000000047076131,cmp-a001-02-000000008883273,SHOPPING,174482,98820,5,102,347,band3,0.5663621462385805,19764.0,adgroup
grp-a001-02-000000047076159,cmp-a001-02-000000008883273,SHOPPING,265678,318410,17,176,357,band3,1.1984808678174332,18730.0,adgroup
grp-a001-02-000000047076722,cmp-a001-02-000000008883273,SHOPPING,516809,922850,54,327,357,band2,1.7856693672130324,17089.814814814814,adgroup
grp-a001-02-000000047076723,cmp-a001-02-000000008883273,SHOPPING,270183,318560,19,164,353,band3,1.1790527161220359,16766.315789473683,adgroup
grp-a001-02-000000047076737,cmp-a001-02-000000008883273,SHOPPING,246308,121300,6,135,347,band3,0.4924728388846485,20216.666666666668,adgroup
grp-a001-02-000000047076738,cmp-a001-02-000000008883273,SHOPPING,48542,44600,3,29,268,band3,0.9187919739606938,14866.666666666666,adgroup
grp-a001-02-000000047076745,cmp-a001-02-000000008883255,SHOPPING,1125757,2749210,158,765,361,band1,2.4420989609658212,17400.063291139242,adgroup
grp-a001-02-000000047076797,cmp-a001-02-000000008883255,SHOPPING,1472445,3639920,197,932,370,band1,2.4720244219648273,18476.751269035532,adgroup
grp-a001-02-000000047076945,cmp-a001-02-000000008883255,SHOPPING,1385463,2394350,135,826,370,band2,1.7281948345065874,17735.925925925927,adgroup
grp-a001-02-000000047076946,cmp-a001-02-000000008883255,SHOPPING,1673226,3798840,216,1130,370,band1,2.270368736799452,17587.222222222223,adgroup
grp-a001-02-000000047077161,cmp-a001-02-000000008883255,SHOPPING,1734428,4417660,247,1338,370,band1,2.54704144536412,17885.263157894737,adgroup
grp-a001-02-000000047485224,cmp-a001-02-000000008425541,SHOPPING,5847026,11785240,719,3967,354,band2,2.015595620748052,16391.15438108484,adgroup
grp-a001-02-000000047485408,cmp-a001-02-000000008425541,SHOPPING,452749,439910,22,373,186,band3,0.9716421240024826,19995.909090909092,adgroup
grp-a001-02-000000048079095,cmp-a001-02-000000008514959,SHOPPING,302522,353920,21,208,335,band3,1.1698983875552853,16853.333333333332,adgroup
grp-a001-02-000000048079128,cmp-a001-02-000000008723288,SHOPPING,25980,0,0,38,153,band4_unjudgeable,,21256.344537815126,campaign
grp-a001-02-000000049350416,cmp-a001-02-000000008883273,SHOPPING,358788,268700,15,207,357,band3,0.7489102199627635,17913.333333333332,adgroup
grp-a001-02-000000049353543,cmp-a001-02-000000008869872,SHOPPING,0,0,0,0,7,excluded_cost0,,15868.412698412698,campaign
grp-a001-02-000000049354013,cmp-a001-02-000000008883273,SHOPPING,294813,150410,9,176,347,band3,0.5101878139702116,16712.222222222223,adgroup
grp-a001-02-000000051215431,cmp-a001-02-000000008902804,SHOPPING,180,14220,1,1,32,band1,79.0,14220.0,adgroup
grp-a001-02-000000051215435,cmp-a001-02-000000008902804,SHOPPING,0,0,0,0,26,excluded_cost0,,16969.74850299401,campaign
grp-a001-02-000000052176555,cmp-a001-02-000000009575494,SHOPPING,4104520,7924220,454,3120,164,band2,1.9306082075370568,17454.229074889867,adgroup
grp-a001-02-000000052176575,cmp-a001-02-000000009575494,SHOPPING,8705950,17894020,914,6425,165,band1,2.055378218344925,19577.702407002187,adgroup
grp-a001-02-000000052193550,cmp-a001-02-000000009577882,SHOPPING,177749,226900,12,353,350,band3,1.2765191365352266,18908.333333333332,adgroup
grp-a001-02-000000052193556,cmp-a001-02-000000009577882,SHOPPING,105241,135430,7,182,323,band3,1.2868558831634058,19347.14285714286,adgroup
grp-a001-02-000000052193613,cmp-a001-02-000000009577882,SHOPPING,92332,113920,9,147,277,band3,1.233808430446649,12657.777777777777,adgroup
grp-a001-02-000000052193617,cmp-a001-02-000000009577882,SHOPPING,563002,785660,51,804,308,band3,1.3954834973943253,15405.098039215687,adgroup
grp-a001-02-000000052193624,cmp-a001-02-000000009577882,SHOPPING,459832,536740,32,681,311,band3,1.1672523878285983,16773.125,adgroup
grp-a001-02-000000052193631,cmp-a001-02-000000009577882,SHOPPING,757907,991820,69,1085,349,band3,1.308630214525001,14374.202898550724,adgroup
grp-a001-02-000000052350928,cmp-a001-02-000000008339814,SHOPPING,7920,130600,7,44,65,band1,16.48989898989899,18657.14285714286,adgroup
grp-a001-02-000000052350984,cmp-a001-02-000000008336372,SHOPPING,1267785,4273640,239,4436,357,band1,3.370950121668895,17881.33891213389,adgroup
grp-a001-02-000000052819145,cmp-a001-02-000000009577882,SHOPPING,1298273,1595220,100,2005,319,band3,1.2287246210927902,15952.2,adgroup
grp-a001-02-000000052959049,cmp-a001-02-000000009577882,SHOPPING,727237,422370,22,850,293,band3,0.5807872811751877,19198.636363636364,adgroup
grp-a001-02-000000053253939,cmp-a001-02-000000009577882,SHOPPING,53520,89400,3,84,120,band3,1.6704035874439462,29800.0,adgroup
grp-a001-02-000000053481812,cmp-a001-02-000000008869872,SHOPPING,208907,190000,12,171,329,band3,0.9094956128803726,15833.333333333334,adgroup
grp-a001-02-000000053481831,cmp-a001-02-000000008869872,SHOPPING,53293,0,0,42,303,band3,0.0,15868.412698412698,campaign
grp-a001-02-000000053481892,cmp-a001-02-000000008869872,SHOPPING,61730,15900,1,43,312,band3,0.2575733030941196,15900.0,adgroup
grp-a001-02-000000053481936,cmp-a001-02-000000008869872,SHOPPING,18950,0,0,13,80,band4_unjudgeable,,15868.412698412698,campaign
grp-a001-02-000000053481974,cmp-a001-02-000000008869872,SHOPPING,84653,48700,3,60,262,band3,0.5752897121188854,16233.333333333334,adgroup
grp-a001-02-000000053482043,cmp-a001-02-000000008869872,SHOPPING,64490,63600,4,46,320,band3,0.9861994107613583,15900.0,adgroup
grp-a001-02-000000053482102,cmp-a001-02-000000008869872,SHOPPING,106573,0,0,77,318,band3,0.0,15868.412698412698,campaign
grp-a001-02-000000053482158,cmp-a001-02-000000008869872,SHOPPING,141411,127400,8,100,303,band3,0.900920013294581,15925.0,adgroup
grp-a001-02-000000053482203,cmp-a001-02-000000008869872,SHOPPING,326533,412600,26,252,320,band3,1.2635782600839731,15869.23076923077,adgroup
grp-a001-02-000000054131225,cmp-a001-02-000000008452546,SHOPPING,1360,0,0,1,3,band4_unjudgeable,,16317.64405543399,campaign
grp-a001-02-000000054204201,cmp-a001-02-000000009577882,SHOPPING,857037,754470,33,1149,184,band3,0.8803237199794175,22862.727272727272,adgroup
grp-a001-02-000000054212607,cmp-a001-02-000000008336372,SHOPPING,895614,1247450,72,2881,316,band3,1.392843345459093,17325.694444444445,adgroup
grp-a001-02-000000054282282,cmp-a001-02-000000009577882,SHOPPING,109352,107200,4,140,309,band3,0.9803204330967884,26800.0,adgroup
grp-a001-02-000000054403336,cmp-a001-02-000000009577882,SHOPPING,210190,23800,1,297,45,band3,0.11323088634092963,23800.0,adgroup
grp-a001-02-000000054530371,cmp-a001-02-000000008425541,SHOPPING,1948527,3142760,188,1234,295,band3,1.612890147275352,16716.808510638297,adgroup
grp-a001-02-000000054536931,cmp-a001-02-000000008425541,SHOPPING,1760957,3477370,188,1205,305,band2,1.974704663430169,18496.64893617021,adgroup
grp-a001-02-000000054537415,cmp-a001-02-000000008425541,SHOPPING,1073844,1771140,99,763,299,band3,1.6493457150200588,17890.303030303032,adgroup
grp-a001-02-000000054537529,cmp-a001-02-000000008425541,SHOPPING,4554228,9528550,594,2762,301,band1,2.092242636951861,16041.329966329966,adgroup
grp-a001-02-000000054537533,cmp-a001-02-000000008425541,SHOPPING,1510724,2926540,175,930,302,band2,1.937177141555969,16723.085714285713,adgroup
grp-a001-02-000000054537767,cmp-a001-02-000000008425541,SHOPPING,1969008,4448850,218,1362,306,band1,2.2594372394627142,20407.56880733945,adgroup
grp-a001-02-000000054538147,cmp-a001-02-000000008425541,SHOPPING,2469065,5122030,316,1481,305,band1,2.0744816357609053,16208.95569620253,adgroup
grp-a001-02-000000054607977,cmp-a001-02-000000009577882,SHOPPING,65442,208690,9,142,299,band1,3.1889306561535404,23187.777777777777,adgroup
grp-a001-02-000000054608016,cmp-a001-02-000000009577882,SHOPPING,328215,94080,5,494,299,band3,0.28664137836479137,18816.0,adgroup
grp-a001-02-000000054617822,cmp-a001-02-000000009793536,SHOPPING,6268292,10924080,559,3208,122,band2,1.74275225212865,19542.182468694096,adgroup
grp-a001-02-000000054617868,cmp-a001-02-000000009793536,SHOPPING,1764560,2289030,120,1134,175,band3,1.297224237203609,19075.25,adgroup
grp-a001-02-000000055045417,cmp-a001-02-000000008425541,SHOPPING,795618,1073960,68,551,286,band3,1.3498437692460452,15793.529411764706,adgroup
grp-a001-02-000000055074537,cmp-a001-02-000000008757089,SHOPPING,881610,1532510,85,676,307,band2,1.7383083222740214,18029.529411764706,adgroup
grp-a001-02-000000055074671,cmp-a001-02-000000008551921,SHOPPING,428637,795400,45,446,294,band2,1.8556494189722306,17675.555555555555,adgroup
grp-a001-02-000000055087285,cmp-a001-02-000000008883255,SHOPPING,694968,1485850,80,542,306,band1,2.1380121099100964,18573.125,adgroup
grp-a001-02-000000055091017,cmp-a001-02-000000009793536,SHOPPING,490,0,0,1,2,band4_unjudgeable,,19459.661266568484,campaign
grp-a001-02-000000055116659,cmp-a001-02-000000008339814,SHOPPING,372172,1161070,76,1059,292,band1,3.1197134658168806,15277.236842105263,adgroup
grp-a001-02-000000055116668,cmp-a001-02-000000008339814,SHOPPING,264541,1215900,53,491,293,band1,4.5962629611288985,22941.509433962263,adgroup
grp-a001-02-000000055116672,cmp-a001-02-000000008339814,SHOPPING,132920,523920,28,287,294,band1,3.941619018958772,18711.428571428572,adgroup
grp-a001-02-000000055116677,cmp-a001-02-000000008339814,SHOPPING,378484,884190,38,1159,293,band1,2.3361357415372908,23268.157894736843,adgroup
grp-a001-02-000000055116682,cmp-a001-02-000000008339814,SHOPPING,312656,470750,24,1326,293,band3,1.50564838032854,19614.583333333332,adgroup
grp-a001-02-000000055116686,cmp-a001-02-000000008339814,SHOPPING,348639,545300,36,1092,293,band3,1.564082044751161,15147.222222222223,adgroup
grp-a001-02-000000055386434,cmp-a001-02-000000009577882,SHOPPING,30109,9700,1,100,201,band3,0.32216280846258594,9700.0,adgroup
grp-a001-02-000000056537604,cmp-a001-02-000000008425541,SHOPPING,733618,983800,59,510,257,band3,1.3410248930642379,16674.57627118644,adgroup
grp-a001-02-000000058445051,cmp-a001-02-000000008425541,SHOPPING,287680,332310,12,210,84,band3,1.1551376529477198,27692.5,adgroup
grp-a001-02-000000058709325,cmp-a001-02-000000008514959,SHOPPING,281887,229700,14,197,207,band3,0.8148655312235045,16407.14285714286,adgroup
grp-a001-02-000000058709513,cmp-a001-02-000000008425541,SHOPPING,306021,291400,17,179,214,band3,0.9522222331147209,17141.176470588234,adgroup
grp-a001-02-000000058709674,cmp-a001-02-000000008425541,SHOPPING,376564,493700,30,208,214,band3,1.3110653169182396,16456.666666666668,adgroup
grp-a001-02-000000059252905,cmp-a001-02-000000008425541,SHOPPING,219452,217400,12,139,146,band3,0.9906494358675245,18116.666666666668,adgroup
grp-a001-02-000000059808374,cmp-a001-02-000000010164719,SHOPPING,93270,47700,3,81,62,band3,0.511418462528144,15900.0,adgroup
grp-a001-02-000000059808403,cmp-a001-02-000000010164717,SHOPPING,175345,251400,15,141,195,band3,1.4337449029057001,16760.0,adgroup
grp-a001-02-000000059809116,cmp-a001-02-000000010164717,SHOPPING,137225,251220,13,96,149,band2,1.8307159774093642,19324.615384615383,adgroup
grp-a001-02-000000059810135,cmp-a001-02-000000010164717,SHOPPING,193088,318000,20,142,181,band3,1.6469174676831289,15900.0,adgroup
grp-a001-02-000000059810410,cmp-a001-02-000000010164717,SHOPPING,227796,397500,25,177,176,band2,1.7449823526313017,15900.0,adgroup
grp-a001-02-000000059811691,cmp-a001-02-000000010164717,SHOPPING,159794,367700,20,131,196,band1,2.3010876503498254,18385.0,adgroup
grp-a001-02-000000059812037,cmp-a001-02-000000010164717,SHOPPING,414512,732400,42,267,196,band2,1.7668969776508279,17438.095238095237,adgroup
grp-a001-02-000000059812606,cmp-a001-02-000000010164717,SHOPPING,572883,1617900,97,443,196,band1,2.824136865642723,16679.381443298967,adgroup
grp-a001-02-000000059817936,cmp-a001-02-000000010164717,SHOPPING,161314,353800,20,119,194,band1,2.193238032656806,17690.0,adgroup
grp-a001-02-000000059819574,cmp-a001-02-000000010164719,SHOPPING,74110,50700,3,59,62,band3,0.6841182026717042,16900.0,adgroup
grp-a001-02-000000059819577,cmp-a001-02-000000010164719,SHOPPING,35730,37800,2,33,62,band3,1.057934508816121,18900.0,adgroup
grp-a001-02-000000059819724,cmp-a001-02-000000010164717,SHOPPING,288784,207700,13,219,196,band3,0.719222671616156,15976.923076923076,adgroup
grp-a001-02-000000059819800,cmp-a001-02-000000010164717,SHOPPING,201557,143100,9,149,196,band3,0.7099728612749743,15900.0,adgroup
grp-a001-02-000000059820721,cmp-a001-02-000000010164717,SHOPPING,295703,397500,23,201,134,band3,1.3442542010057388,17282.608695652172,adgroup
grp-a001-02-000000059820722,cmp-a001-02-000000010164717,SHOPPING,89165,135100,9,72,111,band3,1.515168507822576,15011.111111111111,adgroup
grp-a001-02-000000059820848,cmp-a001-02-000000008425541,SHOPPING,284103,372600,24,202,192,band3,1.3114961827224634,15525.0,adgroup
grp-a001-02-000000059820884,cmp-a001-02-000000008425541,SHOPPING,114475,215600,14,74,175,band2,1.8833806507971174,15400.0,adgroup
grp-a001-02-000000059820913,cmp-a001-02-000000008425541,SHOPPING,910910,1359420,78,521,193,band3,1.49237575611202,17428.46153846154,adgroup
grp-a001-02-000000059820923,cmp-a001-02-000000010164717,SHOPPING,526488,1246200,73,444,176,band1,2.3670055157952317,17071.23287671233,adgroup
grp-a001-02-000000059820925,cmp-a001-02-000000010164717,SHOPPING,179444,263100,16,144,180,band3,1.466195581908562,16443.75,adgroup
grp-a001-02-000000059820931,cmp-a001-02-000000008425541,SHOPPING,395817,699600,42,249,193,band2,1.7674834582648042,16657.14285714286,adgroup
grp-a001-02-000000059820953,cmp-a001-02-000000008425541,SHOPPING,209965,562200,30,152,193,band1,2.6775891219965233,18740.0,adgroup
grp-a001-02-000000059820960,cmp-a001-02-000000008425541,SHOPPING,170149,306900,17,105,175,band2,1.8037132160635678,18052.941176470587,adgroup
grp-a001-02-000000059820987,cmp-a001-02-000000008425541,SHOPPING,180531,348600,21,100,171,band2,1.930970304269073,16600.0,adgroup
grp-a001-02-000000059820998,cmp-a001-02-000000008425541,SHOPPING,103341,232500,15,97,193,band1,2.249833076900746,15500.0,adgroup
grp-a001-02-000000059821015,cmp-a001-02-000000008425541,SHOPPING,149742,315000,20,100,191,band1,2.103618223344152,15750.0,adgroup
grp-a001-02-000000059821023,cmp-a001-02-000000008425541,SHOPPING,300200,466100,25,177,193,band3,1.5526315789473684,18644.0,adgroup
grp-a001-02-000000059821034,cmp-a001-02-000000008425541,SHOPPING,240462,257300,16,138,193,band3,1.0700235380226397,16081.25,adgroup
grp-a001-02-000000059821054,cmp-a001-02-000000008425541,SHOPPING,253411,254400,15,153,193,band3,1.0039027508671683,16960.0,adgroup
grp-a001-02-000000059821088,cmp-a001-02-000000008425541,SHOPPING,837238,2103400,115,754,192,band1,2.512308328097865,18290.434782608696,adgroup
grp-a001-02-000000059821217,cmp-a001-02-000000008425541,SHOPPING,426168,560500,29,310,193,band3,1.31520902554861,19327.58620689655,adgroup
grp-a001-02-000000059821232,cmp-a001-02-000000008425541,SHOPPING,120644,71200,4,86,157,band3,0.5901661085507774,17800.0,adgroup
grp-a001-02-000000059821852,cmp-a001-02-000000008425541,SHOPPING,276408,421800,21,233,193,band3,1.5260050360336894,20085.714285714286,adgroup
grp-a001-02-000000059821874,cmp-a001-02-000000008425541,SHOPPING,85829,76000,4,65,193,band3,0.8854815971291754,19000.0,adgroup
grp-a001-02-000000059821962,cmp-a001-02-000000008425541,SHOPPING,1643523,3504200,166,1027,187,band1,2.1321271439462666,21109.63855421687,adgroup
grp-a001-02-000000059822073,cmp-a001-02-000000010164717,SHOPPING,432742,732200,44,321,180,band3,1.6920012386133076,16640.909090909092,adgroup
grp-a001-02-000000059822154,cmp-a001-02-000000010164717,SHOPPING,276857,477000,29,203,184,band2,1.7229111057332847,16448.275862068964,adgroup
grp-a001-02-000000059822246,cmp-a001-02-000000010164717,SHOPPING,67827,58700,4,49,192,band3,0.8654370678343433,14675.0,adgroup
grp-a001-02-000000059822251,cmp-a001-02-000000010164717,SHOPPING,346442,731400,45,250,196,band1,2.111175896686891,16253.333333333334,adgroup
grp-a001-02-000000059822273,cmp-a001-02-000000010164717,SHOPPING,55039,31800,2,41,191,band3,0.5777721252202983,15900.0,adgroup
grp-a001-02-000000059822914,cmp-a001-02-000000008425541,SHOPPING,408543,590600,34,227,193,band3,1.4456250627228957,17370.58823529412,adgroup
grp-a001-02-000000059823013,cmp-a001-02-000000010164717,SHOPPING,232754,477000,28,170,196,band2,2.049374017202712,17035.714285714286,adgroup
grp-a001-02-000000059824059,cmp-a001-02-000000010164717,SHOPPING,759301,1657600,97,541,196,band1,2.1830604727242555,17088.659793814433,adgroup
grp-a001-02-000000059826000,cmp-a001-02-000000010164719,SHOPPING,0,0,0,0,6,excluded_cost0,,17025.0,campaign
grp-a001-02-000000059826423,cmp-a001-02-000000008425541,SHOPPING,4069,0,0,6,154,band4_unjudgeable,,17176.831642445846,campaign
grp-a001-02-000000059826577,cmp-a001-02-000000010166367,SHOPPING,3788,0,0,5,155,band4_unjudgeable,,15900.0,campaign
grp-a001-02-000000059826628,cmp-a001-02-000000008425541,SHOPPING,35966,44700,3,42,193,band3,1.242840460434855,14900.0,adgroup
grp-a001-02-000000059827137,cmp-a001-02-000000010166367,SHOPPING,2980,0,0,4,156,band4_unjudgeable,,15900.0,campaign
grp-a001-02-000000059827296,cmp-a001-02-000000010166367,SHOPPING,4356,15900,1,6,161,band1,3.650137741046832,15900.0,adgroup
grp-a001-02-000000059827297,cmp-a001-02-000000010166367,SHOPPING,5053,15900,1,6,139,band1,3.146645557094795,15900.0,adgroup
grp-a001-02-000000059827298,cmp-a001-02-000000010166367,SHOPPING,2630,0,0,3,171,band4_unjudgeable,,15900.0,campaign
grp-a001-02-000000059828242,cmp-a001-02-000000010166367,SHOPPING,17846,47700,3,24,195,band1,2.6728678695505996,15900.0,adgroup
grp-a001-02-000000059828246,cmp-a001-02-000000010166367,SHOPPING,4710,0,0,5,139,band4_unjudgeable,,15900.0,campaign
grp-a001-02-000000059828464,cmp-a001-02-000000010166367,SHOPPING,17577,31800,2,20,187,band2,1.8091824543437447,15900.0,adgroup
grp-a001-02-000000059828469,cmp-a001-02-000000010166367,SHOPPING,5600,0,0,8,179,band4_unjudgeable,,15900.0,campaign
grp-a001-02-000000059828556,cmp-a001-02-000000010166367,SHOPPING,4020,0,0,6,159,band4_unjudgeable,,15900.0,campaign
grp-a001-02-000000059829132,cmp-a001-02-000000010166367,SHOPPING,18482,31800,2,23,191,band2,1.7205930094145656,15900.0,adgroup
grp-a001-02-000000059829228,cmp-a001-02-000000010166367,SHOPPING,8690,15900,1,9,167,band2,1.8296892980437285,15900.0,adgroup
grp-a001-02-000000059829872,cmp-a001-02-000000010166367,SHOPPING,1000,0,0,1,179,band4_unjudgeable,,15900.0,campaign
grp-a001-02-000000059829962,cmp-a001-02-000000010166367,SHOPPING,22568,63600,4,28,195,band1,2.8181495923431408,15900.0,adgroup
grp-a001-02-000000059830517,cmp-a001-02-000000008492582,SHOPPING,477681,853220,42,257,196,band2,1.7861711058216676,20314.761904761905,adgroup
grp-a001-02-000000059830521,cmp-a001-02-000000008492582,SHOPPING,160717,435600,22,92,176,band1,2.710354225128642,19800.0,adgroup
grp-a001-02-000000059830530,cmp-a001-02-000000008492582,SHOPPING,208023,330200,18,103,183,band3,1.587324478543238,18344.444444444445,adgroup
grp-a001-02-000000059830538,cmp-a001-02-000000008492582,SHOPPING,226576,250600,13,110,124,band3,1.106030647553139,19276.923076923078,adgroup
grp-a001-02-000000059830547,cmp-a001-02-000000008492582,SHOPPING,79613,91500,5,40,149,band3,1.1493097860902115,18300.0,adgroup
grp-a001-02-000000059830552,cmp-a001-02-000000008492582,SHOPPING,84285,215700,11,50,194,band1,2.559174230290087,19609.090909090908,adgroup
grp-a001-02-000000059830874,cmp-a001-02-000000008425541,SHOPPING,2918493,6068000,324,2572,193,band1,2.0791552352532627,18728.395061728395,adgroup
grp-a001-02-000000059830952,cmp-a001-02-000000008425541,SHOPPING,1885183,3752690,270,1732,193,band2,1.990623721941053,13898.851851851852,adgroup
grp-a001-02-000000059832147,cmp-a001-02-000000010164717,SHOPPING,667273,1256200,76,649,195,band2,1.8825877864082616,16528.947368421053,adgroup
grp-a001-02-000000059832150,cmp-a001-02-000000010164717,SHOPPING,103771,103600,7,132,192,band3,0.9983521407715065,14800.0,adgroup
grp-a001-02-000000059832206,cmp-a001-02-000000008492582,SHOPPING,119599,115400,4,72,193,band3,0.9648910107944046,28850.0,adgroup
grp-a001-02-000000059832280,cmp-a001-02-000000008492582,SHOPPING,177828,125300,7,102,99,band3,0.7046134467013069,17900.0,adgroup
grp-a001-02-000000059832332,cmp-a001-02-000000008492582,SHOPPING,292052,423600,23,174,194,band3,1.4504266363524303,18417.391304347828,adgroup
grp-a001-02-000000059832344,cmp-a001-02-000000008492582,SHOPPING,169292,172000,9,105,195,band3,1.0159960305271365,19111.11111111111,adgroup
grp-a001-02-000000059832490,cmp-a001-02-000000008492582,SHOPPING,293960,656110,33,160,190,band1,2.2319703361001495,19882.121212121212,adgroup
grp-a001-02-000000059832492,cmp-a001-02-000000008492582,SHOPPING,189598,242700,13,118,176,band3,1.280076794059009,18669.23076923077,adgroup
grp-a001-02-000000059879629,cmp-a001-02-000000008492582,SHOPPING,266700,475610,27,133,154,band2,1.7833145856767905,17615.185185185186,adgroup
grp-a001-02-000000059879675,cmp-a001-02-000000008492582,SHOPPING,123148,144200,8,84,183,band3,1.1709487770812357,18025.0,adgroup
grp-a001-02-000000059879687,cmp-a001-02-000000008492582,SHOPPING,290731,481200,28,171,178,band3,1.6551382549504525,17185.714285714286,adgroup
grp-a001-02-000000059880038,cmp-a001-02-000000008492582,SHOPPING,93798,164100,9,59,192,band2,1.749504253822043,18233.333333333332,adgroup
grp-a001-02-000000061581230,cmp-a001-02-000000010283398,SHOPPING,50920,50700,3,52,54,band3,0.9956794972505891,16900.0,adgroup
grp-a001-02-000000061581250,cmp-a001-02-000000010283398,SHOPPING,142128,154100,8,127,72,band3,1.0842339299786108,19262.5,adgroup
grp-a001-02-000000061581254,cmp-a001-02-000000010283398,SHOPPING,146952,166200,8,139,71,band3,1.130981544994284,20775.0,adgroup
grp-a001-02-000000061581256,cmp-a001-02-000000010283398,SHOPPING,0,0,0,0,3,excluded_cost0,,17967.30769230769,campaign
grp-a001-02-000000061581260,cmp-a001-02-000000010283398,SHOPPING,0,0,0,0,3,excluded_cost0,,17967.30769230769,campaign
grp-a001-02-000000061581263,cmp-a001-02-000000010283398,SHOPPING,0,0,0,0,3,excluded_cost0,,17967.30769230769,campaign
grp-a001-02-000000061581264,cmp-a001-02-000000010283398,SHOPPING,72981,33800,2,69,62,band3,0.46313424041873913,16900.0,adgroup
grp-a001-02-000000061581269,cmp-a001-02-000000010283398,SHOPPING,329560,45300,2,299,34,band3,0.13745600194198326,22650.0,adgroup
grp-a001-02-000000061581308,cmp-a001-02-000000010283398,SHOPPING,47408,0,0,57,62,band3,0.0,17967.30769230769,campaign
grp-a001-02-000000061693679,cmp-a001-02-000000010291904,SHOPPING,26615,33800,2,25,65,band3,1.2699605485628405,16900.0,adgroup
grp-a001-02-000000061693682,cmp-a001-02-000000010291904,SHOPPING,26740,0,0,24,67,band4_unjudgeable,,18155.81395348837,campaign
grp-a001-02-000000061693688,cmp-a001-02-000000010291904,SHOPPING,40350,0,0,36,37,band3,0.0,18155.81395348837,campaign
grp-a001-02-000000061693693,cmp-a001-02-000000010291904,SHOPPING,12853,0,0,12,67,band4_unjudgeable,,18155.81395348837,campaign
grp-a001-02-000000061693695,cmp-a001-02-000000010291904,SHOPPING,33960,0,0,29,41,band3,0.0,18155.81395348837,campaign
grp-a001-02-000000061693698,cmp-a001-02-000000010291904,SHOPPING,40457,0,0,42,67,band3,0.0,18155.81395348837,campaign
grp-a001-02-000000061693700,cmp-a001-02-000000010291904,SHOPPING,26890,0,0,24,67,band4_unjudgeable,,18155.81395348837,campaign
grp-a001-02-000000061693708,cmp-a001-02-000000010291904,SHOPPING,18930,0,0,16,55,band4_unjudgeable,,18155.81395348837,campaign
grp-a001-02-000000061693716,cmp-a001-02-000000010291904,SHOPPING,65000,84500,5,56,64,band3,1.3,16900.0,adgroup
grp-a001-02-000000061693720,cmp-a001-02-000000010291904,SHOPPING,40868,16900,1,43,67,band3,0.41352647548203975,16900.0,adgroup
grp-a001-02-000000061693722,cmp-a001-02-000000010291904,SHOPPING,43855,16900,1,47,67,band3,0.3853608482499145,16900.0,adgroup
grp-a001-02-000000061693725,cmp-a001-02-000000010291904,SHOPPING,27716,0,0,26,66,band4_unjudgeable,,18155.81395348837,campaign
grp-a001-02-000000061693728,cmp-a001-02-000000010291904,SHOPPING,22140,0,0,20,63,band4_unjudgeable,,18155.81395348837,campaign
grp-a001-02-000000061693731,cmp-a001-02-000000010291904,SHOPPING,26682,33800,1,26,66,band3,1.2667716063263623,33800.0,adgroup
grp-a001-02-000000061693735,cmp-a001-02-000000010291904,SHOPPING,19960,33800,2,17,65,band3,1.6933867735470942,16900.0,adgroup
grp-a001-02-000000061693737,cmp-a001-02-000000010291904,SHOPPING,26050,33800,1,22,40,band3,1.2975047984644914,33800.0,adgroup
grp-a001-02-000000061693757,cmp-a001-02-000000010291904,SHOPPING,42384,50700,2,37,68,band3,1.1962061155152888,25350.0,adgroup
grp-a001-02-000000061693760,cmp-a001-02-000000010291904,SHOPPING,28220,0,0,27,68,band4_unjudgeable,,18155.81395348837,campaign
grp-a001-02-000000061693771,cmp-a001-02-000000010291904,SHOPPING,15686,0,0,15,61,band4_unjudgeable,,18155.81395348837,campaign
grp-a001-02-000000061693781,cmp-a001-02-000000010291904,SHOPPING,48550,65600,3,51,68,band3,1.3511843460350155,21866.666666666668,adgroup
grp-a001-02-000000061793266,cmp-a001-02-000000010283398,SHOPPING,15380,12900,1,13,2,band3,0.8387516254876463,12900.0,adgroup
grp-a001-02-000000061793288,cmp-a001-02-000000010283398,SHOPPING,8380,12900,1,7,2,band3,1.5393794749403342,12900.0,adgroup
grp-a001-02-000000061793303,cmp-a001-02-000000010283398,SHOPPING,13990,0,0,12,2,band4_unjudgeable,,17967.30769230769,campaign
grp-a001-02-000000061793320,cmp-a001-02-000000010283398,SHOPPING,33540,38700,2,29,49,band3,1.1538461538461537,19350.0,adgroup
grp-a001-02-000000061793328,cmp-a001-02-000000010283398,SHOPPING,50660,93300,4,45,25,band2,1.8416896960126332,23325.0,adgroup
grp-a001-02-000000061793341,cmp-a001-02-000000010283398,SHOPPING,50951,68500,5,46,65,band3,1.3444289611587603,13700.0,adgroup
grp-a001-02-000000061793346,cmp-a001-02-000000010283398,SHOPPING,22527,12900,1,21,64,band3,0.5726461579438008,12900.0,adgroup
grp-a001-02-000000061793358,cmp-a001-02-000000010283398,SHOPPING,23070,25800,2,22,53,band3,1.1183355006501952,12900.0,adgroup
grp-a001-02-000000061793364,cmp-a001-02-000000010283398,SHOPPING,30730,38700,3,27,49,band3,1.2593556784900748,12900.0,adgroup
grp-a001-02-000000061793373,cmp-a001-02-000000010283398,SHOPPING,60164,31800,2,58,62,band3,0.5285552822285752,15900.0,adgroup
grp-a001-02-000000061793386,cmp-a001-02-000000010283398,SHOPPING,54581,12900,1,52,62,band3,0.23634598120224987,12900.0,adgroup
grp-a001-02-000000061793395,cmp-a001-02-000000010283398,SHOPPING,57867,12900,1,57,65,band3,0.22292498315101872,12900.0,adgroup
grp-a001-02-000000061793407,cmp-a001-02-000000010283398,SHOPPING,67016,0,0,63,67,band3,0.0,17967.30769230769,campaign
grp-a001-02-000000061793411,cmp-a001-02-000000010283398,SHOPPING,40010,0,0,48,55,band3,0.0,17967.30769230769,campaign
grp-a001-02-000000061793423,cmp-a001-02-000000010283398,SHOPPING,97028,106000,5,113,62,band3,1.0924681535226946,21200.0,adgroup
grp-a001-02-000000061793448,cmp-a001-02-000000010283398,SHOPPING,15400,0,0,13,2,band4_unjudgeable,,17967.30769230769,campaign
grp-a001-02-000000061793457,cmp-a001-02-000000010283398,SHOPPING,9960,0,0,10,2,band4_unjudgeable,,17967.30769230769,campaign
grp-a001-02-000000061793470,cmp-a001-02-000000010283398,SHOPPING,6000,0,0,5,2,band4_unjudgeable,,17967.30769230769,campaign
grp-a001-02-000000061793476,cmp-a001-02-000000010283398,SHOPPING,6550,0,0,6,2,band4_unjudgeable,,17967.30769230769,campaign
grp-a001-02-000000061793489,cmp-a001-02-000000010283398,SHOPPING,21620,16900,1,19,2,band3,0.7816836262719704,16900.0,adgroup
grp-a001-02-000000061793496,cmp-a001-02-000000010283398,SHOPPING,8804,0,0,11,56,band4_unjudgeable,,17967.30769230769,campaign
grp-a001-02-000000061793511,cmp-a001-02-000000010283398,SHOPPING,8060,0,0,7,2,band4_unjudgeable,,17967.30769230769,campaign
grp-a001-02-000000061793521,cmp-a001-02-000000010283398,SHOPPING,28034,0,0,26,58,band4_unjudgeable,,17967.30769230769,campaign
grp-a001-02-000000061794086,cmp-a001-02-000000010291904,SHOPPING,3600,0,0,3,2,band4_unjudgeable,,18155.81395348837,campaign
grp-a001-02-000000061794093,cmp-a001-02-000000010291904,SHOPPING,6000,0,0,5,2,band4_unjudgeable,,18155.81395348837,campaign
grp-a001-02-000000061794099,cmp-a001-02-000000010291904,SHOPPING,0,0,0,0,2,excluded_cost0,,18155.81395348837,campaign
grp-a001-02-000000061794111,cmp-a001-02-000000010291904,SHOPPING,4800,0,0,4,2,band4_unjudgeable,,18155.81395348837,campaign
grp-a001-02-000000061794117,cmp-a001-02-000000010291904,SHOPPING,27014,38700,2,27,67,band3,1.4325905086251574,19350.0,adgroup
grp-a001-02-000000061794129,cmp-a001-02-000000010291904,SHOPPING,34391,38700,3,31,42,band3,1.1252944084208079,12900.0,adgroup
grp-a001-02-000000061794137,cmp-a001-02-000000010291904,SHOPPING,27657,38700,2,25,67,band3,1.3992840872111942,19350.0,adgroup
grp-a001-02-000000061794145,cmp-a001-02-000000010291904,SHOPPING,28910,12900,1,27,61,band3,0.4462123832583881,12900.0,adgroup
grp-a001-02-000000061794152,cmp-a001-02-000000010291904,SHOPPING,20750,29800,1,18,47,band3,1.436144578313253,29800.0,adgroup
grp-a001-02-000000061794155,cmp-a001-02-000000010291904,SHOPPING,16947,0,0,16,67,band4_unjudgeable,,18155.81395348837,campaign
grp-a001-02-000000061794157,cmp-a001-02-000000010291904,SHOPPING,44850,12900,1,50,67,band3,0.28762541806020064,12900.0,adgroup
grp-a001-02-000000061794159,cmp-a001-02-000000010291904,SHOPPING,34150,24800,1,29,65,band3,0.726207906295754,24800.0,adgroup
grp-a001-02-000000061794162,cmp-a001-02-000000010291904,SHOPPING,30611,40800,2,41,48,band3,1.332854202737578,20400.0,adgroup
grp-a001-02-000000061794163,cmp-a001-02-000000010291904,SHOPPING,24071,12900,1,21,64,band3,0.5359145860163682,12900.0,adgroup
grp-a001-02-000000061794165,cmp-a001-02-000000010291904,SHOPPING,29070,12900,1,50,65,band3,0.4437564499484004,12900.0,adgroup
grp-a001-02-000000061794167,cmp-a001-02-000000010291904,SHOPPING,31255,0,0,72,67,band4_unjudgeable,,18155.81395348837,campaign
grp-a001-02-000000061794170,cmp-a001-02-000000010291904,SHOPPING,32790,38700,3,28,67,band3,1.1802378774016469,12900.0,adgroup
grp-a001-02-000000061794172,cmp-a001-02-000000010291904,SHOPPING,11370,0,0,11,67,band4_unjudgeable,,18155.81395348837,campaign
grp-a001-02-000000061794176,cmp-a001-02-000000010291904,SHOPPING,30038,12900,1,26,66,band3,0.4294560223716626,12900.0,adgroup
grp-a001-02-000000061794179,cmp-a001-02-000000010291904,SHOPPING,21290,25800,2,20,65,band3,1.2118365429779239,12900.0,adgroup
grp-a001-02-000000061794180,cmp-a001-02-000000010291904,SHOPPING,57459,57500,3,52,41,band3,1.000713552272055,19166.666666666668,adgroup
grp-a001-02-000000061794181,cmp-a001-02-000000010291904,SHOPPING,24492,0,0,21,67,band4_unjudgeable,,18155.81395348837,campaign
grp-a001-02-000000061794184,cmp-a001-02-000000010291904,SHOPPING,35369,12900,1,35,67,band3,0.36472617263705503,12900.0,adgroup
grp-a001-02-000000061794187,cmp-a001-02-000000010291904,SHOPPING,33330,0,0,30,67,band3,0.0,18155.81395348837,campaign
grp-a001-02-000000061878144,cmp-a001-02-000000008336372,SHOPPING,151584,153900,10,516,151,band3,1.0152786573780874,15390.0,adgroup
grp-a001-02-000000062947038,cmp-a001-02-000000008425541,SHOPPING,510681,701500,41,305,135,band3,1.373655961353565,17109.756097560974,adgroup
grp-a001-02-000000062947040,cmp-a001-02-000000008425541,SHOPPING,1251875,1724810,103,766,146,band3,1.377781328007988,16745.728155339806,adgroup
grp-a001-02-000000062947041,cmp-a001-02-000000008425541,SHOPPING,734847,973300,53,426,136,band3,1.3244933979454228,18364.150943396227,adgroup
grp-a001-02-000000063093385,cmp-a001-02-000000010344452,SHOPPING,0,0,0,0,10,excluded_cost0,,17511.414848583525,campaign_type
grp-a001-02-000000063093697,cmp-a001-02-000000010344452,SHOPPING,3477,0,0,8,16,band4_unjudgeable,,17511.414848583525,campaign_type
grp-a001-02-000000063093828,cmp-a001-02-000000010344452,SHOPPING,739,0,0,1,16,band4_unjudgeable,,17511.414848583525,campaign_type
grp-a001-02-000000063095763,cmp-a001-02-000000010344452,SHOPPING,0,0,0,0,3,excluded_cost0,,17511.414848583525,campaign_type
grp-a001-02-000000063096531,cmp-a001-02-000000010344692,SHOPPING,1291,45700,3,11,103,band1,35.39891556932611,15233.333333333334,adgroup
grp-a001-02-000000065140028,cmp-a001-02-000000008514959,SHOPPING,198994,318000,20,135,102,band3,1.5980381318029688,15900.0,adgroup
grp-a001-02-000000069087677,cmp-a001-02-000000010769985,SHOPPING,58111,0,0,78,21,band3,0.0,21728.571428571428,campaign
grp-a001-02-000000069089452,cmp-a001-02-000000010769985,SHOPPING,100708,16900,1,129,22,band3,0.1678118918060134,16900.0,adgroup
grp-a001-02-000000069089465,cmp-a001-02-000000010769985,SHOPPING,24661,0,0,31,22,band4_unjudgeable,,21728.571428571428,campaign
grp-a001-02-000000069089475,cmp-a001-02-000000010769985,SHOPPING,58424,67600,3,87,22,band3,1.157058742982336,22533.333333333332,adgroup
grp-a001-02-000000070108611,cmp-a001-02-000000010769985,SHOPPING,55087,0,0,46,7,band3,0.0,21728.571428571428,campaign
grp-a001-02-000000070109616,cmp-a001-02-000000010769985,SHOPPING,295745,67600,3,310,8,band3,0.22857529290436018,22533.333333333332,adgroup
grp-a001-02-000000070109620,cmp-a001-02-000000010769985,SHOPPING,6441,0,0,15,5,band4_unjudgeable,,21728.571428571428,campaign
grp-a001-02-000000070451363,cmp-a001-02-000000008425541,SHOPPING,481575,675000,38,388,21,band3,1.4016508332035509,17763.157894736843,adgroup
grp-a001-02-000000070523564,cmp-a001-02-000000008425541,SHOPPING,1971616,2499080,144,1682,20,band3,1.2675287682794216,17354.722222222223,adgroup
grp-a001-02-000000070523694,cmp-a001-02-000000008425541,SHOPPING,260333,312800,20,162,20,band3,1.201538030138323,15640.0,adgroup
grp-a001-02-000000070833125,cmp-a001-02-000000010907625,SHOPPING,5478,0,0,7,3,band4_unjudgeable,,14550.0,campaign
grp-a001-02-000000070833126,cmp-a001-02-000000010907625,SHOPPING,16590,0,0,17,3,band4_unjudgeable,,14550.0,campaign
grp-a001-02-000000070833127,cmp-a001-02-000000010907625,SHOPPING,50810,58200,4,49,4,band3,1.1454438102735682,14550.0,adgroup
grp-a001-02-000000070991863,cmp-a001-02-000000010164717,SHOPPING,690503,1108740,64,610,11,band3,1.605699033892684,17324.0625,adgroup
grp-a001-02-000000070992078,cmp-a001-02-000000010164717,SHOPPING,51094,163800,9,79,11,band1,3.2058558734880807,18200.0,adgroup
grp-a001-02-000000070992116,cmp-a001-02-000000010164717,SHOPPING,72429,104400,8,76,11,band3,1.4414115892805368,13050.0,adgroup
