adgroup_id,adgroup_name,campaign_name,campaign_type,model,cost,conv_amt,total_ad_profit,residual_v1,residual_v2,baseline_v1_daily,baseline_v2_used_fallback,n_days,n_baseline_days,band_total,band_baseline_only,baseline_unavailable,excess_F2,excess_F1b,excess_F1a,excess_연휴,excess_공휴일,excess_휴가창,excess_주말,excess_F3
grp-a001-02-000000054617868,02. 사생활,● 00. 아이폰_17,SHOPPING,아이폰17(추정 매핑),1764560,2289030,-426728.32,-3672930.09,-3819847.3,-20988.172,True,175,9,band3,band3,False,296827.38,0.0,0.0,62964.52,83952.69,104940.86,844856.7,1852659.63
grp-a001-01-000000067675781,맥세이프카드지갑(이지),○ 기타 파워링크,WEB_SITE,,811579,281600,-646996.88,-806693.9,-602238.43,-10614.3934,False,76,37,band3,band3,False,0.0,0.0,0.0,0.0,19717.0,158925.26,-18945.24,0.0
grp-a001-01-000000054618773,17 아이폰_맥세이프케이스,○ 02. 파워링크_PC,WEB_SITE,아이폰17(추정 매핑),84703,63510,-47584.36,-597460.0,-606827.33,-4267.5714,True,140,7,band3,band4_unjudgeable,False,102952.0,0.0,0.0,0.0,7925.14,0.0,161820.93,277177.57
grp-a001-02-000000054608016,00. 아이폰_17 맥세이프,● 12. 케이스/지갑/방수팩/셀카봉/충전기/스트랩,SHOPPING,아이폰17(추정 매핑),328215,94080,-273229.61,-556774.99,-838200.11,-1874.6633,True,297,80,band3,band3,False,-50101.93,0.0,0.0,6648.65,16011.97,38600.93,125581.41,146804.36
grp-a001-02-000000052959049,07. 맥세이프카드지갑,● 12. 케이스/지갑/방수팩/셀카봉/충전기/스트랩,SHOPPING,,727237,422370,-480381.36,-459413.79,-433273.76,-1578.7416,True,291,186,band3,band3,False,0.0,0.0,0.0,7893.71,-34028.32,16707.64,-11540.59,0.0
grp-a001-02-000000054204201,09. 셀카봉,● 12. 케이스/지갑/방수팩/셀카봉/충전기/스트랩,SHOPPING,,856987,754470,-416034.34,-316708.54,-312885.18,-1740.1568,False,182,124,band3,band3,False,0.0,0.0,0.0,3080.78,-6885.75,0.0,-95520.84,0.0
grp-a001-02-000000070109616,맥세이프_MO,● [P_삭제금지]맥세이프카드케이스_쇼검,SHOPPING,,295745,67600,-256235.94,-315433.47,-315433.47,-39429.1838,True,8,4,band3,band3,False,0.0,0.0,0.0,0.0,17162.71,38055.18,3979.63,0.0
grp-a001-02-000000054530371,S25울트라,● 01. 갤럭시_지문방지_TPU,SHOPPING,갤럭시 S25 (+/울트라/FE),1948527,3142760,-111729.81,-312260.23,-343970.87,-1062.1096,False,294,186,band3,band3,False,0.0,0.0,0.0,11713.2,29545.34,2773.61,156498.27,0.0
grp-a001-01-000000060823768,셀카봉,○ 기타 파워링크,WEB_SITE,,426199,268800,-269097.89,-286234.38,-262405.89,-2120.2546,False,135,75,band3,band3,False,0.0,0.0,0.0,-2918.98,-4488.47,25998.35,-1454.41,0.0
grp-a001-02-000000061793423,S26울트라_일,소다케이스_갤럭시,SHOPPING,갤럭시 S26 (+/울트라),97028,106000,-35075.93,-284333.33,-284333.33,-4738.8889,True,60,9,band3,band3,False,18955.56,39445.93,1397.78,2047.78,4086.89,0.0,52321.67,131001.81
grp-a001-02-000000061581269,S26울트라_맥,소다케이스_갤럭시,SHOPPING,갤럭시 S26 (+/울트라),329100,28400,-312501.52,-275220.0,-275220.0,-8340.0,True,33,6,band3,band3,False,16680.0,-22681.52,-47270.0,0.0,0.0,0.0,-92430.0,108420.0
grp-a001-01-000000037423348,00. 사생활보호필름,○ 02. 파워링크_MO,WEB_SITE,,477740,419020,-232842.28,-271623.34,-246090.01,-1414.7049,False,192,112,band3,band3,False,0.0,0.0,0.0,3503.52,-5994.3,32221.27,9050.56,0.0
grp-a001-02-000000061793407,S26_일,소다케이스_갤럭시,SHOPPING,갤럭시 S26 (+/울트라),67016,0,-67016.0,-247144.44,-247144.44,-3802.2222,True,65,9,band3,band3,False,32577.0,-8533.33,3234.44,6854.44,3802.22,0.0,42973.67,99220.0
grp-a001-02-000000049350416,01. 아이패드프로3~6세대11인치,● 07. 아이패드_블루라이트,SHOPPING,"아이패드 프로 6세대(11/12.9인치, M2)|아이패드 프로 3~5세대(11/12.9인치)",358788,268700,-201745.33,-232019.85,-248718.01,-653.5771,False,355,206,band3,band3,False,0.0,0.0,0.0,2999.46,712.92,38468.5,-11906.36,0.0
grp-a001-02-000000044744110,09. 아이폰X 시리즈,● [P_삭제금지]04. 아이폰_지문방지,SHOPPING,,613739,647010,-235591.72,-229853.74,-202378.1,-666.2427,False,345,206,band3,band3,False,0.0,0.0,0.0,-263.82,4296.54,14677.93,-24448.63,0.0
grp-a001-01-000000054666555,00. 아이폰17_사생활,○ 02. 파워링크_MO,WEB_SITE,아이폰17(추정 매핑),409970,1113290,240696.28,-218693.33,-223098.67,-1573.3333,True,139,6,band1,band4_unjudgeable,False,119971.4,0.0,0.0,0.0,11587.29,0.0,80557.75,247273.17
grp-a001-02-000000061793411,S26플러스_일,소다케이스_갤럭시,SHOPPING,갤럭시 S26 (+/울트라),39230,0,-39230.0,-208054.44,-208054.44,-3925.5556,True,53,9,band3,band3,False,23553.33,10596.67,7051.11,5931.11,3925.56,0.0,35330.0,82436.67
grp-a001-02-000000049354013,"01. 아이패드에어6,7세대 13인치",● 07. 아이패드_블루라이트,SHOPPING,"아이패드 에어 6세대(11/13인치, M2)|아이패드 에어 7세대(11/13인치, M3)",294813,150410,-206905.34,-201003.06,-205328.6,-580.9337,False,346,202,band3,band3,False,0.0,0.0,0.0,9925.67,-3589.73,12358.02,-24596.24,0.0
grp-a001-02-000000052176575,폴드7,● 99. 갤럭시_Z플립/폴드 7,SHOPPING,갤럭시 Z 폴드7,8705950,17894020,1752273.26,-198440.0,-198440.0,-1210.0,True,164,1,band1,band4_unjudgeable,False,361559.81,951590.27,0.0,-22040.27,2980.73,0.0,119541.63,537081.09
grp-a001-02-000000046224017,01. 갤럭시탭S8_지문방지,● 06. 갤럭시탭_지문방지,SHOPPING,갤럭시탭 S8 울트라,1071580,1793420,-23409.34,-180966.16,-50005.36,-511.2038,False,354,205,band3,band3,False,0.0,0.0,0.0,-3314.64,23545.41,82624.31,54701.74,0.0
grp-a001-01-000000055142639,01. 갤럭시탭_S11,○ 02. 파워링크_MO,WEB_SITE,갤럭시탭 S11 (+울트라),185665,679200,211295.84,-174625.0,-174625.0,-1375.0,True,127,1,band1,band4_unjudgeable,False,77563.91,0.0,0.0,0.0,-610.0,0.0,51401.87,257565.06
grp-a001-02-000000047485408,01. S25_강화유리✔,● 01. 갤럭시_지문방지_TPU,SHOPPING,갤럭시 S25 (+/울트라/FE),452749,439910,-195642.05,-172932.33,-174186.97,-929.7437,True,186,109,band3,band3,False,0.0,0.0,0.0,-7021.28,-5111.03,9503.85,-20081.25,0.0
grp-a001-02-000000047076737,01. 아이패드프로7세대11/13인치,● 07. 아이패드_블루라이트,SHOPPING,"아이패드 프로 7세대(11/13인치, M4)",246308,121300,-175413.79,-168884.24,-161577.48,-488.1047,False,346,201,band3,band3,False,0.0,0.0,0.0,1442.94,-5332.74,4890.5,-7530.25,0.0
grp-a001-01-000000054671419,00. 아이폰17_사생활,○ 02. 파워링크_PC,WEB_SITE,아이폰17(추정 매핑),95030,296210,78090.98,-168421.67,-171814.33,-1211.6667,True,139,6,band1,band4_unjudgeable,False,30077.29,0.0,0.0,0.0,2423.33,0.0,51261.06,162750.96
grp-a001-02-000000046126256,01. 아이패드프로_3-4-5-6세대_11인치,● 07. 아이패드_종이질감,SHOPPING,"아이패드 프로 6세대(11/12.9인치, M2)|아이패드 프로 3~5세대(11/12.9인치)",188173,143100,-104537.7,-163333.1,-165374.61,-480.3915,False,340,194,band3,band3,False,0.0,0.0,0.0,1353.52,-1665.69,23534.43,35573.14,0.0
grp-a001-02-000000058709325,"11. 아이폰7,8",● [P_삭제금지]04. 아이폰_지문방지,SHOPPING,,281887,229700,-147638.02,-161743.55,-157511.03,-788.9929,False,205,130,band3,band3,False,0.0,0.0,0.0,3155.97,4642.94,-2694.08,9000.7,0.0
grp-a001-02-000000048079095,01. 아이폰16e,● [P_삭제금지]04. 아이폰_지문방지,SHOPPING,아이폰16(추정 매핑),302522,353920,-95672.2,-159757.35,-155564.38,-478.3154,False,334,206,band3,band3,False,0.0,0.0,0.0,22423.27,-1536.4,15695.19,27503.09,0.0
grp-a001-01-000000038934985,02. 아이패드_종이질감,○ 02. 파워링크_MO,WEB_SITE,,483630,544600,-165336.6,-144256.13,-156839.2,-755.2677,False,191,111,band3,band3,False,0.0,0.0,0.0,-3923.66,-2230.85,-9723.57,-5202.38,0.0
grp-a001-01-000000070109481,플립8_MO,폴드8 / 플립8 키워드,WEB_SITE,갤럭시 Z 플립8,67142,0,-67142.0,-143676.0,-143676.0,-15964.0,True,9,4,band3,band3,False,0.0,0.0,0.0,0.0,12952.0,31928.0,31654.0,0.0
grp-a001-02-000000059819724,S25울트라,● 01. 갤럭시_지문방지_사생활,SHOPPING,갤럭시 S25 (+/울트라/FE),288784,207700,-167393.0,-137572.85,-142844.15,-709.1384,True,194,116,band3,band3,False,0.0,0.0,0.0,-2913.45,-3526.89,4071.34,-27451.15,0.0
grp-a001-02-000000046126177,01. 아이패드프로_5세대_11인치,● 07. 아이패드_종이질감,SHOPPING,,232340,174900,-130119.08,-135565.37,-139091.34,-648.6381,True,209,134,band3,band3,False,0.0,0.0,0.0,2997.74,3891.83,-2149.53,706.25,0.0
grp-a001-01-000000070110695,폴드8_MO,폴드8 / 플립8 키워드,WEB_SITE,갤럭시 Z 폴드8 (울트라 포함),62560,0,-62560.0,-135513.0,-135513.0,-15057.0,True,9,4,band3,band3,False,0.0,0.0,0.0,0.0,13659.0,29564.0,29730.0,0.0
grp-a001-02-000000054403336,11. 맥세이프거치대,● 12. 케이스/지갑/방수팩/셀카봉/충전기/스트랩,SHOPPING,,210190,23800,-196280.01,-135319.36,-135930.26,-3007.097,False,45,31,band3,band3,False,0.0,0.0,0.0,2057.1,1147.1,0.0,-64164.84,0.0
grp-a001-01-000000060764713,아이폰15_사생활보호,○ 아이폰 파워링크,WEB_SITE,아이폰15(추정 매핑),206003,155200,-115295.81,-134890.72,-122790.03,-812.5947,False,166,97,band3,band3,False,0.0,0.0,0.0,3250.38,-10005.84,12405.49,13944.88,0.0
grp-a001-02-000000056537604,S25플러스,● 01. 갤럭시_지문방지_TPU,SHOPPING,갤럭시 S25 (+/울트라/FE),733618,983800,-158632.61,-132601.68,-165431.51,-517.9753,False,256,161,band3,band3,False,0.0,0.0,0.0,-3804.05,-13429.22,-15537.27,6739.61,0.0
grp-a001-02-000000047076131,"01. 아이패드에어6,7세대11인치",● 07. 아이패드_블루라이트,SHOPPING,"아이패드 에어 6세대(11/13인치, M2)|아이패드 에어 7세대(11/13인치, M3)",174482,98820,-116726.3,-132442.96,-131550.17,-382.7831,False,346,199,band3,band3,False,0.0,0.0,0.0,-2004.95,2410.61,7813.24,7497.75,0.0
grp-a001-02-000000055045417,S25엣지,● 01. 갤럭시_지문방지_TPU,SHOPPING,갤럭시 S25 엣지,795618,1073960,-167938.28,-130403.74,-145883.55,-457.557,True,285,138,band3,band3,False,0.0,0.0,0.0,-24724.29,16923.18,-25367.49,-14989.59,10623.65
grp-a001-02-000000055074537,01. 갤럭시탭S11,● 06. 갤럭시탭_지문방지,SHOPPING,갤럭시탭 S11 (+울트라),858520,1516610,27868.08,-127920.28,-128084.19,-438.0831,True,292,76,band2,band3,False,53633.76,0.0,0.0,-5857.67,5098.47,20801.18,-26495.82,108608.44
grp-a001-02-000000059832206,12프로맥스,● [P_삭제금지]03. 아이폰_강화유리,SHOPPING,,119599,115400,-52153.06,-126145.85,-110225.54,-657.0097,True,192,115,band3,band3,False,0.0,0.0,0.0,2628.04,5256.08,11930.19,54178.48,0.0
grp-a001-01-000000060824088,사생활보호필름,○ 기타 파워링크,WEB_SITE,,279630,314900,-95585.58,-124670.32,-135702.09,-1640.399,False,76,36,band3,band3,False,0.0,0.0,0.0,-258.4,-3153.2,12244.19,20252.16,0.0
grp-a001-01-000000060841583,10세대(10.9인치)_종이질감,○ P. 아이패드 파워링크,WEB_SITE,아이패드 10세대(10.9인치),204568,190800,-93054.27,-122594.61,-145121.47,-785.8629,False,156,97,band3,band3,False,0.0,0.0,0.0,3143.45,200.04,2302.49,23894.36,0.0
grp-a001-01-000000060604015,아이폰13미니_강화유리,○ 아이폰 파워링크,WEB_SITE,,174768,63600,-137596.76,-120898.28,-125590.22,-728.3029,False,166,97,band3,band3,False,0.0,0.0,0.0,1563.21,-3691.88,-7880.64,-6689.17,0.0
grp-a001-02-000000059830538,14,● [P_삭제금지]03. 아이폰_강화유리,SHOPPING,,226576,250600,-80111.94,-120666.63,-100561.26,-981.0295,True,123,70,band3,band3,False,0.0,0.0,0.0,1962.06,11720.35,20489.6,6382.67,0.0
grp-a001-01-000000060792991,아이폰17프로맥스_사생활보호,○ 아이폰 파워링크,WEB_SITE,아이폰17(추정 매핑),206101,290400,-36375.69,-120479.0,-104361.25,-725.7771,True,166,76,band3,band3,False,0.0,0.0,0.0,13583.73,3078.07,25739.95,33720.25,7981.32
grp-a001-02-000000053482102,07. 아이패드 에어 67세대 13인치,● 14. 아이패드_지문방지,SHOPPING,"아이패드 에어 6세대(11/13인치, M2)|아이패드 에어 7세대(11/13인치, M3)",105463,0,-105463.0,-117747.08,-111889.38,-372.6173,False,316,196,band3,band3,False,0.0,0.0,0.0,443.56,846.17,7642.82,3351.54,0.0
grp-a001-02-000000059821034,S10E,● 01. 갤럭시_지문방지_TPU,SHOPPING,,240462,257300,-90082.11,-115757.47,-132623.85,-602.9035,True,192,116,band3,band3,False,0.0,0.0,0.0,-314.19,4823.23,10276.78,10889.54,0.0
grp-a001-02-000000061581308,S26플러스_맥,소다케이스_갤럭시,SHOPPING,갤럭시 S26 (+/울트라),47408,0,-47408.0,-114700.0,-114700.0,-1911.6667,True,60,6,band3,band4_unjudgeable,False,16589.0,715.0,3113.33,0.0,1911.67,0.0,-4309.0,49272.0
grp-a001-02-000000046126176,01. 아이패드프로_7세대_13인치,● 07. 아이패드_종이질감,SHOPPING,"아이패드 프로 7세대(11/13인치, M4)",159345,77910,-113810.23,-110700.83,-113230.28,-326.5511,False,339,200,band3,band3,False,0.0,0.0,0.0,-391.04,-2173.39,11070.94,-11615.91,0.0
grp-a001-02-000000046125983,01. 아이패드에어_6-7세대_11인치,● 07. 아이패드_종이질감,SHOPPING,"아이패드 에어 6세대(11/13인치, M2)|아이패드 에어 7세대(11/13인치, M3)",164663,110500,-100080.88,-109481.52,-99083.92,-309.2698,False,354,205,band3,band3,False,0.0,0.0,0.0,2783.43,-1027.76,6357.14,1287.83,0.0
grp-a001-02-000000059822914,노트8,● 01. 갤럭시_지문방지_TPU,SHOPPING,,408543,590600,-63364.74,-107072.41,-99192.02,-557.6688,True,192,116,band3,band3,False,0.0,0.0,0.0,-724.66,4904.83,20129.28,19398.22,0.0
grp-a001-01-000000054212536,셀카봉,○ 02. 파워링크_PC,WEB_SITE,,118629,87020,-67769.85,-106980.26,-99957.9,-1320.7439,False,81,53,band3,band3,False,0.0,0.0,0.0,3163.72,1942.23,0.0,34104.45,0.0
grp-a001-02-000000044299975,04. A55(퀀텀5),● 02. 갤럭시_보급형_M,SHOPPING,"갤럭시 A55 (국내명: 갤럭시 퀀텀5, SKT 단독)",220709,277120,-58745.24,-105222.84,-98277.1,-296.4024,False,355,206,band3,band3,False,0.0,0.0,0.0,2667.62,-9746.17,9498.73,44057.42,0.0
grp-a001-01-000000060792984,S25플러스_사생활보호,○ 갤럭시 파워링크,WEB_SITE,갤럭시 S25 (+/울트라/FE),163871,143100,-80235.7,-103315.42,-109778.76,-626.1541,False,165,97,band3,band3,False,0.0,0.0,0.0,1358.46,-5456.92,6136.05,21042.13,0.0
grp-a001-02-000000059252905,99. 플립2,● 01. 갤럭시_지문방지_TPU,SHOPPING,,219452,217400,-92391.8,-102348.18,-94714.85,-701.0149,True,146,84,band3,band3,False,0.0,0.0,0.0,0.0,4305.38,10457.31,-4806.31,0.0
grp-a001-02-000000044743918,07. 아이폰12 시리즈,● [P_삭제금지]04. 아이폰_지문방지,SHOPPING,,374408,444200,-114793.74,-101698.75,-115988.48,-294.779,False,345,206,band3,band3,False,0.0,0.0,0.0,-7086.99,-2454.65,2914.7,-6468.04,0.0
grp-a001-02-000000059821852,Z폴드2,● 01. 갤럭시_지문방지_TPU,SHOPPING,,276408,421800,-29885.5,-100765.87,-103071.42,-524.8222,True,192,116,band3,band3,False,0.0,0.0,0.0,269.64,23186.12,12288.09,35136.52,0.0
grp-a001-02-000000046125958,01. 아이패드에어_6-7세대_13인치,● 07. 아이패드_종이질감,SHOPPING,"아이패드 에어 6세대(11/13인치, M2)|아이패드 에어 7세대(11/13인치, M3)",101758,31800,-83172.38,-100086.82,-98375.57,-292.6515,False,342,198,band3,band3,False,0.0,0.0,0.0,2633.86,-533.48,9594.94,5219.12,0.0
grp-a001-02-000000047076723,01. 아이패드10세대10.9인치,● 07. 아이패드_블루라이트,SHOPPING,아이패드 10세대(10.9인치),270183,318560,-83999.48,-99574.31,-94397.48,-283.6875,False,351,202,band3,band3,False,0.0,0.0,0.0,8850.45,-5004.75,-13409.0,25138.13,0.0
grp-a001-02-000000058709513,S8,● 01. 갤럭시_지문방지_TPU,SHOPPING,,306021,291400,-135711.24,-99474.05,-127034.14,-467.0143,False,213,130,band3,band3,False,0.0,0.0,0.0,934.03,-11680.87,-5160.89,-20329.46,0.0
grp-a001-02-000000043610882,01. 컨텐츠매체_01,● 10. 컨텐츠매체,SHOPPING,,875831,1304430,-113452.27,-94899.83,-135244.48,-267.3235,False,355,206,band3,band3,False,0.0,0.0,0.0,-21984.09,-15645.48,11065.75,8011.38,0.0
grp-a001-02-000000058445051,Z트라이폴드,● 01. 갤럭시_지문방지_TPU,SHOPPING,,287680,332310,-93460.25,-93268.11,-93286.21,-1110.3347,False,84,58,band3,band3,False,0.0,0.0,0.0,2220.67,-309.33,0.0,-2103.47,0.0
grp-a001-02-000000055116682,벌크5,● 11. 벌크,SHOPPING,,312656,470750,-37524.5,-92618.99,-28396.45,-318.2783,False,291,179,band3,band3,False,0.0,0.0,0.0,8907.32,-4502.94,38184.19,12505.92,0.0
grp-a001-02-000000059819800,S25엣지,● 01. 갤럭시_지문방지_사생활,SHOPPING,갤럭시 S25 엣지,201557,143100,-117921.7,-92145.2,-61600.04,-474.9753,True,194,116,band3,band3,False,0.0,0.0,0.0,-440.1,-15905.2,2438.48,-11869.68,0.0
grp-a001-01-000000070094275,폴드8_PC,폴드8 / 플립8 키워드,WEB_SITE,갤럭시 Z 폴드8 (울트라 포함),40718,0,-40718.0,-90209.25,-90209.25,-10023.25,True,9,4,band3,band3,False,0.0,0.0,0.0,0.0,10023.25,19724.5,19743.5,0.0
grp-a001-02-000000061581254,S24플러스_맥,소다케이스_갤럭시,SHOPPING,갤럭시 S24 (+/울트라),146952,166200,-49815.82,-90113.91,-92714.33,-1287.3415,False,70,49,band3,band3,False,0.0,0.0,0.0,-7715.32,2086.68,0.0,45926.72,0.0
grp-a001-02-000000047076722,01. 아이패드에어4/5세대10.9인치,● 07. 아이패드_블루라이트,SHOPPING,,516809,922850,22553.95,-88170.76,-92282.09,-248.3683,False,355,206,band2,band3,False,0.0,0.0,0.0,-2987.42,-2326.32,85333.4,30705.04,0.0
grp-a001-01-000000049865502,01. 갤럭시 플립3~6힌지,○ 02. 파워링크_MO,WEB_SITE,갤럭시 Z 플립3,136310,82880,-87870.49,-87058.16,-81064.79,-455.8019,False,191,111,band3,band3,False,0.0,0.0,0.0,-2900.99,-1050.99,6291.26,-3151.61,0.0
grp-a001-02-000000059832332,15프로맥스,● [P_삭제금지]03. 아이폰_강화유리,SHOPPING,아이폰15(추정 매핑),292052,423600,-44477.48,-85705.79,-90770.88,-444.0714,True,193,116,band3,band3,False,0.0,0.0,0.0,-1063.71,7678.01,7101.05,27512.96,0.0
grp-a001-02-000000070108611,맥세이프_PC,● [P_삭제금지]맥세이프카드케이스_쇼검,SHOPPING,,55087,0,-55087.0,-84539.0,-84539.0,-12077.0,True,7,4,band3,band3,False,0.0,0.0,0.0,0.0,11257.0,0.0,18195.0,0.0
grp-a001-02-000000045025481,노트9,● 01. 갤럭시_지문방지_TPU,SHOPPING,,954955,1545810,-51500.88,-82826.31,-136025.15,-234.6354,False,353,206,band3,band3,False,0.0,0.0,0.0,7148.07,26882.37,-12703.29,9998.28,0.0
grp-a001-02-000000061878144,06. 컨텐츠매체_06,● 10. 컨텐츠매체,SHOPPING,,148924,137000,-68853.87,-82342.25,-70947.59,-552.6325,False,149,87,band3,band3,False,0.0,0.0,0.0,-6150.1,13855.33,2340.28,3442.87,0.0
grp-a001-02-000000059821232,Z플립2,● 01. 갤럭시_지문방지_TPU,SHOPPING,,120644,71200,-79030.91,-80644.99,-82017.49,-516.955,True,156,91,band3,band3,False,0.0,0.0,0.0,1033.91,-948.27,6892.1,-5363.66,0.0
grp-a001-02-000000052193631,06. 아이폰_16,● 12. 케이스/지갑/방수팩/셀카봉/충전기/스트랩,SHOPPING,아이폰16(추정 매핑),757907,991820,-178234.29,-80293.56,-74036.44,-231.3935,False,347,204,band3,band3,False,0.0,0.0,0.0,-8413.03,-1385.84,-15316.68,-72825.18,0.0
grp-a001-02-000000059832280,12,● [P_삭제금지]03. 아이폰_강화유리,SHOPPING,,177828,125300,-104595.97,-80169.93,-70414.31,-826.4941,True,97,63,band3,band3,False,0.0,0.0,0.0,1405.98,-6180.02,826.49,-20478.49,0.0
grp-a001-01-000000053180338,맥세이프카드지갑,○ 02. 파워링크_PC,WEB_SITE,,94340,15500,-85280.97,-79059.21,-82943.84,-444.1529,False,178,111,band3,band3,False,0.0,0.0,0.0,-249.24,580.76,-12354.32,5801.03,0.0
grp-a001-02-000000069089452,맥세이프카드지갑,● [P_삭제금지]맥세이프카드케이스_쇼검,SHOPPING,,100708,16900,-90830.74,-77479.51,-73433.61,-3521.796,False,22,16,band3,band3,False,0.0,0.0,0.0,0.0,0.0,0.0,-13351.22,0.0
grp-a001-01-000000060843258,S11_6H BLC,○ 갤럭시탭 파워링크,WEB_SITE,갤럭시탭 S11 (+울트라),61445,16900,-51567.74,-77081.05,-85561.32,-467.1579,True,165,76,band3,band3,False,0.0,0.0,0.0,1868.63,-116.89,6453.16,1890.84,15417.58
grp-a001-02-000000061793395,S25울트라_일,소다케이스_갤럭시,SHOPPING,갤럭시 S25 (+/울트라/FE),57247,12900,-49707.55,-73985.8,-75411.23,-1174.3778,False,63,45,band3,band3,False,0.0,0.0,0.0,578.76,2348.76,0.0,21350.74,0.0
grp-a001-02-000000059820848,S25,● 01. 갤럭시_지문방지_TPU,SHOPPING,갤럭시 S25 (+/울트라/FE),284103,372600,-66335.61,-73542.08,-60331.55,-385.0371,True,191,115,band3,band3,False,0.0,0.0,0.0,770.07,-10478.7,-11701.06,28616.16,0.0
grp-a001-01-000000060824084,종이질감필름_아이패드,○ 기타 파워링크,WEB_SITE,,70129,0,-70129.0,-73033.5,-73946.36,-1738.8929,False,42,28,band3,band3,False,0.0,0.0,0.0,325.57,-321.11,0.0,2900.04,0.0
grp-a001-02-000000046126369,01. 아이패드_10세대_10.9인치,● 07. 아이패드_종이질감,SHOPPING,아이패드 10세대(10.9인치),137613,190800,-26099.27,-71589.06,-73748.58,-202.229,False,354,205,band3,band3,False,0.0,0.0,0.0,250.06,10039.56,20974.74,14225.44,0.0
grp-a001-02-000000059808374,S25,● 01. 갤럭시_강화유리,SHOPPING,갤럭시 S25 (+/울트라/FE),93270,47700,-65391.57,-71193.68,-71798.38,-1167.1094,True,61,40,band3,band3,False,0.0,0.0,0.0,4668.44,-1255.78,0.0,2389.45,0.0
grp-a001-02-000000044744111,08. 아이폰11 시리즈,● [P_삭제금지]04. 아이폰_지문방지,SHOPPING,,570392,648720,-191245.3,-70137.21,-53937.06,-206.2859,False,340,202,band3,band3,False,0.0,0.0,0.0,-8090.62,-13017.57,-48372.18,-51627.72,0.0
grp-a001-01-000000060603888,아이폰17에어_강화유리,○ 아이폰 파워링크,WEB_SITE,아이폰17(추정 매핑),70542,71400,-28812.02,-70022.96,-63881.61,-424.3816,True,165,76,band3,band4_unjudgeable,False,0.0,0.0,0.0,1697.53,-9092.33,16280.82,26832.91,5492.01
grp-a001-01-000000060826110,S11_종이질감,○ 갤럭시탭 파워링크,WEB_SITE,갤럭시탭 S11 (+울트라),294146,431300,-42071.19,-69857.85,-60415.92,-420.8304,True,166,76,band3,band3,False,0.0,0.0,0.0,1683.32,14588.44,-11834.56,24389.22,-1039.75
grp-a001-02-000000059832344,13프로맥스,● [P_삭제금지]03. 아이폰_강화유리,SHOPPING,,169292,172000,-68765.99,-68853.9,-66426.42,-356.756,True,193,116,band3,band3,False,0.0,0.0,0.0,-112.98,9684.67,12121.93,-21605.72,0.0
grp-a001-02-000000044743916,03. 아이폰15 시리즈,● [P_삭제금지]04. 아이폰_지문방지,SHOPPING,아이폰15(추정 매핑),274697,489230,11235.2,-68687.74,-78786.85,-199.0949,False,345,206,band2,band3,False,0.0,0.0,0.0,4684.67,13095.12,26707.37,35435.79,0.0
grp-a001-02-000000053482203,09. 아이패드 에어 45세대 10.9인치,● 14. 아이패드_지문방지,SHOPPING,,326533,412600,-85387.47,-67654.54,-64996.11,-212.7501,False,318,197,band3,band3,False,0.0,0.0,0.0,594.75,-15562.5,1882.25,-4647.44,0.0
grp-a001-02-000000045448738,09. Z플립1/2,● 01. 갤럭시_지문방지_TPU,SHOPPING,,156817,179690,-51796.54,-66521.4,-67068.47,-391.3023,True,170,97,band3,band3,False,0.0,0.0,0.0,626.51,1565.21,50.96,12482.17,0.0
grp-a001-02-000000054212607,05. 컨텐츠매체_05,● 10. 컨텐츠매체,SHOPPING,,894924,1247450,-165847.44,-65223.15,-84270.28,-207.717,False,314,196,band3,band3,False,0.0,0.0,0.0,9664.51,-24630.61,-12240.94,-73417.24,0.0
grp-a001-02-000000069087677,기존상품명,● [P_삭제금지]맥세이프카드케이스_쇼검,SHOPPING,,58111,0,-58111.0,-63911.4,-64313.14,-3043.4,False,21,15,band3,band3,False,0.0,0.0,0.0,0.0,0.0,0.0,5800.4,0.0
grp-a001-01-000000046646763,01. 갤럭시S20,○ 02. 파워링크_MO,WEB_SITE,,102720,156000,-11545.25,-63897.89,-63076.26,-334.5439,False,191,111,band3,band3,False,0.0,0.0,0.0,1172.72,552.72,-2090.95,52718.15,0.0
grp-a001-02-000000053481812,01. 아이패드 10세대 10.9인치,● 14. 아이패드_지문방지,SHOPPING,아이패드 10세대(10.9인치),208907,190000,-97860.83,-62646.14,-49927.67,-191.5784,False,327,201,band3,band3,False,0.0,0.0,0.0,-4955.79,-8521.06,11758.93,-33496.76,0.0
grp-a001-01-000000060531781,플립7_지문방지,○ 갤럭시 파워링크,WEB_SITE,갤럭시 Z 플립7,698415,938800,-149730.02,-61584.14,-70594.69,-370.9888,False,166,97,band3,band3,False,0.0,0.0,0.0,-1916.04,383.74,-4641.31,-81972.27,0.0
grp-a001-01-000000060603885,아이폰17_사생활보호,○ 아이폰 파워링크,WEB_SITE,아이폰17(추정 매핑),324980,667600,65201.18,-61516.2,-61849.9,-370.5795,True,166,76,band2,band3,False,0.0,0.0,0.0,10342.94,20822.93,18759.42,15254.91,61537.17
grp-a001-02-000000059821054,S9플러스,● 01. 갤럭시_지문방지_TPU,SHOPPING,,253411,254400,-104726.02,-60945.86,-52246.36,-317.4263,True,192,116,band3,band3,False,0.0,0.0,0.0,634.85,-4990.59,-17676.42,-21748.0,0.0
grp-a001-02-000000059821217,Z플립3,● 01. 갤럭시_지문방지_TPU,SHOPPING,갤럭시 Z 플립3,426168,560500,-98581.79,-60547.09,-80345.86,-315.3494,True,192,116,band3,band3,False,0.0,0.0,0.0,80.7,-13428.2,-14049.85,-10637.35,0.0
grp-a001-01-000000070136001,골프버디필름(스마트스토어)_MO,○ 기타 파워링크,WEB_SITE,,88012,242900,53951.76,-57843.0,-57843.0,-2142.3333,True,27,3,band1,band4_unjudgeable,False,0.0,0.0,0.0,0.0,-7236.67,111465.52,7565.91,0.0
grp-a001-02-000000058709674,S9,● 01. 갤럭시_지문방지_TPU,SHOPPING,,376564,493700,-88019.29,-57383.04,-43806.03,-269.4039,False,213,130,band3,band3,False,0.0,0.0,0.0,538.81,-1651.55,-22087.26,-7436.25,0.0
grp-a001-01-000000049866750,01. 갤럭시폴드3~6힌지필름,○ 02. 파워링크_MO,WEB_SITE,갤럭시 Z 폴드3,148480,185200,-40239.21,-56637.63,-57050.42,-296.5321,False,191,111,band3,band3,False,0.0,0.0,0.0,782.66,-1137.34,32341.12,-15588.02,0.0
grp-a001-02-000000061793373,S25_일,소다케이스_갤럭시,SHOPPING,갤럭시 S25 (+/울트라/FE),60164,31800,-41578.38,-56226.25,-56226.25,-937.1042,False,60,42,band3,band3,False,0.0,0.0,0.0,464.21,1874.21,0.0,12309.46,0.0
grp-a001-02-000000052193624,05. 아이폰_15,● 12. 케이스/지갑/방수팩/셀카봉/충전기/스트랩,SHOPPING,아이폰15(추정 매핑),459832,536740,-146132.41,-55973.45,-81952.62,-181.1439,False,309,185,band3,band3,False,0.0,0.0,0.0,-4574.28,-8917.42,-37920.38,-38746.88,0.0
grp-a001-01-000000052822167,00. 플립7 케이스,○ 02. 파워링크_MO,WEB_SITE,갤럭시 Z 플립7,210830,127360,-136394.0,-55648.0,-55648.0,-296.0,True,188,5,band3,band4_unjudgeable,False,-60108.98,0.0,0.0,-4360.0,-6226.0,0.0,-4148.04,-5902.97
grp-a001-02-000000059830547,16플러스,● [P_삭제금지]03. 아이폰_강화유리,SHOPPING,아이폰16(추정 매핑),79613,91500,-26135.5,-53203.57,-42468.73,-359.4836,True,148,82,band3,band3,False,0.0,0.0,0.0,1437.93,11482.04,3148.97,10999.13,0.0
grp-a001-02-000000059822073,S22울트라,● 01. 갤럭시_지문방지_사생활,SHOPPING,갤럭시 S22 (+/울트라),432742,732200,-4805.12,-52432.01,-77950.36,-294.5619,True,178,105,band3,band3,False,0.0,0.0,0.0,-1481.75,-2796.88,28529.86,23375.67,0.0
grp-a001-02-000000052193617,04. 아이폰_14,● 12. 케이스/지갑/방수팩/셀카봉/충전기/스트랩,SHOPPING,,563002,785660,-103820.23,-51385.78,-106334.37,-167.9274,False,306,179,band3,band3,False,0.0,0.0,0.0,2268.46,-12370.65,-26220.75,-16111.51,0.0
grp-a001-02-000000053482158,08. 아이패드 에어 67세대 11인치,● 14. 아이패드_지문방지,SHOPPING,"아이패드 에어 6세대(11/13인치, M2)|아이패드 에어 7세대(11/13인치, M3)",141411,127400,-66951.62,-49848.66,-46882.17,-165.0618,False,302,186,band3,band3,False,0.0,0.0,0.0,-11954.44,-9200.38,2301.36,1750.5,0.0
grp-a001-01-000000046954978,01. 갤럭시S21_사생활보호,○ 02. 파워링크_MO,WEB_SITE,,117560,157410,-25561.17,-49794.28,-47718.62,-260.703,False,191,111,band3,band3,False,0.0,0.0,0.0,413.52,5696.33,5809.68,12313.58,0.0
grp-a001-01-000000056068060,모션링 맥세이프 그립톡,○ 02. 파워링크_MO,WEB_SITE,,99870,0,-99870.0,-49720.0,-49720.0,-6215.0,False,8,6,band3,band3,False,0.0,0.0,0.0,0.0,0.0,0.0,-50150.0,0.0
grp-a001-02-000000061793386,S25플러스_일,소다케이스_갤럭시,SHOPPING,갤럭시 S25 (+/울트라/FE),54581,12900,-47041.55,-48703.24,-47573.32,-811.7207,False,60,41,band3,band3,False,0.0,0.0,0.0,-10806.56,1092.44,0.0,11375.81,0.0
grp-a001-02-000000053481831,02. 아이패드 789세대 10.2인치,● 14. 아이패드_지문방지,SHOPPING,,53293,0,-53293.0,-48521.84,-47664.83,-161.2021,False,301,188,band3,band3,False,0.0,0.0,0.0,1450.82,-626.78,2242.84,-7838.04,0.0
grp-a001-02-000000043624057,,● 11. 벌크,SHOPPING,,356630,640320,17607.29,-48326.22,-48326.22,-732.2155,False,66,29,band2,band3,False,0.0,0.0,0.0,0.0,1083.85,51921.76,12927.9,0.0
grp-a001-02-000000061693720,15프로맥스_맥,소다케이스_아이폰,SHOPPING,아이폰15(추정 매핑),40868,16900,-30990.74,-46761.85,-47193.95,-719.413,False,65,46,band3,band3,False,0.0,0.0,0.0,-961.17,1008.83,0.0,15723.46,0.0
grp-a001-02-000000059812037,S20,● 01. 갤럭시_지문방지_사생활,SHOPPING,,414512,732400,13541.77,-46165.12,-27704.86,-237.9646,True,194,116,band2,band3,False,0.0,0.0,0.0,1464.67,27625.96,2797.69,27818.57,0.0
grp-a001-01-000000060764711,아이폰16_사생활보호,○ 아이폰 파워링크,WEB_SITE,아이폰16(추정 매핑),82573,111400,-17464.88,-45376.08,-38352.78,-273.3499,False,166,97,band3,band3,False,0.0,0.0,0.0,1093.4,-887.55,16356.97,11348.38,0.0
grp-a001-01-000000058445222,14. 트라이폴드,○ 02. 파워링크_MO,WEB_SITE,,52700,0,-52700.0,-44635.38,-44515.58,-783.0769,False,57,39,band3,band4_unjudgeable,False,0.0,0.0,0.0,0.0,-63.85,0.0,-8000.77,0.0
grp-a001-01-000000060824109,일반필름,○ 기타 파워링크,WEB_SITE,,74566,68500,-34530.93,-44558.89,-44821.19,-1060.9259,False,42,28,band3,band3,False,0.0,0.0,0.0,10155.88,-1029.07,0.0,901.14,0.0
grp-a001-01-000000042969832,55. 갤럭시워치 스트랩,○ 02. 파워링크_PC,WEB_SITE,,34664,0,-34664.0,-44460.0,-44632.66,-234.0,False,190,111,band3,band4_unjudgeable,False,0.0,0.0,0.0,1170.0,1170.0,-324.0,7780.0,0.0
grp-a001-02-000000047076738,01. 아이패드프로3/4/5/6세대11/12.9인치,● 07. 아이패드_블루라이트,SHOPPING,"아이패드 프로 6세대(11/12.9인치, M2)|아이패드 프로 3~5세대(11/12.9인치)",48542,44600,-22475.37,-43237.33,-40773.51,-161.3333,False,268,150,band3,band4_unjudgeable,False,0.0,0.0,0.0,-539.33,-873.33,2901.26,19273.36,0.0
grp-a001-01-000000060796549,아이폰14플러스_사생활보호,○ 아이폰 파워링크,WEB_SITE,,51586,36800,-30078.11,-43196.1,-43327.52,-295.8637,False,146,90,band3,band3,False,0.0,0.0,0.0,887.59,-2651.82,4733.82,10148.4,0.0
grp-a001-02-000000052193556,02. 갤럭시_S24,● 12. 케이스/지갑/방수팩/셀카봉/충전기/스트랩,SHOPPING,갤럭시 S24 (+/울트라),105241,135430,-26088.46,-42696.31,-41423.35,-133.0103,False,321,194,band3,band4_unjudgeable,False,0.0,0.0,0.0,665.05,-2264.9,3942.44,14265.26,0.0
grp-a001-02-000000059820998,S20플러스,● 01. 갤럭시_지문방지_TPU,SHOPPING,,103341,232500,32544.45,-42472.66,-49505.84,-221.2118,True,192,116,band1,band3,False,0.0,0.0,0.0,-417.58,7795.51,23520.78,44118.4,0.0
grp-a001-01-000000060612964,노트20_지문방지_TPU,○ 갤럭시 파워링크,WEB_SITE,,148084,124200,-75494.87,-41748.05,-68900.47,-251.4943,False,166,97,band3,band3,False,0.0,0.0,0.0,1005.98,-4437.54,-23392.36,-6922.9,0.0
grp-a001-02-000000053481974,05. 아이패드 프로 3456세대 12.9인치,● 14. 아이패드_지문방지,SHOPPING,"아이패드 프로 6세대(11/12.9인치, M2)|아이패드 프로 3~5세대(11/12.9인치)",84653,48700,-56190.11,-41044.68,-40232.84,-156.6591,False,262,161,band3,band3,False,0.0,0.0,0.0,1409.93,-1520.07,961.84,-15997.14,0.0
grp-a001-01-000000046507364,01. 갤럭시탭_S7시리즈,○ 02. 파워링크_MO,WEB_SITE,,98840,124020,-26356.07,-39968.96,-35965.9,-209.2616,False,191,111,band3,band3,False,0.0,0.0,0.0,8389.12,-1873.69,-3207.72,10305.19,0.0
grp-a001-01-000000060843314,S8플러스_6H BLC,○ 갤럭시탭 파워링크,WEB_SITE,갤럭시탭 S8 울트라,45198,67600,-5688.94,-39606.0,-46184.12,-246.0,False,161,97,band3,band4_unjudgeable,False,0.0,0.0,0.0,9971.26,405.0,-1998.0,25538.79,0.0
grp-a001-01-000000052822210,00. 폴드7 케이스,○ 02. 파워링크_MO,WEB_SITE,갤럭시 Z 폴드7,324970,290400,-155244.69,-39480.0,-39480.0,-210.0,True,188,5,band3,band4_unjudgeable,False,-71965.61,0.0,0.0,-690.0,-2630.0,0.0,-4579.08,-35900.0
grp-a001-01-000000060842564,프로M47세대(13인치)_종이질감,○ P. 아이패드 파워링크,WEB_SITE,"아이패드 프로 7세대(11/13인치, M4)",46638,31800,-28052.38,-39196.51,-40549.79,-254.5228,False,154,96,band3,band3,False,0.0,0.0,0.0,1018.09,499.66,980.75,8645.63,0.0
grp-a001-02-000000059821874,Z폴드3,● 01. 갤럭시_지문방지_TPU,SHOPPING,갤럭시 Z 폴드3,85829,76000,-41410.53,-38652.17,-50611.13,-201.3134,True,192,116,band3,band3,False,0.0,0.0,0.0,-1077.37,-1433.49,5262.4,-5509.9,0.0
grp-a001-02-000000059820960,S21플러스,● 01. 갤럭시_지문방지_TPU,SHOPPING,,170149,306900,9219.79,-38567.46,-20839.56,-221.6521,True,174,102,band2,band3,False,0.0,0.0,0.0,443.3,13708.84,-428.31,34063.41,0.0
grp-a001-02-000000044300513,05. A54(퀀텀4),● 02. 갤럭시_보급형_M,SHOPPING,"갤럭시 A54 (국내명: 갤럭시 퀀텀4, SKT 단독)",256087,330810,-62743.93,-38544.02,-24497.9,-110.7587,False,348,202,band3,band3,False,0.0,0.0,0.0,-14093.17,-12202.9,16014.76,-13918.6,0.0
grp-a001-01-000000060843313,S8울트라_6H BLC,○ 갤럭시탭 파워링크,WEB_SITE,갤럭시탭 S8 울트라,33337,0,-33337.0,-37968.12,-46398.11,-234.3711,False,162,97,band3,band4_unjudgeable,False,0.0,0.0,0.0,457.48,1640.6,2725.31,-192.27,0.0
grp-a001-02-000000059820721,S24울트라,● 01. 갤럭시_지문방지_사생활,SHOPPING,갤럭시 S24 (+/울트라),295703,397500,-63382.72,-37705.98,-23422.54,-283.5036,True,133,77,band3,band3,False,0.0,0.0,0.0,1134.01,-13538.49,-13117.42,-154.84,0.0
grp-a001-02-000000061794157,14프로맥스_일,소다케이스_아이폰,SHOPPING,,42610,12900,-35070.55,-37673.15,-37882.66,-579.587,False,65,46,band3,band4_unjudgeable,False,0.0,0.0,0.0,-2440.83,69.17,0.0,4974.25,0.0
grp-a001-02-000000054282282,10. 충전기,● 12. 케이스/지갑/방수팩/셀카봉/충전기/스트랩,SHOPPING,,109352,107200,-46698.58,-37594.74,-40253.13,-122.4584,False,307,194,band3,band3,False,0.0,0.0,0.0,-797.71,-1305.42,1339.63,-8340.35,0.0
grp-a001-02-000000059822154,S22플러스,● 01. 갤럭시_지문방지_사생활,SHOPPING,갤럭시 S22 (+/울트라),276857,477000,1927.34,-37561.53,-15626.1,-206.382,True,182,109,band2,band3,False,0.0,0.0,0.0,-2964.47,3948.87,21933.89,16570.58,0.0
grp-a001-02-000000061794167,15프로맥스_일,소다케이스_아이폰,SHOPPING,아이폰15(추정 매핑),31255,0,-31255.0,-37269.02,-37597.88,-573.3696,False,65,46,band4_unjudgeable,band4_unjudgeable,False,0.0,0.0,0.0,1146.74,1146.74,0.0,3720.54,0.0
grp-a001-02-000000045023993,S105G,● 01. 갤럭시_지문방지_TPU,SHOPPING,,630014,1055400,-13181.74,-37022.01,-65421.31,-104.8782,False,353,206,band3,band3,False,0.0,0.0,0.0,-1295.85,-23155.65,25116.63,23175.14,0.0
grp-a001-02-000000053481892,03. 아이패드 프로 7세대 13인치,● 14. 아이패드_지문방지,SHOPPING,"아이패드 프로 7세대(11/13인치, M4)",61730,15900,-52437.19,-36822.14,-34703.75,-118.7811,False,310,191,band3,band3,False,0.0,0.0,0.0,-1910.97,1306.59,33.18,-15043.86,0.0
grp-a001-02-000000061793521,S23울트라_맥,소다케이스_갤럭시,SHOPPING,갤럭시 S23 (+/울트라/FE),28034,0,-28034.0,-36807.02,-33033.61,-657.2683,False,56,41,band4_unjudgeable,band4_unjudgeable,False,0.0,0.0,0.0,0.0,1314.54,0.0,7458.49,0.0
grp-a001-02-000000044603941,12프로,● [P_삭제금지]03. 아이폰_강화유리,SHOPPING,,691058,1244010,36008.04,-36392.75,13636.85,-139.9721,False,260,153,band2,band3,False,0.0,0.0,0.0,12412.09,-4188.67,41849.73,22327.64,0.0
grp-a001-01-000000060481590,S21울트라_지문방지_TPU,○ 갤럭시 파워링크,WEB_SITE,,127054,159000,-34125.89,-35659.1,-33870.27,-214.8139,False,166,97,band3,band3,False,0.0,0.0,0.0,-330.74,-2510.3,3462.71,911.55,0.0
grp-a001-01-000000060842566,에어4-5세대(10.9인치)_종이질감,○ P. 아이패드 파워링크,WEB_SITE,,127402,160000,-33889.43,-35615.73,-33273.98,-228.306,False,156,97,band3,band3,False,0.0,0.0,0.0,73.22,-4367.86,4850.18,1170.75,0.0
grp-a001-01-000000060868358,아이폰SE3_지문방지,○ 아이폰 파워링크,WEB_SITE,,43125,47540,-15340.08,-35513.39,-37749.31,-219.2184,False,162,97,band3,band3,False,0.0,0.0,0.0,-3.13,1534.53,2819.71,15822.19,0.0
grp-a001-02-000000061693698,16프로맥스_맥,소다케이스_아이폰,SHOPPING,아이폰16(추정 매핑),40457,0,-40457.0,-35426.41,-35556.09,-545.0217,False,65,46,band3,band4_unjudgeable,False,0.0,0.0,0.0,-59.96,1090.04,0.0,-6060.67,0.0
grp-a001-01-000000060481178,S22울트라_지문방지_TPU,○ 갤럭시 파워링크,WEB_SITE,갤럭시 S22 (+/울트라),291777,518900,11495.94,-35168.1,10443.57,-211.856,False,166,97,band2,band3,False,0.0,0.0,0.0,9650.24,8825.61,-13425.59,41613.78,0.0
grp-a001-02-000000044629990,04. S22_사생활✔,● 01. 갤럭시_지문방지_TPU,SHOPPING,갤럭시 S22 (+/울트라),1404888,2333600,-41007.23,-34718.13,-28361.3,-186.6566,True,186,109,band3,band3,False,0.0,0.0,0.0,-5371.09,-14100.56,49320.04,-36137.48,0.0
grp-a001-01-000000060824932,A7라이트_종이질감,○ 갤럭시탭 파워링크,WEB_SITE,,26817,15900,-17524.19,-34235.05,-42050.35,-213.9691,False,160,97,band3,band4_unjudgeable,False,0.0,0.0,0.0,641.91,1497.78,261.51,14309.67,0.0
grp-a001-02-000000059822273,S20울트라,● 01. 갤럭시_지문방지_사생활,SHOPPING,,55039,31800,-36453.38,-34020.72,-33826.36,-179.0564,True,190,113,band3,band3,False,0.0,0.0,0.0,716.23,1432.45,3760.19,-8341.52,0.0
grp-a001-01-000000070111139,플립8_PC,폴드8 / 플립8 키워드,WEB_SITE,갤럭시 Z 플립8,14993,0,-14993.0,-33734.25,-33734.25,-3748.25,True,9,4,band4_unjudgeable,band4_unjudgeable,False,0.0,0.0,0.0,0.0,3748.25,7496.5,7496.5,0.0
grp-a001-01-000000046971358,02.아이패드_에어 6(M2)세대_종이질감,○ 02. 파워링크_PC,WEB_SITE,"아이패드 에어 6세대(11/13인치, M2)",26454,15900,-17161.19,-33560.94,-32689.1,-175.7117,False,191,111,band3,band4_unjudgeable,False,0.0,0.0,0.0,878.56,878.56,11429.89,3212.74,0.0
grp-a001-01-000000060841575,에어6-7세대(11인치)_6H BLC,○ P. 아이패드 파워링크,WEB_SITE,"아이패드 에어 6세대(11/13인치, M2)|아이패드 에어 7세대(11/13인치, M3)",33303,0,-33303.0,-33186.19,-35545.5,-212.732,False,156,97,band3,band4_unjudgeable,False,0.0,0.0,0.0,850.93,749.12,835.05,-2551.92,0.0
grp-a001-02-000000061793320,S23_일,소다케이스_갤럭시,SHOPPING,갤럭시 S23 (+/울트라/FE),33540,38700,-10921.65,-33081.94,-31171.43,-703.871,False,47,31,band3,band4_unjudgeable,False,0.0,0.0,0.0,20586.09,1407.74,0.0,166.45,0.0
grp-a001-01-000000060841577,미니6-7세대(8.3인치)_6H BLC,○ P. 아이패드 파워링크,WEB_SITE,아이패드 미니 6세대(8.3인치)|아이패드 미니 7세대(8.3인치),45002,31800,-26416.38,-32676.37,-37499.73,-209.4639,False,156,97,band3,band4_unjudgeable,False,0.0,0.0,0.0,837.86,1466.25,-113.09,4068.98,0.0
grp-a001-02-000000055386434,12. 스트랩,● 12. 케이스/지갑/방수팩/셀카봉/충전기/스트랩,SHOPPING,,30109,9700,-24439.8,-32540.93,-29957.5,-161.8952,True,201,124,band3,band4_unjudgeable,False,0.0,0.0,0.0,647.58,1057.06,1950.64,4445.85,0.0
grp-a001-02-000000059832150,플립7,● 01. 갤럭시_지문방지_사생활,SHOPPING,갤럭시 Z 플립7,103771,103600,-43221.61,-32529.98,-36181.13,-170.314,True,191,99,band3,band3,False,0.0,0.0,0.0,201.26,-1322.49,2801.28,-10116.27,-2255.41
grp-a001-02-000000061693725,15플러스_맥,소다케이스_아이폰,SHOPPING,아이폰15(추정 매핑),27716,0,-27716.0,-31691.38,-31826.47,-495.1778,False,64,45,band4_unjudgeable,band4_unjudgeable,False,0.0,0.0,0.0,-2599.64,297.36,0.0,6277.67,0.0
grp-a001-02-000000061693722,15_맥,소다케이스_아이폰,SHOPPING,아이폰15(추정 매핑),43855,16900,-33977.74,-31690.33,-31775.69,-487.5435,False,65,46,band3,band4_unjudgeable,False,0.0,0.0,0.0,5.09,-1982.91,0.0,-309.58,0.0
grp-a001-01-000000053177765,맥세이프카드지갑,○ 02. 파워링크_MO,WEB_SITE,,144790,106170,-82738.57,-31611.69,-33484.76,-177.5938,False,178,111,band3,band3,False,0.0,0.0,0.0,-2692.03,-1372.03,-53869.22,6806.4,0.0
grp-a001-02-000000061794137,13프로맥스_일,소다케이스_아이폰,SHOPPING,,27657,38700,-5038.65,-31318.7,-31616.56,-481.8261,False,65,46,band3,band4_unjudgeable,False,0.0,0.0,0.0,-236.35,963.65,0.0,25552.74,0.0
grp-a001-01-000000060604020,아이폰14_강화유리,○ 아이폰 파워링크,WEB_SITE,,27142,18900,-16095.83,-31262.76,-32981.68,-188.3299,False,166,97,band3,band4_unjudgeable,False,0.0,0.0,0.0,-726.68,1318.31,11465.1,3110.21,0.0
grp-a001-01-000000060612841,S105G_지문방지_TPU,○ 갤럭시 파워링크,WEB_SITE,,28061,58700,6246.42,-30853.75,-26818.84,-185.866,False,166,97,band1,band4_unjudgeable,False,0.0,0.0,0.0,10036.28,1301.06,2396.19,23366.65,0.0
grp-a001-02-000000061693760,13프로맥스_맥,소다케이스_아이폰,SHOPPING,,28220,0,-28220.0,-30618.26,-31880.62,-463.913,False,66,46,band4_unjudgeable,band4_unjudgeable,False,0.0,0.0,0.0,-3842.17,927.83,0.0,5312.61,0.0
grp-a001-02-000000059809116,S24,● 01. 갤럭시_지문방지_사생활,SHOPPING,갤럭시 S24 (+/울트라),137225,251220,9601.42,-29961.88,-28758.49,-203.8223,True,147,84,band2,band3,False,0.0,0.0,0.0,-3064.71,17316.2,3261.16,22050.65,0.0
grp-a001-01-000000040173285,02. 아이폰15_강화유리,○ 02. 파워링크_PC,WEB_SITE,아이폰15(추정 매핑),105050,166100,-7972.27,-28616.93,-25296.83,-149.8269,False,191,111,band3,band3,False,0.0,0.0,0.0,749.13,749.13,5212.02,13934.38,0.0
grp-a001-01-000000060489568,S20_지문방지_TPU,○ 갤럭시 파워링크,WEB_SITE,,66839,111300,-1789.32,-28527.3,-12791.94,-171.8512,False,166,97,band3,band3,False,0.0,0.0,0.0,687.4,14310.58,175.88,11564.12,0.0
grp-a001-01-000000046416702,01. 종이질감_P11/GS10/RS10/10,○ 04. 뮤패드,WEB_SITE,,31243,75100,12649.46,-28489.61,-31075.67,-80.2524,False,355,206,band1,band4_unjudgeable,False,0.0,0.0,0.0,402.27,-703.97,14987.63,26453.14,0.0
grp-a001-02-000000061581230,S24_맥,소다케이스_갤럭시,SHOPPING,갤럭시 S24 (+/울트라),50920,50700,-21288.21,-28099.48,-27018.73,-540.3746,False,52,34,band3,band3,False,0.0,0.0,0.0,-1089.25,1080.75,0.0,6819.77,0.0
grp-a001-02-000000069089475,멕세이프카드지갑,● [P_삭제금지]맥세이프카드케이스_쇼검,SHOPPING,,58424,67600,-18914.94,-27858.15,-25177.5,-1266.2794,False,22,16,band3,band3,False,0.0,0.0,0.0,0.0,0.0,0.0,8943.21,0.0
grp-a001-02-000000053253939,08. 방수팩,● 12. 케이스/지갑/방수팩/셀카봉/충전기/스트랩,SHOPPING,,53520,89400,-1269.85,-27463.08,-28968.87,-228.859,False,120,76,band3,band3,False,0.0,0.0,0.0,-521.14,-222.28,26364.8,571.85,0.0
grp-a001-02-000000045025482,노트10,● 01. 갤럭시_지문방지_TPU,SHOPPING,,171125,270300,-13147.21,-26817.48,-48920.75,-76.186,False,352,205,band3,band3,False,0.0,0.0,0.0,-466.7,14357.85,-4488.2,4267.31,0.0
grp-a001-02-000000059819574,S25플러스,● 01. 갤럭시_강화유리,SHOPPING,갤럭시 S25 (+/울트라/FE),74110,50700,-44478.21,-26806.76,-26623.79,-439.4551,True,61,40,band3,band3,False,0.0,0.0,0.0,-862.18,878.91,0.0,-17688.17,0.0
grp-a001-02-000000061794165,15프로_일,소다케이스_아이폰,SHOPPING,아이폰15(추정 매핑),29070,12900,-21530.55,-26646.92,-27200.03,-422.967,False,63,44,band3,band3,False,0.0,0.0,0.0,-1514.07,845.93,0.0,5784.51,0.0
grp-a001-02-000000061693700,16플러스_맥,소다케이스_아이폰,SHOPPING,아이폰16(추정 매핑),26890,0,-26890.0,-26565.22,-26857.14,-408.6957,False,65,46,band4_unjudgeable,band4_unjudgeable,False,0.0,0.0,0.0,-6382.61,-72.61,0.0,6130.43,0.0
grp-a001-02-000000061794176,16프로_일,소다케이스_아이폰,SHOPPING,아이폰16(추정 매핑),30038,12900,-22498.55,-26464.71,-26576.88,-413.5111,False,64,45,band3,band4_unjudgeable,False,0.0,0.0,0.0,-372.98,827.02,0.0,3512.12,0.0
grp-a001-01-000000038737226,01. 갤럭시_이전기종,○ 02. 파워링크_MO,WEB_SITE,,76090,63600,-38918.76,-25666.79,-25300.58,-570.3731,False,45,31,band3,band3,False,0.0,0.0,0.0,0.0,-2259.25,0.0,-10992.71,0.0
grp-a001-02-000000059879687,17,● [P_삭제금지]03. 아이폰_강화유리,SHOPPING,아이폰17(추정 매핑),289191,481200,-7951.96,-25349.54,-17373.53,-144.0315,True,176,76,band3,band3,False,0.0,0.0,0.0,-5433.87,1152.25,59022.55,-3865.04,-33478.31
grp-a001-01-000000060868357,아이폰SE2_지문방지,○ 아이폰 파워링크,WEB_SITE,,82557,97300,-25689.67,-25284.43,-23212.68,-173.181,False,146,90,band3,band3,False,0.0,0.0,0.0,692.72,-3766.91,2078.17,590.78,0.0
grp-a001-01-000000061924192,S26울트라_일,○ [P_Test]소다케이스 파워링크,WEB_SITE,갤럭시 S26 (+/울트라),56754,12900,-49214.55,-24608.57,-24608.57,-1367.1429,True,18,7,band3,band4_unjudgeable,False,883.14,-28958.57,2203.74,574.29,0.0,0.0,-675.71,1367.14
grp-a001-02-000000061693708,16_맥,소다케이스_아이폰,SHOPPING,아이폰16(추정 매핑),18930,0,-18930.0,-24365.28,-23642.86,-459.7222,False,53,36,band4_unjudgeable,band4_unjudgeable,False,0.0,0.0,0.0,919.44,919.44,0.0,3596.39,0.0
grp-a001-02-000000059822246,S21울트라,● 01. 갤럭시_지문방지_사생활,SHOPPING,,67827,58700,-33519.58,-24082.63,-24322.8,-126.7507,True,190,114,band3,band3,False,0.0,0.0,0.0,507.0,1014.01,2661.76,-13619.72,0.0
grp-a001-02-000000059820913,S23,● 01. 갤럭시_지문방지_TPU,SHOPPING,갤럭시 S23 (+/울트라/FE),910910,1359420,-116392.17,-23793.15,-14894.73,-123.9226,True,192,116,band3,band3,False,0.0,0.0,0.0,2310.66,-37028.63,-28535.55,-29345.5,0.0
grp-a001-01-000000060843263,S10플러스_6H BLC,○ 갤럭시탭 파워링크,WEB_SITE,갤럭시탭 S10 울트라·+,61068,66600,-22143.39,-23440.51,-33321.87,-142.93,False,164,97,band3,band3,False,0.0,0.0,0.0,571.72,510.51,-968.33,1183.22,0.0
grp-a001-02-000000046126252,01. 아이패드프로_3-4-5-6세대_12.9인치,● 07. 아이패드_종이질감,SHOPPING,"아이패드 프로 6세대(11/12.9인치, M2)|아이패드 프로 3~5세대(11/12.9인치)",43541,31800,-24955.38,-22963.9,-23592.61,-75.2915,False,305,190,band3,band3,False,0.0,0.0,0.0,677.62,-521.79,1581.12,-3728.43,0.0
grp-a001-02-000000061794145,13프로_일,소다케이스_아이폰,SHOPPING,,28910,12900,-21370.55,-22863.31,-22143.64,-387.5137,False,59,40,band3,band3,False,0.0,0.0,0.0,-424.97,355.03,0.0,1562.71,0.0
grp-a001-01-000000060604011,아이폰12프로_강화유리,○ 아이폰 파워링크,WEB_SITE,,31404,18900,-20357.83,-22747.36,-21601.24,-137.8628,False,165,96,band3,band3,False,0.0,0.0,0.0,-48.55,-914.96,2895.12,457.92,0.0
grp-a001-01-000000061924158,S25_일,○ [P_Test]소다케이스 파워링크,WEB_SITE,갤럭시 S25 (+/울트라/FE),61490,53200,-30397.07,-22745.77,-22745.77,-1749.6747,False,13,9,band3,band3,False,0.0,0.0,0.0,0.0,-1220.33,0.0,-6430.98,0.0
grp-a001-02-000000048079128,01. 아이폰16e,● 05. 아이폰_사생활보호,SHOPPING,아이폰16(추정 매핑),25980,0,-25980.0,-22608.0,-21963.61,-147.7647,True,153,85,band4_unjudgeable,band4_unjudgeable,False,0.0,0.0,0.0,738.82,443.29,361.88,-4916.0,0.0
grp-a001-02-000000061693695,16프로_맥,소다케이스_아이폰,SHOPPING,아이폰16(추정 매핑),33960,0,-33960.0,-22343.75,-20096.15,-572.9167,False,39,24,band3,band4_unjudgeable,False,0.0,0.0,0.0,-3614.17,572.92,0.0,-8575.0,0.0
grp-a001-01-000000046416699,01. 종이질감_K11 LTE,○ 04. 뮤패드,WEB_SITE,,179552,291800,-9008.46,-22215.11,-14518.68,-62.5778,False,355,206,band3,band3,False,0.0,0.0,0.0,-1186.8,5151.3,3318.77,5923.39,0.0
grp-a001-01-000000060792989,아이폰16프로맥스_사생활보호,○ 아이폰 파워링크,WEB_SITE,아이폰16(추정 매핑),65172,75600,-20987.31,-21833.71,-22353.12,-137.3189,False,159,97,band3,band3,False,0.0,0.0,0.0,-0.72,-478.09,2197.1,-871.89,0.0
grp-a001-01-000000060841581,프로3-4-5-6세대(12.9인치)_6H BLC,○ P. 아이패드 파워링크,WEB_SITE,"아이패드 프로 6세대(11/12.9인치, M2)|아이패드 프로 3~5세대(11/12.9인치)",39238,67600,271.06,-21701.26,-17367.67,-139.1107,False,156,97,band2,band3,False,0.0,0.0,0.0,556.44,-966.23,25745.01,-3362.91,0.0
grp-a001-01-000000060481115,S22플러스_지문방지_TPU,○ 갤럭시 파워링크,WEB_SITE,갤럭시 S22 (+/울트라),72851,143100,10784.3,-21700.76,-7057.95,-130.7275,False,166,97,band2,band3,False,0.0,0.0,0.0,8455.72,245.09,3905.09,19879.16,0.0
grp-a001-02-000000044300450,06. 53/A73,● 02. 갤럭시_보급형_M,SHOPPING,,337705,489900,-51381.21,-21356.97,-3164.31,-61.9043,False,345,199,band3,band3,False,0.0,0.0,0.0,9662.76,-22339.15,-3967.59,-13380.27,0.0
grp-a001-01-000000060841582,7-8-9세대(10.2인치)_종이질감,○ P. 아이패드 파워링크,WEB_SITE,,48039,46110,-21089.85,-21020.33,-23492.87,-135.615,False,155,97,band3,band3,False,0.0,0.0,0.0,406.85,5800.12,-2091.23,-4185.24,0.0
grp-a001-02-000000047076159,01. 아이패드미니6/7세대8.3인치,● 07. 아이패드_블루라이트,SHOPPING,아이패드 미니 6세대(8.3인치)|아이패드 미니 7세대(8.3인치),265678,318410,-79582.15,-20946.27,-13543.99,-59.0036,False,355,206,band3,band3,False,0.0,0.0,0.0,-7578.97,-16160.96,4193.22,-39089.17,0.0
grp-a001-02-000000059820925,S23플러스,● 01. 갤럭시_지문방지_사생활,SHOPPING,갤럭시 S23 (+/울트라/FE),179444,263100,-25674.27,-20366.12,11517.44,-114.4164,True,178,103,band3,band3,False,0.0,0.0,0.0,7400.48,-5612.67,-8779.26,1683.29,0.0
grp-a001-01-000000061924152,S23_일,○ [P_Test]소다케이스 파워링크,WEB_SITE,갤럭시 S23 (+/울트라/FE),50520,41700,-26148.29,-20161.97,-20161.97,-1550.9208,False,13,9,band3,band3,False,0.0,0.0,0.0,-4898.16,850.92,0.0,-1939.08,0.0
grp-a001-01-000000054203750,셀카봉,○ 02. 파워링크_MO,WEB_SITE,,409712,555370,-85124.04,-20059.65,-25672.83,-247.65,False,81,53,band3,band3,False,0.0,0.0,0.0,-14501.75,11934.12,0.0,-62496.77,0.0
grp-a001-01-000000049350994,02.아이패드_에어_7세대_종이질감,○ 02. 파워링크_MO,WEB_SITE,"아이패드 에어 7세대(11/13인치, M3)",18010,31800,575.62,-20017.79,-20124.83,-104.8052,True,191,77,band2,band4_unjudgeable,False,0.0,0.0,0.0,-185.97,174.03,10858.14,7833.85,1913.38
grp-a001-01-000000060765090,S20플러스_사생활보호,○ 갤럭시 파워링크,WEB_SITE,,23841,63600,13330.24,-19859.45,-18506.91,-128.9574,False,154,94,band1,band4_unjudgeable,False,0.0,0.0,0.0,257.91,6048.51,201.32,26681.94,0.0
grp-a001-01-000000053266390,56. 방수팩,○ 02. 파워링크_MO,WEB_SITE,,35438,0,-35438.0,-19436.11,-19590.16,-110.4324,False,176,111,band3,band4_unjudgeable,False,0.0,0.0,0.0,-717.84,-987.84,993.89,-15290.11,0.0
grp-a001-02-000000061581250,S24울트라_맥,소다케이스_갤럭시,SHOPPING,갤럭시 S24 (+/울트라),142128,154100,-52063.71,-19161.1,-19610.27,-273.73,False,70,49,band3,band3,False,0.0,0.0,0.0,-12252.54,547.46,0.0,-21197.53,0.0
grp-a001-02-000000061693728,14프로_맥,소다케이스_아이폰,SHOPPING,,22140,0,-22140.0,-18663.1,-18780.77,-305.9524,False,61,42,band4_unjudgeable,band4_unjudgeable,False,0.0,0.0,0.0,-588.1,611.9,0.0,-3500.71,0.0
grp-a001-02-000000059819577,S25울트라,● 01. 갤럭시_강화유리,SHOPPING,갤럭시 S25 (+/울트라/FE),34600,37800,-12507.66,-18656.59,-18994.63,-305.8457,True,61,40,band3,band3,False,0.0,0.0,0.0,173.38,611.69,0.0,5363.86,0.0
grp-a001-01-000000060531710,플립4_지문방지,○ 갤럭시 파워링크,WEB_SITE,갤럭시 Z 플립4,88925,164200,7042.27,-18259.67,11295.92,-109.998,False,166,97,band2,band3,False,0.0,0.0,0.0,439.99,25331.88,8154.23,-8624.16,0.0
grp-a001-02-000000065140028,17E,● [P_삭제금지]04. 아이폰_지문방지,SHOPPING,아이폰17(추정 매핑),198994,318000,-13137.78,-18093.94,-24717.75,-177.3916,False,102,61,band3,band3,False,0.0,0.0,0.0,0.0,-11922.84,-5706.88,22585.89,0.0
grp-a001-01-000000061924191,S26_일,○ [P_Test]소다케이스 파워링크,WEB_SITE,갤럭시 S26 (+/울트라),15080,0,-15080.0,-18000.0,-18000.0,-1000.0,True,18,7,band4_unjudgeable,band4_unjudgeable,False,1000.0,-270.0,-1220.0,1510.0,0.0,0.0,900.0,1000.0
grp-a001-02-000000061794159,14프로_일,소다케이스_아이폰,SHOPPING,,34150,24800,-19655.55,-17991.59,-17950.79,-285.5807,False,63,44,band3,band3,False,0.0,0.0,0.0,-6518.84,571.16,0.0,4283.71,0.0
grp-a001-01-000000060792987,아이폰17프로_사생활보호,○ 아이폰 파워링크,WEB_SITE,아이폰17(추정 매핑),206111,492200,81557.03,-17807.9,-20758.33,-107.2765,True,166,76,band1,band3,False,0.0,0.0,0.0,-1080.89,11339.19,-1263.19,43926.25,46443.58
grp-a001-01-000000059040364,00. 아이폰SE2 SE3,○ 02. 파워링크_MO,WEB_SITE,,13020,0,-13020.0,-17007.24,-17028.64,-395.5172,False,43,29,band4_unjudgeable,band4_unjudgeable,False,0.0,0.0,0.0,0.0,791.03,0.0,3196.21,0.0
grp-a001-01-000000060843409,A9_6H BLC,○ 갤럭시탭 파워링크,WEB_SITE,,16866,0,-16866.0,-16940.21,-17789.5,-105.8763,False,160,97,band4_unjudgeable,band4_unjudgeable,False,0.0,0.0,0.0,-318.25,147.13,-127.1,372.42,0.0
grp-a001-02-000000061693757,13프로_맥,소다케이스_아이폰,SHOPPING,,42384,50700,-12752.21,-16581.02,-17334.71,-251.2276,False,66,46,band3,band3,False,0.0,0.0,0.0,6799.72,502.46,0.0,-3473.36,0.0
grp-a001-02-000000069089465,맥세이프지갑,● [P_삭제금지]맥세이프카드케이스_쇼검,SHOPPING,,24661,0,-24661.0,-16557.75,-15482.57,-752.625,False,22,16,band4_unjudgeable,band4_unjudgeable,False,0.0,0.0,0.0,0.0,0.0,0.0,-8103.25,0.0
grp-a001-02-000000053481936,04. 아이패드 프로 5세대 11인치,● 14. 아이패드_지문방지,SHOPPING,,18950,0,-18950.0,-16506.12,-16654.23,-206.3265,False,80,49,band4_unjudgeable,band4_unjudgeable,False,0.0,0.0,0.0,1031.63,618.98,-2361.02,-1733.47,0.0
grp-a001-01-000000060613246,A55_지문방지_TPU,○ 갤럭시 파워링크,WEB_SITE,"갤럭시 A55 (국내명: 갤럭시 퀀텀5, SKT 단독)",13971,15900,-4678.19,-16427.23,-15707.94,-102.6702,False,160,94,band3,band4_unjudgeable,False,0.0,0.0,0.0,308.01,9691.5,782.73,966.8,0.0
grp-a001-01-000000060610036,노트10_지문방지_TPU,○ 갤럭시 파워링크,WEB_SITE,,66873,143100,16762.3,-16133.77,-18730.54,-97.1914,False,166,97,band1,band3,False,0.0,0.0,0.0,-1231.23,-976.66,13830.64,21273.33,0.0
grp-a001-01-000000061883792,S26_맥(품절),○ [P_Test]소다케이스 파워링크,WEB_SITE,갤럭시 S26 (+/울트라),15760,33800,3994.53,-16100.0,-16100.0,-1610.0,True,10,3,band1,band4_unjudgeable,False,1610.0,20054.53,-3180.0,0.0,0.0,0.0,0.0,1610.0
grp-a001-01-000000060531708,플립3_지문방지,○ 갤럭시 파워링크,WEB_SITE,갤럭시 Z 플립3,17393,0,-17393.0,-15838.04,-15920.94,-102.8444,False,154,90,band4_unjudgeable,band4_unjudgeable,False,0.0,0.0,0.0,205.69,-530.09,978.73,-2209.29,0.0
grp-a001-01-000000061924153,S23울트라_일,○ [P_Test]소다케이스 파워링크,WEB_SITE,갤럭시 S23 (+/울트라/FE),15010,0,-15010.0,-15820.0,-16322.22,-1130.0,True,14,10,band3,band4_unjudgeable,False,0.0,0.0,0.0,960.0,-60.0,0.0,-90.0,0.0
grp-a001-01-000000056068629,모션링 맥세이프 그립톡,○ 02. 파워링크_PC,WEB_SITE,,18040,0,-18040.0,-15791.41,-16696.6,-185.7812,False,85,64,band4_unjudgeable,band4_unjudgeable,False,0.0,0.0,0.0,0.0,0.0,0.0,-2248.59,0.0
grp-a001-01-000000060612115,S8_지문방지_TPU,○ 갤럭시 파워링크,WEB_SITE,,21669,33600,-2031.36,-15748.82,-13769.98,-96.6186,False,163,97,band3,band4_unjudgeable,False,0.0,0.0,0.0,289.86,-513.67,16168.39,-2227.11,0.0
grp-a001-01-000000046838157,01. 갤럭시탭_S7시리즈,○ 02. 파워링크_PC,WEB_SITE,,11780,0,-11780.0,-15593.69,-15945.44,-82.0721,False,190,111,band4_unjudgeable,band4_unjudgeable,False,0.0,0.0,0.0,410.36,-91.71,1259.73,2235.32,0.0
grp-a001-02-000000061793448,노트20_맥,소다케이스_갤럭시,SHOPPING,,15400,0,-15400.0,-15400.0,-15400.0,-7700.0,True,2,2,band4_unjudgeable,band4_unjudgeable,False,0.0,0.0,0.0,0.0,0.0,0.0,0.0,0.0
grp-a001-02-000000061693771,13_맥,소다케이스_아이폰,SHOPPING,,15686,0,-15686.0,-15341.4,-16381.5,-260.0238,False,59,42,band4_unjudgeable,band4_unjudgeable,False,0.0,0.0,0.0,-679.95,520.05,0.0,-184.69,0.0
grp-a001-02-000000061794172,16플러스_일,소다케이스_아이폰,SHOPPING,아이폰16(추정 매핑),11370,0,-11370.0,-15161.96,-15328.57,-233.2609,False,65,46,band4_unjudgeable,band4_unjudgeable,False,0.0,0.0,0.0,466.52,466.52,0.0,2858.91,0.0
grp-a001-01-000000060843406,S7_6H BLC,○ 갤럭시탭 파워링크,WEB_SITE,,12938,0,-12938.0,-15159.59,-14370.02,-91.8763,False,165,97,band4_unjudgeable,band4_unjudgeable,False,0.0,0.0,0.0,275.63,-22.87,1929.4,39.42,0.0
grp-a001-02-000000046126151,01. 아이패드에어_4-5세대_10.9인치,● 07. 아이패드_종이질감,SHOPPING,,34775,26900,-19053.2,-14895.77,-13531.48,-47.2881,False,315,195,band3,band3,False,0.0,0.0,0.0,-854.41,-3053.83,-1063.95,814.75,0.0
grp-a001-01-000000047486647,01. 갤럭시S25_EZ강화유리,○ 02. 파워링크_PC,WEB_SITE,갤럭시 S25 (+/울트라/FE),61818,73600,-18802.22,-14698.77,-3883.18,-76.9569,False,191,111,band3,band3,False,0.0,0.0,0.0,-15.22,-1915.22,-2413.03,240.02,0.0
grp-a001-01-000000061924157,S24플러스_일,○ [P_Test]소다케이스 파워링크,WEB_SITE,갤럭시 S24 (+/울트라),11820,0,-11820.0,-14550.0,-14990.91,-808.3333,True,18,12,band4_unjudgeable,band4_unjudgeable,False,0.0,0.0,0.0,1126.67,108.33,0.0,1495.0,0.0
grp-a001-02-000000061693781,13미니_맥,소다케이스_아이폰,SHOPPING,,47650,65600,-9309.85,-14487.68,-15363.26,-219.5102,False,66,46,band3,band3,False,0.0,0.0,0.0,-7950.98,17158.64,0.0,-4029.84,0.0
grp-a001-02-000000053482043,06. 아이패드 프로 3456세대 11인치,● 14. 아이패드_지문방지,SHOPPING,"아이패드 프로 6세대(11/12.9인치, M2)|아이패드 프로 3~5세대(11/12.9인치)",64490,63600,-27318.76,-14268.06,-13670.0,-44.8681,False,318,199,band3,band3,False,0.0,0.0,0.0,-5076.19,-2321.58,1031.97,-6684.89,0.0
grp-a001-02-000000061794117,13미니_일,소다케이스_아이폰,SHOPPING,,27014,38700,-4395.65,-14224.47,-14349.85,-218.838,False,65,46,band3,band3,False,0.0,0.0,0.0,-3962.32,437.68,0.0,13353.47,0.0
grp-a001-01-000000060604040,아이폰16프로_강화유리,○ 아이폰 파워링크,WEB_SITE,아이폰16(추정 매핑),121642,241600,19561.97,-14202.71,13264.24,-136.5645,False,104,55,band1,band3,False,0.0,0.0,0.0,-4503.74,16362.04,42634.53,-20728.15,0.0
grp-a001-01-000000054403622,맥세이프거치대,○ 02. 파워링크_MO,WEB_SITE,,39210,47600,-11390.01,-14057.7,-15564.87,-326.9233,False,43,26,band3,band3,False,0.0,0.0,0.0,-1665.38,13183.84,0.0,-8850.77,0.0
grp-a001-01-000000060841584,프로3-4-5세대(11인치)_종이질감,○ P. 아이패드 파워링크,WEB_SITE,,63058,47700,-35179.57,-14031.64,-5060.56,-90.5267,False,155,96,band3,band3,False,0.0,0.0,0.0,362.11,-2417.31,-10714.21,-8378.51,0.0
grp-a001-02-000000061794155,14플러스_일,소다케이스_아이폰,SHOPPING,,16947,0,-16947.0,-14030.11,-14122.92,-215.8478,False,65,46,band4_unjudgeable,band4_unjudgeable,False,0.0,0.0,0.0,-1958.3,431.7,0.0,-1390.28,0.0
grp-a001-02-000000061793303,S22울트라_일,소다케이스_갤럭시,SHOPPING,갤럭시 S22 (+/울트라),13990,0,-13990.0,-13990.0,-13990.0,-6995.0,True,2,2,band4_unjudgeable,band4_unjudgeable,False,0.0,0.0,0.0,0.0,0.0,0.0,0.0,0.0
grp-a001-01-000000060823923,맥세이프카드지갑(가죽),○ 기타 파워링크,WEB_SITE,,13305,0,-13305.0,-13848.0,-13971.63,-329.7143,False,42,28,band4_unjudgeable,band4_unjudgeable,False,0.0,0.0,0.0,-471.14,39.71,0.0,974.43,0.0
grp-a001-01-000000046416701,01. 종이질감_K13 OLED,○ 04. 뮤패드,WEB_SITE,,69647,92120,-15807.14,-13782.55,-2240.03,-38.8241,False,355,206,band3,band3,False,0.0,0.0,0.0,349.42,7356.7,-2026.1,-7704.6,0.0
grp-a001-01-000000060531067,플립1_지문방지,○ 갤럭시 파워링크,WEB_SITE,,12607,0,-12607.0,-13602.63,-13116.95,-96.4725,False,141,91,band4_unjudgeable,band4_unjudgeable,False,0.0,0.0,0.0,385.89,-382.69,-14.16,1006.59,0.0
grp-a001-01-000000060613245,A54_지문방지_TPU,○ 갤럭시 파워링크,WEB_SITE,"갤럭시 A54 (국내명: 갤럭시 퀀텀4, SKT 단독)",11556,0,-11556.0,-13381.11,-11605.65,-84.1579,False,159,95,band4_unjudgeable,band4_unjudgeable,False,0.0,0.0,0.0,336.63,589.11,330.68,568.68,0.0
grp-a001-02-000000043615764,00. 컨텐츠매체_메인 TOP25,● 10. 컨텐츠매체,SHOPPING,,167656,225120,-36083.82,-13309.0,-58440.3,-37.8097,False,352,204,band3,band3,False,0.0,0.0,0.0,423.1,16324.71,-36450.29,-3072.33,0.0
grp-a001-01-000000061924190,S25플러스_일,○ [P_Test]소다케이스 파워링크,WEB_SITE,갤럭시 S25 (+/울트라/FE),12550,0,-12550.0,-13006.0,-13418.89,-929.0,True,14,10,band4_unjudgeable,band4_unjudgeable,False,0.0,0.0,0.0,0.0,929.0,0.0,-473.0,0.0
grp-a001-02-000000044744526,10. 아이폰 SE2/SE3,● [P_삭제금지]04. 아이폰_지문방지,SHOPPING,,368344,438920,-111815.65,-12851.32,-3878.15,-37.2502,False,345,206,band3,band3,False,0.0,0.0,0.0,-374.75,-4047.0,-25588.43,-68954.15,0.0
grp-a001-01-000000060843312,S8_6H BLC,○ 갤럭시탭 파워링크,WEB_SITE,갤럭시탭 S8 울트라,10932,0,-10932.0,-12850.88,-13264.68,-79.8191,False,161,94,band4_unjudgeable,band4_unjudgeable,False,0.0,0.0,0.0,-490.72,-120.27,1596.38,933.49,0.0
grp-a001-01-000000060841229,프로M47세대(11인치)_6H BLC,○ P. 아이패드 파워링크,WEB_SITE,"아이패드 프로 7세대(11/13인치, M4)",22873,32800,-3702.92,-12682.94,-17003.86,-81.3009,False,156,97,band3,band3,False,0.0,0.0,0.0,325.2,-224.89,200.31,8679.4,0.0
grp-a001-01-000000060610039,노트10플러스_지문방지_TPU,○ 갤럭시 파워링크,WEB_SITE,,70629,184800,37378.01,-12658.04,-22947.8,-76.2533,False,166,97,band1,band3,False,0.0,0.0,0.0,7087.82,-2790.23,13683.03,32055.43,0.0
grp-a001-02-000000059821023,S10플러스,● 01. 갤럭시_지문방지_TPU,SHOPPING,,300200,466100,-27786.21,-12430.28,-43771.34,-64.741,True,192,116,band3,band3,False,0.0,0.0,0.0,129.48,-6739.07,7734.07,-16480.41,0.0
grp-a001-02-000000059820931,S22플러스,● 01. 갤럭시_지문방지_TPU,SHOPPING,갤럭시 S22 (+/울트라),395817,699600,13066.69,-12418.92,-11820.68,-64.6819,True,192,116,band2,band3,False,0.0,0.0,0.0,-1110.64,5603.08,12062.75,8930.42,0.0
grp-a001-01-000000060604019,아이폰13프로맥스_강화유리,○ 아이폰 파워링크,WEB_SITE,,48287,71600,-6440.13,-12201.11,-5800.27,-73.5007,False,166,97,band3,band3,False,0.0,0.0,0.0,-1646.0,514.5,337.51,6554.96,0.0
grp-a001-01-000000060481589,S21플러스_지문방지_TPU,○ 갤럭시 파워링크,WEB_SITE,,67447,124200,5142.13,-11894.57,-23903.77,-72.0883,False,165,97,band2,band3,False,0.0,0.0,0.0,-1033.74,-2415.38,4695.12,15790.7,0.0
grp-a001-01-000000054405090,맥세이프거치대,○ 02. 파워링크_PC,WEB_SITE,,11270,0,-11270.0,-11790.0,-11699.02,-81.875,False,144,96,band4_unjudgeable,band4_unjudgeable,False,0.0,0.0,0.0,69.38,327.5,0.0,123.12,0.0
grp-a001-01-000000060796707,아이폰12프로_사생활보호,○ 아이폰 파워링크,WEB_SITE,,38505,38800,-15828.2,-11774.52,-10912.44,-78.4968,False,150,93,band3,band3,False,0.0,0.0,0.0,313.99,-2615.02,1020.46,-2773.11,0.0
grp-a001-02-000000061793489,S22울트라_맥,소다케이스_갤럭시,SHOPPING,갤럭시 S22 (+/울트라),21620,16900,-11742.74,-11742.74,-11742.74,-5871.3676,True,2,2,band3,band3,False,0.0,0.0,0.0,0.0,0.0,0.0,0.0,0.0
grp-a001-01-000000060823924,맥세이프케이스_아이폰17,○ 기타 파워링크,WEB_SITE,아이폰17(추정 매핑),33111,0,-33111.0,-11706.0,-11792.57,-278.7143,True,42,7,band3,band4_unjudgeable,False,0.0,0.0,0.0,354.86,-1741.29,0.0,-5721.57,-14297.0
grp-a001-02-000000059826628,노트10플러스,● 01. 갤럭시_지문방지_TPU,SHOPPING,,35966,44700,-9840.93,-11336.59,-18211.3,-59.0447,True,192,116,band3,band3,False,0.0,0.0,0.0,-931.91,472.36,6199.39,-4244.18,0.0
grp-a001-01-000000037423636,01. 갤럭시플립,○ 02. 파워링크_PC,WEB_SITE,,213742,452830,50916.09,-11156.12,8031.12,-58.409,False,191,111,band1,band3,False,0.0,0.0,0.0,8975.32,-327.96,16754.91,36669.94,0.0
grp-a001-01-000000060843261,S10울트라_6H BLC,○ 갤럭시탭 파워링크,WEB_SITE,갤럭시탭 S10 울트라·+,10382,15900,-1089.19,-10985.94,-11222.03,-70.4227,False,156,97,band3,band4_unjudgeable,False,0.0,0.0,0.0,281.69,45.96,774.65,8794.45,0.0
grp-a001-02-000000059879675,17프로맥스,● [P_삭제금지]03. 아이폰_강화유리,SHOPPING,아이폰17(추정 매핑),123148,144200,-38869.8,-10733.55,-11219.44,-59.3014,True,181,73,band3,band4_unjudgeable,False,0.0,0.0,0.0,237.21,-11114.89,1008.12,6957.51,-25224.2
grp-a001-02-000000061793358,S24플러스_일,소다케이스_갤럭시,SHOPPING,갤럭시 S24 (+/울트라),23070,25800,-7991.1,-10634.43,-9830.14,-208.5181,False,51,33,band3,band3,False,0.0,0.0,0.0,-692.96,417.04,0.0,2919.25,0.0
grp-a001-01-000000046978005,"02.아이패드_프로 6,7세대_종이질감",○ 02. 파워링크_PC,WEB_SITE,"아이패드 프로 6세대(11/12.9인치, M2)|아이패드 프로 7세대(11/13인치, M4)",46210,111300,18839.68,-10585.13,-6363.9,-55.4195,False,191,111,band1,band3,False,0.0,0.0,0.0,277.1,-3782.9,15865.69,17064.92,0.0
grp-a001-01-000000060843265,S10FE_6H BLC,○ 갤럭시탭 파워링크,WEB_SITE,갤럭시탭 S10 울트라·+,24458,36800,-2950.11,-10372.59,-11319.04,-62.8642,False,165,97,band3,band3,False,0.0,0.0,0.0,-698.54,93.05,322.28,7705.69,0.0
grp-a001-01-000000046837921,01. 갤럭시탭_S8시리즈,○ 02. 파워링크_PC,WEB_SITE,갤럭시탭 S8 울트라,20640,31800,-2054.38,-10347.65,-10965.36,-54.7494,False,189,111,band3,band3,False,0.0,0.0,0.0,-156.25,273.75,8127.3,48.47,0.0
grp-a001-01-000000060796704,아이폰12_사생활보호,○ 아이폰 파워링크,WEB_SITE,,9245,0,-9245.0,-10189.57,-8818.63,-65.7391,False,155,92,band4_unjudgeable,band4_unjudgeable,False,0.0,0.0,0.0,262.96,-815.57,1183.3,313.87,0.0
grp-a001-01-000000061883888,16프로_맥,○ [P_Test]소다케이스 파워링크,WEB_SITE,아이폰16(추정 매핑),9970,0,-9970.0,-10155.0,-10155.0,-564.1667,False,18,12,band4_unjudgeable,band4_unjudgeable,False,0.0,0.0,0.0,738.33,564.17,0.0,-1117.5,0.0
grp-a001-02-000000061794170,16_일,소다케이스_아이폰,SHOPPING,아이폰16(추정 매핑),31790,38700,-9171.65,-10104.81,-10198.67,-155.4587,False,65,46,band3,band3,False,0.0,0.0,0.0,-1709.63,310.92,0.0,2331.88,0.0
grp-a001-01-000000060843278,S10FE플러스_6H BLC,○ 갤럭시탭 파워링크,WEB_SITE,갤럭시탭 S10 울트라·+,27638,33800,-7883.47,-10062.53,-20726.32,-62.8908,False,160,94,band3,band3,False,0.0,0.0,0.0,188.67,-336.76,6446.19,-4119.04,0.0
grp-a001-02-000000061793457,노트20울트라_맥,소다케이스_갤럭시,SHOPPING,,9960,0,-9960.0,-9960.0,-9960.0,-4980.0,True,2,2,band4_unjudgeable,band4_unjudgeable,False,0.0,0.0,0.0,0.0,0.0,0.0,0.0,0.0
grp-a001-01-000000060843407,S7플러스_6H BLC,○ 갤럭시탭 파워링크,WEB_SITE,,10955,32800,8215.08,-9893.11,-8687.65,-61.4479,False,161,96,band1,band4_unjudgeable,False,0.0,0.0,0.0,245.79,430.14,1106.06,16326.2,0.0
grp-a001-02-000000061793496,S23_맥,소다케이스_갤럭시,SHOPPING,갤럭시 S23 (+/울트라/FE),8804,0,-8804.0,-9854.62,-9228.25,-179.175,False,55,40,band4_unjudgeable,band4_unjudgeable,False,0.0,0.0,0.0,0.0,358.35,0.0,692.28,0.0
grp-a001-01-000000060612843,S9_지문방지_TPU,○ 갤럭시 파워링크,WEB_SITE,,27099,31800,-8513.38,-9785.41,-11424.59,-60.0332,False,163,96,band3,band3,False,0.0,0.0,0.0,120.07,-3878.77,-1405.3,6436.04,0.0
grp-a001-01-000000050409988,00. 갤럭시s25엣지(사생활),○ 02. 파워링크_PC,WEB_SITE,,6790,0,-6790.0,-9552.16,-9189.44,-51.0811,False,187,111,band4_unjudgeable,band4_unjudgeable,False,0.0,0.0,0.0,153.24,255.41,455.95,1897.57,0.0
grp-a001-01-000000060843281,S9플러스_6H BLC,○ 갤럭시탭 파워링크,WEB_SITE,갤럭시탭 S9 울트라,7423,0,-7423.0,-9393.79,-8652.67,-62.2105,False,151,95,band4_unjudgeable,band4_unjudgeable,False,0.0,0.0,0.0,186.63,435.47,622.11,726.58,0.0
grp-a001-01-000000042969517,55. 갤럭시워치 실리콘 스트랩,○ 02. 파워링크_MO,WEB_SITE,,131940,165900,-34979.16,-9357.8,-20783.4,-48.9937,False,191,111,band3,band3,False,0.0,0.0,0.0,-2555.03,-3165.03,-2859.24,-17042.05,0.0
grp-a001-01-000000046838297,01. 갤럭시탭_S6시리즈,○ 02. 파워링크_PC,WEB_SITE,,7870,0,-7870.0,-9024.32,-8206.67,-47.7477,False,189,111,band4_unjudgeable,band4_unjudgeable,False,0.0,0.0,0.0,190.99,-171.26,365.95,768.65,0.0
grp-a001-01-000000060613249,A34_지문방지_TPU,○ 갤럭시 파워링크,WEB_SITE,갤럭시 A34,24184,31800,-5598.38,-8859.93,-11543.12,-53.3731,False,166,97,band3,band3,False,0.0,0.0,0.0,-216.51,373.61,-471.17,3575.62,0.0
grp-a001-02-000000059832147,폴드7,● 01. 갤럭시_지문방지_사생활,SHOPPING,갤럭시 Z 폴드7,667273,1256200,66917.53,-8848.84,-8982.6,-45.6126,True,194,100,band2,band3,False,0.0,0.0,0.0,-2047.55,35838.46,6055.32,19072.61,16847.53
grp-a001-01-000000046127917,02.아이패드_미니7/6세대_종이질감,○ 02. 파워링크_MO,WEB_SITE,아이패드 미니 6세대(8.3인치)|아이패드 미니 7세대(8.3인치),66020,79500,-19555.94,-8503.06,-12574.54,-44.5186,False,191,111,band3,band3,False,0.0,0.0,0.0,-767.41,-3877.41,-708.74,-5699.33,0.0
grp-a001-02-000000061794163,15플러스_일,소다케이스_아이폰,SHOPPING,아이폰15(추정 매핑),24071,12900,-16531.55,-8278.51,-8373.42,-133.5244,False,62,43,band3,band3,False,0.0,0.0,0.0,-10522.95,267.05,0.0,2002.87,0.0
grp-a001-01-000000060612842,S8플러스_지문방지_TPU,○ 갤럭시 파워링크,WEB_SITE,,10454,0,-10454.0,-8145.59,-9522.02,-50.5938,False,161,96,band4_unjudgeable,band4_unjudgeable,False,0.0,0.0,0.0,151.78,-340.84,10.47,-2129.81,0.0
grp-a001-01-000000044378320,37 LG_지문방지필름,○ 02. 파워링크_PC,WEB_SITE,,6720,15900,2572.81,-8127.55,-8776.72,-45.6604,False,178,106,band1,band4_unjudgeable,False,0.0,0.0,0.0,136.98,-501.7,958.87,10106.21,0.0
grp-a001-02-000000061793511,S23플러스_맥,소다케이스_갤럭시,SHOPPING,갤럭시 S23 (+/울트라/FE),8060,0,-8060.0,-8060.0,-8060.0,-4030.0,True,2,2,band4_unjudgeable,band4_unjudgeable,False,0.0,0.0,0.0,0.0,0.0,0.0,0.0,0.0
grp-a001-02-000000061793266,S22_일,소다케이스_갤럭시,SHOPPING,갤럭시 S22 (+/울트라),15380,12900,-7840.55,-7840.55,-7840.55,-3920.2747,True,2,2,band3,band3,False,0.0,0.0,0.0,0.0,0.0,0.0,0.0,0.0
grp-a001-02-000000059828242,S25울트라,● 01. 갤럭시_지문방지_PET,SHOPPING,갤럭시 S25 (+/울트라/FE),17846,47700,10032.43,-7815.15,-9265.52,-40.493,True,193,116,band1,band3,False,0.0,0.0,0.0,161.97,9037.76,-697.14,9345.0,0.0
grp-a001-01-000000060865149,일미리케이스_폴드7,○ 기타 파워링크,WEB_SITE,갤럭시 Z 폴드7,6669,0,-6669.0,-7653.0,-7582.28,-182.2143,False,42,28,band4_unjudgeable,band4_unjudgeable,False,0.0,0.0,0.0,128.86,182.21,0.0,672.93,0.0
grp-a001-01-000000061883895,15_맥,○ [P_Test]소다케이스 파워링크,WEB_SITE,아이폰15(추정 매핑),7150,0,-7150.0,-7609.09,-7812.0,-507.2727,True,15,11,band4_unjudgeable,band4_unjudgeable,False,0.0,0.0,0.0,-555.45,507.27,0.0,507.27,0.0
grp-a001-01-000000047486686,01. 갤럭시S25_자가복원 고투명,○ 02. 파워링크_MO,WEB_SITE,갤럭시 S25 (+/울트라/FE),7730,0,-7730.0,-7502.34,-7322.77,-39.2793,False,191,111,band4_unjudgeable,band4_unjudgeable,False,0.0,0.0,0.0,196.4,-203.6,-167.3,-53.15,0.0
grp-a001-01-000000060866006,골프버디필름(자사몰),○ 기타 파워링크,WEB_SITE,,73210,101200,-14063.3,-7477.76,-6947.12,-178.0418,False,42,28,band3,band3,False,0.0,0.0,0.0,-1067.83,-3911.96,0.0,-1605.76,0.0
grp-a001-02-000000059827297,S22,● 01. 갤럭시_지문방지_PET,SHOPPING,갤럭시 S22 (+/울트라),5053,15900,4239.81,-7429.58,-6618.28,-53.8375,True,138,80,band1,band4_unjudgeable,False,0.0,0.0,0.0,215.35,215.35,915.24,10323.45,0.0
grp-a001-02-000000061793346,S24_일,소다케이스_갤럭시,SHOPPING,갤럭시 S24 (+/울트라),22527,12900,-14987.55,-7412.59,-7515.07,-119.5579,False,62,44,band3,band3,False,0.0,0.0,0.0,-3360.88,-387.88,0.0,-3826.19,0.0
grp-a001-01-000000061924193,S26플러스_일,○ [P_Test]소다케이스 파워링크,WEB_SITE,갤럭시 S26 (+/울트라),7660,0,-7660.0,-7382.86,-7382.86,-434.2857,False,17,7,band4_unjudgeable,band4_unjudgeable,False,434.29,-2397.14,868.57,868.57,0.0,0.0,-51.43,0.0
grp-a001-01-000000060792993,아이폰16플러스_사생활보호,○ 아이폰 파워링크,WEB_SITE,아이폰16(추정 매핑),8098,0,-8098.0,-7286.4,-7329.13,-55.2,True,132,85,band4_unjudgeable,band4_unjudgeable,False,0.0,0.0,0.0,220.8,331.2,386.4,-1750.0,0.0
grp-a001-02-000000061693716,15프로_맥,소다케이스_아이폰,SHOPPING,아이폰15(추정 매핑),65000,84500,-15613.68,-7212.02,-7480.45,-116.3229,False,62,44,band3,band3,False,0.0,0.0,0.0,11717.18,232.65,0.0,-20351.48,0.0
grp-a001-01-000000061883430,S24울트라_맥,○ [P_Test]소다케이스 파워링크,WEB_SITE,갤럭시 S24 (+/울트라),7560,0,-7560.0,-6995.45,-7182.0,-466.3636,True,15,11,band4_unjudgeable,band4_unjudgeable,False,0.0,0.0,0.0,0.0,466.36,0.0,-1030.91,0.0
grp-a001-01-000000060764895,아이폰14_사생활보호,○ 아이폰 파워링크,WEB_SITE,,24442,19900,-12811.37,-6919.24,-6131.22,-48.0503,False,144,87,band3,band3,False,0.0,0.0,0.0,144.15,288.3,720.75,-7045.34,0.0
grp-a001-01-000000060610050,A33_지문방지_TPU,○ 갤럭시 파워링크,WEB_SITE,갤럭시 A33,9116,15900,176.81,-6903.55,-5941.93,-41.5876,False,166,97,band2,band4_unjudgeable,False,0.0,0.0,0.0,166.35,291.11,-43.66,6666.55,0.0
grp-a001-01-000000060843279,S9_6H BLC,○ 갤럭시탭 파워링크,WEB_SITE,갤럭시탭 S9 울트라,8812,16900,1065.26,-6798.99,-7606.91,-43.0316,False,158,95,band2,band4_unjudgeable,False,0.0,0.0,0.0,86.06,9261.49,-802.46,-680.83,0.0
grp-a001-01-000000060842824,에어6-7세대(13인치)_6H BLC,○ P. 아이패드 파워링크,WEB_SITE,"아이패드 에어 6세대(11/13인치, M2)|아이패드 에어 7세대(11/13인치, M3)",6722,0,-6722.0,-6766.27,-6782.12,-43.9368,False,154,95,band4_unjudgeable,band4_unjudgeable,False,0.0,0.0,0.0,175.75,307.56,-1884.69,1445.66,0.0
grp-a001-02-000000059829132,S23플러스,● 01. 갤럭시_지문방지_PET,SHOPPING,갤럭시 S23 (+/울트라/FE),18482,31800,103.62,-6632.04,-5914.49,-35.0902,True,189,113,band2,band3,False,0.0,0.0,0.0,-809.64,-113.28,701.8,6956.78,0.0
grp-a001-02-000000061793476,S22플러스_맥,소다케이스_갤럭시,SHOPPING,갤럭시 S22 (+/울트라),6550,0,-6550.0,-6550.0,-6550.0,-3275.0,True,2,2,band4_unjudgeable,band4_unjudgeable,False,0.0,0.0,0.0,0.0,0.0,0.0,0.0,0.0
grp-a001-01-000000060824081,도어락_지문방지,○ 기타 파워링크,WEB_SITE,,6363,0,-6363.0,-6520.5,-6542.32,-155.25,False,42,28,band4_unjudgeable,band4_unjudgeable,False,0.0,0.0,0.0,411.0,155.25,0.0,-408.75,0.0
grp-a001-01-000000070110703,폴드8_컨텐츠 매체,폴드8 / 플립8 키워드,WEB_SITE,갤럭시 Z 폴드8 (울트라 포함),4388,0,-4388.0,-6352.0,-6352.0,-794.0,True,8,3,band4_unjudgeable,band4_unjudgeable,False,0.0,0.0,0.0,0.0,200.0,1588.0,176.0,0.0
grp-a001-01-000000046980878,01. 갤럭시S21_지문방지,○ 02. 파워링크_PC,WEB_SITE,,115120,206700,5686.55,-6305.92,-16408.6,-33.0153,False,191,111,band2,band3,False,0.0,0.0,0.0,-384.92,-844.92,11550.8,1671.52,0.0
grp-a001-02-000000059828469,S24울트라,● 01. 갤럭시_지문방지_PET,SHOPPING,갤럭시 S24 (+/울트라),5600,0,-5600.0,-6215.62,-5469.78,-35.1165,True,177,103,band4_unjudgeable,band4_unjudgeable,False,0.0,0.0,0.0,140.47,280.93,-280.67,474.89,0.0
grp-a001-02-000000052819145,00. Z플립폴드7,● 12. 케이스/지갑/방수팩/셀카봉/충전기/스트랩,SHOPPING,갤럭시 Z 폴드7,1298273,1595220,-365941.03,-6136.22,-6336.48,-19.2963,True,318,81,band3,band4_unjudgeable,False,-94048.01,-163422.02,0.0,-2493.52,-6377.04,-697.37,-44573.16,-48193.69
grp-a001-02-000000046222149,Z폴드/플립3_힌지,● 01. 갤럭시_지문방지_TPU,SHOPPING,갤럭시 Z 플립3|갤럭시 Z 폴드3,24155,19200,-12933.49,-6106.72,-5939.07,-73.575,False,83,40,band3,band4_unjudgeable,False,0.0,0.0,0.0,0.0,-152.12,-6411.42,-263.22,0.0
grp-a001-02-000000059828246,S25플러스,● 01. 갤럭시_지문방지_PET,SHOPPING,갤럭시 S25 (+/울트라/FE),4710,0,-4710.0,-6055.76,-5595.0,-43.8824,True,138,85,band4_unjudgeable,band4_unjudgeable,False,0.0,0.0,0.0,175.53,175.53,702.12,292.59,0.0
grp-a001-02-000000061793470,S22_맥,소다케이스_갤럭시,SHOPPING,갤럭시 S22 (+/울트라),6000,0,-6000.0,-6000.0,-6000.0,-3000.0,True,2,2,band4_unjudgeable,band4_unjudgeable,False,0.0,0.0,0.0,0.0,0.0,0.0,0.0,0.0
grp-a001-02-000000061794093,12_일,소다케이스_아이폰,SHOPPING,,6000,0,-6000.0,-6000.0,-6000.0,-3000.0,True,2,2,band4_unjudgeable,band4_unjudgeable,False,0.0,0.0,0.0,0.0,0.0,0.0,0.0,0.0
grp-a001-02-000000059826577,S25,● 01. 갤럭시_지문방지_PET,SHOPPING,갤럭시 S25 (+/울트라/FE),3788,0,-3788.0,-5974.89,-5376.6,-39.0515,True,153,97,band4_unjudgeable,band4_unjudgeable,False,0.0,0.0,0.0,117.15,195.26,507.67,1366.8,0.0
grp-a001-01-000000060824110,종이질감필름_태블릿,○ 기타 파워링크,WEB_SITE,,6115,0,-6115.0,-5770.37,-6064.09,-140.7407,True,41,27,band4_unjudgeable,band4_unjudgeable,False,0.0,0.0,0.0,562.96,-49.26,0.0,-858.33,0.0
grp-a001-01-000000060825794,S8플러스_종이질감,○ 갤럭시탭 파워링크,WEB_SITE,갤럭시탭 S8 울트라,34635,63600,2536.24,-5654.91,-15052.13,-34.0657,False,166,97,band2,band3,False,0.0,0.0,0.0,-393.74,-1711.54,5654.19,4642.24,0.0
grp-a001-01-000000049350730,02.아이패드_에어_7세대_종이질감,○ 02. 파워링크_PC,WEB_SITE,"아이패드 에어 7세대(11/13인치, M3)",3910,0,-3910.0,-5441.11,-5495.74,-32.7778,True,166,72,band4_unjudgeable,band4_unjudgeable,False,0.0,0.0,0.0,98.33,131.11,-434.44,982.78,753.33
grp-a001-01-000000060796551,아이폰13미니_사생활보호(품절),○ 아이폰 파워링크,WEB_SITE,,5870,0,-5870.0,-5297.25,-4687.25,-33.5269,False,158,93,band4_unjudgeable,band4_unjudgeable,False,0.0,0.0,0.0,134.11,234.69,36.96,-978.51,0.0
grp-a001-01-000000061883897,14프로_맥,○ [P_Test]소다케이스 파워링크,WEB_SITE,,5176,0,-5176.0,-5230.91,-5370.4,-348.7273,True,15,11,band4_unjudgeable,band4_unjudgeable,False,0.0,0.0,0.0,-292.55,348.73,0.0,-1.27,0.0
grp-a001-02-000000044103604,전기종,● 01. 갤럭시_지문방지_TPU,SHOPPING,,26050,35800,-5126.56,-5126.56,-5126.56,-1025.3127,True,5,5,band3,band3,False,0.0,0.0,0.0,0.0,0.0,0.0,0.0,0.0
grp-a001-02-000000059828556,S24플러스,● 01. 갤럭시_지문방지_PET,SHOPPING,갤럭시 S24 (+/울트라),4020,0,-4020.0,-4910.15,-5821.22,-31.0769,True,158,91,band4_unjudgeable,band4_unjudgeable,False,0.0,0.0,0.0,124.31,217.54,-570.46,1118.77,0.0
grp-a001-01-000000060604027,아이폰14플러스_강화유리,○ 아이폰 파워링크,WEB_SITE,,3451,0,-3451.0,-4860.62,-4214.04,-30.7634,False,158,93,band4_unjudgeable,band4_unjudgeable,False,0.0,0.0,0.0,92.29,215.34,584.51,517.48,0.0
grp-a001-02-000000061794111,12프로_일,소다케이스_아이폰,SHOPPING,,4800,0,-4800.0,-4800.0,-4800.0,-2400.0,True,2,2,band4_unjudgeable,band4_unjudgeable,False,0.0,0.0,0.0,0.0,0.0,0.0,0.0,0.0
grp-a001-01-000000060604009,아이폰12_강화유리,○ 아이폰 파워링크,WEB_SITE,,2874,0,-2874.0,-4790.0,-4242.75,-31.9333,False,150,90,band4_unjudgeable,band4_unjudgeable,False,0.0,0.0,0.0,95.8,223.53,510.93,1085.73,0.0
grp-a001-01-000000061883899,14_맥,○ [P_Test]소다케이스 파워링크,WEB_SITE,,3690,0,-3690.0,-4740.0,-4740.0,-263.3333,False,18,12,band4_unjudgeable,band4_unjudgeable,False,0.0,0.0,0.0,526.67,263.33,0.0,260.0,0.0
grp-a001-01-000000061924086,13미니_일,○ [P_Test]소다케이스 파워링크,WEB_SITE,,3780,0,-3780.0,-4648.0,-4648.0,-664.0,False,7,5,band4_unjudgeable,band4_unjudgeable,False,0.0,0.0,0.0,868.0,0.0,0.0,0.0,0.0
grp-a001-01-000000046977473,02.아이패드_10세대_6H BLC,○ 02. 파워링크_MO,WEB_SITE,아이패드 10세대(10.9인치),3030,0,-3030.0,-4492.55,-4205.49,-25.098,False,179,102,band4_unjudgeable,band4_unjudgeable,False,0.0,0.0,0.0,125.49,125.49,132.35,1079.22,0.0
grp-a001-02-000000059880038,17에어,● [P_삭제금지]03. 아이폰_강화유리,SHOPPING,아이폰17(추정 매핑),93798,164100,2110.83,-4482.97,-5818.69,-23.5946,True,190,74,band2,band4_unjudgeable,False,0.0,0.0,0.0,94.38,-1708.24,495.49,16698.94,-8986.77
grp-a001-01-000000061924154,S23플러스_일,○ [P_Test]소다케이스 파워링크,WEB_SITE,갤럭시 S23 (+/울트라/FE),5490,0,-5490.0,-4320.0,-4320.0,-540.0,False,8,6,band4_unjudgeable,band4_unjudgeable,False,0.0,0.0,0.0,0.0,-90.0,0.0,-1080.0,0.0
grp-a001-01-000000060843280,S9울트라_6H BLC,○ 갤럭시탭 파워링크,WEB_SITE,갤럭시탭 S9 울트라,5100,15900,4192.81,-4317.09,-3925.65,-27.6737,False,156,95,band1,band4_unjudgeable,False,0.0,0.0,0.0,110.69,193.72,9020.24,-814.75,0.0
grp-a001-02-000000059828464,S24FE,● 01. 갤럭시_지문방지_PET,SHOPPING,갤럭시 S24 FE,17577,31800,1008.62,-4243.33,-3777.71,-22.9369,True,185,108,band2,band3,False,0.0,0.0,0.0,-578.25,183.5,481.68,5165.04,0.0
grp-a001-01-000000061883438,S24_맥,○ [P_Test]소다케이스 파워링크,WEB_SITE,갤럭시 S24 (+/울트라),17660,16900,-7782.74,-4213.23,-4324.1,-221.7489,True,19,13,band3,band3,False,0.0,0.0,0.0,3.5,221.75,0.0,-3794.75,0.0
grp-a001-01-000000050221991,00. 갤럭시s25엣지,○ 02. 파워링크_PC,WEB_SITE,,27810,47700,68.43,-4102.85,-2570.39,-21.4809,False,191,111,band2,band3,False,0.0,0.0,0.0,107.4,107.4,6238.35,-2281.88,0.0
grp-a001-01-000000049354066,02.아이패드_에어_7세대_강화유리코팅,○ 02. 파워링크_MO,WEB_SITE,"아이패드 에어 7세대(11/13인치, M3)",2130,0,-2130.0,-4077.4,-4070.93,-21.6883,True,188,77,band4_unjudgeable,band4_unjudgeable,False,0.0,0.0,0.0,86.75,108.44,498.83,695.97,557.4
grp-a001-01-000000061924090,14프로_일,○ [P_Test]소다케이스 파워링크,WEB_SITE,,2800,0,-2800.0,-3920.0,-4044.44,-280.0,True,14,10,band4_unjudgeable,band4_unjudgeable,False,0.0,0.0,0.0,560.0,280.0,0.0,280.0,0.0
grp-a001-01-000000061924107,15프로맥스_일,○ [P_Test]소다케이스 파워링크,WEB_SITE,아이폰15(추정 매핑),3250,0,-3250.0,-3892.0,-4015.56,-278.0,True,14,10,band4_unjudgeable,band4_unjudgeable,False,0.0,0.0,0.0,556.0,278.0,0.0,-192.0,0.0
grp-a001-01-000000060612113,A73_지문방지_TPU,○ 갤럭시 파워링크,WEB_SITE,,4792,15900,4500.81,-3867.18,-3986.32,-31.4405,True,123,84,band1,band4_unjudgeable,False,0.0,0.0,0.0,31.44,9401.45,31.44,-1096.35,0.0
grp-a001-02-000000061794086,12미니_일,소다케이스_아이폰,SHOPPING,,3600,0,-3600.0,-3600.0,-3600.0,-1800.0,True,2,2,band4_unjudgeable,band4_unjudgeable,False,0.0,0.0,0.0,0.0,0.0,0.0,0.0,0.0
grp-a001-01-000000061924116,17프로맥스_일,○ [P_Test]소다케이스 파워링크,WEB_SITE,아이폰17(추정 매핑),8626,0,-8626.0,-3564.0,-3564.0,-198.0,True,18,2,band4_unjudgeable,band4_unjudgeable,False,0.0,0.0,0.0,-104.0,198.0,0.0,-1436.0,-3720.0
grp-a001-01-000000061883426,S25플러스_맥(품절),○ [P_Test]소다케이스 파워링크,WEB_SITE,갤럭시 S25 (+/울트라/FE),3518,0,-3518.0,-3518.0,-3518.0,-1172.6667,True,3,3,band4_unjudgeable,band4_unjudgeable,False,0.0,0.0,0.0,0.0,0.0,0.0,0.0,0.0
grp-a001-02-000000063093697,아이폰필름,아이폰 17프로 필름,SHOPPING,아이폰17(추정 매핑),3477,0,-3477.0,-3505.91,-3713.67,-233.7273,True,15,11,band4_unjudgeable,band4_unjudgeable,False,0.0,0.0,0.0,0.0,0.0,0.0,28.91,0.0
grp-a001-01-000000061883887,17에어_맥,○ [P_Test]소다케이스 파워링크,WEB_SITE,아이폰17(추정 매핑),2351,0,-2351.0,-3239.5,-3239.5,-170.5,True,19,2,band4_unjudgeable,band4_unjudgeable,False,0.0,0.0,0.0,341.0,170.5,0.0,511.5,-134.5
grp-a001-01-000000061883424,S25_맥(품절),○ [P_Test]소다케이스 파워링크,WEB_SITE,갤럭시 S25 (+/울트라/FE),3238,0,-3238.0,-3238.0,-3238.0,-809.5,True,4,4,band4_unjudgeable,band4_unjudgeable,False,0.0,0.0,0.0,0.0,0.0,0.0,0.0,0.0
grp-a001-01-000000060796466,아이폰12프로맥스_사생활,○ 아이폰 파워링크,WEB_SITE,,4578,0,-4578.0,-3226.22,-3257.22,-25.6049,True,126,81,band4_unjudgeable,band4_unjudgeable,False,0.0,0.0,0.0,76.81,153.63,102.42,-1684.64,0.0
grp-a001-02-000000061693731,14프로맥스_맥,소다케이스_아이폰,SHOPPING,,26682,33800,-6927.47,-3210.62,-3112.95,-50.166,False,64,45,band3,band3,False,0.0,0.0,0.0,-3469.67,100.33,0.0,-347.51,0.0
grp-a001-01-000000060824085,지문방지필름_LG,○ 기타 파워링크,WEB_SITE,,3685,0,-3685.0,-3133.5,-3104.77,-74.6071,False,42,28,band4_unjudgeable,band4_unjudgeable,False,0.0,0.0,0.0,298.43,74.61,0.0,-924.54,0.0
grp-a001-01-000000046132066,02.아이패드_미니7/6세대_종이질감,○ 02. 파워링크_PC,WEB_SITE,아이패드 미니 6세대(8.3인치)|아이패드 미니 7세대(8.3인치),15749,47700,12129.43,-3107.95,-4676.16,-16.272,False,191,111,band1,band3,False,0.0,0.0,0.0,81.36,-538.64,-909.47,16604.13,0.0
grp-a001-02-000000059827298,S21,● 01. 갤럭시_지문방지_PET,SHOPPING,,2630,0,-2630.0,-2993.71,-2813.85,-17.7143,True,169,105,band4_unjudgeable,band4_unjudgeable,False,0.0,0.0,0.0,53.14,106.29,336.57,-132.29,0.0
grp-a001-01-000000061883896,15플러스_맥,○ [P_Test]소다케이스 파워링크,WEB_SITE,아이폰15(추정 매핑),2210,0,-2210.0,-2841.43,-2946.67,-315.7143,True,9,7,band4_unjudgeable,band4_unjudgeable,False,0.0,0.0,0.0,631.43,0.0,0.0,0.0,0.0
grp-a001-01-000000046975512,01. 갤럭시탭_S9시리즈_6H BLC,○ 02. 파워링크_PC,WEB_SITE,갤럭시탭 S9 울트라,2970,0,-2970.0,-2839.0,-2800.02,-15.1818,False,187,110,band4_unjudgeable,band4_unjudgeable,False,0.0,0.0,0.0,60.73,-424.09,239.18,-6.82,0.0
grp-a001-01-000000046978099,02.아이패드_프로 7세대_6H BLC,○ 02. 파워링크_PC,WEB_SITE,"아이패드 프로 7세대(11/13인치, M4)",1670,0,-1670.0,-2773.12,-2704.06,-15.3211,False,181,109,band4_unjudgeable,band4_unjudgeable,False,0.0,0.0,0.0,61.28,76.61,367.71,597.52,0.0
grp-a001-01-000000061883900,14플러스_맥,○ [P_Test]소다케이스 파워링크,WEB_SITE,,2810,0,-2810.0,-2646.0,-2646.0,-189.0,False,14,10,band4_unjudgeable,band4_unjudgeable,False,0.0,0.0,0.0,-142.0,-211.0,0.0,189.0,0.0
grp-a001-01-000000061924111,16프로맥스_일,○ [P_Test]소다케이스 파워링크,WEB_SITE,아이폰16(추정 매핑),4430,0,-4430.0,-2585.56,-2585.56,-198.8889,False,13,9,band4_unjudgeable,band4_unjudgeable,False,0.0,0.0,0.0,0.0,-661.11,0.0,-1183.33,0.0
grp-a001-02-000000059832492,13,● [P_삭제금지]03. 아이폰_강화유리,SHOPPING,,189598,242700,-47751.13,-2331.96,-215.86,-13.4021,True,174,116,band3,band3,False,0.0,0.0,0.0,-6456.39,-6711.78,13.4,-32264.39,0.0
grp-a001-02-000000059826423,Z폴드SE,● 01. 갤럭시_지문방지_TPU,SHOPPING,,4069,0,-4069.0,-2319.94,-3253.11,-15.0645,False,154,93,band4_unjudgeable,band4_unjudgeable,False,0.0,0.0,0.0,30.13,-630.55,286.23,-1434.87,0.0
grp-a001-02-000000061693679,17프로_맥,소다케이스_아이폰,SHOPPING,아이폰17(추정 매핑),26615,33800,-6860.47,-2281.36,-2309.4,-36.2121,True,63,33,band3,band4_unjudgeable,False,0.0,0.0,0.0,-6567.58,-827.58,0.0,506.97,2309.07
grp-a001-01-000000061924108,15플러스_일,○ [P_Test]소다케이스 파워링크,WEB_SITE,아이폰15(추정 매핑),5960,0,-5960.0,-2226.67,-2338.0,-278.3333,True,8,6,band4_unjudgeable,band4_unjudgeable,False,0.0,0.0,0.0,-3733.33,0.0,0.0,0.0,0.0
grp-a001-01-000000061883889,16프로맥스_맥,○ [P_Test]소다케이스 파워링크,WEB_SITE,아이폰16(추정 매핑),2708,0,-2708.0,-2160.15,-2217.0,-113.6923,True,19,13,band4_unjudgeable,band4_unjudgeable,False,0.0,0.0,0.0,227.38,113.69,0.0,-888.92,0.0
grp-a001-01-000000061883902,13프로맥스_맥,○ [P_Test]소다케이스 파워링크,WEB_SITE,,1860,0,-1860.0,-2104.62,-2160.0,-110.7692,True,19,13,band4_unjudgeable,band4_unjudgeable,False,0.0,0.0,0.0,221.54,110.77,0.0,-87.69,0.0
grp-a001-02-000000061794179,16프로맥스_일,소다케이스_아이폰,SHOPPING,아이폰16(추정 매핑),21290,25800,-6211.1,-2063.39,-2058.71,-32.7522,False,63,44,band3,band3,False,0.0,0.0,0.0,-4704.5,65.5,0.0,491.28,0.0
grp-a001-01-000000060823926,도어락_사생활보호,○ 기타 파워링크,WEB_SITE,,2850,14200,5449.24,-2010.0,-2039.13,-47.8571,False,42,28,band1,band4_unjudgeable,False,0.0,0.0,0.0,191.43,47.86,0.0,7219.95,0.0
grp-a001-01-000000061883893,15프로맥스_맥,○ [P_Test]소다케이스 파워링크,WEB_SITE,아이폰15(추정 매핑),1858,0,-1858.0,-1988.18,-2041.2,-132.5455,True,15,11,band4_unjudgeable,band4_unjudgeable,False,0.0,0.0,0.0,265.09,-267.45,0.0,132.55,0.0
grp-a001-01-000000061883437,S24플러스_맥,○ [P_Test]소다케이스 파워링크,WEB_SITE,갤럭시 S24 (+/울트라),1885,0,-1885.0,-1929.55,-1981.0,-128.6364,True,15,11,band4_unjudgeable,band4_unjudgeable,False,0.0,0.0,0.0,0.0,128.64,0.0,-84.09,0.0
grp-a001-01-000000061883904,13미니_맥,○ [P_Test]소다케이스 파워링크,WEB_SITE,,3330,0,-3330.0,-1762.22,-1762.22,-135.5556,False,13,9,band4_unjudgeable,band4_unjudgeable,False,0.0,0.0,0.0,271.11,0.0,0.0,-1838.89,0.0
grp-a001-01-000000060825655,S5e_종이질감,○ 갤럭시탭 파워링크,WEB_SITE,,23507,31800,-4921.38,-1662.03,-8612.78,-10.0123,False,166,97,band3,band3,False,0.0,0.0,0.0,8422.86,-1281.91,-6620.74,-3779.55,0.0
grp-a001-02-000000059829872,S21플러스,● 01. 갤럭시_지문방지_PET,SHOPPING,,1000,0,-1000.0,-1638.89,-1538.46,-9.2593,True,177,108,band4_unjudgeable,band4_unjudgeable,False,0.0,0.0,0.0,37.04,74.07,166.67,361.11,0.0
grp-a001-01-000000046975770,01. 갤럭시탭_S7 시리즈_6H BLC,○ 02. 파워링크_PC,WEB_SITE,,990,0,-990.0,-1632.99,-1580.88,-10.2062,False,160,97,band4_unjudgeable,band4_unjudgeable,False,0.0,0.0,0.0,10.21,40.82,173.51,418.45,0.0
grp-a001-01-000000061883898,14프로맥스_맥,○ [P_Test]소다케이스 파워링크,WEB_SITE,,1168,0,-1168.0,-1592.73,-1635.2,-106.1818,True,15,11,band4_unjudgeable,band4_unjudgeable,False,0.0,0.0,0.0,212.36,106.18,0.0,106.18,0.0
grp-a001-02-000000061693693,17에어_맥,소다케이스_아이폰,SHOPPING,아이폰17(추정 매핑),11873,0,-11873.0,-1508.38,-1527.24,-23.2059,True,65,34,band4_unjudgeable,band4_unjudgeable,False,0.0,0.0,0.0,-1133.59,-1153.59,0.0,-575.91,-7501.53
grp-a001-01-000000046976135,02.아이패드_에어 4/5세대_6H BLC,○ 02. 파워링크_PC,WEB_SITE,,1390,0,-1390.0,-1422.0,-1231.58,-9.0,False,158,100,band4_unjudgeable,band4_unjudgeable,False,0.0,0.0,0.0,27.0,9.0,189.0,-193.0,0.0
grp-a001-01-000000060763877,S20_사생활보호,○ 갤럭시 파워링크,WEB_SITE,,34842,47700,-6963.57,-1364.07,-4623.94,-8.3685,False,163,96,band3,band3,False,0.0,0.0,0.0,33.47,-339.42,-3834.0,-1459.55,0.0
grp-a001-02-000000059827137,S24,● 01. 갤럭시_지문방지_PET,SHOPPING,갤럭시 S24 (+/울트라),2980,0,-2980.0,-1334.67,-1180.67,-8.5556,True,156,90,band4_unjudgeable,band4_unjudgeable,False,0.0,0.0,0.0,34.22,59.89,-2056.0,316.56,0.0
grp-a001-02-000000061794181,17에어_일,소다케이스_아이폰,SHOPPING,아이폰17(추정 매핑),24492,0,-24492.0,-1303.82,-1320.12,-20.0588,True,65,34,band4_unjudgeable,band4_unjudgeable,False,0.0,0.0,0.0,-3559.88,40.12,0.0,-4469.12,-15199.29
grp-a001-02-000000061794180,17_일,소다케이스_아이폰,SHOPPING,아이폰17(추정 매핑),57459,57500,-23852.92,-1290.0,-1338.11,-33.0769,True,39,13,band3,band4_unjudgeable,False,0.0,0.0,0.0,5865.6,66.15,0.0,-748.23,-27746.45
grp-a001-02-000000061693682,17프로맥스_맥,소다케이스_아이폰,SHOPPING,아이폰17(추정 매핑),26740,0,-26740.0,-1275.15,-1291.09,-19.6176,True,65,34,band4_unjudgeable,band4_unjudgeable,False,0.0,0.0,0.0,-2290.76,39.24,0.0,-3958.74,-19254.59
grp-a001-01-000000061924085,13_일,○ [P_Test]소다케이스 파워링크,WEB_SITE,,860,0,-860.0,-1242.22,-1290.0,-95.5556,True,13,9,band4_unjudgeable,band4_unjudgeable,False,0.0,0.0,0.0,191.11,0.0,0.0,191.11,0.0
grp-a001-01-000000061883746,S26울트라_맥(품절),○ [P_Test]소다케이스 파워링크,WEB_SITE,갤럭시 S26 (+/울트라),17660,0,-17660.0,-1230.0,-1230.0,-136.6667,True,9,3,band4_unjudgeable,band4_unjudgeable,False,136.67,-15710.0,-856.67,0.0,0.0,0.0,0.0,0.0
grp-a001-01-000000049354073,02.아이패드_에어_7세대_강화유리코팅,○ 02. 파워링크_PC,WEB_SITE,"아이패드 에어 7세대(11/13인치, M3)",1030,0,-1030.0,-1229.84,-1219.83,-8.254,True,149,63,band4_unjudgeable,band4_unjudgeable,False,0.0,0.0,0.0,16.51,16.51,-311.9,247.62,231.11
grp-a001-01-000000053273491,56. 방수팩,○ 02. 파워링크_PC,WEB_SITE,,1350,0,-1350.0,-1173.33,-1149.83,-6.6667,False,176,111,band4_unjudgeable,band4_unjudgeable,False,0.0,0.0,0.0,33.33,33.33,-10.0,-233.33,0.0
grp-a001-01-000000061924087,13프로_일,○ [P_Test]소다케이스 파워링크,WEB_SITE,,815,0,-815.0,-1141.0,-1141.0,-163.0,False,7,5,band4_unjudgeable,band4_unjudgeable,False,0.0,0.0,0.0,326.0,0.0,0.0,0.0,0.0
grp-a001-01-000000060823769,방수팩,○ 기타 파워링크,WEB_SITE,,1677,0,-1677.0,-1135.5,-1142.58,-27.0357,False,42,28,band4_unjudgeable,band4_unjudgeable,False,0.0,0.0,0.0,108.14,-472.96,0.0,-176.68,0.0
grp-a001-01-000000070111142,플립8_컨텐츠 매체,폴드8 / 플립8 키워드,WEB_SITE,갤럭시 Z 플립8,1721,0,-1721.0,-1109.33,-1109.33,-138.6667,True,8,3,band4_unjudgeable,band4_unjudgeable,False,0.0,0.0,0.0,0.0,138.67,277.33,-1027.67,0.0
grp-a001-01-000000046970779,02.아이패드_미니7/6세대_6H BLC,○ 02. 파워링크_MO,WEB_SITE,아이패드 미니 6세대(8.3인치)|아이패드 미니 7세대(8.3인치),2090,0,-2090.0,-1096.67,-945.0,-5.8333,False,188,108,band4_unjudgeable,band4_unjudgeable,False,0.0,0.0,0.0,29.17,29.17,-260.0,-791.67,0.0
grp-a001-01-000000061924189,S25울트라_일,○ [P_Test]소다케이스 파워링크,WEB_SITE,갤럭시 S25 (+/울트라/FE),12470,41200,11609.49,-1078.77,-1113.02,-77.0549,True,14,10,band1,band3,False,0.0,0.0,0.0,0.0,-882.95,0.0,13571.2,0.0
grp-a001-01-000000060604010,아이폰12미니_강화유리,○ 아이폰 파워링크,WEB_SITE,,641,0,-641.0,-1043.33,-945.74,-6.8191,False,153,94,band4_unjudgeable,band4_unjudgeable,False,0.0,0.0,0.0,27.28,40.91,81.83,252.31,0.0
grp-a001-02-000000063093828,휴대폰악세사리,아이폰 17프로 필름,SHOPPING,아이폰17(추정 매핑),739,0,-739.0,-1007.73,-1067.44,-67.1818,True,15,11,band4_unjudgeable,band4_unjudgeable,False,0.0,0.0,0.0,0.0,0.0,0.0,268.73,0.0
grp-a001-01-000000061883891,16플러스_맥,○ [P_Test]소다케이스 파워링크,WEB_SITE,아이폰16(추정 매핑),670,0,-670.0,-913.64,-913.64,-60.9091,False,15,11,band4_unjudgeable,band4_unjudgeable,False,0.0,0.0,0.0,121.82,0.0,0.0,121.82,0.0
grp-a001-02-000000061793288,S22플러스_일,소다케이스_갤럭시,SHOPPING,갤럭시 S22 (+/울트라),8380,12900,-840.55,-840.55,-840.55,-420.2747,True,2,2,band3,band3,False,0.0,0.0,0.0,0.0,0.0,0.0,0.0,0.0
grp-a001-01-000000060796552,아이폰12미니_사생활,○ 아이폰 파워링크,WEB_SITE,,520,0,-520.0,-824.83,-854.98,-8.9655,True,92,58,band4_unjudgeable,band4_unjudgeable,False,0.0,0.0,0.0,26.9,8.97,89.66,179.31,0.0
grp-a001-01-000000061924092,14플러스_일,○ [P_Test]소다케이스 파워링크,WEB_SITE,,500,0,-500.0,-750.0,-750.0,-62.5,False,12,8,band4_unjudgeable,band4_unjudgeable,False,0.0,0.0,0.0,125.0,62.5,0.0,62.5,0.0
grp-a001-01-000000061924089,14_일,○ [P_Test]소다케이스 파워링크,WEB_SITE,,470,0,-470.0,-738.57,-738.57,-67.1429,False,11,7,band4_unjudgeable,band4_unjudgeable,False,0.0,0.0,0.0,134.29,0.0,0.0,134.29,0.0
grp-a001-01-000000061924109,16_일,○ [P_Test]소다케이스 파워링크,WEB_SITE,아이폰16(추정 매핑),920,0,-920.0,-722.22,-722.22,-55.5556,False,13,9,band4_unjudgeable,band4_unjudgeable,False,0.0,0.0,0.0,0.0,55.56,0.0,-253.33,0.0
grp-a001-01-000000061924093,15_일,○ [P_Test]소다케이스 파워링크,WEB_SITE,아이폰15(추정 매핑),500,0,-500.0,-722.22,-722.22,-55.5556,False,13,9,band4_unjudgeable,band4_unjudgeable,False,0.0,0.0,0.0,0.0,55.56,0.0,166.67,0.0
grp-a001-01-000000061924088,13프로맥스_일,○ [P_Test]소다케이스 파워링크,WEB_SITE,,490,0,-490.0,-700.0,-700.0,-70.0,False,10,7,band4_unjudgeable,band4_unjudgeable,False,0.0,0.0,0.0,70.0,0.0,0.0,140.0,0.0
grp-a001-01-000000047075282,01. 갤럭시A55(퀀텀5) 35 25 15_지문방지,○ 02. 파워링크_MO,WEB_SITE,"갤럭시 A55 (국내명: 갤럭시 퀀텀5, SKT 단독)",29280,61600,6722.34,-693.94,2626.59,-3.6332,False,191,111,band1,band3,False,0.0,0.0,0.0,-771.83,-261.83,4180.01,4269.94,0.0
grp-a001-02-000000044565865,버디필름,● 01. 갤럭시_지문방지_TPU,SHOPPING,,25563,42600,-665.28,-665.28,-665.28,-332.6397,True,2,2,band3,band3,False,0.0,0.0,0.0,0.0,0.0,0.0,0.0,0.0
grp-a001-02-000000061793341,S23울트라_일,소다케이스_갤럭시,SHOPPING,갤럭시 S23 (+/울트라/FE),50951,68500,-10915.93,-566.9,-568.0,-8.9985,False,63,44,band3,band3,False,0.0,0.0,0.0,-8032.0,18.0,0.0,-2335.02,0.0
grp-a001-01-000000060842734,에어6-7세대(13인치)_종이질감,○ P. 아이패드 파워링크,WEB_SITE,"아이패드 에어 6세대(11/13인치, M2)|아이패드 에어 7세대(11/13인치, M3)",103563,175900,-757.62,-565.28,-10687.02,-3.6236,False,156,97,band3,band3,False,0.0,0.0,0.0,-1105.51,-608.63,-22819.33,24341.13,0.0
grp-a001-01-000000060824785,일미리케이스_S22시리즈,○ 기타 파워링크,WEB_SITE,갤럭시 S22 (+/울트라),530,0,-530.0,-530.0,-530.0,-530.0,True,1,1,band4_unjudgeable,band4_unjudgeable,False,0.0,0.0,0.0,0.0,0.0,0.0,0.0,0.0
grp-a001-01-000000060825799,S9_종이질감,○ 갤럭시탭 파워링크,WEB_SITE,갤럭시탭 S9 울트라,85302,266200,70279.53,-500.85,-13926.16,-3.0172,False,166,97,band1,band3,False,0.0,0.0,0.0,-1197.93,-2414.88,17654.79,56738.4,0.0
grp-a001-01-000000061883903,13_맥,○ [P_Test]소다케이스 파워링크,WEB_SITE,,840,0,-840.0,-462.86,-462.86,-51.4286,False,9,7,band4_unjudgeable,band4_unjudgeable,False,0.0,0.0,0.0,-377.14,0.0,0.0,0.0,0.0
grp-a001-01-000000060841560,에어4-5세대(10.9인치)_6H BLC,○ P. 아이패드 파워링크,WEB_SITE,,619,31800,17966.62,-461.42,-407.09,-3.6914,False,125,81,band1,band4_unjudgeable,False,0.0,0.0,0.0,3.69,22.15,40.6,18361.6,0.0
grp-a001-01-000000061924151,S22플러스_일(품절),○ [P_Test]소다케이스 파워링크,WEB_SITE,갤럭시 S22 (+/울트라),385,0,-385.0,-385.0,-385.0,-385.0,True,1,1,band4_unjudgeable,band4_unjudgeable,False,0.0,0.0,0.0,0.0,0.0,0.0,0.0,0.0
grp-a001-01-000000060617379,A17_지문방지_TPU,○ 갤럭시 파워링크,WEB_SITE,갤럭시 A17 LTE,118490,272300,40656.7,-379.88,-4014.08,-2.2884,True,166,49,band1,band3,False,0.0,0.0,0.0,9.15,-3541.98,14623.4,-5327.89,35273.9
grp-a001-02-000000045329157,01. 갤럭시탭S10_종이질감,● 06. 갤럭시탭_종이질감_M,SHOPPING,갤럭시탭 S10 울트라·+,934,0,-934.0,-222.38,-196.5,-0.8086,False,275,162,band4_unjudgeable,band4_unjudgeable,False,0.0,0.0,0.0,3.23,-190.72,-23.46,-500.67,0.0
grp-a001-01-000000048499741,50. 골프버디필름,○ 02. 파워링크_PC,WEB_SITE,,162330,275200,-1488.39,-147.71,21175.1,-0.7734,False,191,111,band3,band3,False,0.0,0.0,0.0,-706.13,-1676.13,-11547.33,12588.92,0.0
grp-a001-01-000000046838896,01. 갤럭시탭_S5시리즈,○ 02. 파워링크_PC,WEB_SITE,,540,0,-540.0,-95.56,-107.33,-1.1111,False,86,63,band4_unjudgeable,band4_unjudgeable,False,0.0,0.0,0.0,1.11,1.11,6.67,-453.33,0.0
grp-a001-01-000000047487792,01. 갤럭시S25_자가복원 고투명,○ 02. 파워링크_PC,WEB_SITE,갤럭시 S25 (+/울트라/FE),790,0,-790.0,0.0,0.0,0.0,False,188,110,band4_unjudgeable,excluded_cost0,False,0.0,0.0,0.0,0.0,0.0,-790.0,0.0,0.0
grp-a001-02-000000061581263,S25플러스_맥,소다케이스_갤럭시,SHOPPING,갤럭시 S25 (+/울트라/FE),0,0,0.0,0.0,0.0,0.0,True,3,3,excluded_cost0,excluded_cost0,False,0.0,0.0,0.0,0.0,0.0,0.0,0.0,0.0
grp-a001-01-000000055151707,01. 갤럭시탭_S11,○ 02. 파워링크_PC,WEB_SITE,갤럭시탭 S11 (+울트라),90800,344100,110310.46,0.0,0.0,0.0,True,127,1,band1,excluded_cost0,False,29053.68,0.0,0.0,0.0,-480.0,0.0,35661.87,46074.92
grp-a001-01-000000061924094,15프로_일,○ [P_Test]소다케이스 파워링크,WEB_SITE,아이폰15(추정 매핑),0,0,0.0,0.0,0.0,0.0,True,3,3,excluded_cost0,excluded_cost0,False,0.0,0.0,0.0,0.0,0.0,0.0,0.0,0.0
grp-a001-02-000000061794099,12프로맥스_일,소다케이스_아이폰,SHOPPING,,0,0,0.0,0.0,0.0,0.0,True,2,2,excluded_cost0,excluded_cost0,False,0.0,0.0,0.0,0.0,0.0,0.0,0.0,0.0
grp-a001-02-000000045087074,01. 갤럭시탭S5E_종이질감,● 06. 갤럭시탭_종이질감_M,SHOPPING,,0,0,0.0,0.0,0.0,0.0,True,8,6,excluded_cost0,excluded_cost0,False,0.0,0.0,0.0,0.0,0.0,0.0,0.0,0.0
grp-a001-01-000000061924194,노트20_일(품절),○ [P_Test]소다케이스 파워링크,WEB_SITE,,0,0,0.0,0.0,0.0,0.0,True,1,1,band4_unjudgeable,excluded_cost0,False,0.0,0.0,0.0,0.0,0.0,0.0,0.0,0.0
grp-a001-01-000000060823925,맥세이프그립톡,○ 기타 파워링크,WEB_SITE,,160,0,-160.0,0.0,0.0,0.0,False,42,28,band4_unjudgeable,excluded_cost0,False,0.0,0.0,0.0,0.0,0.0,0.0,-160.0,0.0
grp-a001-01-000000061924195,노트20울트라_일(품절),○ [P_Test]소다케이스 파워링크,WEB_SITE,,0,0,0.0,0.0,0.0,0.0,True,1,1,band4_unjudgeable,excluded_cost0,False,0.0,0.0,0.0,0.0,0.0,0.0,0.0,0.0
grp-a001-01-000000070102294,,폴드8 / 플립8 키워드,WEB_SITE,,0,0,0.0,0.0,0.0,0.0,True,1,1,excluded_cost0,excluded_cost0,False,0.0,0.0,0.0,0.0,0.0,0.0,0.0,0.0
grp-a001-02-000000063093385,아이폰 17프로 필름,아이폰 17프로 필름,SHOPPING,아이폰17(추정 매핑),0,0,0.0,0.0,0.0,0.0,True,10,7,excluded_cost0,excluded_cost0,False,0.0,0.0,0.0,0.0,0.0,0.0,0.0,0.0
grp-a001-01-000000054664266,,○ 02. 파워링크_MO,WEB_SITE,,0,0,0.0,0.0,0.0,0.0,True,1,1,excluded_cost0,excluded_cost0,False,0.0,0.0,0.0,0.0,0.0,0.0,0.0,0.0
grp-a001-02-000000063095763,아이폰 17프로 필름-1772082445224,아이폰 17프로 필름,SHOPPING,아이폰17(추정 매핑),0,0,0.0,0.0,0.0,0.0,True,3,2,excluded_cost0,excluded_cost0,False,0.0,0.0,0.0,0.0,0.0,0.0,0.0,0.0
grp-a001-02-000000061794187,17프로맥스_일,소다케이스_아이폰,SHOPPING,아이폰17(추정 매핑),33330,0,-33330.0,0.0,0.0,0.0,True,65,34,band3,excluded_cost0,False,0.0,0.0,0.0,-7120.0,0.0,0.0,-1000.0,-25210.0
grp-a001-02-000000054131225,10. A16-1756452751536,● 02. 갤럭시_보급형_M,SHOPPING,갤럭시 A16 LTE,1360,0,-1360.0,0.0,0.0,0.0,True,3,2,band4_unjudgeable,excluded_cost0,False,0.0,0.0,0.0,0.0,0.0,0.0,-1360.0,0.0
grp-a001-02-000000059826000,S24플러스,● 01. 갤럭시_강화유리,SHOPPING,갤럭시 S24 (+/울트라),0,0,0.0,0.0,0.0,0.0,True,6,3,excluded_cost0,excluded_cost0,False,0.0,0.0,0.0,0.0,0.0,0.0,0.0,0.0
grp-a001-01-000000061924113,17_일,○ [P_Test]소다케이스 파워링크,WEB_SITE,아이폰17(추정 매핑),4690,0,-4690.0,0.0,0.0,0.0,True,13,1,band4_unjudgeable,excluded_cost0,False,0.0,0.0,0.0,0.0,0.0,0.0,-450.0,-4240.0
grp-a001-02-000000061581256,S25_맥,소다케이스_갤럭시,SHOPPING,갤럭시 S25 (+/울트라/FE),0,0,0.0,0.0,0.0,0.0,True,3,3,excluded_cost0,excluded_cost0,False,0.0,0.0,0.0,0.0,0.0,0.0,0.0,0.0
grp-a001-02-000000061581260,S25울트라_맥,소다케이스_갤럭시,SHOPPING,갤럭시 S25 (+/울트라/FE),0,0,0.0,0.0,0.0,0.0,True,3,3,excluded_cost0,excluded_cost0,False,0.0,0.0,0.0,0.0,0.0,0.0,0.0,0.0
grp-a001-02-000000044952212,01. 갤럭시탭S9_종이질감,● 06. 갤럭시탭_종이질감_M,SHOPPING,갤럭시탭 S9 울트라,1607,0,-1607.0,0.0,0.0,0.0,False,149,75,band4_unjudgeable,excluded_cost0,False,0.0,0.0,0.0,0.0,0.0,-1180.0,-427.0,0.0
grp-a001-02-000000061693688,17_맥,소다케이스_아이폰,SHOPPING,아이폰17(추정 매핑),40350,0,-40350.0,0.0,0.0,0.0,True,35,10,band3,excluded_cost0,False,0.0,0.0,0.0,-15320.0,0.0,0.0,-560.0,-24470.0
grp-a001-01-000000061924112,16플러스_일,○ [P_Test]소다케이스 파워링크,WEB_SITE,아이폰16(추정 매핑),0,0,0.0,0.0,0.0,0.0,False,12,8,excluded_cost0,excluded_cost0,False,0.0,0.0,0.0,0.0,0.0,0.0,0.0,0.0
grp-a001-01-000000061924114,17에어_일,○ [P_Test]소다케이스 파워링크,WEB_SITE,아이폰17(추정 매핑),11320,0,-11320.0,0.0,0.0,0.0,True,18,2,band4_unjudgeable,excluded_cost0,False,0.0,0.0,0.0,-460.0,-930.0,0.0,-1730.0,-8200.0
grp-a001-02-000000052176555,플립7,● 99. 갤럭시_Z플립/폴드 7,SHOPPING,갤럭시 Z 플립7,4103720,7924220,527618.4,0.0,0.0,0.0,True,163,1,band2,excluded_cost0,False,108735.68,488310.33,0.0,-2383.45,13252.17,0.0,-48459.91,-31836.41
grp-a001-01-000000061883745,S26플러스_맥(품절),○ [P_Test]소다케이스 파워링크,WEB_SITE,갤럭시 S26 (+/울트라),6210,0,-6210.0,0.0,0.0,0.0,True,9,3,band4_unjudgeable,excluded_cost0,False,0.0,-5870.0,-340.0,0.0,0.0,0.0,0.0,0.0
grp-a001-01-000000061924115,17프로_일,○ [P_Test]소다케이스 파워링크,WEB_SITE,아이폰17(추정 매핑),4650,0,-4650.0,0.0,0.0,0.0,True,19,2,band4_unjudgeable,excluded_cost0,False,0.0,0.0,0.0,0.0,0.0,0.0,-890.0,-3760.0
grp-a001-01-000000061924150,S22울트라_일(품절),○ [P_Test]소다케이스 파워링크,WEB_SITE,갤럭시 S22 (+/울트라),0,0,0.0,0.0,0.0,0.0,True,2,2,excluded_cost0,excluded_cost0,False,0.0,0.0,0.0,0.0,0.0,0.0,0.0,0.0
grp-a001-01-000000061883886,17_맥,○ [P_Test]소다케이스 파워링크,WEB_SITE,아이폰17(추정 매핑),2240,0,-2240.0,0.0,0.0,0.0,True,18,1,band4_unjudgeable,excluded_cost0,False,0.0,0.0,0.0,-900.0,0.0,0.0,0.0,-1340.0
grp-a001-01-000000061924091,14프로맥스_일,○ [P_Test]소다케이스 파워링크,WEB_SITE,,0,0,0.0,0.0,0.0,0.0,True,13,10,excluded_cost0,excluded_cost0,False,0.0,0.0,0.0,0.0,0.0,0.0,0.0,0.0
grp-a001-02-000000051215435,04. 뮤패드_지문방지,● 09. 기타상품,SHOPPING,,0,0,0.0,0.0,0.0,0.0,False,26,15,excluded_cost0,excluded_cost0,False,0.0,0.0,0.0,0.0,0.0,0.0,0.0,0.0
grp-a001-01-000000046976107,02.아이패드_에어 6세대_6H BLC,○ 02. 파워링크_PC,WEB_SITE,"아이패드 에어 6세대(11/13인치, M2)",160,0,-160.0,0.0,0.0,0.0,False,160,101,band4_unjudgeable,excluded_cost0,False,0.0,0.0,0.0,0.0,0.0,0.0,-160.0,0.0
grp-a001-01-000000061924149,S22_일(품절),○ [P_Test]소다케이스 파워링크,WEB_SITE,갤럭시 S22 (+/울트라),0,0,0.0,0.0,0.0,0.0,True,2,2,excluded_cost0,excluded_cost0,False,0.0,0.0,0.0,0.0,0.0,0.0,0.0,0.0
grp-a001-01-000000060604037,아이폰15플러스_강화유리,○ 아이폰 파워링크,WEB_SITE,아이폰15(추정 매핑),17190,18900,-6143.83,130.36,-2849.08,0.7853,False,166,97,band3,band2,False,0.0,0.0,0.0,-3.14,-5.5,-3489.49,-2776.06,0.0
grp-a001-01-000000060612840,S9플러스_지문방지_TPU,○ 갤럭시 파워링크,WEB_SITE,,15738,15900,-6445.19,363.7,298.36,2.2042,False,165,97,band3,band2,False,0.0,0.0,0.0,-6.61,-15.43,-46.29,-6740.56,0.0
grp-a001-01-000000061871554,S25울트라_맥(품절),○ [P_Test]소다케이스 파워링크,WEB_SITE,갤럭시 S25 (+/울트라/FE),7055,12900,484.45,484.45,484.45,161.4835,True,3,3,band2,band2,False,0.0,0.0,0.0,0.0,0.0,0.0,0.0,0.0
grp-a001-01-000000046835241,01. 갤럭시탭_A7,○ 02. 파워링크_MO,WEB_SITE,,17941,31800,644.62,519.33,3747.4,2.719,False,191,111,band2,band2,False,0.0,0.0,0.0,-393.6,-1703.6,-135.26,2357.74,0.0
grp-a001-02-000000059820722,S24플러스,● 01. 갤럭시_지문방지_사생활,SHOPPING,갤럭시 S24 (+/울트라),89165,135100,-10205.33,908.09,279.17,8.3311,True,109,63,band3,band2,False,0.0,0.0,0.0,-33.32,6321.16,-108.3,-17292.95,0.0
grp-a001-02-000000061693737,14_맥,소다케이스_아이폰,SHOPPING,,26050,33800,-6295.47,1114.44,933.96,29.3274,False,38,23,band3,band2,False,0.0,0.0,0.0,-1258.65,-58.65,0.0,-6092.6,0.0
grp-a001-01-000000060613256,A15_지문방지_TPU,○ 갤럭시 파워링크,WEB_SITE,갤럭시 A15,13746,31800,4839.62,1141.07,1056.24,6.9156,False,165,97,band1,band2,False,0.0,0.0,0.0,-20.75,-1323.41,-145.23,5187.93,0.0
grp-a001-02-000000061794162,15_일,소다케이스_아이폰,SHOPPING,아이폰15(추정 매핑),30611,40800,-6765.3,1167.22,1135.29,24.8345,False,47,32,band3,band2,False,0.0,0.0,0.0,-49.67,-159.67,0.0,-7723.18,0.0
grp-a001-01-000000060489687,S20FE_지문방지_TPU,○ 갤럭시 파워링크,WEB_SITE,,26872,57600,6792.52,1183.6,-4767.27,7.1301,False,166,97,band1,band2,False,0.0,0.0,0.0,-28.52,-1471.91,11210.17,-4100.81,0.0
grp-a001-01-000000060824936,A9플러스_종이질감,○ 갤럭시탭 파워링크,WEB_SITE,갤럭시탭 A9+,127606,210700,-4461.64,1296.16,-51261.4,7.8082,False,166,97,band3,band2,False,0.0,0.0,0.0,-211.23,6945.15,7117.37,-19609.09,0.0
grp-a001-01-000000060843310,S9FE_6H BLC,○ 갤럭시탭 파워링크,WEB_SITE,갤럭시탭 S9 울트라,13051,16900,-3173.74,1332.37,-768.43,8.7656,False,152,97,band3,band2,False,0.0,0.0,0.0,-26.3,-61.36,-818.12,-3600.33,0.0
grp-a001-01-000000060604025,아이폰14프로맥스_강화유리,○ 아이폰 파워링크,WEB_SITE,,42929,36800,-21421.11,1714.57,-6921.27,10.3288,False,166,97,band3,band2,False,0.0,0.0,0.0,-1691.32,-72.3,-10067.9,-11304.16,0.0
grp-a001-02-000000061794152,14_일,소다케이스_아이폰,SHOPPING,,20750,29800,-3333.28,1758.3,1675.97,38.2238,False,46,30,band3,band2,False,0.0,0.0,0.0,-2296.45,-76.45,0.0,-2718.69,0.0
grp-a001-01-000000060609365,노트8_지문방지_TPU,○ 갤럭시 파워링크,WEB_SITE,,24818,31800,-6232.38,1880.12,-3538.35,11.326,False,166,97,band3,band2,False,0.0,0.0,0.0,-45.3,-1026.28,-1552.85,-5488.06,0.0
grp-a001-01-000000060842733,에어6-7세대(11인치)_종이질감,○ P. 아이패드 파워링크,WEB_SITE,"아이패드 에어 6세대(11/13인치, M2)|아이패드 에어 7세대(11/13인치, M3)",11858,15900,-2565.19,1934.42,2039.33,12.4001,False,156,97,band3,band2,False,0.0,0.0,0.0,-49.6,-691.8,-136.4,-3621.8,0.0
grp-a001-01-000000046974236,02.아이패드_에어 6세대_6H BLC,○ 02. 파워링크_MO,WEB_SITE,"아이패드 에어 6세대(11/13인치, M2)",12080,16900,-2202.74,2128.99,7236.16,11.1465,False,191,111,band3,band2,False,0.0,0.0,0.0,-55.73,-215.73,-337.52,-3722.74,0.0
grp-a001-02-000000061794129,13_일,소다케이스_아이폰,SHOPPING,,34391,38700,-11772.65,2277.56,2246.9,56.939,False,40,27,band3,band2,False,0.0,0.0,0.0,-113.88,-113.88,0.0,-13822.45,0.0
grp-a001-02-000000046161213,01. 갤럭시탭S8_종이질감,● 06. 갤럭시탭_종이질감_M,SHOPPING,갤럭시탭 S8 울트라,254056,495310,35429.68,2598.38,15390.24,7.3194,False,355,206,band2,band2,False,0.0,0.0,0.0,-3335.87,-533.3,62283.36,-25582.89,0.0
grp-a001-02-000000061793364,S24울트라_일,소다케이스_갤럭시,SHOPPING,갤럭시 S24 (+/울트라),30730,38700,-8111.65,2789.17,2862.21,59.344,False,47,33,band3,band2,False,0.0,0.0,0.0,-9608.69,-118.69,0.0,-1173.44,0.0
grp-a001-02-000000059829228,S22플러스,● 01. 갤럭시_지문방지_PET,SHOPPING,갤럭시 S22 (+/울트라),8690,15900,602.81,2830.5,2488.58,17.0512,True,166,94,band2,band1,False,0.0,0.0,0.0,-68.2,-136.41,-306.92,-1716.15,0.0
grp-a001-01-000000044377702,37 LG_지문방지필름,○ 02. 파워링크_MO,WEB_SITE,,10820,15900,-1527.19,3308.62,2984.7,17.3226,False,191,111,band3,band1,False,0.0,0.0,0.0,-576.61,-86.61,-655.74,-3516.84,0.0
grp-a001-01-000000060604013,아이폰12프로맥스_강화유리,○ 아이폰 파워링크,WEB_SITE,,13382,15900,-4089.19,3711.57,3081.74,22.3589,False,166,97,band3,band1,False,0.0,0.0,0.0,-2129.44,-156.51,-2980.54,-2534.28,0.0
grp-a001-01-000000060489686,S20울트라_지문방지_TPU,○ 갤럭시 파워링크,WEB_SITE,,62216,95400,-6459.13,3748.25,15462.54,22.5798,False,166,97,band3,band2,False,0.0,0.0,0.0,-90.32,-4298.06,-9195.18,3376.17,0.0
grp-a001-01-000000060824113,갤럭시워치 스트랩,○ 기타 파워링크,WEB_SITE,,30246,34800,-9907.02,4231.47,4439.37,100.7494,False,42,28,band3,band2,False,0.0,0.0,0.0,-3563.0,-730.75,0.0,-9844.74,0.0
grp-a001-01-000000058445534,14. 트라이폴드,○ 02. 파워링크_PC,WEB_SITE,,19460,30510,-1628.32,4240.91,4530.52,74.402,False,57,39,band3,band2,False,0.0,0.0,0.0,0.0,-148.8,0.0,-5720.43,0.0
grp-a001-01-000000044808499,02. 아이폰16_사생활보호,○ 02. 파워링크_PC,WEB_SITE,아이폰16(추정 매핑),49740,113300,16478.59,4528.72,-4179.8,23.7106,False,191,111,band1,band2,False,0.0,0.0,0.0,-118.55,9462.07,13227.03,-10620.69,0.0
grp-a001-02-000000061693735,14플러스_맥,소다케이스_아이폰,SHOPPING,,19960,33800,-205.47,4584.34,4444.0,72.7673,False,63,45,band3,band2,False,0.0,0.0,0.0,-2545.53,-145.53,0.0,-2098.74,0.0
grp-a001-01-000000061924110,16프로_일,○ [P_Test]소다케이스 파워링크,WEB_SITE,아이폰16(추정 매핑),4660,12800,2821.01,4652.56,4652.56,357.8895,False,13,9,band1,band1,False,0.0,0.0,0.0,0.0,-427.89,0.0,-1403.67,0.0
grp-a001-01-000000046970893,02.아이패드_에어 4/5세대_종이질감,○ 02. 파워링크_MO,WEB_SITE,,15170,79500,31294.06,5304.66,4012.13,27.7731,False,191,111,band1,band1,False,0.0,0.0,0.0,-138.87,-1018.87,13529.07,13618.06,0.0
grp-a001-01-000000061883890,16_맥,○ [P_Test]소다케이스 파워링크,WEB_SITE,아이폰16(추정 매핑),7250,16900,2627.26,5395.9,5395.9,299.7721,False,18,12,band1,band1,False,0.0,0.0,0.0,-599.54,-299.77,0.0,-1869.32,0.0
grp-a001-01-000000046835750,02.아이패드_에어 6(M2)세대_종이질감,○ 02. 파워링크_MO,WEB_SITE,"아이패드 에어 6세대(11/13인치, M2)",83860,221800,45771.79,5827.85,2648.79,30.5123,False,191,111,band1,band2,False,0.0,0.0,0.0,-3082.56,-2642.56,-1982.3,47651.36,0.0
grp-a001-01-000000061883892,15프로_맥(품절),○ [P_Test]소다케이스 파워링크,WEB_SITE,아이폰15(추정 매핑),6370,16900,3507.26,6212.17,6212.17,443.7265,False,14,10,band1,band1,False,0.0,0.0,0.0,-1817.45,-443.73,0.0,-443.73,0.0
grp-a001-01-000000046973844,02.아이패드_에어 4/5세대_6H BLC,○ 02. 파워링크_MO,WEB_SITE,,11390,33800,8364.53,6254.8,5635.72,33.0942,False,189,109,band1,band1,False,0.0,0.0,0.0,-345.47,8251.79,-864.26,-4932.33,0.0
grp-a001-01-000000060825800,S9FE플러스_종이질감,○ 갤럭시탭 파워링크,WEB_SITE,갤럭시탭 S9 울트라,39775,80500,7273.51,6492.63,-993.21,39.1122,False,166,97,band2,band2,False,0.0,0.0,0.0,-776.45,-910.79,4606.45,-2138.34,0.0
grp-a001-01-000000060548659,폴드2_지문방지,○ 갤럭시 파워링크,WEB_SITE,,72588,197100,42607.79,6780.03,76.7,41.852,False,162,96,band1,band2,False,0.0,0.0,0.0,-167.41,6934.22,25227.42,3833.54,0.0
grp-a001-01-000000061924156,S24울트라_일,○ [P_Test]소다케이스 파워링크,WEB_SITE,갤럭시 S24 (+/울트라),39162,55500,-6724.83,6937.24,7157.47,495.5171,True,14,10,band3,band2,False,0.0,0.0,0.0,0.0,-1235.52,0.0,-12426.55,0.0
grp-a001-01-000000060558824,트라이폴드_지문방지,○ 갤럭시 파워링크,WEB_SITE,,21886,49800,7219.79,7473.9,7796.06,82.1307,False,91,61,band1,band1,False,0.0,0.0,0.0,-838.52,-328.52,0.0,912.94,0.0
grp-a001-01-000000060796462,아이폰14프로맥스_사생활보호,○ 아이폰 파워링크,WEB_SITE,,9052,19900,2578.63,7706.94,6928.86,53.8947,False,143,89,band1,band1,False,0.0,0.0,0.0,-215.58,-1567.47,-646.74,-2698.52,0.0
grp-a001-01-000000060825801,S9FE_종이질감,○ 갤럭시탭 파워링크,WEB_SITE,갤럭시탭 S9 울트라,159535,288200,8904.51,7761.61,-16288.94,46.7567,False,166,97,band2,band2,False,0.0,0.0,0.0,26551.41,8859.33,-13020.46,-21247.37,0.0
grp-a001-01-000000060858091,카메라필름_아이폰,○ 기타 파워링크,WEB_SITE,,31179,49700,-2131.66,7902.51,8274.28,188.155,False,42,28,band3,band1,False,0.0,0.0,0.0,-3202.62,-188.16,0.0,-6643.4,0.0
grp-a001-01-000000051955092,02. 아이폰16e_지문방지,○ 02. 파워링크_MO,WEB_SITE,아이폰16(추정 매핑),22606,47700,5272.43,8258.81,4036.27,43.2398,False,191,111,band1,band1,False,0.0,0.0,0.0,-846.2,-216.2,-4627.76,2703.78,0.0
grp-a001-01-000000046904979,01. 갤럭시탭_S9시리즈_6H BLC,○ 02. 파워링크_MO,WEB_SITE,갤럭시탭 S9 울트라,39190,131510,37671.48,8509.6,8892.11,44.3208,False,192,111,band1,band1,False,0.0,0.0,0.0,-221.6,-1411.6,15520.83,15274.26,0.0
grp-a001-01-000000060481584,S23FE_지문방지_TPU,○ 갤럭시 파워링크,WEB_SITE,,25769,63600,11402.24,8526.63,3711.14,51.6765,False,165,97,band1,band1,False,0.0,0.0,0.0,-155.03,-361.74,-5917.21,9309.59,0.0
grp-a001-02-000000061794184,17프로_일,소다케이스_아이폰,SHOPPING,아이폰17(추정 매핑),35369,12900,-27829.55,8609.54,8717.16,132.4544,True,65,34,band3,band1,False,0.0,0.0,0.0,-4324.91,-957.91,0.0,-1986.82,-29169.45
grp-a001-01-000000046585858,01. 갤럭시탭_A8,○ 02. 파워링크_MO,WEB_SITE,,20580,47700,7298.43,8836.97,7058.58,46.2669,False,191,111,band1,band1,False,0.0,0.0,0.0,-231.33,-611.33,7072.41,-7768.28,0.0
grp-a001-01-000000059039599,00. 아이폰SE2 SE3,○ 02. 파워링크_PC,WEB_SITE,,4670,15900,4622.81,9185.46,9229.41,208.7604,False,44,30,band1,band1,False,0.0,0.0,0.0,0.0,-417.52,0.0,-4145.12,0.0
grp-a001-01-000000045694026,01. 갤럭시 Z폴드SE_지문방지필름,○ 02. 파워링크_PC,WEB_SITE,,10980,19800,592.18,9726.14,8011.1,51.4611,False,189,111,band2,band1,False,0.0,0.0,0.0,-205.84,-205.84,-4645.07,-4077.21,0.0
grp-a001-01-000000060841579,프로M47세대(13인치)_6H BLC,○ P. 아이패드 파워링크,WEB_SITE,"아이패드 프로 7세대(11/13인치, M4)",4102,15900,5190.81,9796.48,9103.6,64.0293,False,153,96,band1,band1,False,0.0,0.0,0.0,-378.06,-448.2,-1410.32,-2369.08,0.0
grp-a001-02-000000059827296,S23,● 01. 갤럭시_지문방지_PET,SHOPPING,갤럭시 S23 (+/울트라/FE),4356,15900,4936.81,9881.41,8747.41,61.7588,True,160,92,band1,band1,False,0.0,0.0,0.0,-247.04,-494.07,-1794.9,-2408.59,0.0
grp-a001-01-000000046975626,01. 갤럭시탭_S8시리즈_6H BLC,○ 02. 파워링크_PC,WEB_SITE,갤럭시탭 S8 울트라,3730,16900,6147.26,9907.24,12784.36,59.6822,False,166,103,band1,band1,False,0.0,0.0,0.0,-238.73,-238.73,-1014.6,-2267.92,0.0
grp-a001-02-000000059810135,S23,● 01. 갤럭시_지문방지_사생활,SHOPPING,갤럭시 S23 (+/울트라/FE),193088,318000,-7231.78,9986.4,-2056.09,55.7899,True,179,106,band3,band2,False,0.0,0.0,0.0,7929.65,2372.49,-10816.97,-16703.35,0.0
grp-a001-02-000000044743917,05. 아이폰14 시리즈,● [P_삭제금지]04. 아이폰_지문방지,SHOPPING,,154853,224960,-23374.33,10112.89,9874.41,29.3127,False,345,206,band3,band2,False,0.0,0.0,0.0,-3893.81,-2777.75,-13712.95,-13102.71,0.0
grp-a001-01-000000060841400,10세대(10.9인치)_6H BLC,○ P. 아이패드 파워링크,WEB_SITE,아이패드 10세대(10.9인치),5963,32800,13207.08,10605.21,7603.84,67.9821,False,156,97,band1,band1,False,0.0,0.0,0.0,-271.93,7954.94,-747.8,-4333.34,0.0
grp-a001-01-000000038769329,02. 아이폰12,○ 02. 파워링크_PC,WEB_SITE,,20740,37800,1352.34,10758.54,6966.57,56.3274,False,191,111,band2,band1,False,0.0,0.0,0.0,-281.64,-281.64,-3341.86,-5501.06,0.0
grp-a001-01-000000031185770,00. 강화유리필름,○ 02. 파워링크_PC,WEB_SITE,,20670,35910,317.73,10785.01,12696.05,56.466,False,191,111,band2,band1,False,0.0,0.0,0.0,-282.33,-282.33,-3765.18,-6137.44,0.0
grp-a001-02-000000046222157,"10. Z플립,폴드5/6",● 01. 갤럭시_지문방지_TPU,SHOPPING,갤럭시 Z 폴드5,79625,121600,-8555.45,10822.06,13723.14,81.3688,True,133,76,band3,band2,False,0.0,0.0,0.0,0.0,1034.29,-12300.74,-8111.06,0.0
grp-a001-01-000000061883901,13프로_맥,○ [P_Test]소다케이스 파워링크,WEB_SITE,,6190,33800,13564.53,11045.23,11335.9,581.3281,True,19,13,band1,band1,False,0.0,0.0,0.0,7214.61,-1071.33,0.0,-3623.98,0.0
grp-a001-01-000000046478478,01. 갤럭시A16_자가복원 고투명,○ 02. 파워링크_MO,WEB_SITE,갤럭시 A16 LTE,7040,15900,2252.81,11098.09,7708.91,62.7011,False,177,101,band1,band1,False,0.0,0.0,0.0,-313.51,-723.51,-3634.83,-4173.45,0.0
grp-a001-02-000000052193613,03. 아이폰_13,● 12. 케이스/지갑/방수팩/셀카봉/충전기/스트랩,SHOPPING,,92332,113920,-25751.05,11180.63,11933.61,40.5095,False,276,159,band3,band1,False,0.0,0.0,0.0,-662.04,12659.32,-34704.32,-14224.65,0.0
grp-a001-01-000000047162713,01. 갤럭시S24_6H 사생활보호 ,○ 02. 파워링크_MO,WEB_SITE,갤럭시 S24 (+/울트라),48063,96930,8588.08,11242.42,20520.51,58.8608,False,191,111,band2,band1,False,0.0,0.0,0.0,-724.3,-1474.3,4614.6,-5070.33,0.0
grp-a001-01-000000046477597,01. 갤럭시A16_지문방지,○ 02. 파워링크_PC,WEB_SITE,갤럭시 A16 LTE,29350,95400,26406.87,11671.19,17477.48,61.4273,False,190,111,band1,band1,False,0.0,0.0,0.0,-307.14,-307.14,3818.56,11531.39,0.0
grp-a001-01-000000060858092,일미리케이스_플립7,○ 기타 파워링크,WEB_SITE,갤럭시 Z 플립7,24631,36400,-3356.89,12454.66,12733.41,296.5396,False,42,28,band3,band1,False,0.0,0.0,0.0,-1606.16,-4506.54,0.0,-9698.86,0.0
grp-a001-01-000000046975542,01. 갤럭시탭_S10 울트라 플러스_6H BLC,○ 02. 파워링크_PC,WEB_SITE,갤럭시탭 S10 울트라·+,2980,16900,6897.26,12592.35,10381.68,67.3388,False,187,110,band1,band1,False,0.0,0.0,0.0,-336.69,-269.36,-1616.13,-3472.91,0.0
grp-a001-01-000000046807499,"02.아이패드_프로 6,7세대_종이질감",○ 02. 파워링크_MO,WEB_SITE,"아이패드 프로 6세대(11/12.9인치, M2)|아이패드 프로 7세대(11/13인치, M4)",30370,47700,-2491.57,12920.74,10279.05,68.0039,False,190,111,band3,band1,False,0.0,0.0,0.0,-830.02,-340.02,-1632.09,-12610.18,0.0
grp-a001-02-000000043624035,,● 11. 벌크,SHOPPING,,226800,434290,27022.33,12950.63,12950.63,199.2404,False,65,28,band2,band2,False,0.0,0.0,0.0,0.0,-2379.24,7802.68,8648.26,0.0
grp-a001-01-000000060825797,S9울트라_종이질감,○ 갤럭시탭 파워링크,WEB_SITE,갤럭시탭 S9 울트라,33348,87500,17791.68,13037.41,5399.79,78.5386,False,166,97,band1,band1,False,0.0,0.0,0.0,-314.15,-1582.77,-3355.31,10006.51,0.0
grp-a001-02-000000052193550,01. 갤럭시_S25,● 12. 케이스/지갑/방수팩/셀카봉/충전기/스트랩,SHOPPING,갤럭시 S25 (+/울트라/FE),177749,226900,-45136.49,13418.34,17531.49,38.5584,False,348,205,band3,band2,False,0.0,0.0,0.0,-752.79,2985.86,-31645.57,-29142.34,0.0
grp-a001-01-000000060825654,A9_종이질감,○ 갤럭시탭 파워링크,WEB_SITE,,20183,31800,-1597.38,13595.95,9484.96,81.9033,False,166,97,band3,band1,False,0.0,0.0,0.0,-327.61,-573.32,-5911.97,-8380.42,0.0
grp-a001-02-000000054607977,00. 아이폰_17 일미리,● 12. 케이스/지갑/방수팩/셀카봉/충전기/스트랩,SHOPPING,아이폰17(추정 매핑),65442,208690,56527.61,13823.21,19909.63,46.5428,True,297,82,band1,band1,False,-9487.58,0.0,0.0,-1996.17,-418.89,-977.4,-16348.37,71932.8
grp-a001-01-000000046839232,01. 갤럭시탭_A9,○ 02. 파워링크_PC,WEB_SITE,,12630,47700,15248.43,14287.75,16475.9,75.5966,False,189,110,band1,band1,False,0.0,0.0,0.0,-507.98,-377.98,-3464.32,5310.97,0.0
grp-a001-01-000000060763689,S22_사생활보호,○ 갤럭시 파워링크,WEB_SITE,갤럭시 S22 (+/울트라),57056,143100,26579.3,14330.97,57954.04,87.384,False,164,97,band1,band1,False,0.0,0.0,0.0,7033.28,6393.51,-9532.06,8353.61,0.0
grp-a001-01-000000047166586,01. 갤럭시S24_6H 사생활보호,○ 02. 파워링크_PC,WEB_SITE,갤럭시 S24 (+/울트라),9988,33800,9766.53,15027.65,18434.69,100.8567,False,149,101,band1,band1,False,0.0,0.0,0.0,-100.86,-201.71,-1731.14,-3227.42,0.0
grp-a001-02-000000059830530,14프로맥스,● [P_삭제금지]03. 아이폰_강화유리,SHOPPING,,207093,330200,-14106.44,15028.6,12471.76,83.0309,True,181,105,band3,band2,False,0.0,0.0,0.0,-332.12,-7734.25,-3312.68,-17755.99,0.0
grp-a001-01-000000042724551,00. 태블릿_종이질감필름,○ 02. 파워링크_MO,WEB_SITE,,35360,79500,11104.06,16481.81,11197.06,86.2922,False,191,111,band1,band1,False,0.0,0.0,0.0,-1531.46,-1471.46,4141.8,-6516.63,0.0
grp-a001-01-000000038769333,02. 아이폰_이전기종,○ 02. 파워링크_PC,WEB_SITE,,43680,64500,-5982.75,16604.8,13338.05,88.3234,False,188,109,band3,band1,False,0.0,0.0,0.0,-441.62,-641.62,-10099.76,-11404.55,0.0
grp-a001-01-000000060548667,폴드3_지문방지,○ 갤럭시 파워링크,WEB_SITE,갤럭시 Z 폴드3,54391,89000,-2374.64,16721.5,26442.51,100.7319,False,166,97,band3,band1,False,0.0,0.0,0.0,-1112.93,-6105.12,-6424.37,-5453.72,0.0
grp-a001-02-000000059820884,S24,● 01. 갤럭시_지문방지_TPU,SHOPPING,갤럭시 S24 (+/울트라),114475,215600,11533.18,17074.15,22053.52,97.5666,True,175,105,band2,band2,False,0.0,0.0,0.0,-195.13,-2240.53,-10107.64,7002.34,0.0
grp-a001-02-000000059830521,16,● [P_삭제금지]03. 아이폰_강화유리,SHOPPING,아이폰16(추정 매핑),160717,435600,93870.96,18083.3,11011.2,102.746,True,176,106,band1,band2,False,0.0,0.0,0.0,-102.75,7208.04,6257.15,62425.22,0.0
grp-a001-01-000000060825796,S8_종이질감,○ 갤럭시탭 파워링크,WEB_SITE,갤럭시탭 S8 울트라,58174,127200,16168.49,18323.42,37948.6,110.382,False,166,97,band1,band1,False,0.0,0.0,0.0,-441.53,5807.14,744.79,-8265.32,0.0
grp-a001-02-000000051215431,04. 뮤패드_종이질감,● 09. 기타상품,SHOPPING,,180,14220,8130.93,18584.98,18584.98,580.7807,False,32,14,band1,band1,False,0.0,0.0,0.0,0.0,0.0,-7550.15,-2903.9,0.0
grp-a001-01-000000060548974,폴드4_지문방지,○ 갤럭시 파워링크,WEB_SITE,갤럭시 Z 폴드4,101128,224700,30198.71,18787.08,-4052.08,113.1752,False,166,97,band1,band1,False,0.0,0.0,0.0,-972.7,-2988.23,27367.68,-11995.12,0.0
grp-a001-01-000000043502507,50. 골프 버디 필름,○ 02. 파워링크_MO,WEB_SITE,,203170,407780,35158.46,19010.44,34399.55,99.5311,False,191,111,band2,band2,False,0.0,0.0,0.0,9850.82,-6787.66,-18020.27,31105.12,0.0
grp-a001-02-000000059829962,노트20,● 01. 갤럭시_지문방지_PET,SHOPPING,,22568,63600,14603.24,19255.73,17624.32,99.7706,True,193,115,band1,band1,False,0.0,0.0,0.0,-399.08,-2558.17,1719.63,-3414.87,0.0
grp-a001-01-000000047489113,01. 갤럭시S25_6H 사생활보호,○ 02. 파워링크_PC,WEB_SITE,갤럭시 S25 (+/울트라/FE),10150,33800,9604.53,19863.7,22517.87,106.223,False,187,110,band1,band1,False,0.0,0.0,0.0,-531.11,-531.11,-3399.35,-5797.59,0.0
grp-a001-01-000000060531709,플립5_지문방지,○ 갤럭시 파워링크,WEB_SITE,갤럭시 Z 플립5,249015,594200,98267.29,20666.41,10810.77,124.4964,False,166,97,band1,band2,False,0.0,0.0,0.0,-1347.99,-9408.38,4718.67,83638.58,0.0
grp-a001-01-000000060824108,강화유리필름,○ 기타 파워링크,WEB_SITE,,72403,110300,-7937.77,21243.34,22271.66,505.7938,False,42,28,band3,band1,False,0.0,0.0,0.0,-11043.18,-1125.79,0.0,-17012.14,0.0
grp-a001-01-000000060824786,일미리케이스_S24시리즈,○ 기타 파워링크,WEB_SITE,갤럭시 S24 (+/울트라),30818,101100,28270.25,22063.63,22515.48,525.3245,False,42,28,band1,band1,False,0.0,0.0,0.0,-3751.3,-1705.32,0.0,11663.25,0.0
grp-a001-01-000000061924155,S24_일,○ [P_Test]소다케이스 파워링크,WEB_SITE,갤럭시 S24 (+/울트라),37160,80100,9654.73,22132.92,22803.61,1229.6065,True,18,12,band1,band1,False,0.0,0.0,0.0,-6099.21,-2239.61,0.0,-4139.37,0.0
grp-a001-02-000000043610925,02. 컨텐츠매체_02,● 10. 컨텐츠매체,SHOPPING,,601543,952480,-44862.7,22278.15,-653.37,62.7554,False,355,206,band3,band2,False,0.0,0.0,0.0,-12401.99,472.43,-51979.96,-3231.33,0.0
grp-a001-01-000000060763483,S21_사생활보호,○ 갤럭시 파워링크,WEB_SITE,,71658,190800,39855.73,22372.12,30401.79,134.7718,False,166,97,band1,band1,False,0.0,0.0,0.0,-1889.09,6110.41,7536.41,5725.88,0.0
grp-a001-01-000000060613254,A35_지문방지_TPU,○ 갤럭시 파워링크,WEB_SITE,갤럭시 A35,23081,95400,32675.87,22416.92,18289.53,135.8601,False,165,97,band1,band1,False,0.0,0.0,0.0,-407.58,-2707.02,5371.75,8001.8,0.0
grp-a001-01-000000060531082,플립2_지문방지,○ 갤럭시 파워링크,WEB_SITE,,25082,105800,36753.18,22462.26,17751.53,150.7534,False,149,94,band1,band1,False,0.0,0.0,0.0,-603.01,-904.52,16086.31,-287.85,0.0
grp-a001-01-000000046971480,02.아이패드_에어 4/5세대_종이질감,○ 02. 파워링크_PC,WEB_SITE,,7070,31800,11515.62,22481.43,18905.52,122.1817,False,184,108,band1,band1,False,0.0,0.0,0.0,-366.55,-610.91,-3372.36,-6615.99,0.0
grp-a001-02-000000061793328,S23플러스_일,소다케이스_갤럭시,SHOPPING,갤럭시 S23 (+/울트라/FE),50660,93300,3869.51,23757.73,20110.56,1032.945,True,23,17,band2,band1,False,0.0,0.0,0.0,-6675.89,-7392.94,0.0,-5819.38,0.0
grp-a001-02-000000059808403,S25,● 01. 갤럭시_지문방지_사생활,SHOPPING,갤럭시 S25 (+/울트라/FE),175345,251400,-28413.38,24112.86,3565.08,124.2931,True,194,116,band3,band2,False,0.0,0.0,0.0,-2997.17,-4934.34,-7766.15,-36828.57,0.0
grp-a001-01-000000037842041,02. 아이폰15,○ 02. 파워링크_PC,WEB_SITE,아이폰15(추정 매핑),32651,73600,10364.78,26437.01,28584.4,139.1422,False,190,111,band1,band1,False,0.0,0.0,0.0,-695.71,-695.71,-5779.41,-8901.4,0.0
grp-a001-01-000000040173291,02. 아이폰_사생활보호,○ 02. 파워링크_PC,WEB_SITE,,69370,139300,12044.38,26970.15,14515.94,141.205,False,191,111,band2,band1,False,0.0,0.0,0.0,-1196.02,-1516.02,-8928.92,-3284.8,0.0
grp-a001-01-000000046480952,01. 갤럭시A16_자가복원 고투명,○ 02. 파워링크_PC,WEB_SITE,갤럭시 A16 LTE,4900,31800,13685.62,27149.21,22486.61,153.3854,False,177,108,band1,band1,False,0.0,0.0,0.0,-460.16,-766.93,-6081.25,-6155.26,0.0
grp-a001-01-000000046975254,02.아이패드_프로 7세대_6H BLC,○ 02. 파워링크_MO,WEB_SITE,"아이패드 프로 7세대(11/13인치, M4)",2860,31800,15725.62,27162.44,22828.39,142.9602,False,190,110,band1,band1,False,0.0,0.0,0.0,-714.8,-714.8,-3431.04,-6576.17,0.0
grp-a001-02-000000044952305,01. 갤럭시탭_종이질감_BULK,● 06. 갤럭시탭_종이질감_M,SHOPPING,,18409,62010,17832.96,28376.69,21773.59,80.8453,False,351,204,band1,band1,False,0.0,0.0,0.0,-646.76,-970.14,-8138.19,-788.63,0.0
grp-a001-01-000000060796465,아이폰13프로맥스_사생활보호,○ 아이폰 파워링크,WEB_SITE,,43401,125300,29831.03,29742.47,26938.02,194.3952,False,153,91,band1,band1,False,0.0,0.0,0.0,-777.58,-1360.77,6757.3,-4530.39,0.0
grp-a001-01-000000031186688,02. 아이폰12,○ 02. 파워링크_MO,WEB_SITE,,40180,130410,36038.59,29950.21,32736.85,156.8074,False,191,111,band1,band1,False,0.0,0.0,0.0,-1324.04,-2614.04,14968.97,-4942.51,0.0
grp-a001-01-000000060843107,S11울트라_6H BLC,○ 갤럭시탭 파워링크,WEB_SITE,갤럭시탭 S11 (+울트라),52889,74600,-9288.77,30081.46,24293.42,181.2136,True,166,76,band3,band1,False,0.0,0.0,0.0,-1354.85,-2691.5,-7198.49,-21019.9,-7105.49
grp-a001-01-000000060765094,S20울트라_사생활보호,○ 갤럭시 파워링크,WEB_SITE,,12684,47700,15194.43,30115.66,24891.81,196.8344,False,153,94,band1,band1,False,0.0,0.0,0.0,-1090.5,-2521.84,-2755.68,-8553.2,0.0
grp-a001-01-000000060612844,A16_지문방지_TPU,○ 갤럭시 파워링크,WEB_SITE,갤럭시 A16 LTE,101005,173800,573.02,30240.39,11434.05,182.171,False,166,97,band2,band1,False,0.0,0.0,0.0,-728.68,1510.61,-6156.78,-24292.52,0.0
grp-a001-02-000000059811691,S25플러스,● 01. 갤럭시_지문방지_사생활,SHOPPING,갤럭시 S25 (+/울트라/FE),159794,367700,55109.57,30283.15,9046.26,156.0987,True,194,116,band1,band2,False,0.0,0.0,0.0,-4384.39,2985.02,-11293.07,37518.86,0.0
grp-a001-01-000000045692018,01. 갤럭시 Z폴드SE_지문방지필름,○ 02. 파워링크_MO,WEB_SITE,,28670,132120,48548.0,30759.01,26403.59,161.042,False,191,111,band1,band1,False,0.0,0.0,0.0,-955.21,-1435.21,14659.35,5520.05,0.0
grp-a001-02-000000059830552,14플러스,● [P_삭제금지]03. 아이폰_강화유리,SHOPPING,,84285,215700,41781.63,30990.83,57111.14,160.5742,True,193,115,band1,band1,False,0.0,0.0,0.0,-642.3,-5171.59,8414.92,8189.77,0.0
grp-a001-01-000000046971678,02.아이패드_미니7/6세대_6H BLC,○ 02. 파워링크_PC,WEB_SITE,아이패드 미니 6세대(8.3인치)|아이패드 미니 7세대(8.3인치),3410,61600,32592.34,31563.29,28182.48,177.3218,False,178,107,band1,band1,False,0.0,0.0,0.0,-709.29,-531.97,-4538.4,6808.71,0.0
grp-a001-02-000000063096531,TEST,벌크,SHOPPING,,1291,45700,25418.53,31701.28,39746.43,310.7968,False,102,56,band1,band1,False,0.0,0.0,0.0,0.0,-1553.98,2419.56,-7148.33,0.0
grp-a001-01-000000060763875,노트20_사생활보호,○ 갤럭시 파워링크,WEB_SITE,,93982,210700,29162.36,32165.15,24049.82,193.766,False,166,97,band1,band1,False,0.0,0.0,0.0,-2595.06,-2298.36,-12522.09,14412.72,0.0
grp-a001-01-000000060842565,미니6-7세대(8.3인치)_종이질감,○ P. 아이패드 파워링크,WEB_SITE,아이패드 미니 6세대(8.3인치)|아이패드 미니 7세대(8.3인치),71155,131100,5466.86,32462.55,29110.0,208.0933,False,156,97,band2,band1,False,0.0,0.0,0.0,-832.37,1829.16,-2289.03,-25703.45,0.0
grp-a001-01-000000060612109,S10E_지문방지_TPU,○ 갤럭시 파워링크,WEB_SITE,,28729,95400,27027.87,32534.33,59552.65,197.1778,False,165,97,band1,band1,False,0.0,0.0,0.0,-591.53,-1380.24,-5154.73,1620.04,0.0
grp-a001-01-000000060843408,S7FE_6H BLC,○ 갤럭시탭 파워링크,WEB_SITE,,13871,66600,25053.61,32579.0,28038.44,202.354,False,161,97,band1,band1,False,0.0,0.0,0.0,-967.06,-1416.48,-3440.02,-1701.83,0.0
grp-a001-02-000000055116686,벌크6,● 11. 벌크,SHOPPING,,348639,545300,-29936.49,32645.82,28232.04,112.185,False,291,179,band3,band2,False,0.0,0.0,0.0,-21230.05,-12908.4,5836.93,-34280.79,0.0
grp-a001-01-000000060604039,아이폰16_강화유리,○ 아이폰 파워링크,WEB_SITE,아이폰16(추정 매핑),183166,265500,-27993.59,32683.91,66068.33,196.891,False,166,97,band3,band2,False,0.0,0.0,0.0,-787.56,-18809.24,-9195.71,-31884.99,0.0
grp-a001-01-000000049549995,"02.아이패드_프로 6,7세대",○ 02. 파워링크_MO,WEB_SITE,"아이패드 프로 6세대(11/12.9인치, M2)|아이패드 프로 7세대(11/13인치, M4)",59020,110500,5562.12,32709.7,28261.34,171.255,False,191,111,band2,band1,False,0.0,0.0,0.0,-4236.27,-3596.27,-4930.12,-14384.92,0.0
grp-a001-01-000000060610033,노트9_지문방지_TPU,○ 갤럭시 파워링크,WEB_SITE,,75880,193800,37387.1,33636.46,35926.63,202.6293,False,166,97,band1,band1,False,0.0,0.0,0.0,26107.92,-5118.4,-8702.4,-8536.47,0.0
grp-a001-01-000000061108461,지문방지-1769481954482,○ 갤럭시 파워링크,WEB_SITE,,36480,152200,52473.83,33741.15,33741.15,1205.0409,False,28,18,band1,band1,False,0.0,0.0,0.0,21299.66,0.0,0.0,-2566.97,0.0
grp-a001-02-000000061581264,S26_맥,소다케이스_갤럭시,SHOPPING,갤럭시 S26 (+/울트라),71991,33800,-52236.47,33872.65,33872.65,564.5441,True,60,6,band3,band1,False,-5846.9,-22573.63,-15959.09,0.0,-564.54,0.0,-30223.53,-10941.43
grp-a001-01-000000060612110,S10플러스_지문방지_TPU,○ 갤럭시 파워링크,WEB_SITE,,28675,79500,17789.06,34016.73,30547.39,204.9201,False,166,97,band1,band1,False,0.0,0.0,0.0,-819.68,-5628.44,-6677.32,-3102.23,0.0
grp-a001-01-000000049865057,"01. 갤럭시 플립1,2",○ 02. 파워링크_MO,WEB_SITE,,27890,114400,38971.48,34429.57,28083.69,180.2595,False,191,111,band1,band1,False,0.0,0.0,0.0,-901.3,-1301.3,3547.04,3197.47,0.0
grp-a001-01-000000060763874,S25_사생활보호,○ 갤럭시 파워링크,WEB_SITE,갤럭시 S25 (+/울트라/FE),268872,524700,37790.77,34816.21,58429.96,209.7362,False,166,97,band2,band2,False,0.0,0.0,0.0,-1278.94,-13006.15,18389.22,-1129.56,0.0
grp-a001-01-000000060825656,S6라이트_종이질감,○ 갤럭시탭 파워링크,WEB_SITE,,97772,240500,42789.08,34880.89,-5474.07,210.1259,False,166,97,band1,band1,False,0.0,0.0,0.0,-840.5,-4411.88,25587.6,-12427.03,0.0
grp-a001-01-000000046834534,01. 갤럭시탭_S5시리즈,○ 02. 파워링크_MO,WEB_SITE,,8640,46900,18770.87,35549.02,42089.0,189.0906,False,188,109,band1,band1,False,0.0,0.0,0.0,-945.45,-1585.45,-4978.17,-9269.08,0.0
grp-a001-01-000000060796467,아이폰14프로_사생활보호,○ 아이폰 파워링크,WEB_SITE,,104719,218900,23217.88,35630.11,31680.55,214.6392,False,166,97,band1,band1,False,0.0,0.0,0.0,-858.56,14613.78,-4507.42,-21660.03,0.0
grp-a001-02-000000047076945,01. 갤럭시탭S8시리즈,● 06. 갤럭시탭_6H_PET_BLC,SHOPPING,갤럭시탭 S8 울트라,1377323,2394350,22063.32,36715.93,36433.66,103.4252,False,355,206,band2,band2,False,0.0,0.0,0.0,-27533.56,-8512.13,62124.41,-40731.33,0.0
grp-a001-01-000000060826108,S11울트라_종이질감,○ 갤럭시탭 파워링크,WEB_SITE,갤럭시탭 S11 (+울트라),273484,452200,-9194.11,37110.43,6786.03,223.5568,True,166,76,band3,band2,False,0.0,0.0,0.0,-2604.23,6803.63,-24791.97,-38925.25,13213.27
grp-a001-01-000000060612114,S10_지문방지_TPU,○ 갤럭시 파워링크,WEB_SITE,,72242,190800,39271.73,37522.3,58641.31,226.0379,False,166,97,band1,band1,False,0.0,0.0,0.0,-1784.15,5659.55,2760.83,-4886.78,0.0
grp-a001-01-000000031185773,01. 갤럭시,○ 02. 파워링크_PC,WEB_SITE,,21520,99400,36574.68,37863.78,43018.65,198.2397,False,191,111,band1,band1,False,0.0,0.0,0.0,7921.61,-991.2,3289.51,-11509.03,0.0
grp-a001-01-000000047003798,50. 도어락_사생활보호 지문방지,○ 02. 파워링크_PC,WEB_SITE,,13710,56500,19311.62,37921.96,32328.83,200.6453,False,189,111,band1,band1,False,0.0,0.0,0.0,-601.94,-1003.23,-5515.49,-11489.68,0.0
grp-a001-01-000000060824082,지문방지필름,○ 기타 파워링크,WEB_SITE,,276802,427200,-27123.45,38612.38,8837.83,603.3184,False,64,36,band3,band1,False,0.0,0.0,0.0,-6023.27,13634.99,-74487.9,1140.36,0.0
grp-a001-01-000000060868899,갤럭시필름,○ 기타 파워링크,WEB_SITE,,19347,111200,45644.23,38684.7,39531.8,921.0643,False,42,28,band1,band1,False,0.0,0.0,0.0,-6284.26,-1791.06,0.0,15034.86,0.0
grp-a001-01-000000060842560,프로M45세대(11인치)_종이질감,○ P. 아이패드 파워링크,WEB_SITE,"아이패드 프로 7세대(11/13인치, M4)",2847,47700,25031.43,40032.97,41114.88,1000.8244,False,40,26,band1,band1,False,0.0,0.0,0.0,-4003.3,-1000.82,0.0,-9997.42,0.0
grp-a001-01-000000037423351,아이폰17_맥세이프케이스,○ 02. 파워링크_MO,WEB_SITE,아이폰17(추정 매핑),133990,85530,-84001.69,40727.64,41406.44,290.9117,True,140,7,band3,band2,False,-27272.42,0.0,0.0,0.0,-991.82,0.0,-30050.36,-66414.73
grp-a001-01-000000047076625,01. 갤럭시A54(퀀텀4) 34 24_지문방지,○ 02. 파워링크_MO,WEB_SITE,"갤럭시 A54 (국내명: 갤럭시 퀀텀4, SKT 단독)",36510,106120,25512.21,40824.95,39155.89,213.7432,False,191,111,band1,band1,False,0.0,0.0,0.0,-3158.72,-1138.72,232.97,-11248.28,0.0
grp-a001-01-000000060796463,아이폰13_사생활보호,○ 아이폰 파워링크,WEB_SITE,,15336,99500,42817.13,40941.54,35708.52,265.8542,False,154,90,band1,band1,False,0.0,0.0,0.0,-1063.42,8969.5,-4785.38,-1245.13,0.0
grp-a001-01-000000060824935,A8(2022)_종이질감,○ 갤럭시탭 파워링크,WEB_SITE,,22284,63600,14887.24,40944.23,33295.33,246.652,False,166,97,band1,band1,False,0.0,0.0,0.0,-1466.61,-1726.56,-8186.69,-14677.12,0.0
grp-a001-01-000000060610042,A23_지문방지_TPU,○ 갤럭시 파워링크,WEB_SITE,갤럭시 A23,38846,92400,15157.51,41358.05,31227.82,249.1449,False,166,97,band1,band1,False,0.0,0.0,0.0,-996.58,-2838.01,-7080.59,-15285.36,0.0
grp-a001-02-000000044299955,03. S20FE,● 02. 갤럭시_보급형_M,SHOPPING,,614282,971210,-46654.88,42421.34,57774.14,119.4967,False,355,206,band3,band2,False,0.0,0.0,0.0,-5715.47,9252.28,-37279.73,-55333.31,0.0
grp-a001-01-000000060763876,S25엣지_사생활보호,○ 갤럭시 파워링크,WEB_SITE,갤럭시 S25 엣지,106364,223600,24319.81,42814.95,30973.29,257.9214,False,166,97,band1,band1,False,0.0,0.0,0.0,-1341.69,9029.17,-9195.35,-16987.28,0.0
grp-a001-01-000000046979820,01. 갤럭시S24FE_지문방지,○ 02. 파워링크_PC,WEB_SITE,갤럭시 S24 FE,17700,111300,47349.68,43145.68,42836.33,228.284,False,189,110,band1,band1,False,0.0,0.0,0.0,-2041.42,-1141.42,20169.62,-12782.78,0.0
grp-a001-02-000000044825994,02. 아이폰16 시리즈,● [P_삭제금지]04. 아이폰_지문방지,SHOPPING,아이폰16(추정 매핑),297644,603720,55202.29,43185.81,40058.82,125.1763,False,345,206,band2,band2,False,0.0,0.0,0.0,-3596.59,14429.32,4732.89,-3549.14,0.0
grp-a001-01-000000060604014,아이폰13_강화유리,○ 아이폰 파워링크,WEB_SITE,,136770,236700,1570.15,43608.85,26050.91,262.7039,False,166,97,band2,band1,False,0.0,0.0,0.0,-2180.82,5426.34,-24781.78,-20502.44,0.0
grp-a001-01-000000040173293,02. 아이폰15_지문방지,○ 02. 파워링크_PC,WEB_SITE,아이폰15(추정 매핑),77301,178900,27257.74,43727.15,44192.83,228.938,False,191,111,band1,band1,False,0.0,0.0,0.0,-3904.69,14630.93,-8524.51,-18671.15,0.0
grp-a001-02-000000045448744,10. Z폴드2/3,● 01. 갤럭시_지문방지_TPU,SHOPPING,,235399,537920,78990.25,44075.7,36709.19,162.043,False,272,153,band1,band1,False,0.0,0.0,0.0,6815.96,-4996.34,-935.42,34030.36,0.0
grp-a001-01-000000046436514,01. 갤럭시S24_자가복원 고투명,○ 02. 파워링크_MO,WEB_SITE,갤럭시 S24 (+/울트라),3720,44310,22177.14,44352.98,56198.8,275.4843,False,161,87,band1,band1,False,0.0,0.0,0.0,-1377.42,-1377.42,-8401.62,-11019.37,0.0
grp-a001-01-000000038935115,01. 갤럭시탭_종이필름,○ 02. 파워링크_PC,WEB_SITE,,48410,111300,16639.68,44389.2,46666.18,232.4042,False,191,111,band1,band1,False,0.0,0.0,0.0,7590.79,-2282.02,-14237.7,-18820.59,0.0
grp-a001-01-000000037423343,00. 일반필름,○ 02. 파워링크_MO,WEB_SITE,,234450,525600,72738.78,44620.14,17241.45,233.6133,False,191,111,band1,band1,False,0.0,0.0,0.0,-6168.07,-8928.07,47484.04,-4269.27,0.0
grp-a001-02-000000052350928,,● 11. 벌크,SHOPPING,,7920,130600,68409.63,45157.23,45157.23,694.7266,False,65,28,band1,band1,False,0.0,0.0,0.0,0.0,-694.73,21990.58,1956.55,0.0
grp-a001-01-000000046416698,01. 종이질감_K10 플러스,○ 04. 뮤패드,WEB_SITE,,34301,111000,30573.34,45286.91,46452.7,127.5688,False,355,206,band1,band1,False,0.0,0.0,0.0,-1708.12,-1832.83,7195.58,-18368.21,0.0
grp-a001-02-000000059821015,S10,● 01. 갤럭시_지문방지_TPU,SHOPPING,,149742,315000,34360.86,45893.34,78207.59,241.5439,True,190,115,band1,band1,False,0.0,0.0,0.0,-483.09,-8100.35,25857.27,-28806.31,0.0
grp-a001-01-000000044808500,02. 아이폰16_지문방지,○ 02. 파워링크_PC,WEB_SITE,아이폰16(추정 매핑),23860,111300,41189.68,45990.65,41385.33,244.6311,False,188,111,band1,band1,False,0.0,0.0,0.0,-1223.16,-1768.52,-7701.15,5891.85,0.0
grp-a001-01-000000046839132,01. 갤럭시탭_A9플러스,○ 02. 파워링크_PC,WEB_SITE,갤럭시탭 A9+,14370,79500,32094.06,47993.04,40939.25,251.2725,False,191,111,band1,band1,False,0.0,0.0,0.0,-1256.36,-1256.36,-7390.54,-5995.72,0.0
grp-a001-02-000000046161215,01. 갤럭시탭S7_종이질감,● 06. 갤럭시탭_종이질감_M,SHOPPING,,16135,79500,30329.06,48004.43,38213.14,136.7648,False,351,203,band1,band1,False,0.0,0.0,0.0,-1230.88,-1641.18,-8328.41,-6474.9,0.0
grp-a001-01-000000040284151,01. 갤럭시S24_강화유리,○ 02. 파워링크_PC,WEB_SITE,갤럭시 S24 (+/울트라),27920,85500,22050.78,48095.48,59857.55,251.8088,False,191,111,band1,band1,False,0.0,0.0,0.0,-1259.04,-1259.04,-10073.41,-13453.21,0.0
grp-a001-01-000000040173283,02. 아이폰15_지문방지,○ 02. 파워링크_MO,WEB_SITE,아이폰15(추정 매핑),166366,306200,12593.67,48913.65,44011.31,256.0924,False,191,111,band2,band1,False,0.0,0.0,0.0,-4850.46,-3980.46,3872.22,-31361.27,0.0
grp-a001-01-000000060604044,아이폰16플러스_강화유리,○ 아이폰 파워링크,WEB_SITE,아이폰16(추정 매핑),24214,76600,20555.14,49682.25,81327.25,301.1045,False,165,97,band1,band1,False,0.0,0.0,0.0,-2884.42,-2107.73,-7681.2,-16453.76,0.0
grp-a001-01-000000060604032,아이폰15프로_강화유리,○ 아이폰 파워링크,WEB_SITE,아이폰15(추정 매핑),340811,592200,5302.38,49720.4,-9967.86,410.9124,False,121,68,band2,band2,False,0.0,0.0,0.0,6812.52,-10251.74,-32551.65,-8427.15,0.0
grp-a001-01-000000047488926,01. 갤럭시S25_사생활_TPU,○ 02. 파워링크_PC,WEB_SITE,갤럭시 S25 (+/울트라/FE),48669,144100,35550.75,49892.52,62810.74,261.2174,False,191,111,band1,band1,False,0.0,0.0,0.0,-1306.09,-1306.09,-10459.22,-1270.38,0.0
grp-a001-01-000000046483564,01. 갤럭시S24_지문방지,○ 02. 파워링크_PC,WEB_SITE,갤럭시 S24 (+/울트라),84070,302610,92791.48,50035.9,70973.74,261.9681,False,191,111,band1,band1,False,0.0,0.0,0.0,17739.14,-1309.84,10311.2,16015.08,0.0
grp-a001-01-000000038769331,02. 아이폰14,○ 02. 파워링크_PC,WEB_SITE,,54490,115510,13020.23,50417.51,67390.62,263.966,False,191,111,band1,band1,False,0.0,0.0,0.0,-1319.83,-2689.83,-11725.18,-21662.44,0.0
grp-a001-01-000000046939750,01. 갤럭시탭_S8시리즈_6H BLC,○ 02. 파워링크_MO,WEB_SITE,갤럭시탭 S8 울트라,24310,92900,29985.73,50546.28,44966.11,267.4406,False,189,110,band1,band1,False,0.0,0.0,0.0,-1337.2,-1337.2,-6848.57,-11037.56,0.0
grp-a001-01-000000060612108,A53_지문방지_TPU,○ 갤럭시 파워링크,WEB_SITE,갤럭시 A53,20285,79500,26179.06,50813.53,41440.94,313.6637,False,162,95,band1,band1,False,0.0,0.0,0.0,-940.99,-2195.65,-6273.27,-15224.56,0.0
grp-a001-01-000000046939809,01. 갤럭시탭_S7 시리즈_6H BLC,○ 02. 파워링크_MO,WEB_SITE,,11880,83500,36921.87,51767.2,52248.44,271.0325,False,191,111,band1,band1,False,0.0,0.0,0.0,8172.1,-1355.16,-7154.78,-14507.49,0.0
grp-a001-01-000000060604022,아이폰14프로_강화유리,○ 아이폰 파워링크,WEB_SITE,,117923,216800,8786.53,51849.08,38410.68,312.3439,False,166,97,band2,band1,False,0.0,0.0,0.0,-2559.38,-6257.41,-14683.22,-19562.55,0.0
grp-a001-01-000000060792994,아이폰15프로맥스_사생활보호,○ 아이폰 파워링크,WEB_SITE,아이폰15(추정 매핑),36989,119400,32794.75,52195.75,43241.9,324.1972,False,161,97,band1,band1,False,0.0,0.0,0.0,-1786.79,-5270.38,3137.47,-15481.3,0.0
grp-a001-01-000000060825705,S7_종이질감,○ 갤럭시탭 파워링크,WEB_SITE,,51432,166800,46054.85,52812.99,39676.37,318.1506,False,166,97,band1,band1,False,0.0,0.0,0.0,-2562.6,3913.76,-9610.16,1500.86,0.0
grp-a001-01-000000060617381,노트20울트라_지문방지_TPU,○ 갤럭시 파워링크,WEB_SITE,,87125,159000,5803.11,53004.47,69634.75,319.304,False,166,97,band2,band1,False,0.0,0.0,0.0,-1747.22,-8761.13,-19906.38,-16786.63,0.0
grp-a001-02-000000046126373,01. 아이패드7-8-9세대_10.2인치,● 07. 아이패드_종이질감,SHOPPING,,254817,559500,72184.75,53355.8,60171.61,150.298,False,355,206,band1,band2,False,0.0,0.0,0.0,6782.94,-4679.58,-1469.79,18195.37,0.0
grp-a001-01-000000038737184,02. 아이폰13,○ 02. 파워링크_MO,WEB_SITE,,165270,439200,91421.99,53436.96,43695.71,279.7746,False,191,111,band1,band1,False,0.0,0.0,0.0,-3288.87,5154.56,10847.75,25271.59,0.0
grp-a001-02-000000059817936,S21,● 01. 갤럭시_지문방지_사생활,SHOPPING,,161314,353800,45465.66,54185.04,43353.54,282.2137,True,192,116,band1,band1,False,0.0,0.0,0.0,-1128.85,-4390.71,1166.32,-4366.13,0.0
grp-a001-01-000000060841580,프로3-4-5세대(11인치)_6H BLC,○ P. 아이패드 파워링크,WEB_SITE,,23493,84500,25893.32,54489.55,59111.39,349.292,False,156,97,band1,band1,False,0.0,0.0,0.0,-1847.17,-4565.04,-5729.21,-16454.8,0.0
grp-a001-02-000000046074559,06. 아이폰12,● 05. 아이폰_사생활보호,SHOPPING,,86438,237800,52545.05,55039.57,59035.54,182.8557,False,301,170,band1,band1,False,0.0,0.0,0.0,-1774.28,-3001.41,-2751.43,5032.6,0.0
grp-a001-01-000000060604029,아이폰15_강화유리,○ 아이폰 파워링크,WEB_SITE,아이폰15(추정 매핑),233285,366000,-19375.01,55221.86,53471.69,332.6618,False,166,97,band3,band1,False,0.0,0.0,0.0,9165.52,-20523.63,-5037.27,-58201.49,0.0
grp-a001-01-000000037840548,02. 아이폰15,○ 02. 파워링크_MO,WEB_SITE,아이폰15(추정 매핑),177937,361100,33109.17,55549.47,50699.39,289.3202,False,192,112,band2,band1,False,0.0,0.0,0.0,-2576.6,-8446.6,142.49,-11559.59,0.0
grp-a001-01-000000031176229,01. 갤럭시,○ 02. 파워링크_MO,WEB_SITE,,133640,318510,52514.3,55873.52,51389.74,292.5315,False,191,111,band1,band1,False,0.0,0.0,0.0,-2522.66,4640.87,-645.13,-4832.31,0.0
grp-a001-01-000000040173278,02. 아이폰15_강화유리,○ 02. 파워링크_MO,WEB_SITE,아이폰15(추정 매핑),825764,1406800,-3554.77,57309.75,21795.68,300.0511,False,191,111,band2,band2,False,0.0,0.0,0.0,-9869.63,-10311.9,-22164.9,-18518.09,0.0
grp-a001-01-000000046904555,01. 갤럭시탭_S10 울트라 플러스_6H BLC,○ 02. 파워링크_MO,WEB_SITE,갤럭시탭 S10 울트라·+,27560,101510,31767.88,57999.17,50223.06,303.6606,False,191,111,band1,band1,False,0.0,0.0,0.0,-1518.3,6673.25,-8897.85,-22488.39,0.0
grp-a001-02-000000045023176,S20울트라,● 01. 갤럭시_지문방지_TPU,SHOPPING,,608768,1163470,71226.16,58304.07,15968.02,165.1673,False,353,206,band2,band2,False,0.0,0.0,0.0,-6636.17,920.05,41032.72,-22394.51,0.0
grp-a001-02-000000046838305,01. 갤럭시탭A7/라이트_지문방지,● 06. 갤럭시탭_지문방지,SHOPPING,,323157,648130,55644.87,58767.06,102488.14,166.4789,False,353,204,band2,band2,False,0.0,0.0,0.0,-6318.31,-7544.94,42608.56,-31867.51,0.0
grp-a001-01-000000060610047,A24_지문방지_TPU,○ 갤럭시 파워링크,WEB_SITE,갤럭시 A24,25135,111300,39914.68,59315.15,52686.88,357.3202,False,166,97,band1,band1,False,0.0,0.0,0.0,-1779.28,-2501.24,-10917.72,-4202.22,0.0
grp-a001-02-000000045023175,,● 01. 갤럭시_지문방지_TPU,SHOPPING,,50450,124010,22028.08,59479.55,70402.38,421.8408,False,141,77,band1,band1,False,0.0,0.0,0.0,4323.61,-1825.52,-25534.18,-14415.38,0.0
grp-a001-01-000000060531711,플립6_지문방지,○ 갤럭시 파워링크,WEB_SITE,갤럭시 Z 플립6,284354,413800,-42507.13,60076.05,102637.97,361.9039,False,166,97,band3,band2,False,0.0,0.0,0.0,-2287.62,-16332.33,-25263.98,-58699.26,0.0
grp-a001-01-000000047486489,01. 갤럭시S25_EZ강화유리,○ 02. 파워링크_MO,WEB_SITE,갤럭시 S25 (+/울트라/FE),146480,244750,-3435.0,61503.13,66307.59,322.0059,False,191,111,band3,band1,False,0.0,0.0,0.0,-4080.03,-6010.03,-24828.14,-30019.93,0.0
grp-a001-02-000000044743919,06. 아이폰13 시리즈,● [P_삭제금지]04. 아이폰_지문방지,SHOPPING,,111189,236900,27268.04,62266.15,52891.8,191.5882,False,325,187,band1,band1,False,0.0,0.0,0.0,5208.52,-5700.47,-8969.96,-25536.2,0.0
grp-a001-01-000000037423624,00. 일반필름,○ 02. 파워링크_PC,WEB_SITE,,197502,452800,67138.56,62912.71,90762.61,329.3859,False,191,111,band1,band1,False,0.0,0.0,0.0,-1646.93,-5476.93,22695.22,-11345.5,0.0
grp-a001-01-000000060604043,아이폰16프로맥스_강화유리,○ 아이폰 파워링크,WEB_SITE,아이폰16(추정 매핑),102084,281500,62439.67,63090.76,48365.51,380.0648,False,166,97,band1,band1,False,0.0,0.0,0.0,-4860.26,-3679.28,-2951.74,10840.19,0.0
grp-a001-01-000000060481591,S20플러스_지문방지_TPU,○ 갤럭시 파워링크,WEB_SITE,,64914,127200,9428.49,64453.33,42982.63,388.2731,False,166,97,band2,band1,False,0.0,0.0,0.0,-1553.09,-7652.91,-19599.73,-26219.1,0.0
grp-a001-01-000000060765092,S21울트라_사생활보호,○ 갤럭시 파워링크,WEB_SITE,,38207,143100,45428.3,64913.95,68874.72,413.4647,False,157,94,band1,band1,False,0.0,0.0,0.0,-2570.39,6141.02,-12511.9,-10544.38,0.0
grp-a001-01-000000060554863,폴드6_지문방지,○ 갤럭시 파워링크,WEB_SITE,갤럭시 Z 폴드6,234971,416600,8512.34,65064.83,59983.7,391.9568,False,166,97,band2,band1,False,0.0,0.0,0.0,-2117.83,-4664.52,-35797.09,-13973.05,0.0
grp-a001-01-000000060843410,A9플러스_6H BLC,○ 갤럭시탭 파워링크,WEB_SITE,갤럭시탭 A9+,30315,99400,27779.68,65129.44,52222.5,397.1307,False,164,97,band1,band1,False,0.0,0.0,0.0,-1738.52,-4257.92,-10755.48,-20597.84,0.0
grp-a001-01-000000060603891,아이폰17프로맥스_강화유리,○ 아이폰 파워링크,WEB_SITE,아이폰17(추정 매핑),235996,421500,10351.17,66268.25,55010.49,399.2063,True,166,76,band2,band1,False,0.0,0.0,0.0,-2636.83,-7688.18,-10702.33,-22126.41,-12763.33
grp-a001-01-000000060792703,S24플러스_사생활보호,○ 갤럭시 파워링크,WEB_SITE,갤럭시 S24 (+/울트라),70673,191800,41425.19,66544.27,71114.97,400.8691,False,166,97,band1,band1,False,0.0,0.0,0.0,-2163.48,-4613.08,-3481.44,-14861.08,0.0
grp-a001-01-000000060480727,S23플러스_지문방지_TPU,○ 갤럭시 파워링크,WEB_SITE,갤럭시 S23 (+/울트라/FE),211112,389500,16532.65,67031.28,75691.27,403.8029,False,166,97,band2,band1,False,0.0,0.0,0.0,-2665.21,-1125.81,-12010.15,-34697.46,0.0
grp-a001-01-000000060824882,A7_종이질감,○ 갤럭시탭 파워링크,WEB_SITE,,29556,159000,63372.11,67631.94,71403.64,407.4213,False,166,97,band1,band1,False,0.0,0.0,0.0,-1999.69,-2851.95,3378.77,-2786.97,0.0
grp-a001-02-000000059830517,16프로맥스,● [P_삭제금지]03. 아이폰_강화유리,SHOPPING,아이폰16(추정 매핑),475831,853220,22836.45,68179.18,73770.86,351.4391,True,194,116,band2,band2,False,0.0,0.0,0.0,-10575.76,-16072.51,-10365.79,-8328.68,0.0
grp-a001-01-000000060763694,S23_사생활보호,○ 갤럭시 파워링크,WEB_SITE,갤럭시 S23 (+/울트라/FE),303859,573400,31266.66,68562.55,54259.74,413.0274,False,166,97,band2,band1,False,0.0,0.0,0.0,-1219.3,-15524.38,-29455.76,8903.55,0.0
grp-a001-01-000000060825707,S8울트라_종이질감,○ 갤럭시탭 파워링크,WEB_SITE,갤럭시탭 S8 울트라,48501,139100,32796.49,69478.21,70505.44,421.0801,False,165,97,band1,band1,False,0.0,0.0,0.0,-2424.32,-2947.56,-15021.6,-16288.24,0.0
grp-a001-02-000000046126174,01. 아이패드미니_6-7세대_8.3인치,● 07. 아이패드_종이질감,SHOPPING,아이패드 미니 6세대(8.3인치)|아이패드 미니 7세대(8.3인치),71074,159000,21854.11,70750.68,59699.96,199.8607,False,354,206,band1,band1,False,0.0,0.0,0.0,-1798.75,-2398.33,-11283.87,-33415.63,0.0
grp-a001-01-000000060792992,아이폰16프로_사생활보호,○ 아이폰 파워링크,WEB_SITE,아이폰16(추정 매핑),103966,280500,59973.22,70857.55,61780.71,426.8527,False,166,97,band1,band1,False,0.0,0.0,0.0,-1707.41,-7089.97,142.72,-2229.68,0.0
grp-a001-01-000000038934999,02. 아이패드_종이질감,○ 02. 파워링크_PC,WEB_SITE,,131580,253810,16760.15,71142.39,62101.0,372.4732,False,191,111,band2,band1,False,0.0,0.0,0.0,-2162.37,-2512.37,-16849.36,-32858.15,0.0
grp-a001-01-000000060784944,S23플러스_사생활보호,○ 갤럭시 파워링크,WEB_SITE,갤럭시 S23 (+/울트라/FE),166466,333900,28683.04,71360.82,40880.85,429.8844,False,166,97,band2,band1,False,0.0,0.0,0.0,-3199.54,736.62,-21172.57,-19042.29,0.0
grp-a001-01-000000060604017,아이폰13프로_강화유리,○ 아이폰 파워링크,WEB_SITE,,65514,168100,32732.64,71775.83,97848.48,432.3845,False,166,97,band1,band1,False,0.0,0.0,0.0,-3079.54,-4713.69,-20106.07,-11143.88,0.0
grp-a001-02-000000059823013,S21플러스,● 01. 갤럭시_지문방지_사생활,SHOPPING,,232754,477000,46030.34,73720.69,142018.59,380.0036,True,194,116,band2,band1,False,0.0,0.0,0.0,-317.2,16434.41,-12315.64,-31491.92,0.0
grp-a001-02-000000046843736,,● 14. 아이패드_지문방지,SHOPPING,,45250,77910,284.77,75271.77,75271.77,8363.5301,True,9,1,band2,excluded_cost0,False,0.0,0.0,0.0,0.0,0.0,-74987.0,0.0,0.0
grp-a001-01-000000060765091,S21플러스_사생활보호,○ 갤럭시 파워링크,WEB_SITE,,53634,174900,48586.92,76226.69,63924.58,464.7969,False,164,97,band1,band1,False,0.0,0.0,0.0,-1859.19,-3698.58,-11564.14,-10517.86,0.0
grp-a001-01-000000046581751,01. 갤럭시탭_S6시리즈,○ 02. 파워링크_MO,WEB_SITE,,73460,317400,112045.55,77332.96,68701.72,404.8846,False,191,111,band1,band1,False,0.0,0.0,0.0,-3214.42,-3494.42,-6304.42,47725.86,0.0
grp-a001-01-000000060826103,S10플러스_종이질감,○ 갤럭시탭 파워링크,WEB_SITE,갤럭시탭 S10 울트라·+,150211,340900,49029.21,77540.5,53491.53,467.1114,False,166,97,band1,band1,False,0.0,0.0,0.0,-4048.45,-4314.78,-18546.53,-1601.54,0.0
grp-a001-01-000000046646662,01. 갤럭시S21,○ 02. 파워링크_MO,WEB_SITE,,82739,283710,83076.31,78058.47,106411.89,408.6831,False,191,111,band1,band1,False,0.0,0.0,0.0,-4023.42,-4043.42,877.23,12207.45,0.0
grp-a001-01-000000040211251,01. 갤럭시_S22/S21/S20/노트20_사생활보호,○ 02. 파워링크_MO,WEB_SITE,,70020,157410,21978.83,79394.61,63169.34,417.8664,False,190,110,band1,band1,False,0.0,0.0,0.0,-2989.33,-4779.33,-17618.79,-32028.32,0.0
grp-a001-01-000000060792990,아이폰15프로_사생활보호,○ 아이폰 파워링크,WEB_SITE,아이폰15(추정 매핑),204552,465600,67569.57,79395.52,62428.98,493.1399,False,161,97,band1,band1,False,0.0,0.0,0.0,8088.07,-6312.73,-13433.24,-168.05,0.0
grp-a001-01-000000046976468,02.아이패드_10세대_종이질감,○ 02. 파워링크_MO,WEB_SITE,아이패드 10세대(10.9인치),20728,159820,72679.36,80750.19,76957.71,422.7758,False,191,111,band1,band1,False,0.0,0.0,0.0,-2113.88,-2973.88,1709.0,-4692.07,0.0
grp-a001-01-000000040284140,01. 갤럭시S24_강화유리,○ 02. 파워링크_MO,WEB_SITE,갤럭시 S24 (+/울트라),105290,253600,42927.42,81427.32,84636.67,426.321,False,191,111,band1,band1,False,0.0,0.0,0.0,-4761.61,-2661.61,-4658.27,-26418.42,0.0
grp-a001-01-000000060763718,S24_사생활보호,○ 갤럭시 파워링크,WEB_SITE,갤럭시 S24 (+/울트라),63422,205110,56455.26,81569.35,69847.78,491.3816,False,166,97,band1,band1,False,0.0,0.0,0.0,-1965.53,-8149.67,-3374.2,-11624.69,0.0
grp-a001-01-000000046962945,02. 아이폰14_사생활 강화유리,○ 02. 파워링크_MO,WEB_SITE,,46690,192000,65525.08,84879.12,74224.38,444.3933,False,191,111,band1,band1,False,0.0,0.0,0.0,-2221.97,-4141.97,-12025.44,-964.67,0.0
grp-a001-01-000000060796550,아이폰13프로_사생활보호,○ 아이폰 파워링크,WEB_SITE,,26238,154200,63884.74,85141.47,74847.03,549.2998,False,155,95,band1,band1,False,0.0,0.0,0.0,-2197.2,-3295.8,-7690.2,-8073.54,0.0
grp-a001-01-000000046584475,01. 갤럭시탭_A9,○ 02. 파워링크_MO,WEB_SITE,,27820,205110,92057.26,85262.4,83023.95,446.4,False,191,111,band1,band1,False,0.0,0.0,0.0,-2692.0,-2602.0,24137.65,-12048.78,0.0
grp-a001-01-000000060480725,S23_지문방지_TPU,○ 갤럭시 파워링크,WEB_SITE,갤럭시 S23 (+/울트라/FE),396710,791840,66083.69,87037.63,80497.43,524.3231,False,166,97,band2,band1,False,0.0,0.0,0.0,1375.52,-2916.64,2507.57,-21920.39,0.0
grp-a001-01-000000060825798,S9플러스_종이질감,○ 갤럭시탭 파워링크,WEB_SITE,갤럭시탭 S9 울트라,93732,254400,54952.98,89456.43,67171.49,538.8942,False,166,97,band1,band1,False,0.0,0.0,0.0,-2155.58,-6570.26,-13458.97,-12318.65,0.0
grp-a001-01-000000060809909,노트20울트라_사생활보호,○ 갤럭시 파워링크,WEB_SITE,,62917,174900,39303.92,90190.55,73617.35,546.6094,False,165,97,band1,band1,False,0.0,0.0,0.0,7122.98,-6574.27,-17124.8,-34310.55,0.0
grp-a001-01-000000060554859,폴드5_지문방지,○ 갤럭시 파워링크,WEB_SITE,갤럭시 Z 폴드5,137784,376900,82496.54,90449.94,104084.48,544.8792,False,166,97,band1,band1,False,0.0,0.0,0.0,-2179.52,3417.03,-20779.28,11588.37,0.0
grp-a001-02-000000059879629,17프로,● [P_삭제금지]03. 아이폰_강화유리,SHOPPING,아이폰17(추정 매핑),266700,475610,11271.95,91895.42,194528.15,604.5751,True,152,48,band2,band1,False,0.0,0.0,0.0,18444.04,-3627.45,-18239.03,-12994.95,-64206.09
grp-a001-01-000000038769330,02. 아이폰13,○ 02. 파워링크_PC,WEB_SITE,,40780,186900,68454.37,92320.15,94558.76,483.3516,False,191,111,band1,band1,False,0.0,0.0,0.0,-2416.76,-3726.76,-12380.44,-5341.83,0.0
grp-a001-01-000000060792988,아이폰에어_사생활보호,○ 아이폰 파워링크,WEB_SITE,,58360,172100,42224.45,93763.39,81336.74,564.8397,False,166,97,band1,band1,False,0.0,0.0,0.0,-2819.36,-3953.88,-13221.63,-31544.07,0.0
grp-a001-01-000000060554861,폴드SE_지문방지,○ 갤럭시 파워링크,WEB_SITE,,123763,267100,32344.54,93841.96,71746.21,565.313,False,166,97,band1,band1,False,0.0,0.0,0.0,-2751.25,-11890.19,-932.4,-45923.58,0.0
grp-a001-02-000000046415318,01. 뮤패드_종이질감,● 13. 아이뮤즈_뮤패드,SHOPPING,,241633,521040,62890.67,95602.98,85519.76,281.1852,False,340,206,band1,band1,False,0.0,0.0,0.0,-7030.67,-5347.41,-30833.56,10499.33,0.0
grp-a001-01-000000046588417,01. 갤럭시탭_S9시리즈,○ 02. 파워링크_PC,WEB_SITE,갤럭시탭 S9 울트라,26630,209700,95929.91,96286.27,112765.13,504.1166,False,191,111,band1,band1,False,0.0,0.0,0.0,-2520.58,-2520.58,-13048.8,17733.6,0.0
grp-a001-01-000000060480649,S24플러스_지문방지_TPU,○ 갤럭시 파워링크,WEB_SITE,갤럭시 S24 (+/울트라),130651,349640,73697.33,97121.87,144413.73,592.2065,False,164,97,band1,band1,False,0.0,0.0,0.0,-1764.41,-7251.45,-29453.53,15044.85,0.0
grp-a001-01-000000060603890,아이폰17프로_강화유리,○ 아이폰 파워링크,WEB_SITE,아이폰17(추정 매핑),93358,372100,124117.16,99261.27,100924.5,1359.7434,True,73,29,band1,band1,False,0.0,0.0,0.0,-6718.97,-6813.49,0.0,42156.1,-3767.74
grp-a001-01-000000060613247,A25_지문방지_TPU,○ 갤럭시 파워링크,WEB_SITE,갤럭시 A25,17803,127200,56539.49,100669.22,84245.95,613.8367,False,164,95,band1,band1,False,0.0,0.0,0.0,-2455.35,-4296.86,-13341.57,-24035.96,0.0
grp-a001-01-000000060826106,S10FE플러스_종이질감,○ 갤럭시탭 파워링크,WEB_SITE,갤럭시탭 S10 울트라·+,167664,387340,58718.23,104290.32,136054.69,628.255,False,166,97,band1,band1,False,0.0,0.0,0.0,-4483.02,-14371.78,-21528.54,-5188.74,0.0
grp-a001-01-000000046583926,01. 갤럭시탭_A9플러스,○ 02. 파워링크_MO,WEB_SITE,갤럭시탭 A9+,46130,172720,54816.81,104970.85,112245.0,549.5856,False,191,111,band1,band1,False,0.0,0.0,0.0,-3097.93,-5527.93,-7227.24,-34300.94,0.0
grp-a001-02-000000059810410,S22,● 01. 갤럭시_지문방지_사생활,SHOPPING,갤럭시 S22 (+/울트라),227796,397500,4524.28,105740.88,149324.43,607.7062,True,174,102,band2,band1,False,0.0,0.0,0.0,-2430.82,-227.84,-37545.83,-61012.11,0.0
grp-a001-01-000000046579761,01. 갤럭시탭_S8시리즈,○ 02. 파워링크_MO,WEB_SITE,갤럭시탭 S8 울트라,73244,220210,55458.51,108926.6,113214.51,570.2963,False,191,111,band1,band1,False,0.0,0.0,0.0,4971.33,-5801.48,-7644.3,-44993.63,0.0
grp-a001-01-000000060825706,S7FE_종이질감,○ 갤럭시탭 파워링크,WEB_SITE,,68500,244300,74282.0,111361.62,110440.89,670.8531,False,166,97,band1,band1,False,0.0,0.0,0.0,-3743.41,3141.84,-22953.92,-13524.13,0.0
grp-a001-01-000000040189696,01. 갤럭시S_사생활보호,○ 02. 파워링크_PC,WEB_SITE,,168200,378030,52740.97,111467.82,111099.42,583.6011,False,191,111,band1,band1,False,0.0,0.0,0.0,-4548.01,3034.81,-10437.99,-46775.65,0.0
grp-a001-01-000000060842559,프로3-4-5-6세대(12.9인치)_종이질감,○ P. 아이패드 파워링크,WEB_SITE,"아이패드 프로 6세대(11/12.9인치, M2)|아이패드 프로 3~5세대(11/12.9인치)",125728,401500,108930.09,112043.65,102508.28,718.2285,False,156,97,band1,band1,False,0.0,0.0,0.0,-2872.91,1547.21,-14052.7,12264.85,0.0
grp-a001-01-000000044807691,02. 아이폰16_지문방지,○ 02. 파워링크_MO,WEB_SITE,아이폰16(추정 매핑),60600,190000,50446.17,113711.01,98178.96,595.3456,False,191,111,band1,band1,False,0.0,0.0,0.0,-2976.73,-4036.73,-24828.29,-31423.09,0.0
grp-a001-01-000000060825704,S7플러스_종이질감,○ 갤럭시탭 파워링크,WEB_SITE,,68796,361800,142659.29,117270.84,89963.95,706.4509,False,166,97,band1,band1,False,0.0,0.0,0.0,-4675.8,-55.34,42396.84,-12277.25,0.0
grp-a001-01-000000060826107,S10FE_종이질감,○ 갤럭시탭 파워링크,WEB_SITE,갤럭시탭 S10 울트라·+,252951,609200,103098.09,118103.3,62869.03,711.4657,False,166,97,band1,band1,False,0.0,0.0,0.0,-8105.86,22976.99,-11028.97,-18847.36,0.0
grp-a001-02-000000059822251,S20플러스,● 01. 갤럭시_지문방지_사생활,SHOPPING,,346442,731400,81027.32,118164.23,166792.12,609.094,True,194,116,band1,band1,False,0.0,0.0,0.0,-6526.38,-8148.94,8905.14,-31366.74,0.0
grp-a001-02-000000059832490,15플러스,● [P_삭제금지]03. 아이폰_강화유리,SHOPPING,아이폰15(추정 매핑),292400,656110,91065.81,118844.41,184317.93,632.1511,True,188,115,band1,band1,False,0.0,0.0,0.0,-6138.6,3396.87,10986.81,-36023.68,0.0
grp-a001-01-000000040080458,01. 갤럭시S23_지문방지필름,○ 02. 파워링크_PC,WEB_SITE,갤럭시 S23 (+/울트라/FE),145072,425710,103735.71,120473.21,124946.97,630.7498,False,191,111,band1,band1,False,0.0,0.0,0.0,-3993.75,-4813.75,21788.87,-29718.87,0.0
grp-a001-01-000000045920162,01. 갤럭시S24FE_지문방지,○ 02. 파워링크_MO,WEB_SITE,갤럭시 S24 FE,135660,545410,183106.8,122167.16,115686.47,639.6186,False,191,111,band1,band1,False,0.0,0.0,0.0,1414.72,2925.44,39371.64,17227.85,0.0
grp-a001-02-000000059820987,S20,● 01. 갤럭시_지문방지_TPU,SHOPPING,,180531,348600,23209.5,122854.92,119162.1,722.676,True,170,99,band2,band1,False,0.0,0.0,0.0,-722.68,-6223.73,-66796.24,-25902.77,0.0
grp-a001-01-000000060604034,아이폰15프로맥스_강화유리,○ 아이폰 파워링크,WEB_SITE,아이폰15(추정 매핑),167459,363900,45223.64,126213.48,107404.73,764.9302,False,165,96,band1,band1,False,0.0,0.0,0.0,15252.62,-12155.51,-16063.53,-68023.42,0.0
grp-a001-01-000000037423356,01. 갤럭시 플립6,○ 02. 파워링크_MO,WEB_SITE,갤럭시 Z 플립6,553480,1022030,43849.05,126563.94,151830.17,662.6384,False,191,111,band2,band1,False,0.0,0.0,0.0,-1789.92,2443.35,-27766.96,-55601.37,0.0
grp-a001-01-000000046475854,01. 갤럭시A16_지문방지,○ 02. 파워링크_MO,WEB_SITE,갤럭시 A16 LTE,135600,461420,134078.55,126884.62,125115.71,664.3174,False,191,111,band1,band1,False,0.0,0.0,0.0,3951.22,-6611.59,-15947.99,25802.29,0.0
grp-a001-01-000000040189692,01. 갤럭시S24_사생활보호,○ 02. 파워링크_MO,WEB_SITE,갤럭시 S24 (+/울트라),185370,439840,71696.04,128514.38,146951.46,672.8501,False,191,111,band1,band1,False,0.0,0.0,0.0,3788.56,-8594.25,-17902.78,-34109.86,0.0
grp-a001-01-000000060823525,골프버디필름(스마트스토어)_PC,○ 기타 파워링크,WEB_SITE,,288622,824500,193259.94,132473.16,102143.99,1051.3743,False,126,70,band1,band1,False,0.0,0.0,0.0,-10195.5,543.47,-13028.19,83467.0,0.0
grp-a001-01-000000060530499,S25FE_지문방지_TPU,○ 갤럭시 파워링크,WEB_SITE,,188185,469100,85982.15,133234.74,111923.32,802.6189,False,166,97,band1,band1,False,0.0,0.0,0.0,-3960.48,1168.29,-16323.74,-28136.67,0.0
grp-a001-01-000000050212614,00. 갤럭시s25엣지,○ 02. 파워링크_MO,WEB_SITE,,112050,349920,92461.98,133294.59,138775.61,697.8774,False,191,111,band1,band1,False,0.0,0.0,0.0,-5949.39,-6129.39,-830.62,-27923.21,0.0
grp-a001-02-000000055116677,벌크4,● 11. 벌크,SHOPPING,,378434,884190,138333.97,133586.02,131812.21,459.0585,False,291,179,band1,band1,False,0.0,0.0,0.0,35273.86,13930.48,-12630.23,-31826.16,0.0
grp-a001-02-000000046074558,05. 아이폰13,● 05. 아이폰_사생활보호,SHOPPING,,452833,927200,89072.32,133929.83,146019.68,487.0176,False,275,154,band2,band1,False,0.0,0.0,0.0,9629.34,-10316.59,-4240.43,-39929.84,0.0
grp-a001-02-000000046415341,01. 뮤패드_지문방지,● 13. 아이뮤즈_뮤패드,SHOPPING,,152112,450160,110985.6,135735.41,140858.44,400.3994,False,339,206,band1,band1,False,0.0,0.0,0.0,-13213.59,-11187.79,-19514.58,19166.17,0.0
grp-a001-02-000000045087060,01. 갤럭시탭S6_종이질감,● 06. 갤럭시탭_종이질감_M,SHOPPING,,194365,522180,110824.95,136510.33,182540.17,384.5361,False,355,206,band1,band1,False,0.0,0.0,0.0,-7890.83,-12799.43,-7479.08,2483.96,0.0
grp-a001-01-000000060792982,S25울트라_사생활보호,○ 갤럭시 파워링크,WEB_SITE,갤럭시 S25 (+/울트라/FE),454223,942200,96449.12,137140.76,157691.71,826.1492,False,166,97,band1,band1,False,0.0,0.0,0.0,-3304.6,21668.08,-19148.7,-39906.42,0.0
grp-a001-01-000000040173279,02. 아이폰15_사생활 강화유리,○ 02. 파워링크_MO,WEB_SITE,아이폰15(추정 매핑),205340,552200,117395.24,138957.08,121296.02,727.524,False,191,111,band1,band1,False,0.0,0.0,0.0,-6417.62,13693.63,-17115.5,-11722.35,0.0
grp-a001-01-000000060481588,S21_지문방지_TPU,○ 갤럭시 파워링크,WEB_SITE,,58289,270300,99688.79,138973.45,115596.26,842.2634,False,165,97,band1,band1,False,0.0,0.0,0.0,-2526.79,-6761.84,-4011.91,-25984.12,0.0
grp-a001-01-000000037423628,00. 사생활보호필름,○ 02. 파워링크_PC,WEB_SITE,,53120,285230,113583.68,141237.92,136870.62,739.4656,False,191,111,band1,band1,False,0.0,0.0,0.0,-3697.33,-4187.33,20045.83,-39815.42,0.0
grp-a001-01-000000060792983,S24울트라_사생활보호,○ 갤럭시 파워링크,WEB_SITE,갤럭시 S24 (+/울트라),175456,554900,148857.27,141552.3,182193.15,852.7247,False,166,97,band1,band1,False,0.0,0.0,0.0,-3410.9,14649.8,3315.66,-7249.6,0.0
grp-a001-01-000000031185769,00. 지문방지필름,○ 02. 파워링크_PC,WEB_SITE,,82090,308100,97980.13,141887.93,139594.2,742.8687,False,191,111,band1,band1,False,0.0,0.0,0.0,-4184.34,-5244.34,7042.86,-41521.96,0.0
grp-a001-01-000000047485563,01. 갤럭시S25_지문방지TPU,○ 02. 파워링크_PC,WEB_SITE,갤럭시 S25 (+/울트라/FE),272890,716100,145637.18,145991.75,144758.32,760.3737,False,192,112,band1,band1,False,0.0,0.0,0.0,-5031.87,11663.75,24159.49,-31145.94,0.0
grp-a001-02-000000059820953,S21,● 01. 갤럭시_지문방지_TPU,SHOPPING,,209965,562200,118614.78,146367.27,151042.23,762.3295,True,192,116,band1,band1,False,0.0,0.0,0.0,-1524.66,-10499.64,9875.38,-25603.58,0.0
grp-a001-02-000000046072248,02. 아이폰16,● 05. 아이폰_사생활보호,SHOPPING,아이폰16(추정 매핑),434227,987950,143183.87,146497.56,134303.77,412.6692,False,355,206,band1,band1,False,0.0,0.0,0.0,-1823.4,-16565.03,36639.79,-21565.05,0.0
grp-a001-01-000000060480728,S23울트라_지문방지_TPU,○ 갤럭시 파워링크,WEB_SITE,갤럭시 S23 (+/울트라/FE),524119,839800,-33294.92,148150.93,158390.1,1204.4791,False,123,68,band3,band1,False,0.0,0.0,0.0,-9557.92,-16775.63,-72891.05,-82221.27,0.0
grp-a001-01-000000060825802,S10울트라_종이질감,○ 갤럭시탭 파워링크,WEB_SITE,갤럭시탭 S10 울트라·+,80381,334900,115352.49,150687.66,142408.79,907.757,False,166,97,band1,band1,False,0.0,0.0,0.0,-6211.03,-7187.3,-20520.08,-1416.77,0.0
grp-a001-01-000000045802263,01. 갤럭시탭_S10울트라 플러스,○ 02. 파워링크_PC,WEB_SITE,갤럭시탭 S10 울트라·+,160100,459000,108164.17,150917.36,151530.09,786.0279,False,192,112,band1,band1,False,0.0,0.0,0.0,-4750.14,3332.67,-3162.96,-38172.75,0.0
grp-a001-01-000000060784942,S22플러스_사생활보호,○ 갤럭시 파워링크,WEB_SITE,갤럭시 S22 (+/울트라),115497,387700,111095.64,151376.24,127409.14,911.9051,False,166,97,band1,band1,False,0.0,0.0,0.0,13358.0,10915.45,-21249.2,-43304.86,0.0
grp-a001-01-000000048499536,50. 골프버디필름,○ 02. 파워링크_MO,WEB_SITE,,572000,1028700,29227.35,155228.04,136780.12,812.7122,False,191,111,band2,band1,False,0.0,0.0,0.0,-10283.56,-5194.32,-30915.81,-79607.0,0.0
grp-a001-01-000000037423635,01. 갤럭시폴드,○ 02. 파워링크_PC,WEB_SITE,,236711,623130,127479.53,156825.13,142946.42,816.7976,False,192,111,band1,band1,False,0.0,0.0,0.0,-4083.99,5228.19,7396.5,-37886.3,0.0
grp-a001-01-000000046742693,01. 갤럭시 노트20,○ 02. 파워링크_MO,WEB_SITE,,126560,324510,63101.02,157415.98,149478.18,824.1674,False,191,111,band1,band1,False,0.0,0.0,0.0,-9510.84,-6820.84,-36470.02,-41513.27,0.0
grp-a001-01-000000060480311,S25플러스_지문방지_TPU,○ 갤럭시 파워링크,WEB_SITE,갤럭시 S25 (+/울트라/FE),271111,642800,104575.73,157444.07,170470.81,948.4582,False,166,97,band1,band1,False,0.0,0.0,0.0,-4793.83,1796.41,-32047.62,-17823.29,0.0
grp-a001-02-000000046072553,03. 아이폰15,● 05. 아이폰_사생활보호,SHOPPING,아이폰15(추정 매핑),560516,1105460,85574.01,162929.63,137410.79,458.9567,False,355,206,band2,band1,False,0.0,0.0,0.0,-12459.99,-18470.48,51154.29,-97579.45,0.0
grp-a001-02-000000054537415,S24플러스,● 01. 갤럭시_지문방지_TPU,SHOPPING,갤럭시 S24 (+/울트라),1073844,1771140,-38694.96,166151.46,159696.49,557.5552,False,298,186,band3,band2,False,0.0,0.0,0.0,-13087.26,-7060.99,-44358.4,-140339.77,0.0
grp-a001-01-000000043935093,골프필름,○ 00. 자사키워드,WEB_SITE,,42250,298200,132034.04,167742.68,161629.92,502.2236,False,334,195,band1,band1,False,0.0,0.0,0.0,-3515.57,1553.78,-15941.37,-17805.48,0.0
grp-a001-01-000000060480386,S24_지문방지_TPU,○ 갤럭시 파워링크,WEB_SITE,갤럭시 S24 (+/울트라),387310,914100,146938.98,168154.18,113518.26,1012.977,False,166,97,band1,band1,False,0.0,0.0,0.0,-1779.1,-5428.22,10382.61,-24390.5,0.0
grp-a001-02-000000059824059,노트20울트라,● 01. 갤럭시_지문방지_사생활,SHOPPING,,757851,1657600,210939.18,168514.59,178954.88,868.6319,True,194,116,band1,band1,False,0.0,0.0,0.0,-22864.53,10507.19,50028.09,4753.85,0.0
grp-a001-01-000000031176101,00. 강화유리필름,○ 02. 파워링크_MO,WEB_SITE,,218882,610750,138073.0,172766.3,182992.97,904.5356,False,191,111,band1,band1,False,0.0,0.0,0.0,-8922.68,-12302.68,-41898.85,28430.91,0.0
grp-a001-01-000000046954263,01. 갤럭시S22_사생활보호,○ 02. 파워링크_MO,WEB_SITE,갤럭시 S22 (+/울트라),179730,508700,117581.51,181146.12,146023.74,948.409,False,191,111,band1,band1,False,0.0,0.0,0.0,-9602.05,18946.39,-33676.19,-39232.76,0.0
grp-a001-01-000000046578743,01. 갤럭시탭_S9시리즈,○ 02. 파워링크_MO,WEB_SITE,갤럭시탭 S9 울트라,140190,557500,185642.85,181173.03,168963.42,948.5499,False,191,111,band1,band1,False,0.0,0.0,0.0,-6102.75,-7192.75,20481.67,-2716.35,0.0
grp-a001-01-000000060825657,S6_종이질감,○ 갤럭시탭 파워링크,WEB_SITE,,86198,408500,152551.27,181759.35,203423.01,1094.9359,False,166,97,band1,band1,False,0.0,0.0,0.0,4033.07,415.26,-4570.22,-29086.19,0.0
grp-a001-01-000000049864292,01. 갤럭시 플립4,○ 02. 파워링크_MO,WEB_SITE,갤럭시 Z 플립4,85470,348550,118241.28,183563.52,178520.93,961.0655,False,191,111,band1,band1,False,0.0,0.0,0.0,-6275.33,-7595.33,1804.16,-53255.74,0.0
grp-a001-02-000000043610930,03. 컨텐츠매체_03,● 10. 컨텐츠매체,SHOPPING,,1460976,2356760,-83559.28,186956.36,146090.87,526.6376,False,355,206,band3,band2,False,0.0,0.0,0.0,-49553.75,-33737.09,-142564.56,-44660.24,0.0
grp-a001-02-000000055087285,01. 갤럭시탭S11,● 06. 갤럭시탭_6H_PET_BLC,SHOPPING,갤럭시탭 S11 (+울트라),693818,1466950,163546.11,187024.62,220788.2,642.6963,True,291,76,band1,band1,False,18115.8,0.0,0.0,-2570.79,7712.61,-17374.45,-46594.81,17233.14
grp-a001-02-000000059820923,S23울트라,● 01. 갤럭시_지문방지_사생활,SHOPPING,갤럭시 S23 (+/울트라/FE),526488,1246200,201858.0,188247.64,135940.74,1081.883,True,174,104,band1,band1,False,0.0,0.0,0.0,-5397.53,24011.99,-32588.92,27584.82,0.0
grp-a001-01-000000052263060,01. 갤럭시폴드7,○ 02. 파워링크_PC,WEB_SITE,갤럭시 Z 폴드7,336107,1014920,257066.58,188523.88,188523.88,987.036,True,191,5,band1,band1,False,74757.28,108319.92,0.0,5657.0,5274.04,0.0,-46233.21,-79232.32
grp-a001-01-000000047003535,50. 도어락_사생활보호 지문방지,○ 02. 파워링크_MO,WEB_SITE,,104270,448140,157647.01,194569.56,196329.22,1018.6888,False,191,111,band1,band1,False,0.0,0.0,0.0,-7453.44,-94.13,-13470.05,-15904.93,0.0
grp-a001-01-000000044808498,02. 아이폰16_강화유리,○ 02. 파워링크_PC,WEB_SITE,아이폰16(추정 매핑),186663,500100,105622.21,196185.73,202865.87,1027.1504,False,191,111,band1,band1,False,0.0,0.0,0.0,-6685.75,-12535.75,-16799.27,-54542.75,0.0
grp-a001-01-000000050397977,00. 갤럭시s25엣지(사생활),○ 02. 파워링크_MO,WEB_SITE,,55530,375700,164049.19,197063.62,178462.91,1031.7467,False,191,111,band1,band1,False,0.0,0.0,0.0,-5158.73,-6848.73,11734.95,-32741.92,0.0
grp-a001-01-000000060480724,S24울트라_지문방지_TPU,○ 갤럭시 파워링크,WEB_SITE,갤럭시 S24 (+/울트라),673901,1256800,60640.2,198737.18,186031.1,1197.2119,False,166,97,band2,band1,False,0.0,0.0,0.0,3165.68,-31791.67,-45586.69,-63884.3,0.0
grp-a001-01-000000040080459,01. 갤럭시S24,○ 02. 파워링크_MO,WEB_SITE,갤럭시 S24 (+/울트라),164810,618540,196697.89,205499.68,238081.54,1075.9146,False,191,111,band1,band1,False,0.0,0.0,0.0,4986.05,-10469.57,-17633.52,14315.25,0.0
grp-a001-01-000000038737213,02. 아이폰14,○ 02. 파워링크_MO,WEB_SITE,,129300,516250,172424.14,205557.97,197489.24,1076.2197,False,191,111,band1,band1,False,0.0,0.0,0.0,-6031.1,835.07,-8946.93,-18990.88,0.0
grp-a001-02-000000055116672,벌크3,● 11. 벌크,SHOPPING,,132920,492120,154701.27,206517.89,203181.19,709.6835,False,291,179,band1,band1,False,0.0,0.0,0.0,-2186.45,-13706.71,-5860.18,-30063.28,0.0
grp-a001-02-000000043624087,,● 11. 벌크,SHOPPING,,117630,474840,159891.92,207598.61,207598.61,3193.8248,False,65,28,band1,band1,False,0.0,0.0,0.0,0.0,-4363.82,-36578.38,-6764.49,0.0
grp-a001-01-000000060481114,S22_지문방지_TPU,○ 갤럭시 파워링크,WEB_SITE,갤럭시 S22 (+/울트라),145741,413400,95872.09,210131.78,254686.54,1265.8541,False,166,97,band1,band1,False,0.0,0.0,0.0,-5903.42,-16327.98,-21218.5,-70809.79,0.0
grp-a001-01-000000060784943,S22울트라_사생활보호,○ 갤럭시 파워링크,WEB_SITE,갤럭시 S22 (+/울트라),215911,651900,165094.26,217632.36,228698.96,1311.0383,False,166,97,band1,band1,False,0.0,0.0,0.0,-6604.15,-17650.46,12895.87,-41179.36,0.0
grp-a001-01-000000046645092,01. 갤럭시S22,○ 02. 파워링크_MO,WEB_SITE,갤럭시 S22 (+/울트라),231790,698930,176702.11,220153.97,224622.9,1152.6386,False,191,111,band1,band1,False,0.0,0.0,0.0,-11403.19,-4710.38,15229.16,-42567.45,0.0
grp-a001-01-000000049863305,01. 갤럭시 플립5,○ 02. 파워링크_MO,WEB_SITE,갤럭시 Z 플립5,488530,1088630,147723.65,224497.15,242824.45,1175.3778,False,191,111,band1,band1,False,0.0,0.0,0.0,3019.66,-10063.94,-9446.16,-60283.06,0.0
grp-a001-02-000000054537533,노트20울트라,● 01. 갤럭시_지문방지_TPU,SHOPPING,,1510724,2926540,199702.65,225353.56,215511.65,748.6829,False,301,189,band2,band2,False,0.0,0.0,0.0,-18330.78,-5813.46,-51696.67,50190.0,0.0
grp-a001-01-000000060480315,S25엣지_지문방지_TPU,○ 갤럭시 파워링크,WEB_SITE,갤럭시 S25 엣지,321674,759100,121984.68,228635.72,189198.7,1377.3236,False,166,97,band1,band1,False,0.0,0.0,0.0,-7959.29,-14527.45,-34465.99,-49698.3,0.0
grp-a001-02-000000045949118,01. 갤럭시탭A9시리즈_종이질감,● 06. 갤럭시탭_종이질감_M,SHOPPING,,320741,954040,236851.05,229271.48,323240.75,649.4943,False,353,206,band1,band1,False,0.0,0.0,0.0,-8765.95,-3615.59,82828.32,-62867.21,0.0
grp-a001-02-000000043624094,,● 11. 벌크,SHOPPING,,592490,1204520,111495.97,230136.48,230136.48,3486.9163,False,66,29,band2,band1,False,0.0,0.0,0.0,0.0,-11974.01,-40524.17,-66142.32,0.0
grp-a001-01-000000046980388,01. 갤럭시S22_지문방지필름,○ 02. 파워링크_PC,WEB_SITE,갤럭시 S22 (+/울트라),141636,541930,175096.9,231385.6,225191.29,1211.4429,False,191,111,band1,band1,False,0.0,0.0,0.0,-6887.21,-1323.68,9332.24,-57410.03,0.0
grp-a001-01-000000060481180,S24FE_지문방지_TPU,○ 갤럭시 파워링크,WEB_SITE,갤럭시 S24 FE,167997,538200,146555.89,233923.46,194762.73,1409.1775,False,166,97,band1,band1,False,0.0,0.0,0.0,-6116.71,-5215.43,-34825.92,-41209.51,0.0
grp-a001-02-000000046224076,01. 갤럭시탭S10/플러스_지문방지,● 06. 갤럭시탭_지문방지,SHOPPING,갤럭시탭 S10 울트라·+,983442,1956750,160187.46,237970.54,207532.62,670.3396,False,355,206,band2,band1,False,0.0,0.0,0.0,-1754.62,-5489.64,-71220.92,682.1,0.0
grp-a001-02-000000045687119,Z폴드6SE,● 01. 갤럭시_지문방지_TPU,SHOPPING,갤럭시 Z 폴드6,170230,606460,184217.69,243728.2,265997.14,692.4097,False,352,205,band1,band1,False,0.0,0.0,0.0,-9216.87,2780.0,-18139.96,-34933.68,0.0
grp-a001-02-000000055074671,01. 갤럭시탭S11_종이질감,● 06. 갤럭시탭_종이질감_M,SHOPPING,갤럭시탭 S11 (+울트라),427797,795400,37077.34,245632.23,178558.25,841.2063,True,292,76,band2,band1,False,-2085.27,0.0,0.0,-4444.83,-16912.86,-43137.33,-86878.8,-55095.8
grp-a001-01-000000047488792,01. 갤럭시S25_사생활_TPU,○ 02. 파워링크_MO,WEB_SITE,갤럭시 S25 (+/울트라/FE),116510,465150,155348.56,246611.77,258147.47,1291.1611,False,191,111,band1,band1,False,0.0,0.0,0.0,1087.01,-8715.81,-36362.24,-47272.17,0.0
grp-a001-01-000000060480003,S25_지문방지_TPU,○ 갤럭시 파워링크,WEB_SITE,갤럭시 S25 (+/울트라/FE),269067,760100,175176.13,249256.62,229274.27,1501.5459,False,166,97,band1,band1,False,0.0,0.0,0.0,9499.44,-11024.01,-34165.84,-38390.07,0.0
grp-a001-02-000000044628749,02. S24_사생활✔,● 01. 갤럭시_지문방지_TPU,SHOPPING,갤럭시 S24 (+/울트라),514875,1162660,164645.75,252257.45,236787.05,855.11,True,295,167,band1,band1,False,0.0,0.0,0.0,-6735.55,-27721.1,-19758.84,-33396.21,0.0
grp-a001-01-000000044807690,02. 아이폰16_강화유리,○ 02. 파워링크_MO,WEB_SITE,아이폰16(추정 매핑),1293400,2960120,436652.6,258709.38,226566.13,1347.4447,False,192,111,band1,band2,False,0.0,0.0,0.0,-14411.05,21013.85,137191.78,34148.64,0.0
grp-a001-02-000000044603942,13프로,● [P_삭제금지]03. 아이폰_강화유리,SHOPPING,,940874,2050300,257431.08,259212.24,250483.34,776.0846,False,334,203,band1,band1,False,0.0,0.0,0.0,-17764.76,4492.14,-9777.1,21268.56,0.0
grp-a001-02-000000045023177,S21울트라,● 01. 갤럭시_지문방지_TPU,SHOPPING,,1367556,2645530,178633.36,263230.64,329813.09,745.6959,False,353,206,band2,band1,False,0.0,0.0,0.0,20604.19,-31180.92,-70749.98,-3270.56,0.0
grp-a001-01-000000031175118,00. 지문방지필름,○ 02. 파워링크_MO,WEB_SITE,,312020,802250,156857.85,269037.09,275593.42,1408.5711,False,191,111,band1,band1,False,0.0,0.0,0.0,-4477.23,-4680.68,-50347.9,-52673.43,0.0
grp-a001-01-000000044808405,02. 아이폰16_사생활보호,○ 02. 파워링크_MO,WEB_SITE,아이폰16(추정 매핑),202950,822800,277938.37,271772.38,268333.81,1422.892,False,191,111,band1,band1,False,0.0,0.0,0.0,-12594.46,2576.17,6505.99,9678.3,0.0
grp-a001-01-000000060843311,S9FE플러스_6H BLC,○ 갤럭시탭 파워링크,WEB_SITE,갤럭시탭 S9 울트라,10678,304200,167112.77,273449.28,246540.2,1787.2502,False,153,95,band1,band1,False,0.0,0.0,0.0,-3574.5,-12974.75,-21447.0,-68340.26,0.0
grp-a001-01-000000052182861,01. 갤럭시 플립7,○ 02. 파워링크_MO,WEB_SITE,갤럭시 Z 플립7,1581083,3491890,459764.46,277085.45,277085.45,1450.7092,True,191,5,band1,band1,False,154211.34,119069.61,0.0,13317.78,-3607.47,0.0,-111704.94,11392.68
grp-a001-01-000000060480313,S25울트라_지문방지_TPU,○ 갤럭시 파워링크,WEB_SITE,갤럭시 S25 (+/울트라/FE),778145,1828700,290645.18,278010.32,223676.33,1674.761,False,166,97,band1,band1,False,0.0,0.0,0.0,-15439.04,37394.69,-30447.21,21126.42,0.0
grp-a001-02-000000055116659,벌크1,● 11. 벌크,SHOPPING,,372172,1161070,306419.47,288286.65,326629.85,990.6758,False,291,179,band1,band1,False,0.0,0.0,0.0,9384.37,-6316.62,33587.24,-18522.17,0.0
grp-a001-01-000000032245671,01. 갤럭시S23,○ 02. 파워링크_MO,WEB_SITE,갤럭시 S23 (+/울트라/FE),690520,1496530,184132.25,292630.87,260898.15,1532.0988,False,191,111,band1,band1,False,0.0,0.0,0.0,-6904.87,-22804.87,11310.55,-90099.43,0.0
grp-a001-02-000000046224077,01. 갤럭시탭S10/울트라_지문방지,● 06. 갤럭시탭_지문방지,SHOPPING,갤럭시탭 S10 울트라·+,1446932,2988110,299479.46,334078.24,336068.6,941.0655,False,355,206,band1,band1,False,0.0,0.0,0.0,41874.16,-6966.91,81476.67,-150982.7,0.0
grp-a001-02-000000047076745,01. 갤럭시탭A9플러스,● 06. 갤럭시탭_6H_PET_BLC,SHOPPING,갤럭시탭 A9+,1125757,2749210,481028.51,363675.15,401978.98,1048.0552,False,347,202,band1,band1,False,0.0,0.0,0.0,-22387.18,32889.19,137186.11,-30334.76,0.0
grp-a001-02-000000044629993,03. S23_사생활✔,● 01. 갤럭시_지문방지_TPU,SHOPPING,갤럭시 S23 (+/울트라/FE),1128973,2531950,350834.13,364974.49,443958.46,1962.2285,True,186,109,band1,band1,False,0.0,0.0,0.0,-11585.52,7220.96,24459.26,-34235.06,0.0
grp-a001-02-000000044300027,09. A23/A33,● 02. 갤럭시_보급형_M,SHOPPING,갤럭시 A23,907679,2296130,434302.3,365228.74,386808.12,1028.8133,False,355,206,band1,band1,False,0.0,0.0,0.0,16884.74,18759.11,-16996.15,50425.87,0.0
grp-a001-02-000000046072554,04. 아이폰14,● 05. 아이폰_사생활보호,SHOPPING,,704835,1800600,347532.04,417404.1,387739.23,1196.0003,False,349,202,band1,band1,False,0.0,0.0,0.0,-29004.0,-1320.13,-45770.46,6222.53,0.0
grp-a001-02-000000054536931,Z플립6,● 01. 갤럭시_지문방지_TPU,SHOPPING,갤럭시 Z 플립6,1760957,3477370,271404.19,448806.06,534850.0,1476.3357,False,304,190,band2,band1,False,0.0,0.0,0.0,4902.01,-13241.33,-54999.86,-114062.69,0.0
grp-a001-02-000000059821088,Z플립4,● 01. 갤럭시_지문방지_TPU,SHOPPING,갤럭시 Z 플립4,837238,2103400,392101.57,452752.66,515253.24,2370.4328,True,191,116,band1,band1,False,0.0,0.0,0.0,-2370.43,-33553.92,-67685.36,42958.62,0.0
grp-a001-02-000000046223421,01. 갤럭시탭S7/FE/플러스_지문방지,● 06. 갤럭시탭_지문방지,SHOPPING,,1243553,2919050,462496.09,459217.67,501394.5,1293.5709,False,355,206,band1,band1,False,0.0,0.0,0.0,-24789.33,-1603.55,-5983.9,35655.2,0.0
grp-a001-02-000000059830952,Z플립7,● 01. 갤럭시_지문방지_TPU,SHOPPING,갤럭시 Z 플립7,1883183,3752690,310089.94,465969.23,436254.13,2426.9231,True,192,100,band2,band1,False,0.0,0.0,0.0,-3821.75,15390.21,-105233.01,-202602.92,140388.19
grp-a001-02-000000044299892,02. S23FE,● 02. 갤럭시_보급형_M,SHOPPING,,1487121,3304460,444182.33,467060.83,460204.24,1319.3809,False,354,206,band1,band1,False,0.0,0.0,0.0,-113.18,-20819.51,43227.71,-45173.51,0.0
grp-a001-02-000000044108616,S24울트라,● 01. 갤럭시_지문방지_TPU,SHOPPING,갤럭시 S24 (+/울트라),2413146,4635080,295842.9,485805.81,642264.43,1376.2204,False,353,206,band2,band2,False,0.0,0.0,0.0,566.14,-28430.87,-79235.04,-82863.13,0.0
grp-a001-02-000000059812606,노트20,● 01. 갤럭시_지문방지_사생활,SHOPPING,,572883,1617900,372704.38,486831.58,509084.15,2509.4411,True,194,116,band1,band1,False,0.0,0.0,0.0,2117.86,-16564.1,-37538.15,-62142.82,0.0
grp-a001-01-000000060554862,폴드7_지문방지,○ 갤럭시 파워링크,WEB_SITE,갤럭시 Z 폴드7,1172017,2490000,283272.3,498601.42,336600.17,3003.623,False,166,97,band1,band1,False,0.0,0.0,0.0,9832.05,-21854.27,-88164.99,-115141.9,0.0
grp-a001-02-000000044300024,08. A24/A34,● 02. 갤럭시_보급형_M,SHOPPING,갤럭시 A24,1355663,3586630,740555.59,514773.17,586912.04,1450.0653,False,355,206,band1,band1,False,0.0,0.0,0.0,2137.85,-18886.73,88593.0,153938.3,0.0
grp-a001-02-000000047077161,01. 갤럭시탭S10 시리즈,● 06. 갤럭시탭_6H_PET_BLC,SHOPPING,갤럭시탭 S10 울트라·+,1728358,4417660,853559.01,518814.94,605336.47,1461.4505,False,355,206,band1,band1,False,0.0,0.0,0.0,-8014.0,963.18,230318.85,111476.03,0.0
grp-a001-01-000000037423354,01. 갤럭시폴드6,○ 02. 파워링크_MO,WEB_SITE,갤럭시 Z 폴드6,585014,1573150,334419.08,534575.75,563021.73,2798.8259,False,191,111,band1,band1,False,0.0,0.0,0.0,-16191.95,-4149.77,-37547.54,-142267.41,0.0
grp-a001-02-000000047076946,01. 갤럭시탭S9 시리즈,● 06. 갤럭시탭_6H_PET_BLC,SHOPPING,갤럭시탭 S9 울트라,1670946,3798840,549299.47,535464.75,589211.82,1508.3514,False,355,206,band1,band1,False,0.0,0.0,0.0,31086.24,-40846.24,66525.14,-42930.41,0.0
grp-a001-02-000000044490484,Z플립5,● 01. 갤럭시_지문방지_TPU,SHOPPING,갤럭시 Z 플립5,3008410,5761400,358860.6,538013.04,580172.96,1524.1163,False,353,206,band2,band2,False,0.0,0.0,0.0,-22055.54,12229.08,84582.38,-253908.36,0.0
grp-a001-02-000000044300022,07. A35/A25/A15,● 02. 갤럭시_보급형_M,SHOPPING,갤럭시 A35,819583,2430690,601042.37,543133.2,580515.86,1529.9527,False,355,206,band1,band1,False,0.0,0.0,0.0,-17963.95,-25929.81,75166.7,26636.22,0.0
grp-a001-01-000000040189693,01. 갤럭시S23_사생활보호,○ 02. 파워링크_MO,WEB_SITE,갤럭시 S23 (+/울트라/FE),424067,1330020,353267.89,547312.96,503017.19,2835.8185,False,193,112,band1,band1,False,0.0,0.0,0.0,-18069.09,-13936.28,-79661.21,-82378.49,0.0
grp-a001-01-000000060792702,S23울트라_사생활보호,○ 갤럭시 파워링크,WEB_SITE,갤럭시 S23 (+/울트라/FE),610660,1766000,421484.94,556733.64,465421.34,3353.8171,False,166,97,band1,band1,False,0.0,0.0,0.0,-22335.27,29938.41,-53038.29,-89813.54,0.0
grp-a001-02-000000044823468,15프로,● [P_삭제금지]03. 아이폰_강화유리,SHOPPING,아이폰15(추정 매핑),2355414,5070780,608221.3,557365.72,697756.9,1714.9715,False,325,189,band1,band1,False,0.0,0.0,0.0,-29768.57,4760.38,89974.35,-14110.58,0.0
grp-a001-01-000000045800955,01. 갤럭시탭_S10 울트라 플러스,○ 02. 파워링크_MO,WEB_SITE,갤럭시탭 S10 울트라·+,514680,2101990,713835.49,571232.81,566005.38,2990.7477,False,191,111,band1,band1,False,0.0,0.0,0.0,-15150.93,27308.13,90675.7,39769.77,0.0
grp-a001-01-000000052225586,01. 갤럭시 플립7,○ 02. 파워링크_PC,WEB_SITE,갤럭시 Z 플립7,357459,618920,4270.98,577108.25,577108.25,3021.5092,True,191,5,band2,band1,False,-86011.63,-15764.71,0.0,-16137.55,-12086.04,0.0,-152873.46,-289963.9
grp-a001-02-000000055116668,벌크2,● 11. 벌크,SHOPPING,,264541,1215900,446096.05,587800.23,584655.51,2019.9321,False,291,179,band1,band1,False,0.0,0.0,0.0,8194.12,-18991.99,-35413.76,-95492.55,0.0
grp-a001-02-000000044601555,14프로,● [P_삭제금지]03. 아이폰_강화유리,SHOPPING,,1559592,3667760,584043.3,599236.07,583337.06,1687.9889,False,355,206,band1,band1,False,0.0,0.0,0.0,-43722.2,-30180.9,58722.2,-11.87,0.0
grp-a001-01-000000054671417,00. 아이폰17_강화유리,○ 02. 파워링크_PC,WEB_SITE,아이폰17(추정 매핑),400098,810920,73847.06,600321.48,556249.65,4318.8595,True,139,6,band2,band1,False,-104744.86,0.0,0.0,0.0,-10277.72,0.0,-141958.82,-269493.02
grp-a001-02-000000047076797,01. 갤럭시탭S7시리즈,● 06. 갤럭시탭_6H_PET_BLC,SHOPPING,,1469905,3639920,657459.11,609195.36,672715.01,1716.0433,False,355,206,band1,band1,False,0.0,0.0,0.0,-27957.12,7050.95,83968.41,-14798.48,0.0
grp-a001-02-000000059830874,Z폴드7,● 01. 갤럭시_지문방지_TPU,SHOPPING,갤럭시 Z 폴드7,2918493,6068000,627971.06,637374.54,577278.92,3319.6591,True,192,100,band1,band1,False,0.0,0.0,0.0,15298.31,-11931.07,-106378.16,-71418.08,165025.5
grp-a001-02-000000044601438,16프로,● [P_삭제금지]03. 아이폰_강화유리,SHOPPING,아이폰16(추정 매핑),2520924,4964570,380636.49,651188.67,664328.88,1991.4026,False,327,187,band2,band1,False,0.0,0.0,0.0,-23470.28,-33312.52,-88625.09,-125144.29,0.0
grp-a001-02-000000044108615,S22,● 01. 갤럭시_지문방지_TPU,SHOPPING,갤럭시 S22 (+/울트라),1389874,3270920,521826.76,664615.25,753953.54,1888.1115,False,352,205,band1,band1,False,0.0,0.0,0.0,1261.65,-28925.56,-41229.1,-73895.48,0.0
grp-a001-02-000000052350984,04. 컨텐츠매체_04,● 10. 컨텐츠매체,SHOPPING,,1267785,4262840,1223646.91,681958.5,769181.35,1921.0099,False,355,206,band1,band1,False,0.0,0.0,0.0,-40449.09,-11465.69,556154.18,37449.01,0.0
grp-a001-02-000000054538147,S22울트라,● 01. 갤럭시_지문방지_TPU,SHOPPING,갤럭시 S22 (+/울트라),2469065,5122030,524523.54,693376.53,668390.61,2280.8439,False,304,190,band1,band1,False,0.0,0.0,0.0,-2631.85,8224.45,-49349.34,-125096.25,0.0
grp-a001-02-000000046838304,01. 갤럭시탭A8_지문방지,● 06. 갤럭시탭_지문방지,SHOPPING,,636841,1808810,420324.4,705611.25,1056632.5,2045.25,False,345,199,band1,band1,False,0.0,0.0,0.0,-13904.44,-19439.32,-80864.95,-171078.15,0.0
grp-a001-02-000000054537767,Z폴드4,● 01. 갤럭시_지문방지_TPU,SHOPPING,갤럭시 Z 폴드4,1969008,4448850,631138.11,746814.16,708279.45,2456.6255,False,304,190,band1,band1,False,0.0,0.0,0.0,-9539.84,-794.94,-43924.59,-61416.69,0.0
grp-a001-02-000000046437508,10. A16,● 02. 갤럭시_보급형_M,SHOPPING,갤럭시 A16 LTE,1519712,4285570,985004.54,751716.19,851492.18,2117.5104,False,355,206,band1,band1,False,0.0,0.0,0.0,3248.26,368.36,135392.85,94278.87,0.0
grp-a001-02-000000059821962,Z폴드6,● 01. 갤럭시_지문방지_TPU,SHOPPING,갤럭시 Z 폴드6,1641953,3504200,406089.08,774651.72,768892.83,4164.7942,True,186,116,band1,band1,False,0.0,0.0,0.0,-20169.59,-10275.1,-106187.09,-231930.86,0.0
grp-a001-02-000000047005161,02. 도어락필름,● 09. 기타상품,SHOPPING,,415401,2166620,850887.72,805450.46,852468.78,2268.8745,False,355,206,band1,band1,False,0.0,0.0,0.0,14616.33,-4186.53,86383.97,-51376.5,0.0
grp-a001-02-000000045811975,01. S24FE,● 02. 갤럭시_보급형_M,SHOPPING,갤럭시 S24 FE,1865215,4398970,705778.57,810514.92,899325.39,2283.1406,False,355,206,band1,band1,False,0.0,0.0,0.0,-10127.02,-17675.57,-47389.47,-29544.29,0.0
grp-a001-02-000000045025483,노트20,● 01. 갤럭시_지문방지_TPU,SHOPPING,,2669838,5878950,766135.12,892491.26,1069263.05,2528.3039,False,353,206,band1,band1,False,0.0,0.0,0.0,11882.8,-7907.82,-169942.1,39610.97,0.0
grp-a001-02-000000046224018,01. 갤럭시탭S9/울트라_지문방지,● 06. 갤럭시탭_지문방지,SHOPPING,갤럭시탭 S9 울트라,1691605,4540440,962071.21,1037937.22,1160823.58,2940.3321,False,353,204,band1,band1,False,0.0,0.0,0.0,-21970.03,919.94,-69323.82,14507.9,0.0
grp-a001-02-000000044108257,S23플러스,● 01. 갤럭시_지문방지_TPU,SHOPPING,갤럭시 S23 (+/울트라/FE),2618758,5992370,883503.84,1061568.07,1311174.83,3068.1158,False,346,202,band1,band1,False,0.0,0.0,0.0,-45401.19,-40173.27,17375.83,-109865.6,0.0
grp-a001-01-000000048564412,일미리케이스,○ 01. 자사몰,WEB_SITE,,327926,2067200,880256.35,1079840.9,1181918.03,3041.8053,False,355,206,band1,band1,False,0.0,0.0,0.0,-12016.42,-26842.23,-65216.06,-95509.83,0.0
grp-a001-02-000000046838302,01. 갤럭시탭A9/플러스_지문방지,● 06. 갤럭시탭_지문방지,SHOPPING,,1457699,4352590,1086187.62,1093735.11,1366762.16,3089.6472,False,354,206,band1,band1,False,0.0,0.0,0.0,-13362.77,-48311.52,131873.55,-77746.76,0.0
grp-a001-01-000000047485469,01. 갤럭시S25_지문방지TPU,○ 02. 파워링크_MO,WEB_SITE,갤럭시 S25 (+/울트라/FE),1103480,3382500,873434.09,1097626.31,1153439.38,5687.1829,False,193,113,band1,band1,False,0.0,0.0,0.0,-50065.91,-6959.05,13187.46,-180354.72,0.0
grp-a001-01-000000054666566,00. 아이폰17_강화유리,○ 02. 파워링크_MO,WEB_SITE,아이폰17(추정 매핑),981440,2145410,272452.46,1420187.21,1448795.3,10217.1742,True,139,6,band1,band1,False,-165577.84,0.0,0.0,0.0,11053.62,0.0,-393919.21,-599291.31
grp-a001-02-000000047485224,S25FE,● 01. 갤럭시_지문방지_TPU,SHOPPING,,5847026,11785240,1040899.19,1454244.65,1499667.84,4119.6732,False,353,206,band2,band1,False,0.0,0.0,0.0,15388.83,-32695.47,-152341.58,-243697.24,0.0
grp-a001-02-000000054537529,S23울트라,● 01. 갤럭시_지문방지_TPU,SHOPPING,갤럭시 S23 (+/울트라/FE),4554228,9528550,1014766.74,1551060.95,1596640.16,5170.2032,False,300,189,band1,band1,False,0.0,0.0,0.0,-23591.74,58341.05,-144885.66,-426157.85,0.0
grp-a001-02-000000047005364,01. 버디필름,● 09. 기타상품,SHOPPING,,5494998,11988900,1511957.0,1567958.28,1633106.71,4416.7839,False,355,206,band1,band1,False,0.0,0.0,0.0,-64063.31,-6483.35,158809.86,-144264.48,0.0
grp-a001-02-000000054617822,01. 강화유리,● 00. 아이폰_17,SHOPPING,아이폰17(추정 매핑),6268292,10924080,116325.18,1871432.51,1997717.81,15339.6108,True,122,10,band2,band2,False,-410420.85,0.0,0.0,0.0,-40997.22,-38859.37,-392237.17,-872592.73
grp-a001-02-000000044490481,Z폴드5,● 01. 갤럭시_지문방지_TPU,SHOPPING,갤럭시 Z 폴드5,4374451,9868330,1393129.36,2053136.2,2147109.45,5816.2499,False,353,206,band1,band1,False,0.0,0.0,0.0,-52646.11,-86582.15,-140339.84,-380438.74,0.0
grp-a001-01-000000052260531,01. 갤럭시 폴드7,○ 02. 파워링크_MO,WEB_SITE,갤럭시 Z 폴드7,1900099,3840230,344337.0,2601562.46,2601562.46,13620.7459,True,191,5,band2,band1,False,-407109.34,91338.04,0.0,-72521.55,-45002.07,0.0,-645317.25,-1178613.3
grp-a001-01-000000031116306,핸드폰필름,○ 00. 자사키워드,WEB_SITE,,548692,8228740,4260624.19,4239964.82,4410704.23,11943.5629,False,355,206,band1,band1,False,0.0,0.0,0.0,-51788.65,-96768.73,465025.19,-295808.45,0.0
grp-a001-01-000000062965454,S26_지문방지_TPU,○ 갤럭시 파워링크,WEB_SITE,갤럭시 S26 (+/울트라),1361255,2625000,172935.53,,,,True,138,0,band2,no_baseline_rows,True,,,,,,,,
grp-a001-01-000000062965457,S26울트라_지문방지_TPU,○ 갤럭시 파워링크,WEB_SITE,갤럭시 S26 (+/울트라),1405838,3264100,501876.79,,,,True,138,0,band1,no_baseline_rows,True,,,,,,,,
grp-a001-01-000000062965459,S26플러스_지문방지_TPU,○ 갤럭시 파워링크,WEB_SITE,갤럭시 S26 (+/울트라),299946,760200,144355.58,,,,True,138,0,band1,no_baseline_rows,True,,,,,,,,
grp-a001-01-000000070512941,폴드8_지문방지,○ 갤럭시 파워링크,WEB_SITE,갤럭시 Z 폴드8 (울트라 포함),380783,737620,50321.62,,,,True,19,0,band2,no_baseline_rows,True,,,,,,,,
grp-a001-01-000000070513016,폴드8울트라_지문방지,○ 갤럭시 파워링크,WEB_SITE,갤럭시 Z 폴드8 (울트라 포함),101592,248000,43352.48,,,,True,17,0,band1,no_baseline_rows,True,,,,,,,,
grp-a001-01-000000070513065,플립8_지문방지,○ 갤럭시 파워링크,WEB_SITE,갤럭시 Z 플립8,57689,94800,-2282.8,,,,True,18,0,band3,no_baseline_rows,True,,,,,,,,
grp-a001-01-000000071340947,폴드8_사생활,○ 갤럭시 파워링크,WEB_SITE,갤럭시 Z 폴드8 (울트라 포함),19652,44500,6356.18,,,,True,4,0,band1,no_baseline_rows,True,,,,,,,,
grp-a001-01-000000071340962,폴드8울트라_사생활,○ 갤럭시 파워링크,WEB_SITE,갤럭시 Z 폴드8 (울트라 포함),90779,13800,-82713.54,,,,True,4,0,band3,no_baseline_rows,True,,,,,,,,
grp-a001-01-000000071340970,플립8_사생활,○ 갤럭시 파워링크,WEB_SITE,갤럭시 Z 플립8,816,0,-816.0,,,,True,4,0,band4_unjudgeable,no_baseline_rows,True,,,,,,,,
grp-a001-02-000000045949120,01. 갤럭시탭A7_종이질감,● 06. 갤럭시탭_종이질감_M,SHOPPING,,0,0,0.0,,,,True,1,0,excluded_cost0,no_baseline_rows,True,,,,,,,,
grp-a001-02-000000045949121,01. 갤럭시탭A7LITE_종이질감,● 06. 갤럭시탭_종이질감_M,SHOPPING,,0,0,0.0,,,,True,1,0,excluded_cost0,no_baseline_rows,True,,,,,,,,
grp-a001-02-000000046842468,,● 14. 아이패드_지문방지,SHOPPING,,0,0,0.0,,,,True,5,0,excluded_cost0,no_baseline_rows,True,,,,,,,,
grp-a001-02-000000046842692,,● 14. 아이패드_지문방지,SHOPPING,,0,0,0.0,,,,True,3,0,excluded_cost0,no_baseline_rows,True,,,,,,,,
grp-a001-02-000000046842695,,● 14. 아이패드_지문방지,SHOPPING,,0,0,0.0,,,,True,3,0,excluded_cost0,no_baseline_rows,True,,,,,,,,
grp-a001-02-000000046842713,,● 14. 아이패드_지문방지,SHOPPING,,0,0,0.0,,,,True,4,0,excluded_cost0,no_baseline_rows,True,,,,,,,,
grp-a001-02-000000046842714,,● 14. 아이패드_지문방지,SHOPPING,,4030,0,-4030.0,,,,True,6,0,band4_unjudgeable,no_baseline_rows,True,,,,,,,,
grp-a001-02-000000046842715,,● 14. 아이패드_지문방지,SHOPPING,,0,0,0.0,,,,True,4,0,excluded_cost0,no_baseline_rows,True,,,,,,,,
grp-a001-02-000000046842716,,● 14. 아이패드_지문방지,SHOPPING,,1450,0,-1450.0,,,,True,5,0,band4_unjudgeable,no_baseline_rows,True,,,,,,,,
grp-a001-02-000000046842729,,● 14. 아이패드_지문방지,SHOPPING,,2730,0,-2730.0,,,,True,7,0,band4_unjudgeable,no_baseline_rows,True,,,,,,,,
grp-a001-02-000000046842731,,● 14. 아이패드_지문방지,SHOPPING,,3970,0,-3970.0,,,,True,7,0,band4_unjudgeable,no_baseline_rows,True,,,,,,,,
grp-a001-02-000000046842732,,● 14. 아이패드_지문방지,SHOPPING,,2670,0,-2670.0,,,,True,6,0,band4_unjudgeable,no_baseline_rows,True,,,,,,,,
grp-a001-02-000000046843727,,● 14. 아이패드_지문방지,SHOPPING,,0,0,0.0,,,,True,2,0,excluded_cost0,no_baseline_rows,True,,,,,,,,
grp-a001-02-000000046843728,,● 14. 아이패드_지문방지,SHOPPING,,0,0,0.0,,,,True,7,0,excluded_cost0,no_baseline_rows,True,,,,,,,,
grp-a001-02-000000046843730,,● 14. 아이패드_지문방지,SHOPPING,,3070,31800,15515.62,,,,True,7,0,band1,no_baseline_rows,True,,,,,,,,
grp-a001-02-000000046843732,,● 14. 아이패드_지문방지,SHOPPING,,24380,15900,-15087.19,,,,True,7,0,band3,no_baseline_rows,True,,,,,,,,
grp-a001-02-000000046843733,,● 14. 아이패드_지문방지,SHOPPING,,0,0,0.0,,,,True,7,0,excluded_cost0,no_baseline_rows,True,,,,,,,,
grp-a001-02-000000046843734,,● 14. 아이패드_지문방지,SHOPPING,,4850,0,-4850.0,,,,True,4,0,band4_unjudgeable,no_baseline_rows,True,,,,,,,,
grp-a001-02-000000046843735,,● 14. 아이패드_지문방지,SHOPPING,,26580,15900,-17287.19,,,,True,6,0,band3,no_baseline_rows,True,,,,,,,,
grp-a001-02-000000049353543,,● 14. 아이패드_지문방지,SHOPPING,,0,0,0.0,,,,True,7,0,excluded_cost0,no_baseline_rows,True,,,,,,,,
grp-a001-02-000000055091017,03. 6H 사생활,● 00. 아이폰_17,SHOPPING,아이폰17(추정 매핑),490,0,-490.0,,,,True,2,0,band4_unjudgeable,no_baseline_rows,True,,,,,,,,
grp-a001-02-000000062947038,S26,● 01. 갤럭시_지문방지_TPU,SHOPPING,갤럭시 S26 (+/울트라),489671,685600,-88969.66,,,,True,129,0,band3,no_baseline_rows,True,,,,,,,,
grp-a001-02-000000062947040,S26울트라,● 01. 갤럭시_지문방지_TPU,SHOPPING,갤럭시 S26 (+/울트라),1040825,1395810,-225038.91,,,,True,138,0,band3,no_baseline_rows,True,,,,,,,,
grp-a001-02-000000062947041,S26플러스,● 01. 갤럭시_지문방지_TPU,SHOPPING,갤럭시 S26 (+/울트라),734847,973300,-165998.37,,,,True,135,0,band3,no_baseline_rows,True,,,,,,,,
grp-a001-02-000000070109620,맥세이프_컨텐츠 지면,● [P_삭제금지]맥세이프카드케이스_쇼검,SHOPPING,,6441,0,-6441.0,,,,True,5,0,band4_unjudgeable,no_baseline_rows,True,,,,,,,,
grp-a001-02-000000070451363,Z폴드8울트라,● 01. 갤럭시_지문방지_TPU,SHOPPING,갤럭시 Z 폴드8 (울트라 포함),481575,675000,-87068.86,,,,True,21,0,band3,no_baseline_rows,True,,,,,,,,
grp-a001-02-000000070523564,Z폴드8와이드,● 01. 갤럭시_지문방지_TPU,SHOPPING,갤럭시 Z 폴드8 (울트라 포함),1971616,2499080,-511019.86,,,,True,20,0,band3,no_baseline_rows,True,,,,,,,,
grp-a001-02-000000070523694,Z플립8,● 01. 갤럭시_지문방지_TPU,SHOPPING,갤럭시 Z 플립8,260333,312800,-77515.93,,,,True,20,0,band3,no_baseline_rows,True,,,,,,,,
grp-a001-02-000000070833125,01. Z플립8,● 15. 갤럭시Z_폴드8플립8_사생활보호,SHOPPING,갤럭시 Z 플립8,5478,0,-5478.0,,,,True,3,0,band4_unjudgeable,no_baseline_rows,True,,,,,,,,
grp-a001-02-000000070833126,02. Z폴드8 와이드,● 15. 갤럭시Z_폴드8플립8_사생활보호,SHOPPING,갤럭시 Z 폴드8 (울트라 포함),16590,0,-16590.0,,,,True,3,0,band4_unjudgeable,no_baseline_rows,True,,,,,,,,
grp-a001-02-000000070833127,03. Z폴드8 울트라,● 15. 갤럭시Z_폴드8플립8_사생활보호,SHOPPING,갤럭시 Z 폴드8 (울트라 포함),50810,58200,-16794.8,,,,True,4,0,band3,no_baseline_rows,True,,,,,,,,
grp-a001-02-000000070991863,폴드8,● 01. 갤럭시_지문방지_사생활,SHOPPING,갤럭시 Z 폴드8 (울트라 포함),690503,1108740,-42495.99,,,,True,11,0,band3,no_baseline_rows,True,,,,,,,,
grp-a001-02-000000070992078,폴드8울트라,● 01. 갤럭시_지문방지_사생활,SHOPPING,갤럭시 Z 폴드8 (울트라 포함),51094,163800,44639.49,,,,True,11,0,band1,no_baseline_rows,True,,,,,,,,
grp-a001-02-000000070992116,플립8,● 01. 갤럭시_지문방지_사생활,SHOPPING,갤럭시 Z 플립8,72429,104400,-11412.05,,,,True,11,0,band3,no_baseline_rows,True,,,,,,,,
