adgroup_id,mall_product_id,campaign_id
grp-a001-02-000000043610882,8777091875,cmp-a001-02-000000008336372
grp-a001-02-000000043610882,8595881112,cmp-a001-02-000000008336372
grp-a001-02-000000043610882,8564633006,cmp-a001-02-000000008336372
grp-a001-02-000000043610882,8424897701,cmp-a001-02-000000008336372
grp-a001-02-000000043610882,8303831137,cmp-a001-02-000000008336372
grp-a001-02-000000043610882,8172021925,cmp-a001-02-000000008336372
grp-a001-02-000000043610882,8171971713,cmp-a001-02-000000008336372
grp-a001-02-000000043610882,8171923187,cmp-a001-02-000000008336372
grp-a001-02-000000043610882,8171867174,cmp-a001-02-000000008336372
grp-a001-02-000000043610882,8171818613,cmp-a001-02-000000008336372
grp-a001-02-000000043610882,8051119719,cmp-a001-02-000000008336372
grp-a001-02-000000043610882,8051098747,cmp-a001-02-000000008336372
grp-a001-02-000000043610882,8045761435,cmp-a001-02-000000008336372
grp-a001-02-000000043610882,8045759581,cmp-a001-02-000000008336372
grp-a001-02-000000043610882,8045757559,cmp-a001-02-000000008336372
grp-a001-02-000000043610882,8024076513,cmp-a001-02-000000008336372
grp-a001-02-000000043610882,8024072628,cmp-a001-02-000000008336372
grp-a001-02-000000043610882,8024066255,cmp-a001-02-000000008336372
grp-a001-02-000000043610882,8016034230,cmp-a001-02-000000008336372
grp-a001-02-000000043610882,8015999469,cmp-a001-02-000000008336372
grp-a001-02-000000043610882,8015948598,cmp-a001-02-000000008336372
grp-a001-02-000000043610882,8015710525,cmp-a001-02-000000008336372
grp-a001-02-000000043610882,4726876482,cmp-a001-02-000000008336372
grp-a001-02-000000043610882,7285387194,cmp-a001-02-000000008336372
grp-a001-02-000000043610882,7285245369,cmp-a001-02-000000008336372
grp-a001-02-000000043610882,7284455837,cmp-a001-02-000000008336372
grp-a001-02-000000043610882,7283791736,cmp-a001-02-000000008336372
grp-a001-02-000000043610882,7278685548,cmp-a001-02-000000008336372
grp-a001-02-000000043610882,7276789393,cmp-a001-02-000000008336372
grp-a001-02-000000043610882,7264138096,cmp-a001-02-000000008336372
grp-a001-02-000000043610882,7216775425,cmp-a001-02-000000008336372
grp-a001-02-000000043610882,7154351025,cmp-a001-02-000000008336372
grp-a001-02-000000043610882,7119767278,cmp-a001-02-000000008336372
grp-a001-02-000000043610882,7053845786,cmp-a001-02-000000008336372
grp-a001-02-000000043610882,7029691798,cmp-a001-02-000000008336372
grp-a001-02-000000043610882,6961116851,cmp-a001-02-000000008336372
grp-a001-02-000000043610882,6943920907,cmp-a001-02-000000008336372
grp-a001-02-000000043610882,6891351882,cmp-a001-02-000000008336372
grp-a001-02-000000043610882,6891343928,cmp-a001-02-000000008336372
grp-a001-02-000000043610882,6891081964,cmp-a001-02-000000008336372
grp-a001-02-000000043610882,6821566017,cmp-a001-02-000000008336372
grp-a001-02-000000043610882,6821542253,cmp-a001-02-000000008336372
grp-a001-02-000000043610882,6818291037,cmp-a001-02-000000008336372
grp-a001-02-000000043610882,6818287511,cmp-a001-02-000000008336372
grp-a001-02-000000043610882,6818260625,cmp-a001-02-000000008336372
grp-a001-02-000000043610882,6818140640,cmp-a001-02-000000008336372
grp-a001-02-000000043610882,6818113090,cmp-a001-02-000000008336372
grp-a001-02-000000043610882,6818086076,cmp-a001-02-000000008336372
grp-a001-02-000000043610882,6818043939,cmp-a001-02-000000008336372
grp-a001-02-000000043610882,6748750378,cmp-a001-02-000000008336372
grp-a001-02-000000043610882,6747593727,cmp-a001-02-000000008336372
grp-a001-02-000000043610882,6747478867,cmp-a001-02-000000008336372
grp-a001-02-000000043610882,6325815144,cmp-a001-02-000000008336372
grp-a001-02-000000043610882,6325814520,cmp-a001-02-000000008336372
grp-a001-02-000000043610882,5059485195,cmp-a001-02-000000008336372
grp-a001-02-000000043610882,6290298710,cmp-a001-02-000000008336372
grp-a001-02-000000043610882,6290296347,cmp-a001-02-000000008336372
grp-a001-02-000000043610882,6290191072,cmp-a001-02-000000008336372
grp-a001-02-000000043610882,6286593796,cmp-a001-02-000000008336372
grp-a001-02-000000043610882,6286591735,cmp-a001-02-000000008336372
grp-a001-02-000000043610882,6286582527,cmp-a001-02-000000008336372
grp-a001-02-000000043610882,6172518908,cmp-a001-02-000000008336372
grp-a001-02-000000043610882,6204580688,cmp-a001-02-000000008336372
grp-a001-02-000000043610882,6152124968,cmp-a001-02-000000008336372
grp-a001-02-000000043610882,5950354321,cmp-a001-02-000000008336372
grp-a001-02-000000043610882,5949677527,cmp-a001-02-000000008336372
grp-a001-02-000000043610882,5866302814,cmp-a001-02-000000008336372
grp-a001-02-000000043610882,5866302457,cmp-a001-02-000000008336372
grp-a001-02-000000043610882,5865891908,cmp-a001-02-000000008336372
grp-a001-02-000000043610882,5849693263,cmp-a001-02-000000008336372
grp-a001-02-000000043610882,5837784385,cmp-a001-02-000000008336372
grp-a001-02-000000043610882,5786511512,cmp-a001-02-000000008336372
grp-a001-02-000000043610882,5700922776,cmp-a001-02-000000008336372
grp-a001-02-000000043610882,5700911403,cmp-a001-02-000000008336372
grp-a001-02-000000043610882,5699537342,cmp-a001-02-000000008336372
grp-a001-02-000000043610882,5699536281,cmp-a001-02-000000008336372
grp-a001-02-000000043610882,5699534454,cmp-a001-02-000000008336372
grp-a001-02-000000043610882,5694399201,cmp-a001-02-000000008336372
grp-a001-02-000000043610882,5694385671,cmp-a001-02-000000008336372
grp-a001-02-000000043610882,5694378483,cmp-a001-02-000000008336372
grp-a001-02-000000043610882,5665271187,cmp-a001-02-000000008336372
grp-a001-02-000000043610882,5471733585,cmp-a001-02-000000008336372
grp-a001-02-000000043610882,5129833882,cmp-a001-02-000000008336372
grp-a001-02-000000043610882,5129833043,cmp-a001-02-000000008336372
grp-a001-02-000000043610882,5129555014,cmp-a001-02-000000008336372
grp-a001-02-000000043610882,5049807951,cmp-a001-02-000000008336372
grp-a001-02-000000043610882,4986857858,cmp-a001-02-000000008336372
grp-a001-02-000000043610882,4497997207,cmp-a001-02-000000008336372
grp-a001-02-000000043610882,4422817503,cmp-a001-02-000000008336372
grp-a001-02-000000043610882,3900927238,cmp-a001-02-000000008336372
grp-a001-02-000000043610882,3574715648,cmp-a001-02-000000008336372
grp-a001-02-000000043610882,3529106282,cmp-a001-02-000000008336372
grp-a001-02-000000043610882,3422628940,cmp-a001-02-000000008336372
grp-a001-02-000000043610882,3422606249,cmp-a001-02-000000008336372
grp-a001-02-000000043610882,3380946784,cmp-a001-02-000000008336372
grp-a001-02-000000043610882,3207327235,cmp-a001-02-000000008336372
grp-a001-02-000000043610882,2183968407,cmp-a001-02-000000008336372
grp-a001-02-000000043610882,2151317674,cmp-a001-02-000000008336372
grp-a001-02-000000043610882,380397804,cmp-a001-02-000000008336372
grp-a001-02-000000043610882,380396890,cmp-a001-02-000000008336372
grp-a001-02-000000043610925,8927879889,cmp-a001-02-000000008336372
grp-a001-02-000000043610925,8795922629,cmp-a001-02-000000008336372
grp-a001-02-000000043610925,8795812978,cmp-a001-02-000000008336372
grp-a001-02-000000043610925,10578197070,cmp-a001-02-000000008336372
grp-a001-02-000000043610925,10578185038,cmp-a001-02-000000008336372
grp-a001-02-000000043610925,10567336655,cmp-a001-02-000000008336372
grp-a001-02-000000043610925,10567300876,cmp-a001-02-000000008336372
grp-a001-02-000000043610925,10567229718,cmp-a001-02-000000008336372
grp-a001-02-000000043610925,6418990211,cmp-a001-02-000000008336372
grp-a001-02-000000043610925,10537357957,cmp-a001-02-000000008336372
grp-a001-02-000000043610925,10523645021,cmp-a001-02-000000008336372
grp-a001-02-000000043610925,10523622764,cmp-a001-02-000000008336372
grp-a001-02-000000043610925,10447230320,cmp-a001-02-000000008336372
grp-a001-02-000000043610925,10447167081,cmp-a001-02-000000008336372
grp-a001-02-000000043610925,10438431662,cmp-a001-02-000000008336372
grp-a001-02-000000043610925,10438421171,cmp-a001-02-000000008336372
grp-a001-02-000000043610925,10434377163,cmp-a001-02-000000008336372
grp-a001-02-000000043610925,10434373628,cmp-a001-02-000000008336372
grp-a001-02-000000043610925,10434356362,cmp-a001-02-000000008336372
grp-a001-02-000000043610925,10434352589,cmp-a001-02-000000008336372
grp-a001-02-000000043610925,10302255174,cmp-a001-02-000000008336372
grp-a001-02-000000043610925,10302241111,cmp-a001-02-000000008336372
grp-a001-02-000000043610925,10302238294,cmp-a001-02-000000008336372
grp-a001-02-000000043610925,10302213140,cmp-a001-02-000000008336372
grp-a001-02-000000043610925,10222533731,cmp-a001-02-000000008336372
grp-a001-02-000000043610925,10181667869,cmp-a001-02-000000008336372
grp-a001-02-000000043610925,7119777823,cmp-a001-02-000000008336372
grp-a001-02-000000043610925,9911357860,cmp-a001-02-000000008336372
grp-a001-02-000000043610925,9911319995,cmp-a001-02-000000008336372
grp-a001-02-000000043610925,9911305952,cmp-a001-02-000000008336372
grp-a001-02-000000043610925,9911290472,cmp-a001-02-000000008336372
grp-a001-02-000000043610925,9834417376,cmp-a001-02-000000008336372
grp-a001-02-000000043610925,9834411862,cmp-a001-02-000000008336372
grp-a001-02-000000043610925,9834392942,cmp-a001-02-000000008336372
grp-a001-02-000000043610925,9834372042,cmp-a001-02-000000008336372
grp-a001-02-000000043610925,9826526266,cmp-a001-02-000000008336372
grp-a001-02-000000043610925,9826513237,cmp-a001-02-000000008336372
grp-a001-02-000000043610925,9825629230,cmp-a001-02-000000008336372
grp-a001-02-000000043610925,9824870518,cmp-a001-02-000000008336372
grp-a001-02-000000043610925,9824803184,cmp-a001-02-000000008336372
grp-a001-02-000000043610925,9824381532,cmp-a001-02-000000008336372
grp-a001-02-000000043610925,9824365193,cmp-a001-02-000000008336372
grp-a001-02-000000043610925,9823967466,cmp-a001-02-000000008336372
grp-a001-02-000000043610925,9823936023,cmp-a001-02-000000008336372
grp-a001-02-000000043610925,9817297190,cmp-a001-02-000000008336372
grp-a001-02-000000043610925,9817287812,cmp-a001-02-000000008336372
grp-a001-02-000000043610925,9817230055,cmp-a001-02-000000008336372
grp-a001-02-000000043610925,9817085885,cmp-a001-02-000000008336372
grp-a001-02-000000043610925,9816818628,cmp-a001-02-000000008336372
grp-a001-02-000000043610925,9816189362,cmp-a001-02-000000008336372
grp-a001-02-000000043610925,9816144543,cmp-a001-02-000000008336372
grp-a001-02-000000043610925,9816064743,cmp-a001-02-000000008336372
grp-a001-02-000000043610925,9810376975,cmp-a001-02-000000008336372
grp-a001-02-000000043610925,9810366346,cmp-a001-02-000000008336372
grp-a001-02-000000043610925,9810359194,cmp-a001-02-000000008336372
grp-a001-02-000000043610925,9810354143,cmp-a001-02-000000008336372
grp-a001-02-000000043610925,9810298872,cmp-a001-02-000000008336372
grp-a001-02-000000043610925,9810289669,cmp-a001-02-000000008336372
grp-a001-02-000000043610925,9810269528,cmp-a001-02-000000008336372
grp-a001-02-000000043610925,9809961495,cmp-a001-02-000000008336372
grp-a001-02-000000043610925,9809869052,cmp-a001-02-000000008336372
grp-a001-02-000000043610925,9809836674,cmp-a001-02-000000008336372
grp-a001-02-000000043610925,9809829280,cmp-a001-02-000000008336372
grp-a001-02-000000043610925,9809808282,cmp-a001-02-000000008336372
grp-a001-02-000000043610925,9809475804,cmp-a001-02-000000008336372
grp-a001-02-000000043610925,9809470164,cmp-a001-02-000000008336372
grp-a001-02-000000043610925,9809463820,cmp-a001-02-000000008336372
grp-a001-02-000000043610925,9809458078,cmp-a001-02-000000008336372
grp-a001-02-000000043610925,9809451709,cmp-a001-02-000000008336372
grp-a001-02-000000043610925,9809440279,cmp-a001-02-000000008336372
grp-a001-02-000000043610925,9809423596,cmp-a001-02-000000008336372
grp-a001-02-000000043610925,9809406811,cmp-a001-02-000000008336372
grp-a001-02-000000043610925,9795955861,cmp-a001-02-000000008336372
grp-a001-02-000000043610925,9795928665,cmp-a001-02-000000008336372
grp-a001-02-000000043610925,9795897709,cmp-a001-02-000000008336372
grp-a001-02-000000043610925,9795815284,cmp-a001-02-000000008336372
grp-a001-02-000000043610925,9795675856,cmp-a001-02-000000008336372
grp-a001-02-000000043610925,9795653260,cmp-a001-02-000000008336372
grp-a001-02-000000043610925,9795609550,cmp-a001-02-000000008336372
grp-a001-02-000000043610925,9795566687,cmp-a001-02-000000008336372
grp-a001-02-000000043610925,9775923596,cmp-a001-02-000000008336372
grp-a001-02-000000043610925,9775886091,cmp-a001-02-000000008336372
grp-a001-02-000000043610925,9645476434,cmp-a001-02-000000008336372
grp-a001-02-000000043610925,9645452621,cmp-a001-02-000000008336372
grp-a001-02-000000043610925,9645494346,cmp-a001-02-000000008336372
grp-a001-02-000000043610925,9645414774,cmp-a001-02-000000008336372
grp-a001-02-000000043610925,9608407073,cmp-a001-02-000000008336372
grp-a001-02-000000043610925,9608153706,cmp-a001-02-000000008336372
grp-a001-02-000000043610925,9590260821,cmp-a001-02-000000008336372
grp-a001-02-000000043610925,9506336785,cmp-a001-02-000000008336372
grp-a001-02-000000043610925,9475441000,cmp-a001-02-000000008336372
grp-a001-02-000000043610925,9243662948,cmp-a001-02-000000008336372
grp-a001-02-000000043610925,9238392879,cmp-a001-02-000000008336372
grp-a001-02-000000043610925,9205714557,cmp-a001-02-000000008336372
grp-a001-02-000000043610930,11839641958,cmp-a001-02-000000008336372
grp-a001-02-000000043610930,11847904214,cmp-a001-02-000000008336372
grp-a001-02-000000043610930,11329694686,cmp-a001-02-000000008336372
grp-a001-02-000000043610930,11329452203,cmp-a001-02-000000008336372
grp-a001-02-000000043610930,11328652229,cmp-a001-02-000000008336372
grp-a001-02-000000043610930,11328634429,cmp-a001-02-000000008336372
grp-a001-02-000000043610930,8928008121,cmp-a001-02-000000008336372
grp-a001-02-000000043610930,8927994785,cmp-a001-02-000000008336372
grp-a001-02-000000043610930,8927922615,cmp-a001-02-000000008336372
grp-a001-02-000000043610930,11101844624,cmp-a001-02-000000008336372
grp-a001-02-000000043610930,11100875595,cmp-a001-02-000000008336372
grp-a001-02-000000043610930,11100707703,cmp-a001-02-000000008336372
grp-a001-02-000000043610930,2402007467,cmp-a001-02-000000008336372
grp-a001-02-000000043610930,5786510729,cmp-a001-02-000000008336372
grp-a001-02-000000043610930,11066208029,cmp-a001-02-000000008336372
grp-a001-02-000000043610930,11066065879,cmp-a001-02-000000008336372
grp-a001-02-000000043610930,11047702639,cmp-a001-02-000000008336372
grp-a001-02-000000043610930,11047667552,cmp-a001-02-000000008336372
grp-a001-02-000000043610930,9475735135,cmp-a001-02-000000008336372
grp-a001-02-000000043610930,11016053609,cmp-a001-02-000000008336372
grp-a001-02-000000043610930,10973246132,cmp-a001-02-000000008336372
grp-a001-02-000000043610930,11096867288,cmp-a001-02-000000008336372
grp-a001-02-000000043610930,11091807223,cmp-a001-02-000000008336372
grp-a001-02-000000043610930,11091797602,cmp-a001-02-000000008336372
grp-a001-02-000000043610930,11090418255,cmp-a001-02-000000008336372
grp-a001-02-000000043610930,11090423153,cmp-a001-02-000000008336372
grp-a001-02-000000043610930,11090360449,cmp-a001-02-000000008336372
grp-a001-02-000000043610930,11090349740,cmp-a001-02-000000008336372
grp-a001-02-000000043610930,11071167290,cmp-a001-02-000000008336372
grp-a001-02-000000043610930,11066413691,cmp-a001-02-000000008336372
grp-a001-02-000000043610930,11066240019,cmp-a001-02-000000008336372
grp-a001-02-000000043610930,11174750730,cmp-a001-02-000000008336372
grp-a001-02-000000043610930,11174744030,cmp-a001-02-000000008336372
grp-a001-02-000000043610930,11174737218,cmp-a001-02-000000008336372
grp-a001-02-000000043610930,11174732146,cmp-a001-02-000000008336372
grp-a001-02-000000043610930,11382748410,cmp-a001-02-000000008336372
grp-a001-02-000000043610930,11382744091,cmp-a001-02-000000008336372
grp-a001-02-000000043610930,11382700546,cmp-a001-02-000000008336372
grp-a001-02-000000043610930,11379135187,cmp-a001-02-000000008336372
grp-a001-02-000000043610930,11378881090,cmp-a001-02-000000008336372
grp-a001-02-000000043610930,11378853597,cmp-a001-02-000000008336372
grp-a001-02-000000043610930,11361293351,cmp-a001-02-000000008336372
grp-a001-02-000000043610930,11361253594,cmp-a001-02-000000008336372
grp-a001-02-000000043610930,11361238228,cmp-a001-02-000000008336372
grp-a001-02-000000043610930,11174786504,cmp-a001-02-000000008336372
grp-a001-02-000000043610930,11174781362,cmp-a001-02-000000008336372
grp-a001-02-000000043610930,11174776967,cmp-a001-02-000000008336372
grp-a001-02-000000043610930,11174770844,cmp-a001-02-000000008336372
grp-a001-02-000000043610930,11394916775,cmp-a001-02-000000008336372
grp-a001-02-000000043610930,10679209662,cmp-a001-02-000000008336372
grp-a001-02-000000043610930,10679236577,cmp-a001-02-000000008336372
grp-a001-02-000000043610930,10713176715,cmp-a001-02-000000008336372
grp-a001-02-000000043610930,10713494322,cmp-a001-02-000000008336372
grp-a001-02-000000043610930,10713521383,cmp-a001-02-000000008336372
grp-a001-02-000000043610930,10838990954,cmp-a001-02-000000008336372
grp-a001-02-000000043610930,10838869686,cmp-a001-02-000000008336372
grp-a001-02-000000043610930,10854901732,cmp-a001-02-000000008336372
grp-a001-02-000000043610930,10839030715,cmp-a001-02-000000008336372
grp-a001-02-000000043610930,10855102002,cmp-a001-02-000000008336372
grp-a001-02-000000043610930,10860205979,cmp-a001-02-000000008336372
grp-a001-02-000000043610930,10838953472,cmp-a001-02-000000008336372
grp-a001-02-000000043610930,11325839581,cmp-a001-02-000000008336372
grp-a001-02-000000043610930,11314698611,cmp-a001-02-000000008336372
grp-a001-02-000000043610930,11314685775,cmp-a001-02-000000008336372
grp-a001-02-000000043610930,11311607581,cmp-a001-02-000000008336372
grp-a001-02-000000043610930,11259990426,cmp-a001-02-000000008336372
grp-a001-02-000000043610930,11259972316,cmp-a001-02-000000008336372
grp-a001-02-000000043610930,11287690712,cmp-a001-02-000000008336372
grp-a001-02-000000043610930,11263370160,cmp-a001-02-000000008336372
grp-a001-02-000000043610930,11263363765,cmp-a001-02-000000008336372
grp-a001-02-000000043610930,11263343049,cmp-a001-02-000000008336372
grp-a001-02-000000043610930,11263310083,cmp-a001-02-000000008336372
grp-a001-02-000000043610930,11263296721,cmp-a001-02-000000008336372
grp-a001-02-000000043610930,11263273873,cmp-a001-02-000000008336372
grp-a001-02-000000043610930,11260069028,cmp-a001-02-000000008336372
grp-a001-02-000000043610930,11260046530,cmp-a001-02-000000008336372
grp-a001-02-000000043610930,11260018794,cmp-a001-02-000000008336372
grp-a001-02-000000043610930,11619407649,cmp-a001-02-000000008336372
grp-a001-02-000000043610930,11619407646,cmp-a001-02-000000008336372
grp-a001-02-000000043610930,11619407644,cmp-a001-02-000000008336372
grp-a001-02-000000043610930,11619407641,cmp-a001-02-000000008336372
grp-a001-02-000000043610930,11619407640,cmp-a001-02-000000008336372
grp-a001-02-000000043610930,11619531612,cmp-a001-02-000000008336372
grp-a001-02-000000043610930,11619407645,cmp-a001-02-000000008336372
grp-a001-02-000000043610930,11619407635,cmp-a001-02-000000008336372
grp-a001-02-000000043610930,11619407650,cmp-a001-02-000000008336372
grp-a001-02-000000043610930,11619407632,cmp-a001-02-000000008336372
grp-a001-02-000000043610930,11619407643,cmp-a001-02-000000008336372
grp-a001-02-000000043610930,11619407639,cmp-a001-02-000000008336372
grp-a001-02-000000043610930,11619407648,cmp-a001-02-000000008336372
grp-a001-02-000000043610930,11619407642,cmp-a001-02-000000008336372
grp-a001-02-000000043610930,11619407637,cmp-a001-02-000000008336372
grp-a001-02-000000043610930,11619407636,cmp-a001-02-000000008336372
grp-a001-02-000000043610930,11550098952,cmp-a001-02-000000008336372
grp-a001-02-000000043610930,11550083337,cmp-a001-02-000000008336372
grp-a001-02-000000043610930,11672253560,cmp-a001-02-000000008336372
grp-a001-02-000000043610930,11672253558,cmp-a001-02-000000008336372
grp-a001-02-000000043610930,11672253557,cmp-a001-02-000000008336372
grp-a001-02-000000043610930,11672253555,cmp-a001-02-000000008336372
grp-a001-02-000000043610930,11672253554,cmp-a001-02-000000008336372
grp-a001-02-000000043610930,11672253553,cmp-a001-02-000000008336372
grp-a001-02-000000043610930,11672253552,cmp-a001-02-000000008336372
grp-a001-02-000000043610930,11672253549,cmp-a001-02-000000008336372
grp-a001-02-000000043610930,11672253546,cmp-a001-02-000000008336372
grp-a001-02-000000043610930,11672253565,cmp-a001-02-000000008336372
grp-a001-02-000000043610930,11672253564,cmp-a001-02-000000008336372
grp-a001-02-000000043610930,11672253551,cmp-a001-02-000000008336372
grp-a001-02-000000043610930,11672253550,cmp-a001-02-000000008336372
grp-a001-02-000000043610930,11672253556,cmp-a001-02-000000008336372
grp-a001-02-000000043610930,11672253548,cmp-a001-02-000000008336372
grp-a001-02-000000043610930,11619806392,cmp-a001-02-000000008336372
grp-a001-02-000000043610930,11619806387,cmp-a001-02-000000008336372
grp-a001-02-000000043610930,11619806386,cmp-a001-02-000000008336372
grp-a001-02-000000043610930,11619806378,cmp-a001-02-000000008336372
grp-a001-02-000000043610930,11619806391,cmp-a001-02-000000008336372
grp-a001-02-000000043610930,11619806384,cmp-a001-02-000000008336372
grp-a001-02-000000043610930,11619806390,cmp-a001-02-000000008336372
grp-a001-02-000000043610930,11619806385,cmp-a001-02-000000008336372
grp-a001-02-000000043610930,11619806380,cmp-a001-02-000000008336372
grp-a001-02-000000043610930,11619806383,cmp-a001-02-000000008336372
grp-a001-02-000000043610930,11619806382,cmp-a001-02-000000008336372
grp-a001-02-000000043610930,11619806381,cmp-a001-02-000000008336372
grp-a001-02-000000043610930,11619806379,cmp-a001-02-000000008336372
grp-a001-02-000000043610930,11619806377,cmp-a001-02-000000008336372
grp-a001-02-000000043610930,11619806389,cmp-a001-02-000000008336372
grp-a001-02-000000043610930,11696808538,cmp-a001-02-000000008336372
grp-a001-02-000000043610930,11696808537,cmp-a001-02-000000008336372
grp-a001-02-000000043610930,11696808536,cmp-a001-02-000000008336372
grp-a001-02-000000043610930,11696352853,cmp-a001-02-000000008336372
grp-a001-02-000000043610930,11696352852,cmp-a001-02-000000008336372
grp-a001-02-000000043610930,11696352851,cmp-a001-02-000000008336372
grp-a001-02-000000043610930,11696352850,cmp-a001-02-000000008336372
grp-a001-02-000000043610930,11696352849,cmp-a001-02-000000008336372
grp-a001-02-000000043610930,11696352858,cmp-a001-02-000000008336372
grp-a001-02-000000043610930,11696352855,cmp-a001-02-000000008336372
grp-a001-02-000000043610930,11696352857,cmp-a001-02-000000008336372
grp-a001-02-000000043610930,11696352856,cmp-a001-02-000000008336372
grp-a001-02-000000043610930,11672432787,cmp-a001-02-000000008336372
grp-a001-02-000000043610930,11672432785,cmp-a001-02-000000008336372
grp-a001-02-000000043610930,11672432784,cmp-a001-02-000000008336372
grp-a001-02-000000043610930,11672432788,cmp-a001-02-000000008336372
grp-a001-02-000000043610930,11672432786,cmp-a001-02-000000008336372
grp-a001-02-000000043610930,11672253563,cmp-a001-02-000000008336372
grp-a001-02-000000043610930,11672253561,cmp-a001-02-000000008336372
grp-a001-02-000000043610930,11672253559,cmp-a001-02-000000008336372
grp-a001-02-000000043610930,11672253562,cmp-a001-02-000000008336372
grp-a001-02-000000043610930,11619806388,cmp-a001-02-000000008336372
grp-a001-02-000000043610930,11696306470,cmp-a001-02-000000008336372
grp-a001-02-000000043610930,11696306464,cmp-a001-02-000000008336372
grp-a001-02-000000043610930,11696306463,cmp-a001-02-000000008336372
grp-a001-02-000000043610930,11696306467,cmp-a001-02-000000008336372
grp-a001-02-000000043610930,11696306466,cmp-a001-02-000000008336372
grp-a001-02-000000043610930,11696306471,cmp-a001-02-000000008336372
grp-a001-02-000000043610930,11696306469,cmp-a001-02-000000008336372
grp-a001-02-000000043610930,11696306468,cmp-a001-02-000000008336372
grp-a001-02-000000043610930,11696306465,cmp-a001-02-000000008336372
grp-a001-02-000000043610930,11175030293,cmp-a001-02-000000008336372
grp-a001-02-000000043610930,11174904521,cmp-a001-02-000000008336372
grp-a001-02-000000043610930,11149384244,cmp-a001-02-000000008336372
grp-a001-02-000000043610930,11495524084,cmp-a001-02-000000008336372
grp-a001-02-000000043610930,11495508351,cmp-a001-02-000000008336372
grp-a001-02-000000043610930,11495494402,cmp-a001-02-000000008336372
grp-a001-02-000000043615764,380397804,cmp-a001-02-000000008336372
grp-a001-02-000000043615764,8777091875,cmp-a001-02-000000008336372
grp-a001-02-000000043615764,9795675856,cmp-a001-02-000000008336372
grp-a001-02-000000043615764,9795815284,cmp-a001-02-000000008336372
grp-a001-02-000000043615764,8595881112,cmp-a001-02-000000008336372
grp-a001-02-000000043615764,5786511512,cmp-a001-02-000000008336372
grp-a001-02-000000043615764,6204580688,cmp-a001-02-000000008336372
grp-a001-02-000000043615764,380396890,cmp-a001-02-000000008336372
grp-a001-02-000000043615764,9506336785,cmp-a001-02-000000008336372
grp-a001-02-000000043615764,8927879889,cmp-a001-02-000000008336372
grp-a001-02-000000043615764,8024066255,cmp-a001-02-000000008336372
grp-a001-02-000000043615764,4986857858,cmp-a001-02-000000008336372
grp-a001-02-000000043615764,6286593796,cmp-a001-02-000000008336372
grp-a001-02-000000043615764,10567300876,cmp-a001-02-000000008336372
grp-a001-02-000000043615764,7053845786,cmp-a001-02-000000008336372
grp-a001-02-000000043615764,7119767278,cmp-a001-02-000000008336372
grp-a001-02-000000043615764,8024072628,cmp-a001-02-000000008336372
grp-a001-02-000000043615764,6325814520,cmp-a001-02-000000008336372
grp-a001-02-000000043615764,5865891908,cmp-a001-02-000000008336372
grp-a001-02-000000043615764,5949677527,cmp-a001-02-000000008336372
grp-a001-02-000000043615764,5129555014,cmp-a001-02-000000008336372
grp-a001-02-000000044108257,8024072628,cmp-a001-02-000000008425541
grp-a001-02-000000044108257,8024076513,cmp-a001-02-000000008425541
grp-a001-02-000000044108257,11751783423,cmp-a001-02-000000008425541
grp-a001-02-000000044108257,380397804,cmp-a001-02-000000008425541
grp-a001-02-000000044108615,11752403680,cmp-a001-02-000000008425541
grp-a001-02-000000044108615,11752403681,cmp-a001-02-000000008425541
grp-a001-02-000000044108615,6204580688,cmp-a001-02-000000008425541
grp-a001-02-000000044108615,380396890,cmp-a001-02-000000008425541
grp-a001-02-000000044108615,11751783432,cmp-a001-02-000000008425541
grp-a001-02-000000044108615,11751783431,cmp-a001-02-000000008425541
grp-a001-02-000000044108616,9795675856,cmp-a001-02-000000008425541
grp-a001-02-000000044299892,9775886091,cmp-a001-02-000000008452546
grp-a001-02-000000044299955,11752403689,cmp-a001-02-000000008452546
grp-a001-02-000000044299975,11752403699,cmp-a001-02-000000008452546
grp-a001-02-000000044300022,11752403700,cmp-a001-02-000000008452546
grp-a001-02-000000044300022,11752403701,cmp-a001-02-000000008452546
grp-a001-02-000000044300022,11752403702,cmp-a001-02-000000008452546
grp-a001-02-000000044300024,11752403703,cmp-a001-02-000000008452546
grp-a001-02-000000044300024,11752403704,cmp-a001-02-000000008452546
grp-a001-02-000000044300027,11752403706,cmp-a001-02-000000008452546
grp-a001-02-000000044300027,11752403707,cmp-a001-02-000000008452546
grp-a001-02-000000044300450,11752403708,cmp-a001-02-000000008452546
grp-a001-02-000000044300450,11752403709,cmp-a001-02-000000008452546
grp-a001-02-000000044300450,11751783435,cmp-a001-02-000000008452546
grp-a001-02-000000044300513,11752403705,cmp-a001-02-000000008452546
grp-a001-02-000000044490481,12849503507,cmp-a001-02-000000008425541
grp-a001-02-000000044490481,8927879889,cmp-a001-02-000000008425541
grp-a001-02-000000044490481,10567336655,cmp-a001-02-000000008425541
grp-a001-02-000000044490481,10578185038,cmp-a001-02-000000008425541
grp-a001-02-000000044490481,7053845786,cmp-a001-02-000000008425541
grp-a001-02-000000044490481,6818291037,cmp-a001-02-000000008425541
grp-a001-02-000000044490481,10679209662,cmp-a001-02-000000008425541
grp-a001-02-000000044490481,11100875595,cmp-a001-02-000000008425541
grp-a001-02-000000044490481,5786511512,cmp-a001-02-000000008425541
grp-a001-02-000000044490484,12849503508,cmp-a001-02-000000008425541
grp-a001-02-000000044490484,12849503510,cmp-a001-02-000000008425541
grp-a001-02-000000044490484,7029691798,cmp-a001-02-000000008425541
grp-a001-02-000000044490484,5786510729,cmp-a001-02-000000008425541
grp-a001-02-000000044490484,8777091875,cmp-a001-02-000000008425541
grp-a001-02-000000044490484,10578197070,cmp-a001-02-000000008425541
grp-a001-02-000000044490484,10567300876,cmp-a001-02-000000008425541
grp-a001-02-000000044490484,10567229718,cmp-a001-02-000000008425541
grp-a001-02-000000044490484,6818287511,cmp-a001-02-000000008425541
grp-a001-02-000000044490484,10578185038,cmp-a001-02-000000008425541
grp-a001-02-000000044601438,10838869686,cmp-a001-02-000000008492582
grp-a001-02-000000044601438,11619806394,cmp-a001-02-000000008492582
grp-a001-02-000000044601438,11619806393,cmp-a001-02-000000008492582
grp-a001-02-000000044601438,11619806390,cmp-a001-02-000000008492582
grp-a001-02-000000044601555,11619806383,cmp-a001-02-000000008492582
grp-a001-02-000000044601555,11619806380,cmp-a001-02-000000008492582
grp-a001-02-000000044601555,11619806381,cmp-a001-02-000000008492582
grp-a001-02-000000044601555,11619806382,cmp-a001-02-000000008492582
grp-a001-02-000000044603941,11619806392,cmp-a001-02-000000008492582
grp-a001-02-000000044603941,11619806391,cmp-a001-02-000000008492582
grp-a001-02-000000044603941,11619806389,cmp-a001-02-000000008492582
grp-a001-02-000000044603941,11619806388,cmp-a001-02-000000008492582
grp-a001-02-000000044603942,11619806387,cmp-a001-02-000000008492582
grp-a001-02-000000044603942,11619806386,cmp-a001-02-000000008492582
grp-a001-02-000000044603942,11619806384,cmp-a001-02-000000008492582
grp-a001-02-000000044603942,11619806385,cmp-a001-02-000000008492582
grp-a001-02-000000044628749,11745501263,cmp-a001-02-000000008425541
grp-a001-02-000000044628749,11745501262,cmp-a001-02-000000008425541
grp-a001-02-000000044628749,11734691066,cmp-a001-02-000000008425541
grp-a001-02-000000044628749,11734691065,cmp-a001-02-000000008425541
grp-a001-02-000000044628749,9795815284,cmp-a001-02-000000008425541
grp-a001-02-000000044743916,11730763631,cmp-a001-02-000000008514959
grp-a001-02-000000044743916,11730763630,cmp-a001-02-000000008514959
grp-a001-02-000000044743916,11730763629,cmp-a001-02-000000008514959
grp-a001-02-000000044743916,11745424650,cmp-a001-02-000000008514959
grp-a001-02-000000044743916,11745424648,cmp-a001-02-000000008514959
grp-a001-02-000000044743916,11745424649,cmp-a001-02-000000008514959
grp-a001-02-000000044743916,9506336785,cmp-a001-02-000000008514959
grp-a001-02-000000044743917,11730763634,cmp-a001-02-000000008514959
grp-a001-02-000000044743917,11730763635,cmp-a001-02-000000008514959
grp-a001-02-000000044743917,11730763632,cmp-a001-02-000000008514959
grp-a001-02-000000044743917,11745424651,cmp-a001-02-000000008514959
grp-a001-02-000000044743917,11745424652,cmp-a001-02-000000008514959
grp-a001-02-000000044743917,9608153706,cmp-a001-02-000000008514959
grp-a001-02-000000044743917,11745424653,cmp-a001-02-000000008514959
grp-a001-02-000000044743918,6818043939,cmp-a001-02-000000008514959
grp-a001-02-000000044743918,11745424657,cmp-a001-02-000000008514959
grp-a001-02-000000044743918,11745424659,cmp-a001-02-000000008514959
grp-a001-02-000000044743918,11745424658,cmp-a001-02-000000008514959
grp-a001-02-000000044743918,11730763642,cmp-a001-02-000000008514959
grp-a001-02-000000044743918,11730763643,cmp-a001-02-000000008514959
grp-a001-02-000000044743918,11730763641,cmp-a001-02-000000008514959
grp-a001-02-000000044743918,11730763640,cmp-a001-02-000000008514959
grp-a001-02-000000044743919,11745424654,cmp-a001-02-000000008514959
grp-a001-02-000000044743919,11745424656,cmp-a001-02-000000008514959
grp-a001-02-000000044743919,6818113090,cmp-a001-02-000000008514959
grp-a001-02-000000044743919,11745424655,cmp-a001-02-000000008514959
grp-a001-02-000000044743919,11730763637,cmp-a001-02-000000008514959
grp-a001-02-000000044743919,11730763636,cmp-a001-02-000000008514959
grp-a001-02-000000044743919,11730763638,cmp-a001-02-000000008514959
grp-a001-02-000000044743919,11730763639,cmp-a001-02-000000008514959
grp-a001-02-000000044744110,11745424667,cmp-a001-02-000000008514959
grp-a001-02-000000044744110,11745424666,cmp-a001-02-000000008514959
grp-a001-02-000000044744110,11745424664,cmp-a001-02-000000008514959
grp-a001-02-000000044744110,11745424665,cmp-a001-02-000000008514959
grp-a001-02-000000044744111,11745424660,cmp-a001-02-000000008514959
grp-a001-02-000000044744111,11745424661,cmp-a001-02-000000008514959
grp-a001-02-000000044744111,4710410575,cmp-a001-02-000000008514959
grp-a001-02-000000044744526,11745424663,cmp-a001-02-000000008514959
grp-a001-02-000000044744526,11745424662,cmp-a001-02-000000008514959
grp-a001-02-000000044823468,2402007467,cmp-a001-02-000000008492582
grp-a001-02-000000044823468,11619806378,cmp-a001-02-000000008492582
grp-a001-02-000000044823468,11619806379,cmp-a001-02-000000008492582
grp-a001-02-000000044823468,11619806377,cmp-a001-02-000000008492582
grp-a001-02-000000044825994,11096867288,cmp-a001-02-000000008514959
grp-a001-02-000000044825994,10838990954,cmp-a001-02-000000008514959
grp-a001-02-000000044825994,11730763627,cmp-a001-02-000000008514959
grp-a001-02-000000044825994,11730763628,cmp-a001-02-000000008514959
grp-a001-02-000000044825994,11730763625,cmp-a001-02-000000008514959
grp-a001-02-000000044825994,11745424644,cmp-a001-02-000000008514959
grp-a001-02-000000044825994,11745424645,cmp-a001-02-000000008514959
grp-a001-02-000000044825994,11745424646,cmp-a001-02-000000008514959
grp-a001-02-000000044952212,11734926171,cmp-a001-02-000000008551921
grp-a001-02-000000044952212,11734926170,cmp-a001-02-000000008551921
grp-a001-02-000000044952212,9824381532,cmp-a001-02-000000008551921
grp-a001-02-000000044952212,9824365193,cmp-a001-02-000000008551921
grp-a001-02-000000044952212,4986857858,cmp-a001-02-000000008551921
grp-a001-02-000000044952305,9824381532,cmp-a001-02-000000008551921
grp-a001-02-000000044952305,9824365193,cmp-a001-02-000000008551921
grp-a001-02-000000044952305,7284455837,cmp-a001-02-000000008551921
grp-a001-02-000000044952305,11090418255,cmp-a001-02-000000008551921
grp-a001-02-000000044952305,11090423153,cmp-a001-02-000000008551921
grp-a001-02-000000044952305,11090360449,cmp-a001-02-000000008551921
grp-a001-02-000000044952305,11090349740,cmp-a001-02-000000008551921
grp-a001-02-000000045023176,11752403685,cmp-a001-02-000000008425541
grp-a001-02-000000045023176,11752403686,cmp-a001-02-000000008425541
grp-a001-02-000000045023176,11752403688,cmp-a001-02-000000008425541
grp-a001-02-000000045023176,11734691077,cmp-a001-02-000000008425541
grp-a001-02-000000045023176,11734691076,cmp-a001-02-000000008425541
grp-a001-02-000000045023176,11734691075,cmp-a001-02-000000008425541
grp-a001-02-000000045023177,11752403684,cmp-a001-02-000000008425541
grp-a001-02-000000045023177,11752403682,cmp-a001-02-000000008425541
grp-a001-02-000000045023177,11752403683,cmp-a001-02-000000008425541
grp-a001-02-000000045023177,11734691072,cmp-a001-02-000000008425541
grp-a001-02-000000045023177,11734691073,cmp-a001-02-000000008425541
grp-a001-02-000000045023177,11734691074,cmp-a001-02-000000008425541
grp-a001-02-000000045023177,11751783434,cmp-a001-02-000000008425541
grp-a001-02-000000045023177,11751783433,cmp-a001-02-000000008425541
grp-a001-02-000000045023993,11752403690,cmp-a001-02-000000008425541
grp-a001-02-000000045023993,11752403693,cmp-a001-02-000000008425541
grp-a001-02-000000045023993,11752403692,cmp-a001-02-000000008425541
grp-a001-02-000000045023993,11752403691,cmp-a001-02-000000008425541
grp-a001-02-000000045025481,11752403714,cmp-a001-02-000000008425541
grp-a001-02-000000045025481,11752403715,cmp-a001-02-000000008425541
grp-a001-02-000000045025481,3422628940,cmp-a001-02-000000008425541
grp-a001-02-000000045025481,3422606249,cmp-a001-02-000000008425541
grp-a001-02-000000045025482,11752403716,cmp-a001-02-000000008425541
grp-a001-02-000000045025482,11752403713,cmp-a001-02-000000008425541
grp-a001-02-000000045025483,11751783436,cmp-a001-02-000000008425541
grp-a001-02-000000045025483,11734691078,cmp-a001-02-000000008425541
grp-a001-02-000000045025483,11734691079,cmp-a001-02-000000008425541
grp-a001-02-000000045025483,11752403711,cmp-a001-02-000000008425541
grp-a001-02-000000045025483,11752403712,cmp-a001-02-000000008425541
grp-a001-02-000000045087060,11734926180,cmp-a001-02-000000008551921
grp-a001-02-000000045087060,11734926178,cmp-a001-02-000000008551921
grp-a001-02-000000045087074,11734926181,cmp-a001-02-000000008551921
grp-a001-02-000000045329157,11734926168,cmp-a001-02-000000008551921
grp-a001-02-000000045329157,11734926169,cmp-a001-02-000000008551921
grp-a001-02-000000045329157,11734926167,cmp-a001-02-000000008551921
grp-a001-02-000000045329157,10973246132,cmp-a001-02-000000008551921
grp-a001-02-000000045448738,6818086076,cmp-a001-02-000000008425541
grp-a001-02-000000045448744,5471733585,cmp-a001-02-000000008425541
grp-a001-02-000000045687119,11071167290,cmp-a001-02-000000008425541
grp-a001-02-000000045687119,11047702639,cmp-a001-02-000000008425541
grp-a001-02-000000045687119,11047667552,cmp-a001-02-000000008425541
grp-a001-02-000000045687119,11091797602,cmp-a001-02-000000008425541
grp-a001-02-000000045687119,11091807223,cmp-a001-02-000000008425541
grp-a001-02-000000045811975,11066065879,cmp-a001-02-000000008452546
grp-a001-02-000000045949118,11149384244,cmp-a001-02-000000008551921
grp-a001-02-000000045949118,11090349740,cmp-a001-02-000000008551921
grp-a001-02-000000045949119,11090360449,cmp-a001-02-000000008551921
grp-a001-02-000000045949120,11090423153,cmp-a001-02-000000008551921
grp-a001-02-000000045949121,11090418255,cmp-a001-02-000000008551921
grp-a001-02-000000046072248,11745471849,cmp-a001-02-000000008723288
grp-a001-02-000000046072248,11745471848,cmp-a001-02-000000008723288
grp-a001-02-000000046072248,11745471847,cmp-a001-02-000000008723288
grp-a001-02-000000046072248,10854901732,cmp-a001-02-000000008723288
grp-a001-02-000000046072248,11672253549,cmp-a001-02-000000008723288
grp-a001-02-000000046072248,11672253546,cmp-a001-02-000000008723288
grp-a001-02-000000046072248,11672253548,cmp-a001-02-000000008723288
grp-a001-02-000000046072248,11745559047,cmp-a001-02-000000008723288
grp-a001-02-000000046072248,11745559046,cmp-a001-02-000000008723288
grp-a001-02-000000046072248,11745559045,cmp-a001-02-000000008723288
grp-a001-02-000000046072553,11672253551,cmp-a001-02-000000008723288
grp-a001-02-000000046072553,11745559050,cmp-a001-02-000000008723288
grp-a001-02-000000046072553,11745559048,cmp-a001-02-000000008723288
grp-a001-02-000000046072553,11745559049,cmp-a001-02-000000008723288
grp-a001-02-000000046072553,11745471853,cmp-a001-02-000000008723288
grp-a001-02-000000046072553,11745471854,cmp-a001-02-000000008723288
grp-a001-02-000000046072553,11745471852,cmp-a001-02-000000008723288
grp-a001-02-000000046072553,11672253553,cmp-a001-02-000000008723288
grp-a001-02-000000046072553,11672253552,cmp-a001-02-000000008723288
grp-a001-02-000000046072553,11672253550,cmp-a001-02-000000008723288
grp-a001-02-000000046072554,11672253557,cmp-a001-02-000000008723288
grp-a001-02-000000046072554,11745559051,cmp-a001-02-000000008723288
grp-a001-02-000000046072554,11745559053,cmp-a001-02-000000008723288
grp-a001-02-000000046072554,11745559055,cmp-a001-02-000000008723288
grp-a001-02-000000046072554,11672253554,cmp-a001-02-000000008723288
grp-a001-02-000000046072554,11672253555,cmp-a001-02-000000008723288
grp-a001-02-000000046072554,11672253556,cmp-a001-02-000000008723288
grp-a001-02-000000046074558,11672253561,cmp-a001-02-000000008723288
grp-a001-02-000000046074559,11672253565,cmp-a001-02-000000008723288
grp-a001-02-000000046125958,11696306471,cmp-a001-02-000000008740796
grp-a001-02-000000046125983,11696306470,cmp-a001-02-000000008740796
grp-a001-02-000000046126151,11696306469,cmp-a001-02-000000008740796
grp-a001-02-000000046126174,11696306468,cmp-a001-02-000000008740796
grp-a001-02-000000046126176,11696306467,cmp-a001-02-000000008740796
grp-a001-02-000000046126177,11696306466,cmp-a001-02-000000008740796
grp-a001-02-000000046126252,11696306465,cmp-a001-02-000000008740796
grp-a001-02-000000046126256,11696306464,cmp-a001-02-000000008740796
grp-a001-02-000000046126369,11696306463,cmp-a001-02-000000008740796
grp-a001-02-000000046126373,5949677527,cmp-a001-02-000000008740796
grp-a001-02-000000046161213,11734926173,cmp-a001-02-000000008551921
grp-a001-02-000000046161213,11734926172,cmp-a001-02-000000008551921
grp-a001-02-000000046161213,11734926174,cmp-a001-02-000000008551921
grp-a001-02-000000046161215,11734926177,cmp-a001-02-000000008551921
grp-a001-02-000000046161215,11734926175,cmp-a001-02-000000008551921
grp-a001-02-000000046161215,11734926176,cmp-a001-02-000000008551921
grp-a001-02-000000046222149,10578197070,cmp-a001-02-000000008425541
grp-a001-02-000000046222149,10578185038,cmp-a001-02-000000008425541
grp-a001-02-000000046222157,10578185038,cmp-a001-02-000000008425541
grp-a001-02-000000046222157,10578197070,cmp-a001-02-000000008425541
grp-a001-02-000000046223421,11734976631,cmp-a001-02-000000008757089
grp-a001-02-000000046223421,11734976632,cmp-a001-02-000000008757089
grp-a001-02-000000046223421,6290298710,cmp-a001-02-000000008757089
grp-a001-02-000000046224017,6286582527,cmp-a001-02-000000008757089
grp-a001-02-000000046224017,6286591735,cmp-a001-02-000000008757089
grp-a001-02-000000046224017,11734976630,cmp-a001-02-000000008757089
grp-a001-02-000000046224018,11734976628,cmp-a001-02-000000008757089
grp-a001-02-000000046224018,11734976627,cmp-a001-02-000000008757089
grp-a001-02-000000046224018,9823967466,cmp-a001-02-000000008757089
grp-a001-02-000000046224018,9823936023,cmp-a001-02-000000008757089
grp-a001-02-000000046224018,6286593796,cmp-a001-02-000000008757089
grp-a001-02-000000046224076,11734976624,cmp-a001-02-000000008757089
grp-a001-02-000000046224077,11734976626,cmp-a001-02-000000008757089
grp-a001-02-000000046415318,11174786504,cmp-a001-02-000000008790659
grp-a001-02-000000046415318,11174781362,cmp-a001-02-000000008790659
grp-a001-02-000000046415318,11174776967,cmp-a001-02-000000008790659
grp-a001-02-000000046415318,11174770844,cmp-a001-02-000000008790659
grp-a001-02-000000046415341,11174750730,cmp-a001-02-000000008790659
grp-a001-02-000000046415341,11174744030,cmp-a001-02-000000008790659
grp-a001-02-000000046415341,11174737218,cmp-a001-02-000000008790659
grp-a001-02-000000046415341,11174732146,cmp-a001-02-000000008790659
grp-a001-02-000000046437508,11752403698,cmp-a001-02-000000008452546
grp-a001-02-000000046838302,11734976633,cmp-a001-02-000000008757089
grp-a001-02-000000046838302,11734976634,cmp-a001-02-000000008757089
grp-a001-02-000000046838304,11734976635,cmp-a001-02-000000008757089
grp-a001-02-000000046838305,11734976636,cmp-a001-02-000000008757089
grp-a001-02-000000046838305,11734976637,cmp-a001-02-000000008757089
grp-a001-02-000000047005161,11287690712,cmp-a001-02-000000008902804
grp-a001-02-000000047005364,6418990211,cmp-a001-02-000000008902804
grp-a001-02-000000047076131,11263370160,cmp-a001-02-000000008883273
grp-a001-02-000000047076159,11263343049,cmp-a001-02-000000008883273
grp-a001-02-000000047076722,11263363765,cmp-a001-02-000000008883273
grp-a001-02-000000047076723,11263273873,cmp-a001-02-000000008883273
grp-a001-02-000000047076737,11263310083,cmp-a001-02-000000008883273
grp-a001-02-000000047076738,11263296721,cmp-a001-02-000000008883273
grp-a001-02-000000047076745,11733932001,cmp-a001-02-000000008883255
grp-a001-02-000000047076745,11260069028,cmp-a001-02-000000008883255
grp-a001-02-000000047076797,11260046530,cmp-a001-02-000000008883255
grp-a001-02-000000047076797,11733931999,cmp-a001-02-000000008883255
grp-a001-02-000000047076797,11733932000,cmp-a001-02-000000008883255
grp-a001-02-000000047076945,11260018794,cmp-a001-02-000000008883255
grp-a001-02-000000047076945,11733931997,cmp-a001-02-000000008883255
grp-a001-02-000000047076945,11733931998,cmp-a001-02-000000008883255
grp-a001-02-000000047076946,11733931993,cmp-a001-02-000000008883255
grp-a001-02-000000047076946,11733931996,cmp-a001-02-000000008883255
grp-a001-02-000000047076946,11733931995,cmp-a001-02-000000008883255
grp-a001-02-000000047076946,11733931994,cmp-a001-02-000000008883255
grp-a001-02-000000047076946,11259990426,cmp-a001-02-000000008883255
grp-a001-02-000000047077161,11259972316,cmp-a001-02-000000008883255
grp-a001-02-000000047077161,11733931989,cmp-a001-02-000000008883255
grp-a001-02-000000047077161,11733931991,cmp-a001-02-000000008883255
grp-a001-02-000000047077161,11733931992,cmp-a001-02-000000008883255
grp-a001-02-000000047485224,12448041273,cmp-a001-02-000000008425541
grp-a001-02-000000047485224,11734691063,cmp-a001-02-000000008425541
grp-a001-02-000000047485224,11734691064,cmp-a001-02-000000008425541
grp-a001-02-000000047485224,11378853597,cmp-a001-02-000000008425541
grp-a001-02-000000047485224,11361253594,cmp-a001-02-000000008425541
grp-a001-02-000000047485224,11847904214,cmp-a001-02-000000008425541
grp-a001-02-000000047485224,11361238228,cmp-a001-02-000000008425541
grp-a001-02-000000047485224,11752403678,cmp-a001-02-000000008425541
grp-a001-02-000000047485224,11752403679,cmp-a001-02-000000008425541
grp-a001-02-000000047485224,11839641958,cmp-a001-02-000000008425541
grp-a001-02-000000047485224,11751783429,cmp-a001-02-000000008425541
grp-a001-02-000000047485224,11751783430,cmp-a001-02-000000008425541
grp-a001-02-000000047485224,11751783427,cmp-a001-02-000000008425541
grp-a001-02-000000047485224,11745501260,cmp-a001-02-000000008425541
grp-a001-02-000000047485224,11745501261,cmp-a001-02-000000008425541
grp-a001-02-000000048079128,11745471851,cmp-a001-02-000000008723288
grp-a001-02-000000048079128,11495508351,cmp-a001-02-000000008723288
grp-a001-02-000000049350416,11263296721,cmp-a001-02-000000008883273
grp-a001-02-000000049354013,11696808537,cmp-a001-02-000000008883273
grp-a001-02-000000051215431,11174786504,cmp-a001-02-000000008902804
grp-a001-02-000000051215431,11174781362,cmp-a001-02-000000008902804
grp-a001-02-000000051215431,11174776967,cmp-a001-02-000000008902804
grp-a001-02-000000051215431,11174770844,cmp-a001-02-000000008902804
grp-a001-02-000000051215435,11174750730,cmp-a001-02-000000008902804
grp-a001-02-000000051215435,11174744030,cmp-a001-02-000000008902804
grp-a001-02-000000051215435,11174737218,cmp-a001-02-000000008902804
grp-a001-02-000000051215435,11174732146,cmp-a001-02-000000008902804
grp-a001-02-000000052193550,11550098952,cmp-a001-02-000000009577882
grp-a001-02-000000052193550,11550083337,cmp-a001-02-000000009577882
grp-a001-02-000000052193550,11394916775,cmp-a001-02-000000009577882
grp-a001-02-000000052193556,12048592354,cmp-a001-02-000000009577882
grp-a001-02-000000052193556,12048592353,cmp-a001-02-000000009577882
grp-a001-02-000000052193556,11619531612,cmp-a001-02-000000009577882
grp-a001-02-000000052193613,11733962060,cmp-a001-02-000000009577882
grp-a001-02-000000052193617,12231798460,cmp-a001-02-000000009577882
grp-a001-02-000000052193617,12231798459,cmp-a001-02-000000009577882
grp-a001-02-000000052193617,12231798461,cmp-a001-02-000000009577882
grp-a001-02-000000052193617,11619407644,cmp-a001-02-000000009577882
grp-a001-02-000000052193617,11619407643,cmp-a001-02-000000009577882
grp-a001-02-000000052193617,12231798457,cmp-a001-02-000000009577882
grp-a001-02-000000052193624,11619407641,cmp-a001-02-000000009577882
grp-a001-02-000000052193624,11619407642,cmp-a001-02-000000009577882
grp-a001-02-000000052193624,11619407640,cmp-a001-02-000000009577882
grp-a001-02-000000052193624,11619407639,cmp-a001-02-000000009577882
grp-a001-02-000000052193624,12231798455,cmp-a001-02-000000009577882
grp-a001-02-000000052193624,12231798453,cmp-a001-02-000000009577882
grp-a001-02-000000052193624,12231798456,cmp-a001-02-000000009577882
grp-a001-02-000000052193624,12231798454,cmp-a001-02-000000009577882
grp-a001-02-000000052193631,11619407635,cmp-a001-02-000000009577882
grp-a001-02-000000052193631,11619407632,cmp-a001-02-000000009577882
grp-a001-02-000000052193631,11619407637,cmp-a001-02-000000009577882
grp-a001-02-000000052193631,11619407636,cmp-a001-02-000000009577882
grp-a001-02-000000052193631,12231798451,cmp-a001-02-000000009577882
grp-a001-02-000000052193631,12231798450,cmp-a001-02-000000009577882
grp-a001-02-000000052193631,12231798449,cmp-a001-02-000000009577882
grp-a001-02-000000052193631,12231798452,cmp-a001-02-000000009577882
grp-a001-02-000000052350984,12084320270,cmp-a001-02-000000008336372
grp-a001-02-000000052350984,12084320269,cmp-a001-02-000000008336372
grp-a001-02-000000052350984,12084320268,cmp-a001-02-000000008336372
grp-a001-02-000000052350984,12080043247,cmp-a001-02-000000008336372
grp-a001-02-000000052350984,12080027722,cmp-a001-02-000000008336372
grp-a001-02-000000052350984,12062041149,cmp-a001-02-000000008336372
grp-a001-02-000000052350984,12062015327,cmp-a001-02-000000008336372
grp-a001-02-000000052350984,12062015326,cmp-a001-02-000000008336372
grp-a001-02-000000052350984,12061960691,cmp-a001-02-000000008336372
grp-a001-02-000000052350984,12061960690,cmp-a001-02-000000008336372
grp-a001-02-000000052350984,12058076545,cmp-a001-02-000000008336372
grp-a001-02-000000052350984,12058076544,cmp-a001-02-000000008336372
grp-a001-02-000000052350984,12058076547,cmp-a001-02-000000008336372
grp-a001-02-000000052350984,12058076546,cmp-a001-02-000000008336372
grp-a001-02-000000052350984,12058076543,cmp-a001-02-000000008336372
grp-a001-02-000000052350984,12058076540,cmp-a001-02-000000008336372
grp-a001-02-000000052350984,12058008106,cmp-a001-02-000000008336372
grp-a001-02-000000052350984,12058008105,cmp-a001-02-000000008336372
grp-a001-02-000000052350984,12058008104,cmp-a001-02-000000008336372
grp-a001-02-000000052350984,12058008102,cmp-a001-02-000000008336372
grp-a001-02-000000052350984,12058008101,cmp-a001-02-000000008336372
grp-a001-02-000000052350984,12058008100,cmp-a001-02-000000008336372
grp-a001-02-000000052350984,12057833416,cmp-a001-02-000000008336372
grp-a001-02-000000052350984,12057833415,cmp-a001-02-000000008336372
grp-a001-02-000000052819145,12144319299,cmp-a001-02-000000009577882
grp-a001-02-000000052819145,12144319297,cmp-a001-02-000000009577882
grp-a001-02-000000052819145,12143275358,cmp-a001-02-000000009577882
grp-a001-02-000000052819145,12143275357,cmp-a001-02-000000009577882
grp-a001-02-000000053253939,11942529301,cmp-a001-02-000000009577882
grp-a001-02-000000053481812,11696352858,cmp-a001-02-000000008869872
grp-a001-02-000000053481831,11696352857,cmp-a001-02-000000008869872
grp-a001-02-000000053481892,11696352856,cmp-a001-02-000000008869872
grp-a001-02-000000053481936,11696352855,cmp-a001-02-000000008869872
grp-a001-02-000000053481974,11696352853,cmp-a001-02-000000008869872
grp-a001-02-000000053482043,11696352852,cmp-a001-02-000000008869872
grp-a001-02-000000053482102,11696352851,cmp-a001-02-000000008869872
grp-a001-02-000000053482158,11696352850,cmp-a001-02-000000008869872
grp-a001-02-000000053482203,11696352849,cmp-a001-02-000000008869872
grp-a001-02-000000054204201,12324850101,cmp-a001-02-000000009577882
grp-a001-02-000000054212607,9475735135,cmp-a001-02-000000008336372
grp-a001-02-000000054212607,12231798454,cmp-a001-02-000000008336372
grp-a001-02-000000054212607,12231798450,cmp-a001-02-000000008336372
grp-a001-02-000000054212607,12231798449,cmp-a001-02-000000008336372
grp-a001-02-000000054212607,12231798452,cmp-a001-02-000000008336372
grp-a001-02-000000054212607,12138462019,cmp-a001-02-000000008336372
grp-a001-02-000000054212607,12138462018,cmp-a001-02-000000008336372
grp-a001-02-000000054212607,11752979268,cmp-a001-02-000000008336372
grp-a001-02-000000054212607,11752979269,cmp-a001-02-000000008336372
grp-a001-02-000000054212607,11752979267,cmp-a001-02-000000008336372
grp-a001-02-000000054212607,11752979266,cmp-a001-02-000000008336372
grp-a001-02-000000054212607,11752979270,cmp-a001-02-000000008336372
grp-a001-02-000000054212607,11752403715,cmp-a001-02-000000008336372
grp-a001-02-000000054212607,11752403714,cmp-a001-02-000000008336372
grp-a001-02-000000054212607,11752403697,cmp-a001-02-000000008336372
grp-a001-02-000000054212607,11752403696,cmp-a001-02-000000008336372
grp-a001-02-000000054212607,11751783434,cmp-a001-02-000000008336372
grp-a001-02-000000054212607,11751783423,cmp-a001-02-000000008336372
grp-a001-02-000000054212607,11751783436,cmp-a001-02-000000008336372
grp-a001-02-000000054212607,11745471854,cmp-a001-02-000000008336372
grp-a001-02-000000054212607,11751783435,cmp-a001-02-000000008336372
grp-a001-02-000000054212607,11751783433,cmp-a001-02-000000008336372
grp-a001-02-000000054212607,11751783429,cmp-a001-02-000000008336372
grp-a001-02-000000054212607,11751783426,cmp-a001-02-000000008336372
grp-a001-02-000000054212607,11751783432,cmp-a001-02-000000008336372
grp-a001-02-000000054212607,11751783430,cmp-a001-02-000000008336372
grp-a001-02-000000054212607,11751783425,cmp-a001-02-000000008336372
grp-a001-02-000000054212607,11751783424,cmp-a001-02-000000008336372
grp-a001-02-000000054212607,11751783431,cmp-a001-02-000000008336372
grp-a001-02-000000054212607,11751783427,cmp-a001-02-000000008336372
grp-a001-02-000000054212607,11745559047,cmp-a001-02-000000008336372
grp-a001-02-000000054212607,11745559051,cmp-a001-02-000000008336372
grp-a001-02-000000054212607,11745559050,cmp-a001-02-000000008336372
grp-a001-02-000000054212607,11745559048,cmp-a001-02-000000008336372
grp-a001-02-000000054212607,11745559053,cmp-a001-02-000000008336372
grp-a001-02-000000054212607,11745559046,cmp-a001-02-000000008336372
grp-a001-02-000000054212607,11745559049,cmp-a001-02-000000008336372
grp-a001-02-000000054212607,11745559055,cmp-a001-02-000000008336372
grp-a001-02-000000054212607,11745559045,cmp-a001-02-000000008336372
grp-a001-02-000000054212607,11745501263,cmp-a001-02-000000008336372
grp-a001-02-000000054212607,11745501262,cmp-a001-02-000000008336372
grp-a001-02-000000054212607,11745501260,cmp-a001-02-000000008336372
grp-a001-02-000000054212607,11745501261,cmp-a001-02-000000008336372
grp-a001-02-000000054212607,11745471849,cmp-a001-02-000000008336372
grp-a001-02-000000054212607,11745471853,cmp-a001-02-000000008336372
grp-a001-02-000000054212607,11745471851,cmp-a001-02-000000008336372
grp-a001-02-000000054212607,11745471848,cmp-a001-02-000000008336372
grp-a001-02-000000054212607,11745471852,cmp-a001-02-000000008336372
grp-a001-02-000000054212607,11745471847,cmp-a001-02-000000008336372
grp-a001-02-000000054212607,11734691071,cmp-a001-02-000000008336372
grp-a001-02-000000054212607,11734691077,cmp-a001-02-000000008336372
grp-a001-02-000000054212607,11734691076,cmp-a001-02-000000008336372
grp-a001-02-000000054212607,11734691072,cmp-a001-02-000000008336372
grp-a001-02-000000054212607,11734691073,cmp-a001-02-000000008336372
grp-a001-02-000000054212607,11734691070,cmp-a001-02-000000008336372
grp-a001-02-000000054212607,11734691075,cmp-a001-02-000000008336372
grp-a001-02-000000054212607,11734691074,cmp-a001-02-000000008336372
grp-a001-02-000000054212607,11730763642,cmp-a001-02-000000008336372
grp-a001-02-000000054212607,11730763637,cmp-a001-02-000000008336372
grp-a001-02-000000054212607,11730763631,cmp-a001-02-000000008336372
grp-a001-02-000000054212607,11730763636,cmp-a001-02-000000008336372
grp-a001-02-000000054212607,11730763634,cmp-a001-02-000000008336372
grp-a001-02-000000054212607,11730763643,cmp-a001-02-000000008336372
grp-a001-02-000000054212607,11730763639,cmp-a001-02-000000008336372
grp-a001-02-000000054212607,11730763630,cmp-a001-02-000000008336372
grp-a001-02-000000054212607,11730763641,cmp-a001-02-000000008336372
grp-a001-02-000000054212607,11730763627,cmp-a001-02-000000008336372
grp-a001-02-000000054212607,11730763640,cmp-a001-02-000000008336372
grp-a001-02-000000054212607,11730763638,cmp-a001-02-000000008336372
grp-a001-02-000000054212607,11730763635,cmp-a001-02-000000008336372
grp-a001-02-000000054212607,11730763629,cmp-a001-02-000000008336372
grp-a001-02-000000054212607,11730763628,cmp-a001-02-000000008336372
grp-a001-02-000000054212607,11730763632,cmp-a001-02-000000008336372
grp-a001-02-000000054212607,11730763625,cmp-a001-02-000000008336372
grp-a001-02-000000054212607,7119785158,cmp-a001-02-000000008336372
grp-a001-02-000000054212607,5129534484,cmp-a001-02-000000008336372
grp-a001-02-000000054212607,3207340872,cmp-a001-02-000000008336372
grp-a001-02-000000054212607,12231798460,cmp-a001-02-000000008336372
grp-a001-02-000000054212607,12231798459,cmp-a001-02-000000008336372
grp-a001-02-000000054212607,12231798457,cmp-a001-02-000000008336372
grp-a001-02-000000054212607,12231798455,cmp-a001-02-000000008336372
grp-a001-02-000000054212607,12231798453,cmp-a001-02-000000008336372
grp-a001-02-000000054212607,12231798451,cmp-a001-02-000000008336372
grp-a001-02-000000054212607,12231798461,cmp-a001-02-000000008336372
grp-a001-02-000000054212607,12231798456,cmp-a001-02-000000008336372
grp-a001-02-000000054212607,12324850101,cmp-a001-02-000000008336372
grp-a001-02-000000054212607,12382896211,cmp-a001-02-000000008336372
grp-a001-02-000000054212607,12382873952,cmp-a001-02-000000008336372
grp-a001-02-000000054212607,12382870612,cmp-a001-02-000000008336372
grp-a001-02-000000054212607,12382860657,cmp-a001-02-000000008336372
grp-a001-02-000000054212607,12382833885,cmp-a001-02-000000008336372
grp-a001-02-000000054212607,12380231114,cmp-a001-02-000000008336372
grp-a001-02-000000054212607,12380231112,cmp-a001-02-000000008336372
grp-a001-02-000000054212607,12380231113,cmp-a001-02-000000008336372
grp-a001-02-000000054212607,12380231111,cmp-a001-02-000000008336372
grp-a001-02-000000054212607,12380193457,cmp-a001-02-000000008336372
grp-a001-02-000000054212607,12380184326,cmp-a001-02-000000008336372
grp-a001-02-000000054212607,12380182105,cmp-a001-02-000000008336372
grp-a001-02-000000054212607,12380166555,cmp-a001-02-000000008336372
grp-a001-02-000000054212607,12354986054,cmp-a001-02-000000008336372
grp-a001-02-000000054212607,12382904362,cmp-a001-02-000000008336372
grp-a001-02-000000054212607,12382902030,cmp-a001-02-000000008336372
grp-a001-02-000000054212607,12382899742,cmp-a001-02-000000008336372
grp-a001-02-000000054282282,9475735135,cmp-a001-02-000000009577882
grp-a001-02-000000054530371,11361238228,cmp-a001-02-000000008425541
grp-a001-02-000000054536931,10567300876,cmp-a001-02-000000008425541
grp-a001-02-000000054536931,5786510729,cmp-a001-02-000000008425541
grp-a001-02-000000054537415,9834372042,cmp-a001-02-000000008425541
grp-a001-02-000000054537415,11751783426,cmp-a001-02-000000008425541
grp-a001-02-000000054537415,11751783425,cmp-a001-02-000000008425541
grp-a001-02-000000054537415,11751783424,cmp-a001-02-000000008425541
grp-a001-02-000000054537415,9795675856,cmp-a001-02-000000008425541
grp-a001-02-000000054537415,9795609550,cmp-a001-02-000000008425541
grp-a001-02-000000054537415,9795653260,cmp-a001-02-000000008425541
grp-a001-02-000000054537415,380396890,cmp-a001-02-000000008425541
grp-a001-02-000000054537415,11672432788,cmp-a001-02-000000008425541
grp-a001-02-000000054537415,11672432786,cmp-a001-02-000000008425541
grp-a001-02-000000054537415,11672432787,cmp-a001-02-000000008425541
grp-a001-02-000000054537415,11752979268,cmp-a001-02-000000008425541
grp-a001-02-000000054537415,11752979269,cmp-a001-02-000000008425541
grp-a001-02-000000054537415,11752979270,cmp-a001-02-000000008425541
grp-a001-02-000000054537529,380397804,cmp-a001-02-000000008425541
grp-a001-02-000000054537533,11752403712,cmp-a001-02-000000008425541
grp-a001-02-000000054537767,12849503509,cmp-a001-02-000000008425541
grp-a001-02-000000054537767,7053845786,cmp-a001-02-000000008425541
grp-a001-02-000000054538147,6204580688,cmp-a001-02-000000008425541
grp-a001-02-000000054607977,12380231114,cmp-a001-02-000000009577882
grp-a001-02-000000054607977,12380231112,cmp-a001-02-000000009577882
grp-a001-02-000000054607977,12380231113,cmp-a001-02-000000009577882
grp-a001-02-000000054607977,12380231111,cmp-a001-02-000000009577882
grp-a001-02-000000054608016,12380193457,cmp-a001-02-000000009577882
grp-a001-02-000000054608016,12380184326,cmp-a001-02-000000009577882
grp-a001-02-000000054608016,12380182105,cmp-a001-02-000000009577882
grp-a001-02-000000054608016,12380166555,cmp-a001-02-000000009577882
grp-a001-02-000000055045417,11839641958,cmp-a001-02-000000008425541
grp-a001-02-000000055074537,12448155360,cmp-a001-02-000000008757089
grp-a001-02-000000055074537,12448155363,cmp-a001-02-000000008757089
grp-a001-02-000000055074671,12448204754,cmp-a001-02-000000008551921
grp-a001-02-000000055074671,12448204756,cmp-a001-02-000000008551921
grp-a001-02-000000055087285,12449534740,cmp-a001-02-000000008883255
grp-a001-02-000000055087285,12449534742,cmp-a001-02-000000008883255
grp-a001-02-000000055116659,12382899742,cmp-a001-02-000000008339814
grp-a001-02-000000055116659,12382896211,cmp-a001-02-000000008339814
grp-a001-02-000000055116659,12382873952,cmp-a001-02-000000008339814
grp-a001-02-000000055116659,12382870612,cmp-a001-02-000000008339814
grp-a001-02-000000055116659,12382860657,cmp-a001-02-000000008339814
grp-a001-02-000000055116659,12382833885,cmp-a001-02-000000008339814
grp-a001-02-000000055116659,12380231114,cmp-a001-02-000000008339814
grp-a001-02-000000055116659,12451063269,cmp-a001-02-000000008339814
grp-a001-02-000000055116659,12451063270,cmp-a001-02-000000008339814
grp-a001-02-000000055116659,12451063267,cmp-a001-02-000000008339814
grp-a001-02-000000055116659,12451063268,cmp-a001-02-000000008339814
grp-a001-02-000000055116659,12449593659,cmp-a001-02-000000008339814
grp-a001-02-000000055116659,12449593657,cmp-a001-02-000000008339814
grp-a001-02-000000055116659,12449593658,cmp-a001-02-000000008339814
grp-a001-02-000000055116659,12449593655,cmp-a001-02-000000008339814
grp-a001-02-000000055116659,12449534740,cmp-a001-02-000000008339814
grp-a001-02-000000055116659,12449534742,cmp-a001-02-000000008339814
grp-a001-02-000000055116659,12448204754,cmp-a001-02-000000008339814
grp-a001-02-000000055116659,12448204756,cmp-a001-02-000000008339814
grp-a001-02-000000055116659,12448155363,cmp-a001-02-000000008339814
grp-a001-02-000000055116659,12448155360,cmp-a001-02-000000008339814
grp-a001-02-000000055116659,12448041273,cmp-a001-02-000000008339814
grp-a001-02-000000055116659,12428101018,cmp-a001-02-000000008339814
grp-a001-02-000000055116659,12382902030,cmp-a001-02-000000008339814
grp-a001-02-000000055116659,11752979270,cmp-a001-02-000000008339814
grp-a001-02-000000055116659,11752403702,cmp-a001-02-000000008339814
grp-a001-02-000000055116659,11752403716,cmp-a001-02-000000008339814
grp-a001-02-000000055116659,11752403713,cmp-a001-02-000000008339814
grp-a001-02-000000055116659,11752403712,cmp-a001-02-000000008339814
grp-a001-02-000000055116659,11752403708,cmp-a001-02-000000008339814
grp-a001-02-000000055116659,11752403703,cmp-a001-02-000000008339814
grp-a001-02-000000055116659,11752403699,cmp-a001-02-000000008339814
grp-a001-02-000000055116659,11752403715,cmp-a001-02-000000008339814
grp-a001-02-000000055116659,11752403711,cmp-a001-02-000000008339814
grp-a001-02-000000055116659,11752403706,cmp-a001-02-000000008339814
grp-a001-02-000000055116659,11752403705,cmp-a001-02-000000008339814
grp-a001-02-000000055116659,11752403695,cmp-a001-02-000000008339814
grp-a001-02-000000055116659,11752403694,cmp-a001-02-000000008339814
grp-a001-02-000000055116659,11752403685,cmp-a001-02-000000008339814
grp-a001-02-000000055116659,11752403714,cmp-a001-02-000000008339814
grp-a001-02-000000055116659,11752403709,cmp-a001-02-000000008339814
grp-a001-02-000000055116659,12380231112,cmp-a001-02-000000008339814
grp-a001-02-000000055116659,12380231113,cmp-a001-02-000000008339814
grp-a001-02-000000055116659,12380231111,cmp-a001-02-000000008339814
grp-a001-02-000000055116659,12380193457,cmp-a001-02-000000008339814
grp-a001-02-000000055116659,12380184326,cmp-a001-02-000000008339814
grp-a001-02-000000055116659,12380182105,cmp-a001-02-000000008339814
grp-a001-02-000000055116659,12380166555,cmp-a001-02-000000008339814
grp-a001-02-000000055116659,12354986054,cmp-a001-02-000000008339814
grp-a001-02-000000055116659,12324850101,cmp-a001-02-000000008339814
grp-a001-02-000000055116659,12231798460,cmp-a001-02-000000008339814
grp-a001-02-000000055116659,12231798459,cmp-a001-02-000000008339814
grp-a001-02-000000055116659,12231798457,cmp-a001-02-000000008339814
grp-a001-02-000000055116659,12231798455,cmp-a001-02-000000008339814
grp-a001-02-000000055116659,12231798453,cmp-a001-02-000000008339814
grp-a001-02-000000055116659,12231798451,cmp-a001-02-000000008339814
grp-a001-02-000000055116659,12231798461,cmp-a001-02-000000008339814
grp-a001-02-000000055116659,12231798456,cmp-a001-02-000000008339814
grp-a001-02-000000055116659,12231798454,cmp-a001-02-000000008339814
grp-a001-02-000000055116659,12231798450,cmp-a001-02-000000008339814
grp-a001-02-000000055116659,12231798449,cmp-a001-02-000000008339814
grp-a001-02-000000055116659,12231798452,cmp-a001-02-000000008339814
grp-a001-02-000000055116659,12153808127,cmp-a001-02-000000008339814
grp-a001-02-000000055116659,12144319299,cmp-a001-02-000000008339814
grp-a001-02-000000055116659,12144319297,cmp-a001-02-000000008339814
grp-a001-02-000000055116659,12143275357,cmp-a001-02-000000008339814
grp-a001-02-000000055116659,12138462019,cmp-a001-02-000000008339814
grp-a001-02-000000055116659,12138462018,cmp-a001-02-000000008339814
grp-a001-02-000000055116659,12084320270,cmp-a001-02-000000008339814
grp-a001-02-000000055116659,12084320268,cmp-a001-02-000000008339814
grp-a001-02-000000055116659,12062041149,cmp-a001-02-000000008339814
grp-a001-02-000000055116659,12062015327,cmp-a001-02-000000008339814
grp-a001-02-000000055116659,12062015326,cmp-a001-02-000000008339814
grp-a001-02-000000055116659,12061960691,cmp-a001-02-000000008339814
grp-a001-02-000000055116659,12061960690,cmp-a001-02-000000008339814
grp-a001-02-000000055116659,12058076545,cmp-a001-02-000000008339814
grp-a001-02-000000055116659,12058076544,cmp-a001-02-000000008339814
grp-a001-02-000000055116659,12058076547,cmp-a001-02-000000008339814
grp-a001-02-000000055116659,12058076546,cmp-a001-02-000000008339814
grp-a001-02-000000055116659,12058076543,cmp-a001-02-000000008339814
grp-a001-02-000000055116659,12058076540,cmp-a001-02-000000008339814
grp-a001-02-000000055116659,12058008106,cmp-a001-02-000000008339814
grp-a001-02-000000055116659,12058008105,cmp-a001-02-000000008339814
grp-a001-02-000000055116659,12058008104,cmp-a001-02-000000008339814
grp-a001-02-000000055116659,12058008102,cmp-a001-02-000000008339814
grp-a001-02-000000055116659,12058008101,cmp-a001-02-000000008339814
grp-a001-02-000000055116659,12058008100,cmp-a001-02-000000008339814
grp-a001-02-000000055116659,12057833416,cmp-a001-02-000000008339814
grp-a001-02-000000055116659,12057833415,cmp-a001-02-000000008339814
grp-a001-02-000000055116659,12048592354,cmp-a001-02-000000008339814
grp-a001-02-000000055116659,11942529305,cmp-a001-02-000000008339814
grp-a001-02-000000055116659,11942529302,cmp-a001-02-000000008339814
grp-a001-02-000000055116659,11942529301,cmp-a001-02-000000008339814
grp-a001-02-000000055116659,11942529304,cmp-a001-02-000000008339814
grp-a001-02-000000055116659,11847904214,cmp-a001-02-000000008339814
grp-a001-02-000000055116659,11839641958,cmp-a001-02-000000008339814
grp-a001-02-000000055116659,11752979268,cmp-a001-02-000000008339814
grp-a001-02-000000055116659,11752979269,cmp-a001-02-000000008339814
grp-a001-02-000000055116659,11752979267,cmp-a001-02-000000008339814
grp-a001-02-000000055116659,11752979266,cmp-a001-02-000000008339814
grp-a001-02-000000055116668,11745424657,cmp-a001-02-000000008339814
grp-a001-02-000000055116668,11745424651,cmp-a001-02-000000008339814
grp-a001-02-000000055116668,11745424647,cmp-a001-02-000000008339814
grp-a001-02-000000055116668,11745424665,cmp-a001-02-000000008339814
grp-a001-02-000000055116668,11745424662,cmp-a001-02-000000008339814
grp-a001-02-000000055116668,11745424654,cmp-a001-02-000000008339814
grp-a001-02-000000055116668,11745424652,cmp-a001-02-000000008339814
grp-a001-02-000000055116668,11745424664,cmp-a001-02-000000008339814
grp-a001-02-000000055116668,11745424659,cmp-a001-02-000000008339814
grp-a001-02-000000055116668,11745424656,cmp-a001-02-000000008339814
grp-a001-02-000000055116668,11745424649,cmp-a001-02-000000008339814
grp-a001-02-000000055116668,11745424646,cmp-a001-02-000000008339814
grp-a001-02-000000055116668,11745424658,cmp-a001-02-000000008339814
grp-a001-02-000000055116668,11745424655,cmp-a001-02-000000008339814
grp-a001-02-000000055116668,11745424653,cmp-a001-02-000000008339814
grp-a001-02-000000055116668,11745424645,cmp-a001-02-000000008339814
grp-a001-02-000000055116668,11745424644,cmp-a001-02-000000008339814
grp-a001-02-000000055116668,11734976624,cmp-a001-02-000000008339814
grp-a001-02-000000055116668,11734976631,cmp-a001-02-000000008339814
grp-a001-02-000000055116668,11734976632,cmp-a001-02-000000008339814
grp-a001-02-000000055116668,11734976628,cmp-a001-02-000000008339814
grp-a001-02-000000055116668,11734976637,cmp-a001-02-000000008339814
grp-a001-02-000000055116668,11734976634,cmp-a001-02-000000008339814
grp-a001-02-000000055116668,11734976633,cmp-a001-02-000000008339814
grp-a001-02-000000055116668,11734976630,cmp-a001-02-000000008339814
grp-a001-02-000000055116668,11734976636,cmp-a001-02-000000008339814
grp-a001-02-000000055116668,11734976635,cmp-a001-02-000000008339814
grp-a001-02-000000055116668,11734976627,cmp-a001-02-000000008339814
grp-a001-02-000000055116668,11734976626,cmp-a001-02-000000008339814
grp-a001-02-000000055116668,11734926177,cmp-a001-02-000000008339814
grp-a001-02-000000055116668,11734926170,cmp-a001-02-000000008339814
grp-a001-02-000000055116668,11734926175,cmp-a001-02-000000008339814
grp-a001-02-000000055116668,11734926178,cmp-a001-02-000000008339814
grp-a001-02-000000055116668,11734926173,cmp-a001-02-000000008339814
grp-a001-02-000000055116668,11734926172,cmp-a001-02-000000008339814
grp-a001-02-000000055116668,11734926171,cmp-a001-02-000000008339814
grp-a001-02-000000055116668,11734926181,cmp-a001-02-000000008339814
grp-a001-02-000000055116668,11734926180,cmp-a001-02-000000008339814
grp-a001-02-000000055116668,11734926176,cmp-a001-02-000000008339814
grp-a001-02-000000055116668,11752403683,cmp-a001-02-000000008339814
grp-a001-02-000000055116668,11752403696,cmp-a001-02-000000008339814
grp-a001-02-000000055116668,11752403692,cmp-a001-02-000000008339814
grp-a001-02-000000055116668,11752403691,cmp-a001-02-000000008339814
grp-a001-02-000000055116668,11752403690,cmp-a001-02-000000008339814
grp-a001-02-000000055116668,11752403682,cmp-a001-02-000000008339814
grp-a001-02-000000055116668,11752403688,cmp-a001-02-000000008339814
grp-a001-02-000000055116668,11752403684,cmp-a001-02-000000008339814
grp-a001-02-000000055116668,11752403681,cmp-a001-02-000000008339814
grp-a001-02-000000055116668,11752403680,cmp-a001-02-000000008339814
grp-a001-02-000000055116668,11752403679,cmp-a001-02-000000008339814
grp-a001-02-000000055116668,11752403678,cmp-a001-02-000000008339814
grp-a001-02-000000055116668,11751783434,cmp-a001-02-000000008339814
grp-a001-02-000000055116668,11751783423,cmp-a001-02-000000008339814
grp-a001-02-000000055116668,11751783436,cmp-a001-02-000000008339814
grp-a001-02-000000055116668,11751783435,cmp-a001-02-000000008339814
grp-a001-02-000000055116668,11751783433,cmp-a001-02-000000008339814
grp-a001-02-000000055116668,11751783429,cmp-a001-02-000000008339814
grp-a001-02-000000055116668,11751783426,cmp-a001-02-000000008339814
grp-a001-02-000000055116668,11751783432,cmp-a001-02-000000008339814
grp-a001-02-000000055116668,11751783430,cmp-a001-02-000000008339814
grp-a001-02-000000055116668,11751783425,cmp-a001-02-000000008339814
grp-a001-02-000000055116668,11751783424,cmp-a001-02-000000008339814
grp-a001-02-000000055116668,11751783431,cmp-a001-02-000000008339814
grp-a001-02-000000055116668,11751783427,cmp-a001-02-000000008339814
grp-a001-02-000000055116668,11745559047,cmp-a001-02-000000008339814
grp-a001-02-000000055116668,11745559051,cmp-a001-02-000000008339814
grp-a001-02-000000055116668,11745559050,cmp-a001-02-000000008339814
grp-a001-02-000000055116668,11745559048,cmp-a001-02-000000008339814
grp-a001-02-000000055116668,11745559053,cmp-a001-02-000000008339814
grp-a001-02-000000055116668,11745559046,cmp-a001-02-000000008339814
grp-a001-02-000000055116668,11745559049,cmp-a001-02-000000008339814
grp-a001-02-000000055116668,11745559055,cmp-a001-02-000000008339814
grp-a001-02-000000055116668,11745559045,cmp-a001-02-000000008339814
grp-a001-02-000000055116668,11745501263,cmp-a001-02-000000008339814
grp-a001-02-000000055116668,11745501262,cmp-a001-02-000000008339814
grp-a001-02-000000055116668,11745501260,cmp-a001-02-000000008339814
grp-a001-02-000000055116668,11745501261,cmp-a001-02-000000008339814
grp-a001-02-000000055116668,11745471849,cmp-a001-02-000000008339814
grp-a001-02-000000055116668,11745471853,cmp-a001-02-000000008339814
grp-a001-02-000000055116668,11745471851,cmp-a001-02-000000008339814
grp-a001-02-000000055116668,11745471848,cmp-a001-02-000000008339814
grp-a001-02-000000055116668,11745471854,cmp-a001-02-000000008339814
grp-a001-02-000000055116668,11745471852,cmp-a001-02-000000008339814
grp-a001-02-000000055116668,11745471847,cmp-a001-02-000000008339814
grp-a001-02-000000055116668,11745424667,cmp-a001-02-000000008339814
grp-a001-02-000000055116668,11745424663,cmp-a001-02-000000008339814
grp-a001-02-000000055116668,11745424648,cmp-a001-02-000000008339814
grp-a001-02-000000055116668,11745424661,cmp-a001-02-000000008339814
grp-a001-02-000000055116668,11745424660,cmp-a001-02-000000008339814
grp-a001-02-000000055116668,11745424650,cmp-a001-02-000000008339814
grp-a001-02-000000055116668,11745424666,cmp-a001-02-000000008339814
grp-a001-02-000000055116668,11752403707,cmp-a001-02-000000008339814
grp-a001-02-000000055116668,11752403704,cmp-a001-02-000000008339814
grp-a001-02-000000055116668,11752403701,cmp-a001-02-000000008339814
grp-a001-02-000000055116668,11752403700,cmp-a001-02-000000008339814
grp-a001-02-000000055116668,11752403698,cmp-a001-02-000000008339814
grp-a001-02-000000055116668,11752403697,cmp-a001-02-000000008339814
grp-a001-02-000000055116668,11752403693,cmp-a001-02-000000008339814
grp-a001-02-000000055116668,11752403689,cmp-a001-02-000000008339814
grp-a001-02-000000055116668,11752403686,cmp-a001-02-000000008339814
grp-a001-02-000000055116672,11619806382,cmp-a001-02-000000008339814
grp-a001-02-000000055116672,11619806381,cmp-a001-02-000000008339814
grp-a001-02-000000055116672,11619806377,cmp-a001-02-000000008339814
grp-a001-02-000000055116672,11619806389,cmp-a001-02-000000008339814
grp-a001-02-000000055116672,11734926169,cmp-a001-02-000000008339814
grp-a001-02-000000055116672,11734926167,cmp-a001-02-000000008339814
grp-a001-02-000000055116672,11734926174,cmp-a001-02-000000008339814
grp-a001-02-000000055116672,11734926168,cmp-a001-02-000000008339814
grp-a001-02-000000055116672,11734691071,cmp-a001-02-000000008339814
grp-a001-02-000000055116672,11734691077,cmp-a001-02-000000008339814
grp-a001-02-000000055116672,11734691076,cmp-a001-02-000000008339814
grp-a001-02-000000055116672,11734691072,cmp-a001-02-000000008339814
grp-a001-02-000000055116672,11734691068,cmp-a001-02-000000008339814
grp-a001-02-000000055116672,11734691066,cmp-a001-02-000000008339814
grp-a001-02-000000055116672,11734691064,cmp-a001-02-000000008339814
grp-a001-02-000000055116672,11734691073,cmp-a001-02-000000008339814
grp-a001-02-000000055116672,11734691070,cmp-a001-02-000000008339814
grp-a001-02-000000055116672,11734691078,cmp-a001-02-000000008339814
grp-a001-02-000000055116672,11734691079,cmp-a001-02-000000008339814
grp-a001-02-000000055116672,11734691075,cmp-a001-02-000000008339814
grp-a001-02-000000055116672,11734691074,cmp-a001-02-000000008339814
grp-a001-02-000000055116672,11734691063,cmp-a001-02-000000008339814
grp-a001-02-000000055116672,11734691067,cmp-a001-02-000000008339814
grp-a001-02-000000055116672,11734691065,cmp-a001-02-000000008339814
grp-a001-02-000000055116672,11733962060,cmp-a001-02-000000008339814
grp-a001-02-000000055116672,11733932000,cmp-a001-02-000000008339814
grp-a001-02-000000055116672,11733931999,cmp-a001-02-000000008339814
grp-a001-02-000000055116672,11733931993,cmp-a001-02-000000008339814
grp-a001-02-000000055116672,11733932001,cmp-a001-02-000000008339814
grp-a001-02-000000055116672,11733931998,cmp-a001-02-000000008339814
grp-a001-02-000000055116672,11733931997,cmp-a001-02-000000008339814
grp-a001-02-000000055116672,11733931996,cmp-a001-02-000000008339814
grp-a001-02-000000055116672,11733931995,cmp-a001-02-000000008339814
grp-a001-02-000000055116672,11733931992,cmp-a001-02-000000008339814
grp-a001-02-000000055116672,11733931994,cmp-a001-02-000000008339814
grp-a001-02-000000055116672,11733931989,cmp-a001-02-000000008339814
grp-a001-02-000000055116672,11733931991,cmp-a001-02-000000008339814
grp-a001-02-000000055116672,11730763642,cmp-a001-02-000000008339814
grp-a001-02-000000055116672,11730763637,cmp-a001-02-000000008339814
grp-a001-02-000000055116672,11730763631,cmp-a001-02-000000008339814
grp-a001-02-000000055116672,11730763636,cmp-a001-02-000000008339814
grp-a001-02-000000055116672,11730763634,cmp-a001-02-000000008339814
grp-a001-02-000000055116672,11730763643,cmp-a001-02-000000008339814
grp-a001-02-000000055116672,11730763639,cmp-a001-02-000000008339814
grp-a001-02-000000055116672,11730763630,cmp-a001-02-000000008339814
grp-a001-02-000000055116672,11730763641,cmp-a001-02-000000008339814
grp-a001-02-000000055116672,11730763627,cmp-a001-02-000000008339814
grp-a001-02-000000055116672,11730763640,cmp-a001-02-000000008339814
grp-a001-02-000000055116672,11730763638,cmp-a001-02-000000008339814
grp-a001-02-000000055116672,11730763635,cmp-a001-02-000000008339814
grp-a001-02-000000055116672,11730763629,cmp-a001-02-000000008339814
grp-a001-02-000000055116672,11730763628,cmp-a001-02-000000008339814
grp-a001-02-000000055116672,11730763632,cmp-a001-02-000000008339814
grp-a001-02-000000055116672,11730763625,cmp-a001-02-000000008339814
grp-a001-02-000000055116672,11696808538,cmp-a001-02-000000008339814
grp-a001-02-000000055116672,11696808537,cmp-a001-02-000000008339814
grp-a001-02-000000055116672,11696808536,cmp-a001-02-000000008339814
grp-a001-02-000000055116672,11696352853,cmp-a001-02-000000008339814
grp-a001-02-000000055116672,11696352852,cmp-a001-02-000000008339814
grp-a001-02-000000055116672,11696352851,cmp-a001-02-000000008339814
grp-a001-02-000000055116672,11696352850,cmp-a001-02-000000008339814
grp-a001-02-000000055116672,11696352849,cmp-a001-02-000000008339814
grp-a001-02-000000055116672,11696352858,cmp-a001-02-000000008339814
grp-a001-02-000000055116672,11696352855,cmp-a001-02-000000008339814
grp-a001-02-000000055116672,11696352857,cmp-a001-02-000000008339814
grp-a001-02-000000055116672,11696352856,cmp-a001-02-000000008339814
grp-a001-02-000000055116672,11696306470,cmp-a001-02-000000008339814
grp-a001-02-000000055116672,11696306464,cmp-a001-02-000000008339814
grp-a001-02-000000055116672,11696306463,cmp-a001-02-000000008339814
grp-a001-02-000000055116672,11696306467,cmp-a001-02-000000008339814
grp-a001-02-000000055116672,11696306466,cmp-a001-02-000000008339814
grp-a001-02-000000055116672,11696306471,cmp-a001-02-000000008339814
grp-a001-02-000000055116672,11696306469,cmp-a001-02-000000008339814
grp-a001-02-000000055116672,11696306468,cmp-a001-02-000000008339814
grp-a001-02-000000055116672,11696306465,cmp-a001-02-000000008339814
grp-a001-02-000000055116672,11672432784,cmp-a001-02-000000008339814
grp-a001-02-000000055116672,11672432788,cmp-a001-02-000000008339814
grp-a001-02-000000055116672,11672432786,cmp-a001-02-000000008339814
grp-a001-02-000000055116672,11672432787,cmp-a001-02-000000008339814
grp-a001-02-000000055116672,11672253563,cmp-a001-02-000000008339814
grp-a001-02-000000055116672,11672253559,cmp-a001-02-000000008339814
grp-a001-02-000000055116672,11672253562,cmp-a001-02-000000008339814
grp-a001-02-000000055116672,11672253558,cmp-a001-02-000000008339814
grp-a001-02-000000055116672,11672253555,cmp-a001-02-000000008339814
grp-a001-02-000000055116672,11672253554,cmp-a001-02-000000008339814
grp-a001-02-000000055116672,11672253553,cmp-a001-02-000000008339814
grp-a001-02-000000055116672,11672253552,cmp-a001-02-000000008339814
grp-a001-02-000000055116672,11672253549,cmp-a001-02-000000008339814
grp-a001-02-000000055116672,11672253546,cmp-a001-02-000000008339814
grp-a001-02-000000055116672,11672253565,cmp-a001-02-000000008339814
grp-a001-02-000000055116672,11672253564,cmp-a001-02-000000008339814
grp-a001-02-000000055116672,11672253550,cmp-a001-02-000000008339814
grp-a001-02-000000055116672,11672253556,cmp-a001-02-000000008339814
grp-a001-02-000000055116672,11672253548,cmp-a001-02-000000008339814
grp-a001-02-000000055116672,11619806392,cmp-a001-02-000000008339814
grp-a001-02-000000055116672,11619806391,cmp-a001-02-000000008339814
grp-a001-02-000000055116672,11619806384,cmp-a001-02-000000008339814
grp-a001-02-000000055116672,11619806390,cmp-a001-02-000000008339814
grp-a001-02-000000055116672,11619806380,cmp-a001-02-000000008339814
grp-a001-02-000000055116672,11619806383,cmp-a001-02-000000008339814
grp-a001-02-000000055116677,11314698611,cmp-a001-02-000000008339814
grp-a001-02-000000055116677,11314685775,cmp-a001-02-000000008339814
grp-a001-02-000000055116677,11311607581,cmp-a001-02-000000008339814
grp-a001-02-000000055116677,11287690712,cmp-a001-02-000000008339814
grp-a001-02-000000055116677,11263370160,cmp-a001-02-000000008339814
grp-a001-02-000000055116677,11263363765,cmp-a001-02-000000008339814
grp-a001-02-000000055116677,11263343049,cmp-a001-02-000000008339814
grp-a001-02-000000055116677,11263310083,cmp-a001-02-000000008339814
grp-a001-02-000000055116677,11263296721,cmp-a001-02-000000008339814
grp-a001-02-000000055116677,11263273873,cmp-a001-02-000000008339814
grp-a001-02-000000055116677,11260069028,cmp-a001-02-000000008339814
grp-a001-02-000000055116677,11260046530,cmp-a001-02-000000008339814
grp-a001-02-000000055116677,11260018794,cmp-a001-02-000000008339814
grp-a001-02-000000055116677,11259990426,cmp-a001-02-000000008339814
grp-a001-02-000000055116677,11259972316,cmp-a001-02-000000008339814
grp-a001-02-000000055116677,11619806388,cmp-a001-02-000000008339814
grp-a001-02-000000055116677,11619531612,cmp-a001-02-000000008339814
grp-a001-02-000000055116677,11619407650,cmp-a001-02-000000008339814
grp-a001-02-000000055116677,11619407649,cmp-a001-02-000000008339814
grp-a001-02-000000055116677,11619407646,cmp-a001-02-000000008339814
grp-a001-02-000000055116677,11619407644,cmp-a001-02-000000008339814
grp-a001-02-000000055116677,11619407641,cmp-a001-02-000000008339814
grp-a001-02-000000055116677,11619407640,cmp-a001-02-000000008339814
grp-a001-02-000000055116677,11619407645,cmp-a001-02-000000008339814
grp-a001-02-000000055116677,11619407635,cmp-a001-02-000000008339814
grp-a001-02-000000055116677,11619407632,cmp-a001-02-000000008339814
grp-a001-02-000000055116677,11619407643,cmp-a001-02-000000008339814
grp-a001-02-000000055116677,11619407639,cmp-a001-02-000000008339814
grp-a001-02-000000055116677,11619407648,cmp-a001-02-000000008339814
grp-a001-02-000000055116677,11619407642,cmp-a001-02-000000008339814
grp-a001-02-000000055116677,11619407637,cmp-a001-02-000000008339814
grp-a001-02-000000055116677,11619407636,cmp-a001-02-000000008339814
grp-a001-02-000000055116677,11550098952,cmp-a001-02-000000008339814
grp-a001-02-000000055116677,11550083337,cmp-a001-02-000000008339814
grp-a001-02-000000055116677,11495524084,cmp-a001-02-000000008339814
grp-a001-02-000000055116677,11495508351,cmp-a001-02-000000008339814
grp-a001-02-000000055116677,11495494402,cmp-a001-02-000000008339814
grp-a001-02-000000055116677,11394916775,cmp-a001-02-000000008339814
grp-a001-02-000000055116677,11382748410,cmp-a001-02-000000008339814
grp-a001-02-000000055116677,11382744091,cmp-a001-02-000000008339814
grp-a001-02-000000055116677,11382700546,cmp-a001-02-000000008339814
grp-a001-02-000000055116677,11379135187,cmp-a001-02-000000008339814
grp-a001-02-000000055116677,11378881090,cmp-a001-02-000000008339814
grp-a001-02-000000055116677,11378853597,cmp-a001-02-000000008339814
grp-a001-02-000000055116677,11361293351,cmp-a001-02-000000008339814
grp-a001-02-000000055116677,11361253594,cmp-a001-02-000000008339814
grp-a001-02-000000055116677,11361238228,cmp-a001-02-000000008339814
grp-a001-02-000000055116677,11329694686,cmp-a001-02-000000008339814
grp-a001-02-000000055116677,11329452203,cmp-a001-02-000000008339814
grp-a001-02-000000055116677,11328652229,cmp-a001-02-000000008339814
grp-a001-02-000000055116677,11328634429,cmp-a001-02-000000008339814
grp-a001-02-000000055116677,11325839581,cmp-a001-02-000000008339814
grp-a001-02-000000055116677,11175030293,cmp-a001-02-000000008339814
grp-a001-02-000000055116677,11174904521,cmp-a001-02-000000008339814
grp-a001-02-000000055116677,11174786504,cmp-a001-02-000000008339814
grp-a001-02-000000055116677,11174781362,cmp-a001-02-000000008339814
grp-a001-02-000000055116677,11174776967,cmp-a001-02-000000008339814
grp-a001-02-000000055116677,11174770844,cmp-a001-02-000000008339814
grp-a001-02-000000055116677,11174750730,cmp-a001-02-000000008339814
grp-a001-02-000000055116677,11174744030,cmp-a001-02-000000008339814
grp-a001-02-000000055116677,11174737218,cmp-a001-02-000000008339814
grp-a001-02-000000055116677,11174732146,cmp-a001-02-000000008339814
grp-a001-02-000000055116677,11149384244,cmp-a001-02-000000008339814
grp-a001-02-000000055116677,11101844624,cmp-a001-02-000000008339814
grp-a001-02-000000055116677,11100875595,cmp-a001-02-000000008339814
grp-a001-02-000000055116677,11100707703,cmp-a001-02-000000008339814
grp-a001-02-000000055116677,11096867288,cmp-a001-02-000000008339814
grp-a001-02-000000055116677,11091807223,cmp-a001-02-000000008339814
grp-a001-02-000000055116677,11091797602,cmp-a001-02-000000008339814
grp-a001-02-000000055116677,11090418255,cmp-a001-02-000000008339814
grp-a001-02-000000055116677,11090423153,cmp-a001-02-000000008339814
grp-a001-02-000000055116677,11090360449,cmp-a001-02-000000008339814
grp-a001-02-000000055116677,11090349740,cmp-a001-02-000000008339814
grp-a001-02-000000055116677,11071167290,cmp-a001-02-000000008339814
grp-a001-02-000000055116677,11066240019,cmp-a001-02-000000008339814
grp-a001-02-000000055116677,11066208029,cmp-a001-02-000000008339814
grp-a001-02-000000055116677,11066065879,cmp-a001-02-000000008339814
grp-a001-02-000000055116677,11047702639,cmp-a001-02-000000008339814
grp-a001-02-000000055116677,11047667552,cmp-a001-02-000000008339814
grp-a001-02-000000055116677,9475735135,cmp-a001-02-000000008339814
grp-a001-02-000000055116677,11016053609,cmp-a001-02-000000008339814
grp-a001-02-000000055116677,10973246132,cmp-a001-02-000000008339814
grp-a001-02-000000055116677,10838953472,cmp-a001-02-000000008339814
grp-a001-02-000000055116677,10860205979,cmp-a001-02-000000008339814
grp-a001-02-000000055116677,10855102002,cmp-a001-02-000000008339814
grp-a001-02-000000055116677,10839030715,cmp-a001-02-000000008339814
grp-a001-02-000000055116677,10854901732,cmp-a001-02-000000008339814
grp-a001-02-000000055116677,10838990954,cmp-a001-02-000000008339814
grp-a001-02-000000055116677,10713521383,cmp-a001-02-000000008339814
grp-a001-02-000000055116677,10713494322,cmp-a001-02-000000008339814
grp-a001-02-000000055116677,10713176715,cmp-a001-02-000000008339814
grp-a001-02-000000055116677,10679236577,cmp-a001-02-000000008339814
grp-a001-02-000000055116677,10679209662,cmp-a001-02-000000008339814
grp-a001-02-000000055116677,10578197070,cmp-a001-02-000000008339814
grp-a001-02-000000055116677,10578185038,cmp-a001-02-000000008339814
grp-a001-02-000000055116677,10567336655,cmp-a001-02-000000008339814
grp-a001-02-000000055116677,10567300876,cmp-a001-02-000000008339814
grp-a001-02-000000055116677,10567229718,cmp-a001-02-000000008339814
grp-a001-02-000000055116677,6418990211,cmp-a001-02-000000008339814
grp-a001-02-000000055116677,10537357957,cmp-a001-02-000000008339814
grp-a001-02-000000055116682,9809961495,cmp-a001-02-000000008339814
grp-a001-02-000000055116682,9809869052,cmp-a001-02-000000008339814
grp-a001-02-000000055116682,9809836674,cmp-a001-02-000000008339814
grp-a001-02-000000055116682,9809829280,cmp-a001-02-000000008339814
grp-a001-02-000000055116682,9809808282,cmp-a001-02-000000008339814
grp-a001-02-000000055116682,9809470164,cmp-a001-02-000000008339814
grp-a001-02-000000055116682,9809463820,cmp-a001-02-000000008339814
grp-a001-02-000000055116682,9809458078,cmp-a001-02-000000008339814
grp-a001-02-000000055116682,9809451709,cmp-a001-02-000000008339814
grp-a001-02-000000055116682,9809440279,cmp-a001-02-000000008339814
grp-a001-02-000000055116682,9795955861,cmp-a001-02-000000008339814
grp-a001-02-000000055116682,9795928665,cmp-a001-02-000000008339814
grp-a001-02-000000055116682,9795897709,cmp-a001-02-000000008339814
grp-a001-02-000000055116682,9795815284,cmp-a001-02-000000008339814
grp-a001-02-000000055116682,9795675856,cmp-a001-02-000000008339814
grp-a001-02-000000055116682,9795653260,cmp-a001-02-000000008339814
grp-a001-02-000000055116682,9795609550,cmp-a001-02-000000008339814
grp-a001-02-000000055116682,9795566687,cmp-a001-02-000000008339814
grp-a001-02-000000055116682,9775923596,cmp-a001-02-000000008339814
grp-a001-02-000000055116682,9775886091,cmp-a001-02-000000008339814
grp-a001-02-000000055116682,9645476434,cmp-a001-02-000000008339814
grp-a001-02-000000055116682,9645452621,cmp-a001-02-000000008339814
grp-a001-02-000000055116682,9645494346,cmp-a001-02-000000008339814
grp-a001-02-000000055116682,9645414774,cmp-a001-02-000000008339814
grp-a001-02-000000055116682,9608407073,cmp-a001-02-000000008339814
grp-a001-02-000000055116682,9608153706,cmp-a001-02-000000008339814
grp-a001-02-000000055116682,9590260821,cmp-a001-02-000000008339814
grp-a001-02-000000055116682,9506336785,cmp-a001-02-000000008339814
grp-a001-02-000000055116682,9211334543,cmp-a001-02-000000008339814
grp-a001-02-000000055116682,9205714557,cmp-a001-02-000000008339814
grp-a001-02-000000055116682,9211325977,cmp-a001-02-000000008339814
grp-a001-02-000000055116682,8928100135,cmp-a001-02-000000008339814
grp-a001-02-000000055116682,8928085519,cmp-a001-02-000000008339814
grp-a001-02-000000055116682,8928008121,cmp-a001-02-000000008339814
grp-a001-02-000000055116682,8927994785,cmp-a001-02-000000008339814
grp-a001-02-000000055116682,8927922615,cmp-a001-02-000000008339814
grp-a001-02-000000055116682,8927879889,cmp-a001-02-000000008339814
grp-a001-02-000000055116682,8795812978,cmp-a001-02-000000008339814
grp-a001-02-000000055116682,8777091875,cmp-a001-02-000000008339814
grp-a001-02-000000055116682,8595881112,cmp-a001-02-000000008339814
grp-a001-02-000000055116682,8424897701,cmp-a001-02-000000008339814
grp-a001-02-000000055116682,8303831137,cmp-a001-02-000000008339814
grp-a001-02-000000055116682,8172021925,cmp-a001-02-000000008339814
grp-a001-02-000000055116682,8171971713,cmp-a001-02-000000008339814
grp-a001-02-000000055116682,8171923187,cmp-a001-02-000000008339814
grp-a001-02-000000055116682,8171818613,cmp-a001-02-000000008339814
grp-a001-02-000000055116682,8045761435,cmp-a001-02-000000008339814
grp-a001-02-000000055116682,8045759581,cmp-a001-02-000000008339814
grp-a001-02-000000055116682,8045757559,cmp-a001-02-000000008339814
grp-a001-02-000000055116682,8024076513,cmp-a001-02-000000008339814
grp-a001-02-000000055116682,8024072628,cmp-a001-02-000000008339814
grp-a001-02-000000055116682,8024066255,cmp-a001-02-000000008339814
grp-a001-02-000000055116682,4726876482,cmp-a001-02-000000008339814
grp-a001-02-000000055116682,7285387194,cmp-a001-02-000000008339814
grp-a001-02-000000055116682,7285245369,cmp-a001-02-000000008339814
grp-a001-02-000000055116682,7278685548,cmp-a001-02-000000008339814
grp-a001-02-000000055116682,7276789393,cmp-a001-02-000000008339814
grp-a001-02-000000055116682,7264138096,cmp-a001-02-000000008339814
grp-a001-02-000000055116682,9824365193,cmp-a001-02-000000008339814
grp-a001-02-000000055116682,9823967466,cmp-a001-02-000000008339814
grp-a001-02-000000055116682,9823936023,cmp-a001-02-000000008339814
grp-a001-02-000000055116682,9817297190,cmp-a001-02-000000008339814
grp-a001-02-000000055116682,9817287812,cmp-a001-02-000000008339814
grp-a001-02-000000055116682,9817230055,cmp-a001-02-000000008339814
grp-a001-02-000000055116682,9817085885,cmp-a001-02-000000008339814
grp-a001-02-000000055116682,9816818628,cmp-a001-02-000000008339814
grp-a001-02-000000055116682,9816189362,cmp-a001-02-000000008339814
grp-a001-02-000000055116682,9816144543,cmp-a001-02-000000008339814
grp-a001-02-000000055116682,9816064743,cmp-a001-02-000000008339814
grp-a001-02-000000055116682,9810376975,cmp-a001-02-000000008339814
grp-a001-02-000000055116682,9810366346,cmp-a001-02-000000008339814
grp-a001-02-000000055116682,9810359194,cmp-a001-02-000000008339814
grp-a001-02-000000055116682,9810354143,cmp-a001-02-000000008339814
grp-a001-02-000000055116682,9810298872,cmp-a001-02-000000008339814
grp-a001-02-000000055116682,9810289669,cmp-a001-02-000000008339814
grp-a001-02-000000055116682,9810269528,cmp-a001-02-000000008339814
grp-a001-02-000000055116682,10447230320,cmp-a001-02-000000008339814
grp-a001-02-000000055116682,10447167081,cmp-a001-02-000000008339814
grp-a001-02-000000055116682,10438431662,cmp-a001-02-000000008339814
grp-a001-02-000000055116682,10438421171,cmp-a001-02-000000008339814
grp-a001-02-000000055116682,10434377163,cmp-a001-02-000000008339814
grp-a001-02-000000055116682,10434373628,cmp-a001-02-000000008339814
grp-a001-02-000000055116682,10434356362,cmp-a001-02-000000008339814
grp-a001-02-000000055116682,7284455837,cmp-a001-02-000000008339814
grp-a001-02-000000055116682,10434352589,cmp-a001-02-000000008339814
grp-a001-02-000000055116682,10302255174,cmp-a001-02-000000008339814
grp-a001-02-000000055116682,10302241111,cmp-a001-02-000000008339814
grp-a001-02-000000055116682,10302238294,cmp-a001-02-000000008339814
grp-a001-02-000000055116682,10222533731,cmp-a001-02-000000008339814
grp-a001-02-000000055116682,7119777823,cmp-a001-02-000000008339814
grp-a001-02-000000055116682,9911357860,cmp-a001-02-000000008339814
grp-a001-02-000000055116682,9911319995,cmp-a001-02-000000008339814
grp-a001-02-000000055116682,9911305952,cmp-a001-02-000000008339814
grp-a001-02-000000055116682,9911290472,cmp-a001-02-000000008339814
grp-a001-02-000000055116682,9834417376,cmp-a001-02-000000008339814
grp-a001-02-000000055116682,9834411862,cmp-a001-02-000000008339814
grp-a001-02-000000055116682,9834392942,cmp-a001-02-000000008339814
grp-a001-02-000000055116682,9834372042,cmp-a001-02-000000008339814
grp-a001-02-000000055116682,9825629230,cmp-a001-02-000000008339814
grp-a001-02-000000055116682,9824381532,cmp-a001-02-000000008339814
grp-a001-02-000000055116686,4986857858,cmp-a001-02-000000008339814
grp-a001-02-000000055116686,4497997207,cmp-a001-02-000000008339814
grp-a001-02-000000055116686,4710410575,cmp-a001-02-000000008339814
grp-a001-02-000000055116686,7216775425,cmp-a001-02-000000008339814
grp-a001-02-000000055116686,7154351025,cmp-a001-02-000000008339814
grp-a001-02-000000055116686,7119785158,cmp-a001-02-000000008339814
grp-a001-02-000000055116686,7119767278,cmp-a001-02-000000008339814
grp-a001-02-000000055116686,7053845786,cmp-a001-02-000000008339814
grp-a001-02-000000055116686,7029691798,cmp-a001-02-000000008339814
grp-a001-02-000000055116686,6943920907,cmp-a001-02-000000008339814
grp-a001-02-000000055116686,6891351882,cmp-a001-02-000000008339814
grp-a001-02-000000055116686,6891343928,cmp-a001-02-000000008339814
grp-a001-02-000000055116686,6891081964,cmp-a001-02-000000008339814
grp-a001-02-000000055116686,6821566017,cmp-a001-02-000000008339814
grp-a001-02-000000055116686,6821542253,cmp-a001-02-000000008339814
grp-a001-02-000000055116686,6818291037,cmp-a001-02-000000008339814
grp-a001-02-000000055116686,6818287511,cmp-a001-02-000000008339814
grp-a001-02-000000055116686,6818260625,cmp-a001-02-000000008339814
grp-a001-02-000000055116686,6818140640,cmp-a001-02-000000008339814
grp-a001-02-000000055116686,6818113090,cmp-a001-02-000000008339814
grp-a001-02-000000055116686,6818086076,cmp-a001-02-000000008339814
grp-a001-02-000000055116686,6818043939,cmp-a001-02-000000008339814
grp-a001-02-000000055116686,6747593727,cmp-a001-02-000000008339814
grp-a001-02-000000055116686,6325815144,cmp-a001-02-000000008339814
grp-a001-02-000000055116686,6325814520,cmp-a001-02-000000008339814
grp-a001-02-000000055116686,5059485195,cmp-a001-02-000000008339814
grp-a001-02-000000055116686,6290298710,cmp-a001-02-000000008339814
grp-a001-02-000000055116686,6290296347,cmp-a001-02-000000008339814
grp-a001-02-000000055116686,6290191072,cmp-a001-02-000000008339814
grp-a001-02-000000055116686,6286593796,cmp-a001-02-000000008339814
grp-a001-02-000000055116686,6286591735,cmp-a001-02-000000008339814
grp-a001-02-000000055116686,6286582527,cmp-a001-02-000000008339814
grp-a001-02-000000055116686,6172518908,cmp-a001-02-000000008339814
grp-a001-02-000000055116686,6204580688,cmp-a001-02-000000008339814
grp-a001-02-000000055116686,6152124968,cmp-a001-02-000000008339814
grp-a001-02-000000055116686,5950354321,cmp-a001-02-000000008339814
grp-a001-02-000000055116686,5949677527,cmp-a001-02-000000008339814
grp-a001-02-000000055116686,5866302814,cmp-a001-02-000000008339814
grp-a001-02-000000055116686,5866302457,cmp-a001-02-000000008339814
grp-a001-02-000000055116686,5865891908,cmp-a001-02-000000008339814
grp-a001-02-000000055116686,5849693263,cmp-a001-02-000000008339814
grp-a001-02-000000055116686,5837784385,cmp-a001-02-000000008339814
grp-a001-02-000000055116686,5786511512,cmp-a001-02-000000008339814
grp-a001-02-000000055116686,5786510729,cmp-a001-02-000000008339814
grp-a001-02-000000055116686,5700922776,cmp-a001-02-000000008339814
grp-a001-02-000000055116686,5700911403,cmp-a001-02-000000008339814
grp-a001-02-000000055116686,5665271187,cmp-a001-02-000000008339814
grp-a001-02-000000055116686,5471733585,cmp-a001-02-000000008339814
grp-a001-02-000000055116686,5129833882,cmp-a001-02-000000008339814
grp-a001-02-000000055116686,5129833043,cmp-a001-02-000000008339814
grp-a001-02-000000055116686,5129555014,cmp-a001-02-000000008339814
grp-a001-02-000000055116686,5129534484,cmp-a001-02-000000008339814
grp-a001-02-000000055116686,5049807951,cmp-a001-02-000000008339814
grp-a001-02-000000055116686,4422817503,cmp-a001-02-000000008339814
grp-a001-02-000000055116686,3900927238,cmp-a001-02-000000008339814
grp-a001-02-000000055116686,3574715648,cmp-a001-02-000000008339814
grp-a001-02-000000055116686,3529106282,cmp-a001-02-000000008339814
grp-a001-02-000000055116686,3422628940,cmp-a001-02-000000008339814
grp-a001-02-000000055116686,3422606249,cmp-a001-02-000000008339814
grp-a001-02-000000055116686,3380946784,cmp-a001-02-000000008339814
grp-a001-02-000000055116686,3207340872,cmp-a001-02-000000008339814
grp-a001-02-000000055116686,3207327235,cmp-a001-02-000000008339814
grp-a001-02-000000055116686,2183968407,cmp-a001-02-000000008339814
grp-a001-02-000000055116686,2151317674,cmp-a001-02-000000008339814
grp-a001-02-000000055116686,380397804,cmp-a001-02-000000008339814
grp-a001-02-000000055116686,380396890,cmp-a001-02-000000008339814
grp-a001-02-000000055386434,10447230320,cmp-a001-02-000000009577882
grp-a001-02-000000055386434,6891343928,cmp-a001-02-000000009577882
grp-a001-02-000000055386434,6891081964,cmp-a001-02-000000009577882
grp-a001-02-000000055386434,10447167081,cmp-a001-02-000000009577882
grp-a001-02-000000055386434,6891351882,cmp-a001-02-000000009577882
grp-a001-02-000000056537604,12448041273,cmp-a001-02-000000008425541
grp-a001-02-000000056537604,11734691063,cmp-a001-02-000000008425541
grp-a001-02-000000056537604,11734691064,cmp-a001-02-000000008425541
grp-a001-02-000000056537604,11378853597,cmp-a001-02-000000008425541
grp-a001-02-000000056537604,11361253594,cmp-a001-02-000000008425541
grp-a001-02-000000056537604,11847904214,cmp-a001-02-000000008425541
grp-a001-02-000000056537604,11361238228,cmp-a001-02-000000008425541
grp-a001-02-000000056537604,11752403678,cmp-a001-02-000000008425541
grp-a001-02-000000056537604,11752403679,cmp-a001-02-000000008425541
grp-a001-02-000000056537604,11839641958,cmp-a001-02-000000008425541
grp-a001-02-000000056537604,11745501261,cmp-a001-02-000000008425541
grp-a001-02-000000056537604,11751783429,cmp-a001-02-000000008425541
grp-a001-02-000000056537604,11751783430,cmp-a001-02-000000008425541
grp-a001-02-000000056537604,11751783427,cmp-a001-02-000000008425541
grp-a001-02-000000056537604,11745501260,cmp-a001-02-000000008425541
grp-a001-02-000000058445051,12765549688,cmp-a001-02-000000008425541
grp-a001-02-000000058709325,3207340872,cmp-a001-02-000000008514959
grp-a001-02-000000058709325,3207327235,cmp-a001-02-000000008514959
grp-a001-02-000000058709513,11752403697,cmp-a001-02-000000008425541
grp-a001-02-000000058709513,11752403696,cmp-a001-02-000000008425541
grp-a001-02-000000058709674,11752403695,cmp-a001-02-000000008425541
grp-a001-02-000000058709674,11752403694,cmp-a001-02-000000008425541
grp-a001-02-000000059252905,12610748653,cmp-a001-02-000000008425541
grp-a001-02-000000059808403,12448041273,cmp-a001-02-000000010164717
grp-a001-02-000000059808403,11734691063,cmp-a001-02-000000010164717
grp-a001-02-000000059808403,11734691064,cmp-a001-02-000000010164717
grp-a001-02-000000059808403,11378853597,cmp-a001-02-000000010164717
grp-a001-02-000000059808403,11361253594,cmp-a001-02-000000010164717
grp-a001-02-000000059808403,11847904214,cmp-a001-02-000000010164717
grp-a001-02-000000059808403,11361238228,cmp-a001-02-000000010164717
grp-a001-02-000000059808403,11752403678,cmp-a001-02-000000010164717
grp-a001-02-000000059808403,11752403679,cmp-a001-02-000000010164717
grp-a001-02-000000059808403,11839641958,cmp-a001-02-000000010164717
grp-a001-02-000000059808403,11751783429,cmp-a001-02-000000010164717
grp-a001-02-000000059808403,11751783430,cmp-a001-02-000000010164717
grp-a001-02-000000059808403,11751783427,cmp-a001-02-000000010164717
grp-a001-02-000000059808403,11745501260,cmp-a001-02-000000010164717
grp-a001-02-000000059808403,11745501261,cmp-a001-02-000000010164717
grp-a001-02-000000059809116,9795815284,cmp-a001-02-000000010164717
grp-a001-02-000000059809116,11745501263,cmp-a001-02-000000010164717
grp-a001-02-000000059809116,11745501262,cmp-a001-02-000000010164717
grp-a001-02-000000059809116,11734691066,cmp-a001-02-000000010164717
grp-a001-02-000000059809116,11734691065,cmp-a001-02-000000010164717
grp-a001-02-000000059810135,11734691068,cmp-a001-02-000000010164717
grp-a001-02-000000059810135,11734691067,cmp-a001-02-000000010164717
grp-a001-02-000000059810135,9645476434,cmp-a001-02-000000010164717
grp-a001-02-000000059810410,9645494346,cmp-a001-02-000000010164717
grp-a001-02-000000059810410,11734691071,cmp-a001-02-000000010164717
grp-a001-02-000000059810410,11734691070,cmp-a001-02-000000010164717
grp-a001-02-000000059811691,11734691064,cmp-a001-02-000000010164717
grp-a001-02-000000059812037,11752403685,cmp-a001-02-000000010164717
grp-a001-02-000000059812037,11752403686,cmp-a001-02-000000010164717
grp-a001-02-000000059812037,11752403688,cmp-a001-02-000000010164717
grp-a001-02-000000059812037,11734691077,cmp-a001-02-000000010164717
grp-a001-02-000000059812037,11734691076,cmp-a001-02-000000010164717
grp-a001-02-000000059812037,11734691075,cmp-a001-02-000000010164717
grp-a001-02-000000059812606,11734691079,cmp-a001-02-000000010164717
grp-a001-02-000000059817936,11752403684,cmp-a001-02-000000010164717
grp-a001-02-000000059817936,11752403682,cmp-a001-02-000000010164717
grp-a001-02-000000059817936,11752403683,cmp-a001-02-000000010164717
grp-a001-02-000000059817936,11751783434,cmp-a001-02-000000010164717
grp-a001-02-000000059817936,11751783433,cmp-a001-02-000000010164717
grp-a001-02-000000059817936,11734691072,cmp-a001-02-000000010164717
grp-a001-02-000000059817936,11734691073,cmp-a001-02-000000010164717
grp-a001-02-000000059817936,11734691074,cmp-a001-02-000000010164717
grp-a001-02-000000059819724,11361253594,cmp-a001-02-000000010164717
grp-a001-02-000000059819800,11847904214,cmp-a001-02-000000010164717
grp-a001-02-000000059820721,11734691066,cmp-a001-02-000000010164717
grp-a001-02-000000059820721,11734691065,cmp-a001-02-000000010164717
grp-a001-02-000000059820721,9795815284,cmp-a001-02-000000010164717
grp-a001-02-000000059820721,11745501263,cmp-a001-02-000000010164717
grp-a001-02-000000059820721,11745501262,cmp-a001-02-000000010164717
grp-a001-02-000000059820722,9795815284,cmp-a001-02-000000010164717
grp-a001-02-000000059820722,11745501263,cmp-a001-02-000000010164717
grp-a001-02-000000059820722,11745501262,cmp-a001-02-000000010164717
grp-a001-02-000000059820722,11734691066,cmp-a001-02-000000010164717
grp-a001-02-000000059820722,11734691065,cmp-a001-02-000000010164717
grp-a001-02-000000059820848,11752403678,cmp-a001-02-000000008425541
grp-a001-02-000000059820884,9795609550,cmp-a001-02-000000008425541
grp-a001-02-000000059820913,8024072628,cmp-a001-02-000000008425541
grp-a001-02-000000059820923,11734691068,cmp-a001-02-000000010164717
grp-a001-02-000000059820923,11734691067,cmp-a001-02-000000010164717
grp-a001-02-000000059820923,9645476434,cmp-a001-02-000000010164717
grp-a001-02-000000059820925,11734691068,cmp-a001-02-000000010164717
grp-a001-02-000000059820925,11734691067,cmp-a001-02-000000010164717
grp-a001-02-000000059820925,9645476434,cmp-a001-02-000000010164717
grp-a001-02-000000059820931,11752403681,cmp-a001-02-000000008425541
grp-a001-02-000000059820953,11752403682,cmp-a001-02-000000008425541
grp-a001-02-000000059820960,11752403683,cmp-a001-02-000000008425541
grp-a001-02-000000059820987,11752403685,cmp-a001-02-000000008425541
grp-a001-02-000000059820998,11752403688,cmp-a001-02-000000008425541
grp-a001-02-000000059821015,11752403690,cmp-a001-02-000000008425541
grp-a001-02-000000059821023,11752403693,cmp-a001-02-000000008425541
grp-a001-02-000000059821034,11752403692,cmp-a001-02-000000008425541
grp-a001-02-000000059821054,11752403695,cmp-a001-02-000000008425541
grp-a001-02-000000059821088,12057833415,cmp-a001-02-000000008425541
grp-a001-02-000000059821217,12057833416,cmp-a001-02-000000008425541
grp-a001-02-000000059821232,12610748653,cmp-a001-02-000000008425541
grp-a001-02-000000059821852,5471733585,cmp-a001-02-000000008425541
grp-a001-02-000000059821874,12062041149,cmp-a001-02-000000008425541
grp-a001-02-000000059822073,9645494346,cmp-a001-02-000000010164717
grp-a001-02-000000059822073,11734691071,cmp-a001-02-000000010164717
grp-a001-02-000000059822073,11734691070,cmp-a001-02-000000010164717
grp-a001-02-000000059822154,9645494346,cmp-a001-02-000000010164717
grp-a001-02-000000059822154,11734691071,cmp-a001-02-000000010164717
grp-a001-02-000000059822154,11734691070,cmp-a001-02-000000010164717
grp-a001-02-000000059822246,11752403684,cmp-a001-02-000000010164717
grp-a001-02-000000059822246,11752403682,cmp-a001-02-000000010164717
grp-a001-02-000000059822246,11752403683,cmp-a001-02-000000010164717
grp-a001-02-000000059822246,11751783434,cmp-a001-02-000000010164717
grp-a001-02-000000059822246,11751783433,cmp-a001-02-000000010164717
grp-a001-02-000000059822246,11734691072,cmp-a001-02-000000010164717
grp-a001-02-000000059822246,11734691073,cmp-a001-02-000000010164717
grp-a001-02-000000059822246,11734691074,cmp-a001-02-000000010164717
grp-a001-02-000000059822251,11752403685,cmp-a001-02-000000010164717
grp-a001-02-000000059822251,11752403686,cmp-a001-02-000000010164717
grp-a001-02-000000059822251,11752403688,cmp-a001-02-000000010164717
grp-a001-02-000000059822251,11734691077,cmp-a001-02-000000010164717
grp-a001-02-000000059822251,11734691076,cmp-a001-02-000000010164717
grp-a001-02-000000059822251,11734691075,cmp-a001-02-000000010164717
grp-a001-02-000000059822273,11752403685,cmp-a001-02-000000010164717
grp-a001-02-000000059822273,11752403686,cmp-a001-02-000000010164717
grp-a001-02-000000059822273,11734691076,cmp-a001-02-000000010164717
grp-a001-02-000000059822273,11734691075,cmp-a001-02-000000010164717
grp-a001-02-000000059822273,11752403688,cmp-a001-02-000000010164717
grp-a001-02-000000059822273,11734691077,cmp-a001-02-000000010164717
grp-a001-02-000000059822914,11752403715,cmp-a001-02-000000008425541
grp-a001-02-000000059823013,11752403684,cmp-a001-02-000000010164717
grp-a001-02-000000059823013,11752403682,cmp-a001-02-000000010164717
grp-a001-02-000000059823013,11752403683,cmp-a001-02-000000010164717
grp-a001-02-000000059823013,11751783433,cmp-a001-02-000000010164717
grp-a001-02-000000059823013,11751783434,cmp-a001-02-000000010164717
grp-a001-02-000000059823013,11734691072,cmp-a001-02-000000010164717
grp-a001-02-000000059823013,11734691073,cmp-a001-02-000000010164717
grp-a001-02-000000059823013,11734691074,cmp-a001-02-000000010164717
grp-a001-02-000000059824059,11734691078,cmp-a001-02-000000010164717
grp-a001-02-000000059826423,11047667552,cmp-a001-02-000000008425541
grp-a001-02-000000059826577,11751783430,cmp-a001-02-000000010166367
grp-a001-02-000000059826628,11752403713,cmp-a001-02-000000008425541
grp-a001-02-000000059827137,11751783425,cmp-a001-02-000000010166367
grp-a001-02-000000059827296,7276789393,cmp-a001-02-000000010166367
grp-a001-02-000000059827297,11751783432,cmp-a001-02-000000010166367
grp-a001-02-000000059827298,11751783434,cmp-a001-02-000000010166367
grp-a001-02-000000059828242,11751783427,cmp-a001-02-000000010166367
grp-a001-02-000000059828246,11751783429,cmp-a001-02-000000010166367
grp-a001-02-000000059828464,11751783426,cmp-a001-02-000000010166367
grp-a001-02-000000059828469,9834372042,cmp-a001-02-000000010166367
grp-a001-02-000000059828556,11751783424,cmp-a001-02-000000010166367
grp-a001-02-000000059829132,11751783423,cmp-a001-02-000000010166367
grp-a001-02-000000059829228,11751783431,cmp-a001-02-000000010166367
grp-a001-02-000000059829872,11751783433,cmp-a001-02-000000010166367
grp-a001-02-000000059829962,11751783436,cmp-a001-02-000000010166367
grp-a001-02-000000059830517,11619806393,cmp-a001-02-000000008492582
grp-a001-02-000000059830521,10838869686,cmp-a001-02-000000008492582
grp-a001-02-000000059830530,11619806380,cmp-a001-02-000000008492582
grp-a001-02-000000059830538,11619806381,cmp-a001-02-000000008492582
grp-a001-02-000000059830547,11619806394,cmp-a001-02-000000008492582
grp-a001-02-000000059830552,11619806382,cmp-a001-02-000000008492582
grp-a001-02-000000059830874,12849503504,cmp-a001-02-000000008425541
grp-a001-02-000000059830874,12062015327,cmp-a001-02-000000008425541
grp-a001-02-000000059830874,12061960691,cmp-a001-02-000000008425541
grp-a001-02-000000059830874,12138462019,cmp-a001-02-000000008425541
grp-a001-02-000000059830874,12058076543,cmp-a001-02-000000008425541
grp-a001-02-000000059830874,12058076540,cmp-a001-02-000000008425541
grp-a001-02-000000059830874,12058008106,cmp-a001-02-000000008425541
grp-a001-02-000000059830874,12058008105,cmp-a001-02-000000008425541
grp-a001-02-000000059830874,12058008104,cmp-a001-02-000000008425541
grp-a001-02-000000059830874,12058008102,cmp-a001-02-000000008425541
grp-a001-02-000000059830874,12057833415,cmp-a001-02-000000008425541
grp-a001-02-000000059830874,12057833416,cmp-a001-02-000000008425541
grp-a001-02-000000059830874,12058008100,cmp-a001-02-000000008425541
grp-a001-02-000000059830874,12058008101,cmp-a001-02-000000008425541
grp-a001-02-000000059830874,12062041149,cmp-a001-02-000000008425541
grp-a001-02-000000059830874,12084320270,cmp-a001-02-000000008425541
grp-a001-02-000000059830874,12058076545,cmp-a001-02-000000008425541
grp-a001-02-000000059830874,12058076544,cmp-a001-02-000000008425541
grp-a001-02-000000059830874,12058076547,cmp-a001-02-000000008425541
grp-a001-02-000000059830874,12058076546,cmp-a001-02-000000008425541
grp-a001-02-000000059830952,12849503505,cmp-a001-02-000000008425541
grp-a001-02-000000059830952,12084320268,cmp-a001-02-000000008425541
grp-a001-02-000000059830952,12080043247,cmp-a001-02-000000008425541
grp-a001-02-000000059830952,12080027722,cmp-a001-02-000000008425541
grp-a001-02-000000059830952,12061960690,cmp-a001-02-000000008425541
grp-a001-02-000000059830952,12138462018,cmp-a001-02-000000008425541
grp-a001-02-000000059830952,12062015326,cmp-a001-02-000000008425541
grp-a001-02-000000059832147,12084320270,cmp-a001-02-000000010164717
grp-a001-02-000000059832150,12084320268,cmp-a001-02-000000010164717
grp-a001-02-000000059832206,11619806388,cmp-a001-02-000000008492582
grp-a001-02-000000059832280,11619806389,cmp-a001-02-000000008492582
grp-a001-02-000000059832332,2402007467,cmp-a001-02-000000008492582
grp-a001-02-000000059832344,11619806384,cmp-a001-02-000000008492582
grp-a001-02-000000059832490,11619806378,cmp-a001-02-000000008492582
grp-a001-02-000000059832492,11619806385,cmp-a001-02-000000008492582
grp-a001-02-000000059879629,12382833885,cmp-a001-02-000000008492582
grp-a001-02-000000059879675,12382860657,cmp-a001-02-000000008492582
grp-a001-02-000000059879687,12382870612,cmp-a001-02-000000008492582
grp-a001-02-000000059880038,12382873952,cmp-a001-02-000000008492582
grp-a001-02-000000061878144,9810366346,cmp-a001-02-000000008336372
grp-a001-02-000000061878144,9810359194,cmp-a001-02-000000008336372
grp-a001-02-000000061878144,9810354143,cmp-a001-02-000000008336372
grp-a001-02-000000061878144,9810298872,cmp-a001-02-000000008336372
grp-a001-02-000000061878144,13048951381,cmp-a001-02-000000008336372
grp-a001-02-000000061878144,13048951380,cmp-a001-02-000000008336372
grp-a001-02-000000061878144,5351771908,cmp-a001-02-000000008336372
grp-a001-02-000000061878144,13063944573,cmp-a001-02-000000008336372
grp-a001-02-000000061878144,13063944562,cmp-a001-02-000000008336372
grp-a001-02-000000061878144,13063944572,cmp-a001-02-000000008336372
grp-a001-02-000000061878144,13063944570,cmp-a001-02-000000008336372
grp-a001-02-000000061878144,13063944569,cmp-a001-02-000000008336372
grp-a001-02-000000061878144,13063944567,cmp-a001-02-000000008336372
grp-a001-02-000000061878144,13063944563,cmp-a001-02-000000008336372
grp-a001-02-000000061878144,13063944571,cmp-a001-02-000000008336372
grp-a001-02-000000061878144,13063944568,cmp-a001-02-000000008336372
grp-a001-02-000000061878144,13063944564,cmp-a001-02-000000008336372
grp-a001-02-000000061878144,13063944561,cmp-a001-02-000000008336372
grp-a001-02-000000061878144,13063944560,cmp-a001-02-000000008336372
grp-a001-02-000000061878144,13063944559,cmp-a001-02-000000008336372
grp-a001-02-000000061878144,13063944558,cmp-a001-02-000000008336372
grp-a001-02-000000061878144,13063944557,cmp-a001-02-000000008336372
grp-a001-02-000000061878144,13063860246,cmp-a001-02-000000008336372
grp-a001-02-000000061878144,13063860244,cmp-a001-02-000000008336372
grp-a001-02-000000061878144,13063860250,cmp-a001-02-000000008336372
grp-a001-02-000000061878144,13063860248,cmp-a001-02-000000008336372
grp-a001-02-000000061878144,13063860231,cmp-a001-02-000000008336372
grp-a001-02-000000061878144,13063860245,cmp-a001-02-000000008336372
grp-a001-02-000000061878144,13063860241,cmp-a001-02-000000008336372
grp-a001-02-000000061878144,13063860240,cmp-a001-02-000000008336372
grp-a001-02-000000061878144,13063860239,cmp-a001-02-000000008336372
grp-a001-02-000000061878144,13063860236,cmp-a001-02-000000008336372
grp-a001-02-000000061878144,13063860243,cmp-a001-02-000000008336372
grp-a001-02-000000061878144,13063860235,cmp-a001-02-000000008336372
grp-a001-02-000000061878144,13063860234,cmp-a001-02-000000008336372
grp-a001-02-000000061878144,13063860238,cmp-a001-02-000000008336372
grp-a001-02-000000061878144,7278167361,cmp-a001-02-000000008336372
grp-a001-02-000000061878144,13048951378,cmp-a001-02-000000008336372
grp-a001-02-000000061878144,13048951374,cmp-a001-02-000000008336372
grp-a001-02-000000061878144,13048951377,cmp-a001-02-000000008336372
grp-a001-02-000000061878144,13048951376,cmp-a001-02-000000008336372
grp-a001-02-000000061878144,13048951375,cmp-a001-02-000000008336372
grp-a001-02-000000061878144,13048951373,cmp-a001-02-000000008336372
grp-a001-02-000000061878144,9810376975,cmp-a001-02-000000008336372
grp-a001-02-000000061878144,9810289669,cmp-a001-02-000000008336372
grp-a001-02-000000061878144,9810269528,cmp-a001-02-000000008336372
grp-a001-02-000000061878144,9809961495,cmp-a001-02-000000008336372
grp-a001-02-000000061878144,9211334543,cmp-a001-02-000000008336372
grp-a001-02-000000061878144,9211325977,cmp-a001-02-000000008336372
grp-a001-02-000000061878144,8424897701,cmp-a001-02-000000008336372
grp-a001-02-000000061878144,8015710525,cmp-a001-02-000000008336372
grp-a001-02-000000061878144,7264115689,cmp-a001-02-000000008336372
grp-a001-02-000000061878144,6961116851,cmp-a001-02-000000008336372
grp-a001-02-000000061878144,5849693835,cmp-a001-02-000000008336372
grp-a001-02-000000061878144,5849692820,cmp-a001-02-000000008336372
grp-a001-02-000000061878144,5849693263,cmp-a001-02-000000008336372
grp-a001-02-000000061878144,5699540947,cmp-a001-02-000000008336372
grp-a001-02-000000061878144,13063944556,cmp-a001-02-000000008336372
grp-a001-02-000000061878144,13063944566,cmp-a001-02-000000008336372
grp-a001-02-000000061878144,13063914715,cmp-a001-02-000000008336372
grp-a001-02-000000061878144,13063944565,cmp-a001-02-000000008336372
grp-a001-02-000000061878144,13063917371,cmp-a001-02-000000008336372
grp-a001-02-000000061878144,13063860251,cmp-a001-02-000000008336372
grp-a001-02-000000061878144,13063860249,cmp-a001-02-000000008336372
grp-a001-02-000000061878144,13063860247,cmp-a001-02-000000008336372
grp-a001-02-000000061878144,13079412814,cmp-a001-02-000000008336372
grp-a001-02-000000061878144,13079412819,cmp-a001-02-000000008336372
grp-a001-02-000000061878144,13079412817,cmp-a001-02-000000008336372
grp-a001-02-000000061878144,13079412815,cmp-a001-02-000000008336372
grp-a001-02-000000061878144,13079412818,cmp-a001-02-000000008336372
grp-a001-02-000000061878144,13079412820,cmp-a001-02-000000008336372
grp-a001-02-000000061878144,13079412811,cmp-a001-02-000000008336372
grp-a001-02-000000061878144,13079412816,cmp-a001-02-000000008336372
grp-a001-02-000000061878144,13048951379,cmp-a001-02-000000008336372
grp-a001-02-000000062947040,13156013300,cmp-a001-02-000000008425541
grp-a001-02-000000062947041,13156013301,cmp-a001-02-000000008425541
grp-a001-02-000000063096531,13156013303,cmp-a001-02-000000010344692
grp-a001-02-000000063096531,13156013301,cmp-a001-02-000000010344692
grp-a001-02-000000063096531,13156013300,cmp-a001-02-000000010344692
grp-a001-02-000000063096531,13079412815,cmp-a001-02-000000010344692
grp-a001-02-000000063096531,13079412811,cmp-a001-02-000000010344692
grp-a001-02-000000063096531,13048951379,cmp-a001-02-000000010344692
grp-a001-02-000000063096531,13063944573,cmp-a001-02-000000010344692
grp-a001-02-000000063096531,13063944562,cmp-a001-02-000000010344692
grp-a001-02-000000063096531,13063944572,cmp-a001-02-000000010344692
grp-a001-02-000000063096531,13063944570,cmp-a001-02-000000010344692
grp-a001-02-000000065140028,13365319468,cmp-a001-02-000000008514959
grp-a001-02-000000070109620,13563480014,cmp-a001-02-000000010769985
grp-a001-02-000000070451363,13661073009,cmp-a001-02-000000008425541
grp-a001-02-000000070523564,13661073010,cmp-a001-02-000000008425541
grp-a001-02-000000070523694,13661073011,cmp-a001-02-000000008425541
grp-a001-02-000000070833125,13684462603,cmp-a001-02-000000010907625
grp-a001-02-000000070833126,13684462601,cmp-a001-02-000000010907625
grp-a001-02-000000070833127,13684462602,cmp-a001-02-000000010907625
grp-a001-02-000000070991863,13684462601,cmp-a001-02-000000010164717
grp-a001-02-000000070991863,13687558206,cmp-a001-02-000000010164717
grp-a001-02-000000070992078,13687558207,cmp-a001-02-000000010164717
grp-a001-02-000000070992078,13684462602,cmp-a001-02-000000010164717
grp-a001-02-000000070992116,13687558208,cmp-a001-02-000000010164717
grp-a001-02-000000070992116,13684462603,cmp-a001-02-000000010164717
grp-a001-02-000000059821962,5786511512,cmp-a001-02-000000008425541
grp-a001-02-000000062947038,13156013303,cmp-a001-02-000000008425541
