adgroup_id,campaign_id,campaign_type,name,status,bid_amt,pc_weight,mobile_weight,cost_30d
grp-a001-02-000000070523564,cmp-a001-02-000000008425541,SHOPPING,Z폴드8와이드,ELIGIBLE,50,100,100,2851698
grp-a001-02-000000070991863,cmp-a001-02-000000010164717,SHOPPING,폴드8,ELIGIBLE,50,100,100,1380536
grp-a001-02-000000047005364,cmp-a001-02-000000008902804,SHOPPING,01. 버디필름,ELIGIBLE,50,100,100,1109270
grp-a001-02-000000054537529,cmp-a001-02-000000008425541,SHOPPING,S23울트라,ELIGIBLE,50,100,100,1022642
grp-a001-01-000000070512941,cmp-a001-01-000000010206612,WEB_SITE,폴드8_지문방지,ELIGIBLE,70,100,100,558871
grp-a001-02-000000070451363,cmp-a001-02-000000008425541,SHOPPING,Z폴드8울트라,ELIGIBLE,50,100,100,496584
grp-a001-02-000000054530371,cmp-a001-02-000000008425541,SHOPPING,S25울트라,ELIGIBLE,50,100,100,378713
grp-a001-02-000000044601438,cmp-a001-02-000000008492582,SHOPPING,16프로,ELIGIBLE,2590,70,100,328178
grp-a001-02-000000044108616,cmp-a001-02-000000008425541,SHOPPING,S24울트라,ELIGIBLE,1090,100,100,310458
grp-a001-02-000000070523694,cmp-a001-02-000000008425541,SHOPPING,Z플립8,ELIGIBLE,50,100,100,295636
grp-a001-02-000000045025483,cmp-a001-02-000000008425541,SHOPPING,노트20,ELIGIBLE,50,100,100,265089
grp-a001-02-000000059830874,cmp-a001-02-000000008425541,SHOPPING,Z폴드7,ELIGIBLE,50,100,100,217484
grp-a001-01-000000060480728,cmp-a001-01-000000010206612,WEB_SITE,S23울트라_지문방지_TPU,ELIGIBLE,70,100,105,215085
grp-a001-02-000000059820987,cmp-a001-02-000000008425541,SHOPPING,S20,ELIGIBLE,50,100,100,202387
grp-a001-02-000000054537533,cmp-a001-02-000000008425541,SHOPPING,노트20울트라,ELIGIBLE,50,100,100,201572
grp-a001-02-000000047485224,cmp-a001-02-000000008425541,SHOPPING,S25FE,ELIGIBLE,50,100,100,194831
grp-a001-01-000000062965454,cmp-a001-01-000000010206612,WEB_SITE,S26_지문방지_TPU,ELIGIBLE,70,100,105,185546
grp-a001-02-000000044300024,cmp-a001-02-000000008452546,SHOPPING,08. A24/A34,ELIGIBLE,1200,100,100,179687
grp-a001-02-000000044299892,cmp-a001-02-000000008452546,SHOPPING,02. S23FE,ELIGIBLE,1350,100,100,178428
grp-a001-02-000000062947040,cmp-a001-02-000000008425541,SHOPPING,S26울트라,ELIGIBLE,1200,100,100,169907
grp-a001-02-000000059879629,cmp-a001-02-000000008492582,SHOPPING,17프로,ELIGIBLE,50,70,100,168436
grp-a001-01-000000070513016,cmp-a001-01-000000010206612,WEB_SITE,폴드8울트라_지문방지,ELIGIBLE,70,100,100,164795
grp-a001-01-000000062965457,cmp-a001-01-000000010206612,WEB_SITE,S26울트라_지문방지_TPU,ELIGIBLE,70,100,105,162348
grp-a001-01-000000060554862,cmp-a001-01-000000010206612,WEB_SITE,폴드7_지문방지,ELIGIBLE,70,100,105,156617
grp-a001-01-000000060480724,cmp-a001-01-000000010206612,WEB_SITE,S24울트라_지문방지_TPU,ELIGIBLE,70,100,105,154009
grp-a001-02-000000047076797,cmp-a001-02-000000008883255,SHOPPING,01. 갤럭시탭S7시리즈,ELIGIBLE,50,70,100,151578
grp-a001-02-000000054538147,cmp-a001-02-000000008425541,SHOPPING,S22울트라,ELIGIBLE,50,100,100,145923
grp-a001-01-000000071340962,cmp-a001-01-000000010206612,WEB_SITE,폴드8울트라_사생활,PAUSED,70,100,100,143173
grp-a001-02-000000044490481,cmp-a001-02-000000008425541,SHOPPING,Z폴드5,ELIGIBLE,1700,100,100,134598
grp-a001-02-000000044601555,cmp-a001-02-000000008492582,SHOPPING,14프로,ELIGIBLE,1720,70,100,133779
grp-a001-02-000000044823468,cmp-a001-02-000000008492582,SHOPPING,15프로,ELIGIBLE,2970,70,100,132705
grp-a001-02-000000054537767,cmp-a001-02-000000008425541,SHOPPING,Z폴드4,ELIGIBLE,1100,100,100,130349
grp-a001-02-000000045023176,cmp-a001-02-000000008425541,SHOPPING,S20울트라,ELIGIBLE,50,100,100,125173
grp-a001-02-000000044108257,cmp-a001-02-000000008425541,SHOPPING,S23플러스,ELIGIBLE,50,100,100,116064
grp-a001-02-000000059820913,cmp-a001-02-000000008425541,SHOPPING,S23,ELIGIBLE,50,100,100,115560
grp-a001-02-000000070992078,cmp-a001-02-000000010164717,SHOPPING,폴드8울트라,ELIGIBLE,50,100,100,114631
grp-a001-02-000000059879687,cmp-a001-02-000000008492582,SHOPPING,17,ELIGIBLE,50,70,100,114261
grp-a001-01-000000060824082,cmp-a001-01-000000010236263,WEB_SITE,지문방지필름,PAUSED,70,100,100,112340
grp-a001-02-000000059812606,cmp-a001-02-000000010164717,SHOPPING,노트20,ELIGIBLE,50,70,100,106868
grp-a001-01-000000060604032,cmp-a001-01-000000010217616,WEB_SITE,아이폰15프로_강화유리,ELIGIBLE,70,100,100,102907
grp-a001-02-000000070992116,cmp-a001-02-000000010164717,SHOPPING,플립8,ELIGIBLE,50,100,100,102788
grp-a001-01-000000060480313,cmp-a001-01-000000010206612,WEB_SITE,S25울트라_지문방지_TPU,ELIGIBLE,70,100,105,102452
grp-a001-02-000000059824059,cmp-a001-02-000000010164717,SHOPPING,노트20울트라,ELIGIBLE,50,70,100,102367
grp-a001-02-000000059830530,cmp-a001-02-000000008492582,SHOPPING,14프로맥스,ELIGIBLE,1810,70,100,101449
grp-a001-02-000000046224017,cmp-a001-02-000000008757089,SHOPPING,01. 갤럭시탭S8_지문방지,ELIGIBLE,1390,100,100,100822
grp-a001-02-000000046437508,cmp-a001-02-000000008452546,SHOPPING,10. A16,ELIGIBLE,1300,100,100,97803
grp-a001-01-000000070513065,cmp-a001-01-000000010206612,WEB_SITE,플립8_지문방지,ELIGIBLE,70,100,100,97767
grp-a001-02-000000044300027,cmp-a001-02-000000008452546,SHOPPING,09. A23/A33,ELIGIBLE,1300,100,100,96557
grp-a001-01-000000046416699,cmp-a001-01-000000008790976,WEB_SITE,01. 종이질감_K11 LTE,ELIGIBLE,890,70,70,96293
grp-a001-02-000000059820923,cmp-a001-02-000000010164717,SHOPPING,S23울트라,ELIGIBLE,50,70,100,96252
grp-a001-02-000000059820884,cmp-a001-02-000000008425541,SHOPPING,S24,ELIGIBLE,50,100,100,95170
grp-a001-02-000000046223421,cmp-a001-02-000000008757089,SHOPPING,01. 갤럭시탭S7/FE/플러스_지문방지,ELIGIBLE,1290,100,100,94912
grp-a001-02-000000045811975,cmp-a001-02-000000008452546,SHOPPING,01. S24FE,ELIGIBLE,1350,100,100,94610
grp-a001-02-000000059821088,cmp-a001-02-000000008425541,SHOPPING,Z플립4,ELIGIBLE,1390,100,100,93481
grp-a001-02-000000044300022,cmp-a001-02-000000008452546,SHOPPING,07. A35/A25/A15,ELIGIBLE,1050,100,100,91476
grp-a001-01-000000067675781,cmp-a001-01-000000010236263,WEB_SITE,맥세이프카드지갑(이지),ELIGIBLE,70,100,100,90207
grp-a001-02-000000059822914,cmp-a001-02-000000008425541,SHOPPING,노트8,ELIGIBLE,50,100,100,89907
grp-a001-02-000000062947041,cmp-a001-02-000000008425541,SHOPPING,S26플러스,ELIGIBLE,1450,100,100,88718
grp-a001-02-000000045023993,cmp-a001-02-000000008425541,SHOPPING,S105G,ELIGIBLE,50,100,100,85928
grp-a001-02-000000059830517,cmp-a001-02-000000008492582,SHOPPING,16프로맥스,ELIGIBLE,1660,70,100,84285
grp-a001-02-000000059821962,cmp-a001-02-000000008425541,SHOPPING,Z폴드6,ELIGIBLE,50,100,100,81616
grp-a001-02-000000047076945,cmp-a001-02-000000008883255,SHOPPING,01. 갤럭시탭S8시리즈,ELIGIBLE,50,70,100,81107
grp-a001-02-000000059822251,cmp-a001-02-000000010164717,SHOPPING,S20플러스,ELIGIBLE,50,70,100,79946
grp-a001-02-000000055045417,cmp-a001-02-000000008425541,SHOPPING,S25엣지,ELIGIBLE,50,100,100,78570
grp-a001-02-000000059830952,cmp-a001-02-000000008425541,SHOPPING,Z플립7,ELIGIBLE,1000,100,100,77174
grp-a001-01-000000070136001,cmp-a001-01-000000010236263,WEB_SITE,골프버디필름(스마트스토어)_MO,ELIGIBLE,70,100,100,76939
grp-a001-01-000000060480725,cmp-a001-01-000000010206612,WEB_SITE,S23_지문방지_TPU,ELIGIBLE,70,100,105,76784
grp-a001-01-000000060480386,cmp-a001-01-000000010206612,WEB_SITE,S24_지문방지_TPU,ELIGIBLE,70,100,105,75523
grp-a001-02-000000045023177,cmp-a001-02-000000008425541,SHOPPING,S21울트라,ELIGIBLE,50,100,100,75266
grp-a001-02-000000043610925,cmp-a001-02-000000008336372,SHOPPING,02. 컨텐츠매체_02,PAUSED,500,100,100,72223
grp-a001-01-000000060481178,cmp-a001-01-000000010206612,WEB_SITE,S22울트라_지문방지_TPU,ELIGIBLE,70,100,105,71715
grp-a001-01-000000060531781,cmp-a001-01-000000010206612,WEB_SITE,플립7_지문방지,ELIGIBLE,70,100,105,70641
grp-a001-02-000000047077161,cmp-a001-02-000000008883255,SHOPPING,01. 갤럭시탭S10 시리즈,ELIGIBLE,50,70,100,69981
grp-a001-02-000000056537604,cmp-a001-02-000000008425541,SHOPPING,S25플러스,ELIGIBLE,50,100,100,69293
grp-a001-01-000000060554863,cmp-a001-01-000000010206612,WEB_SITE,폴드6_지문방지,ELIGIBLE,70,100,105,67975
grp-a001-01-000000071340947,cmp-a001-01-000000010206612,WEB_SITE,폴드8_사생활,ELIGIBLE,70,100,100,67963
grp-a001-01-000000031116306,cmp-a001-01-000000006006664,WEB_SITE,핸드폰필름,ELIGIBLE,100,70,70,67939
grp-a001-01-000000060792702,cmp-a001-01-000000010206612,WEB_SITE,S23울트라_사생활보호,ELIGIBLE,70,100,105,63894
grp-a001-01-000000060612964,cmp-a001-01-000000010206612,WEB_SITE,노트20_지문방지_TPU,ELIGIBLE,70,100,105,63337
grp-a001-02-000000054537415,cmp-a001-02-000000008425541,SHOPPING,S24플러스,ELIGIBLE,1090,100,100,61874
grp-a001-02-000000045025481,cmp-a001-02-000000008425541,SHOPPING,노트9,ELIGIBLE,50,100,100,61360
grp-a001-02-000000046224076,cmp-a001-02-000000008757089,SHOPPING,01. 갤럭시탭S10/플러스_지문방지,ELIGIBLE,1490,100,100,59572
grp-a001-02-000000043615764,cmp-a001-02-000000008336372,SHOPPING,00. 컨텐츠매체_메인 TOP25,PAUSED,500,100,100,59527
grp-a001-02-000000059820848,cmp-a001-02-000000008425541,SHOPPING,S25,ELIGIBLE,50,100,100,57967
grp-a001-02-000000059820953,cmp-a001-02-000000008425541,SHOPPING,S21,ELIGIBLE,50,100,100,57507
grp-a001-02-000000059812037,cmp-a001-02-000000010164717,SHOPPING,S20,ELIGIBLE,50,70,100,57272
grp-a001-02-000000059821023,cmp-a001-02-000000008425541,SHOPPING,S10플러스,ELIGIBLE,50,100,100,56849
grp-a001-02-000000044299955,cmp-a001-02-000000008452546,SHOPPING,03. S20FE,ELIGIBLE,1250,100,100,56660
grp-a001-02-000000043610882,cmp-a001-02-000000008336372,SHOPPING,01. 컨텐츠매체_01,PAUSED,500,100,100,56520
grp-a001-01-000000060554859,cmp-a001-01-000000010206612,WEB_SITE,폴드5_지문방지,ELIGIBLE,70,100,105,56487
grp-a001-01-000000060480315,cmp-a001-01-000000010206612,WEB_SITE,S25엣지_지문방지_TPU,ELIGIBLE,70,100,105,55145
grp-a001-02-000000059822073,cmp-a001-02-000000010164717,SHOPPING,S22울트라,ELIGIBLE,50,70,100,54558
grp-a001-01-000000060763874,cmp-a001-01-000000010206612,WEB_SITE,S25_사생활보호,ELIGIBLE,70,100,105,53095
grp-a001-01-000000060531709,cmp-a001-01-000000010206612,WEB_SITE,플립5_지문방지,ELIGIBLE,70,100,105,51015
grp-a001-02-000000070833127,cmp-a001-02-000000010907625,SHOPPING,03. Z폴드8 울트라,PAUSED,1000,70,100,50810
grp-a001-02-000000058709674,cmp-a001-02-000000008425541,SHOPPING,S9,ELIGIBLE,50,100,100,50111
grp-a001-02-000000044628749,cmp-a001-02-000000008425541,SHOPPING,02. S24_사생활✔,ELIGIBLE,50,100,100,49802
grp-a001-02-000000059819724,cmp-a001-02-000000010164717,SHOPPING,S25울트라,ELIGIBLE,50,70,100,48699
grp-a001-01-000000060763694,cmp-a001-01-000000010206612,WEB_SITE,S23_사생활보호,ELIGIBLE,70,100,105,47861
grp-a001-02-000000054536931,cmp-a001-02-000000008425541,SHOPPING,Z플립6,ELIGIBLE,1100,100,100,47103
grp-a001-02-000000059821054,cmp-a001-02-000000008425541,SHOPPING,S9플러스,ELIGIBLE,50,100,100,46716
grp-a001-02-000000045025482,cmp-a001-02-000000008425541,SHOPPING,노트10,ELIGIBLE,50,100,100,46241
grp-a001-02-000000059832490,cmp-a001-02-000000008492582,SHOPPING,15플러스,ELIGIBLE,50,70,100,46228
grp-a001-02-000000047005161,cmp-a001-02-000000008902804,SHOPPING,02. 도어락필름,ELIGIBLE,50,70,70,46105
grp-a001-02-000000059821217,cmp-a001-02-000000008425541,SHOPPING,Z플립3,ELIGIBLE,1390,100,100,46075
grp-a001-02-000000059822154,cmp-a001-02-000000010164717,SHOPPING,S22플러스,ELIGIBLE,50,70,100,44675
grp-a001-01-000000060792982,cmp-a001-01-000000010206612,WEB_SITE,S25울트라_사생활보호,ELIGIBLE,70,100,105,44174
grp-a001-01-000000060604040,cmp-a001-01-000000010217616,WEB_SITE,아이폰16프로_강화유리,ELIGIBLE,70,70,100,43007
grp-a001-02-000000059820998,cmp-a001-02-000000008425541,SHOPPING,S20플러스,ELIGIBLE,50,100,100,40970
grp-a001-01-000000062965459,cmp-a001-01-000000010206612,WEB_SITE,S26플러스_지문방지_TPU,ELIGIBLE,70,100,105,40801
grp-a001-02-000000046222157,cmp-a001-02-000000008425541,SHOPPING,"10. Z플립,폴드5/6",ELIGIBLE,550,100,100,40382
grp-a001-02-000000059821852,cmp-a001-02-000000008425541,SHOPPING,Z폴드2,ELIGIBLE,1390,100,100,40306
grp-a001-02-000000046224018,cmp-a001-02-000000008757089,SHOPPING,01. 갤럭시탭S9/울트라_지문방지,ELIGIBLE,1390,100,100,39473
grp-a001-01-000000060480649,cmp-a001-01-000000010206612,WEB_SITE,S24플러스_지문방지_TPU,ELIGIBLE,70,100,105,38561
grp-a001-02-000000058709513,cmp-a001-02-000000008425541,SHOPPING,S8,ELIGIBLE,50,100,100,37307
grp-a001-02-000000062947038,cmp-a001-02-000000008425541,SHOPPING,S26,ELIGIBLE,1200,100,100,37101
grp-a001-01-000000060481590,cmp-a001-01-000000010206612,WEB_SITE,S21울트라_지문방지_TPU,ELIGIBLE,70,100,105,36834
grp-a001-02-000000045949118,cmp-a001-02-000000008551921,SHOPPING,01. 갤럭시탭A9시리즈_종이질감,ELIGIBLE,50,100,100,36522
grp-a001-02-000000046161213,cmp-a001-02-000000008551921,SHOPPING,01. 갤럭시탭S8_종이질감,ELIGIBLE,1050,100,100,36378
grp-a001-02-000000046838302,cmp-a001-02-000000008757089,SHOPPING,01. 갤럭시탭A9/플러스_지문방지,ELIGIBLE,1490,100,100,36013
grp-a001-01-000000060480003,cmp-a001-01-000000010206612,WEB_SITE,S25_지문방지_TPU,ELIGIBLE,70,100,105,35771
grp-a001-01-000000060531711,cmp-a001-01-000000010206612,WEB_SITE,플립6_지문방지,ELIGIBLE,70,100,105,35353
grp-a001-02-000000045687119,cmp-a001-02-000000008425541,SHOPPING,Z폴드6SE,ELIGIBLE,1700,100,100,34973
grp-a001-01-000000060604015,cmp-a001-01-000000010217616,WEB_SITE,아이폰13미니_강화유리,ELIGIBLE,70,70,100,34690
grp-a001-02-000000055074537,cmp-a001-02-000000008757089,SHOPPING,01. 갤럭시탭S11,ELIGIBLE,1390,100,100,34527
grp-a001-01-000000060480727,cmp-a001-01-000000010206612,WEB_SITE,S23플러스_지문방지_TPU,ELIGIBLE,70,100,105,34275
grp-a001-02-000000046222149,cmp-a001-02-000000008425541,SHOPPING,Z폴드/플립3_힌지,ELIGIBLE,550,100,100,33942
grp-a001-01-000000060825801,cmp-a001-01-000000010236308,WEB_SITE,S9FE_종이질감,ELIGIBLE,70,100,105,33919
grp-a001-02-000000046224077,cmp-a001-02-000000008757089,SHOPPING,01. 갤럭시탭S10/울트라_지문방지,ELIGIBLE,1490,100,100,32495
grp-a001-02-000000045087060,cmp-a001-02-000000008551921,SHOPPING,01. 갤럭시탭S6_종이질감,ELIGIBLE,1050,100,100,32407
grp-a001-02-000000059823013,cmp-a001-02-000000010164717,SHOPPING,S21플러스,ELIGIBLE,50,70,100,30328
grp-a001-02-000000044300450,cmp-a001-02-000000008452546,SHOPPING,06. 53/A73,ELIGIBLE,1350,100,100,30265
grp-a001-02-000000059832150,cmp-a001-02-000000010164717,SHOPPING,플립7,ELIGIBLE,1000,70,100,29816
grp-a001-01-000000060481180,cmp-a001-01-000000010206612,WEB_SITE,S24FE_지문방지_TPU,ELIGIBLE,70,100,105,29776
grp-a001-01-000000060481114,cmp-a001-01-000000010206612,WEB_SITE,S22_지문방지_TPU,ELIGIBLE,70,100,105,29078
grp-a001-01-000000060842734,cmp-a001-01-000000010236310,WEB_SITE,에어6-7세대(13인치)_종이질감,PAUSED,70,70,70,29073
grp-a001-02-000000059822246,cmp-a001-02-000000010164717,SHOPPING,S21울트라,ELIGIBLE,50,70,100,28963
grp-a001-02-000000047076946,cmp-a001-02-000000008883255,SHOPPING,01. 갤럭시탭S9 시리즈,ELIGIBLE,50,70,100,28108
grp-a001-01-000000060604014,cmp-a001-01-000000010217616,WEB_SITE,아이폰13_강화유리,ELIGIBLE,70,70,100,27811
grp-a001-02-000000059820925,cmp-a001-02-000000010164717,SHOPPING,S23플러스,ELIGIBLE,50,70,100,26762
grp-a001-02-000000059810135,cmp-a001-02-000000010164717,SHOPPING,S23,ELIGIBLE,50,70,100,26370
grp-a001-02-000000059810410,cmp-a001-02-000000010164717,SHOPPING,S22,ELIGIBLE,50,70,100,26096
grp-a001-01-000000060548974,cmp-a001-01-000000010206612,WEB_SITE,폴드4_지문방지,ELIGIBLE,70,100,105,25700
grp-a001-01-000000060826108,cmp-a001-01-000000010236308,WEB_SITE,S11울트라_종이질감,ELIGIBLE,70,100,105,25487
grp-a001-01-000000060604043,cmp-a001-01-000000010217616,WEB_SITE,아이폰16프로맥스_강화유리,ELIGIBLE,70,70,100,25380
grp-a001-02-000000059830538,cmp-a001-02-000000008492582,SHOPPING,14,ELIGIBLE,1500,70,100,24967
grp-a001-02-000000059832332,cmp-a001-02-000000008492582,SHOPPING,15프로맥스,ELIGIBLE,50,70,100,24693
grp-a001-01-000000060824088,cmp-a001-01-000000010236263,WEB_SITE,사생활보호필름,PAUSED,70,100,100,24630
grp-a001-01-000000060784943,cmp-a001-01-000000010206612,WEB_SITE,S22울트라_사생활보호,ELIGIBLE,70,100,105,24550
grp-a001-01-000000048564412,cmp-a001-01-000000009149812,WEB_SITE,일미리케이스,ELIGIBLE,70,70,70,24416
grp-a001-02-000000046415318,cmp-a001-02-000000008790659,SHOPPING,01. 뮤패드_종이질감,ELIGIBLE,800,70,70,24226
grp-a001-01-000000060480311,cmp-a001-01-000000010206612,WEB_SITE,S25플러스_지문방지_TPU,ELIGIBLE,70,100,105,23145
grp-a001-02-000000059820931,cmp-a001-02-000000008425541,SHOPPING,S22플러스,ELIGIBLE,50,100,100,23059
grp-a001-02-000000055074671,cmp-a001-02-000000008551921,SHOPPING,01. 갤럭시탭S11_종이질감,ELIGIBLE,1100,100,100,23043
grp-a001-01-000000060826110,cmp-a001-01-000000010236308,WEB_SITE,S11_종이질감,ELIGIBLE,70,100,105,22449
grp-a001-02-000000046838304,cmp-a001-02-000000008757089,SHOPPING,01. 갤럭시탭A8_지문방지,ELIGIBLE,1490,100,100,22438
grp-a001-02-000000047076745,cmp-a001-02-000000008883255,SHOPPING,01. 갤럭시탭A9플러스,ELIGIBLE,50,70,100,22430
grp-a001-01-000000060617379,cmp-a001-01-000000010206612,WEB_SITE,A17_지문방지_TPU,ELIGIBLE,70,100,105,22155
grp-a001-01-000000060792984,cmp-a001-01-000000010206612,WEB_SITE,S25플러스_사생활보호,ELIGIBLE,70,100,105,22037
grp-a001-02-000000044299975,cmp-a001-02-000000008452546,SHOPPING,04. A55(퀀텀5),ELIGIBLE,1000,100,100,21921
grp-a001-01-000000060826103,cmp-a001-01-000000010236308,WEB_SITE,S10플러스_종이질감,ELIGIBLE,70,100,105,21734
grp-a001-01-000000060530499,cmp-a001-01-000000010206612,WEB_SITE,S25FE_지문방지_TPU,ELIGIBLE,70,100,105,21300
grp-a001-02-000000044108615,cmp-a001-02-000000008425541,SHOPPING,S22,ELIGIBLE,50,100,100,20963
grp-a001-02-000000059830547,cmp-a001-02-000000008492582,SHOPPING,16플러스,ELIGIBLE,1500,70,100,20905
grp-a001-02-000000043610930,cmp-a001-02-000000008336372,SHOPPING,03. 컨텐츠매체_03,PAUSED,500,70,70,20902
grp-a001-01-000000060612844,cmp-a001-01-000000010206612,WEB_SITE,A16_지문방지_TPU,ELIGIBLE,70,100,105,20292
grp-a001-01-000000060823525,cmp-a001-01-000000010236263,WEB_SITE,골프버디필름(스마트스토어)_PC,ELIGIBLE,70,100,100,20062
grp-a001-01-000000060610039,cmp-a001-01-000000010206612,WEB_SITE,노트10플러스_지문방지_TPU,ELIGIBLE,70,100,105,19889
grp-a001-02-000000059820721,cmp-a001-02-000000010164717,SHOPPING,S24울트라,ELIGIBLE,50,70,100,19797
grp-a001-01-000000060604022,cmp-a001-01-000000010217616,WEB_SITE,아이폰14프로_강화유리,ELIGIBLE,70,70,100,19699
grp-a001-01-000000060604017,cmp-a001-01-000000010217616,WEB_SITE,아이폰13프로_강화유리,ELIGIBLE,70,70,100,19659
grp-a001-01-000000060823768,cmp-a001-01-000000010236263,WEB_SITE,셀카봉,ELIGIBLE,70,70,70,19287
grp-a001-01-000000060792983,cmp-a001-01-000000010206612,WEB_SITE,S24울트라_사생활보호,ELIGIBLE,70,100,105,19214
grp-a001-01-000000060603885,cmp-a001-01-000000010217616,WEB_SITE,아이폰17_사생활보호,ELIGIBLE,70,70,100,17930
grp-a001-02-000000059820722,cmp-a001-02-000000010164717,SHOPPING,S24플러스,ELIGIBLE,50,70,100,17929
grp-a001-02-000000053481812,cmp-a001-02-000000008869872,SHOPPING,01. 아이패드 10세대 10.9인치,ELIGIBLE,1490,70,70,17816
grp-a001-02-000000059809116,cmp-a001-02-000000010164717,SHOPPING,S24,ELIGIBLE,50,70,100,17675
grp-a001-02-000000044744111,cmp-a001-02-000000008514959,SHOPPING,08. 아이폰11 시리즈,PAUSED,1550,70,100,17531
grp-a001-02-000000059821015,cmp-a001-02-000000008425541,SHOPPING,S10,ELIGIBLE,50,100,100,17363
grp-a001-02-000000065140028,cmp-a001-02-000000008514959,SHOPPING,17E,PAUSED,1400,70,100,16951
grp-a001-01-000000060784944,cmp-a001-01-000000010206612,WEB_SITE,S23플러스_사생활보호,ELIGIBLE,70,100,105,16828
grp-a001-02-000000070833126,cmp-a001-02-000000010907625,SHOPPING,02. Z폴드8 와이드,PAUSED,1000,70,100,16590
grp-a001-01-000000060489686,cmp-a001-01-000000010206612,WEB_SITE,S20울트라_지문방지_TPU,ELIGIBLE,70,100,105,16232
grp-a001-02-000000054212607,cmp-a001-02-000000008336372,SHOPPING,05. 컨텐츠매체_05,PAUSED,500,70,70,16218
grp-a001-02-000000055116659,cmp-a001-02-000000008339814,SHOPPING,벌크1,ELIGIBLE,500,70,70,16010
grp-a001-02-000000044825994,cmp-a001-02-000000008514959,SHOPPING,02. 아이폰16 시리즈,PAUSED,1660,70,100,15645
grp-a001-01-000000060481589,cmp-a001-01-000000010206612,WEB_SITE,S21플러스_지문방지_TPU,ELIGIBLE,70,100,105,15515
grp-a001-01-000000060842559,cmp-a001-01-000000010236310,WEB_SITE,프로3-4-5-6세대(12.9인치)_종이질감,PAUSED,70,70,70,15445
grp-a001-01-000000060604029,cmp-a001-01-000000010217616,WEB_SITE,아이폰15_강화유리,ELIGIBLE,70,70,100,15282
grp-a001-02-000000059821034,cmp-a001-02-000000008425541,SHOPPING,S10E,ELIGIBLE,50,100,100,15138
grp-a001-01-000000060826106,cmp-a001-01-000000010236308,WEB_SITE,S10FE플러스_종이질감,ELIGIBLE,70,100,105,14984
grp-a001-02-000000055087285,cmp-a001-02-000000008883255,SHOPPING,01. 갤럭시탭S11,ELIGIBLE,1000,70,100,14924
grp-a001-02-000000044300513,cmp-a001-02-000000008452546,SHOPPING,05. A54(퀀텀4),ELIGIBLE,1200,100,100,14893
grp-a001-01-000000046416701,cmp-a001-01-000000008790976,WEB_SITE,01. 종이질감_K13 OLED,ELIGIBLE,890,70,70,14717
grp-a001-01-000000060784942,cmp-a001-01-000000010206612,WEB_SITE,S22플러스_사생활보호,ELIGIBLE,70,100,105,14459
grp-a001-01-000000060763875,cmp-a001-01-000000010206612,WEB_SITE,노트20_사생활보호,ELIGIBLE,70,100,105,14174
grp-a001-02-000000052350984,cmp-a001-02-000000008336372,SHOPPING,04. 컨텐츠매체_04,PAUSED,500,70,70,13670
grp-a001-01-000000060481591,cmp-a001-01-000000010206612,WEB_SITE,S20플러스_지문방지_TPU,ELIGIBLE,70,100,105,13421
grp-a001-02-000000059820960,cmp-a001-02-000000008425541,SHOPPING,S21플러스,ELIGIBLE,50,100,100,13087
grp-a001-02-000000059819800,cmp-a001-02-000000010164717,SHOPPING,S25엣지,ELIGIBLE,50,70,100,13078
grp-a001-02-000000047076722,cmp-a001-02-000000008883273,SHOPPING,01. 아이패드에어4/5세대10.9인치,ELIGIBLE,50,70,70,12971
grp-a001-01-000000060825798,cmp-a001-01-000000010236308,WEB_SITE,S9플러스_종이질감,ELIGIBLE,70,100,105,12856
grp-a001-01-000000060610033,cmp-a001-01-000000010206612,WEB_SITE,노트9_지문방지_TPU,ELIGIBLE,70,100,105,12762
grp-a001-01-000000060825799,cmp-a001-01-000000010236308,WEB_SITE,S9_종이질감,ELIGIBLE,70,100,105,12532
grp-a001-01-000000060826107,cmp-a001-01-000000010236308,WEB_SITE,S10FE_종이질감,ELIGIBLE,70,100,105,12383
grp-a001-02-000000059822273,cmp-a001-02-000000010164717,SHOPPING,S20울트라,ELIGIBLE,50,70,100,12375
grp-a001-01-000000060531710,cmp-a001-01-000000010206612,WEB_SITE,플립4_지문방지,ELIGIBLE,70,100,105,12236
grp-a001-01-000000060612114,cmp-a001-01-000000010206612,WEB_SITE,S10_지문방지_TPU,ELIGIBLE,70,100,105,12201
grp-a001-01-000000060825802,cmp-a001-01-000000010236308,WEB_SITE,S10울트라_종이질감,ELIGIBLE,70,100,105,12064
grp-a001-02-000000059808403,cmp-a001-02-000000010164717,SHOPPING,S25,ELIGIBLE,50,70,100,11949
grp-a001-01-000000060481115,cmp-a001-01-000000010206612,WEB_SITE,S22플러스_지문방지_TPU,ELIGIBLE,70,100,105,11837
grp-a001-01-000000060824936,cmp-a001-01-000000010236308,WEB_SITE,A9플러스_종이질감,ELIGIBLE,70,100,105,11790
grp-a001-01-000000060617381,cmp-a001-01-000000010206612,WEB_SITE,노트20울트라_지문방지_TPU,ELIGIBLE,70,100,105,11778
grp-a001-01-000000060841577,cmp-a001-01-000000010236310,WEB_SITE,미니6-7세대(8.3인치)_6H BLC,PAUSED,70,70,70,11710
grp-a001-01-000000060610036,cmp-a001-01-000000010206612,WEB_SITE,노트10_지문방지_TPU,ELIGIBLE,70,100,105,11608
grp-a001-01-000000046416698,cmp-a001-01-000000008790976,WEB_SITE,01. 종이질감_K10 플러스,ELIGIBLE,890,70,70,11187
grp-a001-02-000000059821874,cmp-a001-02-000000008425541,SHOPPING,Z폴드3,ELIGIBLE,1390,100,100,11106
grp-a001-01-000000060841584,cmp-a001-01-000000010236310,WEB_SITE,프로3-4-5세대(11인치)_종이질감,PAUSED,70,70,70,11037
grp-a001-01-000000060610042,cmp-a001-01-000000010206612,WEB_SITE,A23_지문방지_TPU,ELIGIBLE,70,100,105,10319
grp-a001-01-000000060554861,cmp-a001-01-000000010206612,WEB_SITE,폴드SE_지문방지,ELIGIBLE,70,100,105,10257
grp-a001-01-000000060604025,cmp-a001-01-000000010217616,WEB_SITE,아이폰14프로맥스_강화유리,ELIGIBLE,70,70,100,9916
grp-a001-02-000000055116682,cmp-a001-02-000000008339814,SHOPPING,벌크5,ELIGIBLE,500,70,70,9381
grp-a001-01-000000060548659,cmp-a001-01-000000010206612,WEB_SITE,폴드2_지문방지,ELIGIBLE,70,100,105,9378
grp-a001-02-000000061878144,cmp-a001-02-000000008336372,SHOPPING,06. 컨텐츠매체_06,PAUSED,500,70,70,9265
grp-a001-02-000000059830552,cmp-a001-02-000000008492582,SHOPPING,14플러스,ELIGIBLE,1650,70,100,9091
grp-a001-02-000000058709325,cmp-a001-02-000000008514959,SHOPPING,"11. 아이폰7,8",PAUSED,50,70,100,8642
grp-a001-02-000000047076159,cmp-a001-02-000000008883273,SHOPPING,01. 아이패드미니6/7세대8.3인치,ELIGIBLE,50,70,70,8625
grp-a001-01-000000060481588,cmp-a001-01-000000010206612,WEB_SITE,S21_지문방지_TPU,ELIGIBLE,70,100,105,8466
grp-a001-02-000000044743918,cmp-a001-02-000000008514959,SHOPPING,07. 아이폰12 시리즈,PAUSED,1550,70,100,8114
grp-a001-01-000000060763876,cmp-a001-01-000000010206612,WEB_SITE,S25엣지_사생활보호,ELIGIBLE,70,100,105,8090
grp-a001-01-000000060763483,cmp-a001-01-000000010206612,WEB_SITE,S21_사생활보호,ELIGIBLE,70,100,105,8018
grp-a001-01-000000060825707,cmp-a001-01-000000010236308,WEB_SITE,S8울트라_종이질감,ELIGIBLE,70,100,105,7590
grp-a001-01-000000060825657,cmp-a001-01-000000010236308,WEB_SITE,S6_종이질감,ELIGIBLE,70,100,105,7426
grp-a001-02-000000059811691,cmp-a001-02-000000010164717,SHOPPING,S25플러스,ELIGIBLE,50,70,100,7358
grp-a001-01-000000060825796,cmp-a001-01-000000010236308,WEB_SITE,S8_종이질감,ELIGIBLE,70,100,105,7117
grp-a001-01-000000060842566,cmp-a001-01-000000010236310,WEB_SITE,에어4-5세대(10.9인치)_종이질감,PAUSED,70,70,70,6954
grp-a001-01-000000060604039,cmp-a001-01-000000010217616,WEB_SITE,아이폰16_강화유리,ELIGIBLE,70,70,100,6924
grp-a001-01-000000060548667,cmp-a001-01-000000010206612,WEB_SITE,폴드3_지문방지,ELIGIBLE,70,100,105,6851
grp-a001-01-000000060825704,cmp-a001-01-000000010236308,WEB_SITE,S7플러스_종이질감,ELIGIBLE,70,100,105,6843
grp-a001-01-000000060763689,cmp-a001-01-000000010206612,WEB_SITE,S22_사생활보호,ELIGIBLE,70,100,105,6698
grp-a001-02-000000044744526,cmp-a001-02-000000008514959,SHOPPING,10. 아이폰 SE2/SE3,PAUSED,1500,70,100,6658
grp-a001-01-000000060825706,cmp-a001-01-000000010236308,WEB_SITE,S7FE_종이질감,ELIGIBLE,70,100,105,6582
grp-a001-02-000000059821232,cmp-a001-02-000000008425541,SHOPPING,Z플립2,ELIGIBLE,1390,100,100,6570
grp-a001-01-000000043935093,cmp-a001-01-000000006006664,WEB_SITE,골프필름,ELIGIBLE,100,70,70,6476
grp-a001-01-000000060763718,cmp-a001-01-000000010206612,WEB_SITE,S24_사생활보호,ELIGIBLE,70,100,105,6178
grp-a001-01-000000060489568,cmp-a001-01-000000010206612,WEB_SITE,S20_지문방지_TPU,ELIGIBLE,70,100,105,6134
grp-a001-02-000000059829962,cmp-a001-02-000000010166367,SHOPPING,노트20,ELIGIBLE,50,70,70,6106
grp-a001-01-000000060481584,cmp-a001-01-000000010206612,WEB_SITE,S23FE_지문방지_TPU,ELIGIBLE,70,100,105,5969
grp-a001-02-000000059832344,cmp-a001-02-000000008492582,SHOPPING,13프로맥스,ELIGIBLE,50,70,100,5966
grp-a001-01-000000046416702,cmp-a001-01-000000008790976,WEB_SITE,01. 종이질감_P11/GS10/RS10/10,ELIGIBLE,590,70,70,5750
grp-a001-02-000000046072248,cmp-a001-02-000000008723288,SHOPPING,02. 아이폰16,ELIGIBLE,1350,70,70,5688
grp-a001-01-000000060792990,cmp-a001-01-000000010217616,WEB_SITE,아이폰15프로_사생활보호,PAUSED,70,70,100,5543
grp-a001-01-000000060792987,cmp-a001-01-000000010217616,WEB_SITE,아이폰17프로_사생활보호,ELIGIBLE,70,70,100,5538
grp-a001-02-000000047076723,cmp-a001-02-000000008883273,SHOPPING,01. 아이패드10세대10.9인치,ELIGIBLE,50,70,70,5527
grp-a001-01-000000060531708,cmp-a001-01-000000010206612,WEB_SITE,플립3_지문방지,ELIGIBLE,70,100,105,5507
grp-a001-02-000000070833125,cmp-a001-02-000000010907625,SHOPPING,01. Z플립8,PAUSED,1000,70,100,5478
grp-a001-01-000000060612115,cmp-a001-01-000000010206612,WEB_SITE,S8_지문방지_TPU,ELIGIBLE,70,100,105,5467
grp-a001-01-000000060765092,cmp-a001-01-000000010206612,WEB_SITE,S21울트라_사생활보호,ELIGIBLE,70,100,105,5417
grp-a001-01-000000060604020,cmp-a001-01-000000010217616,WEB_SITE,아이폰14_강화유리,ELIGIBLE,70,70,100,5382
grp-a001-01-000000060610047,cmp-a001-01-000000010206612,WEB_SITE,A24_지문방지_TPU,ELIGIBLE,70,100,105,5381
grp-a001-02-000000046415341,cmp-a001-02-000000008790659,SHOPPING,01. 뮤패드_지문방지,ELIGIBLE,800,70,70,5342
grp-a001-01-000000060792703,cmp-a001-01-000000010206612,WEB_SITE,S24플러스_사생활보호,ELIGIBLE,70,100,105,5255
grp-a001-01-000000060604037,cmp-a001-01-000000010217616,WEB_SITE,아이폰15플러스_강화유리,ELIGIBLE,70,70,100,5025
grp-a001-01-000000060489687,cmp-a001-01-000000010206612,WEB_SITE,S20FE_지문방지_TPU,ELIGIBLE,70,100,105,4973
grp-a001-01-000000060825794,cmp-a001-01-000000010236308,WEB_SITE,S8플러스_종이질감,ELIGIBLE,70,100,105,4922
grp-a001-02-000000054617822,cmp-a001-02-000000009793536,SHOPPING,01. 강화유리,PAUSED,50,100,100,4814
grp-a001-01-000000060843314,cmp-a001-01-000000010236308,WEB_SITE,S8플러스_6H BLC,ELIGIBLE,70,100,105,4792
grp-a001-01-000000060612841,cmp-a001-01-000000010206612,WEB_SITE,S105G_지문방지_TPU,ELIGIBLE,70,100,105,4755
grp-a001-02-000000059832147,cmp-a001-02-000000010164717,SHOPPING,폴드7,ELIGIBLE,50,70,100,4733
grp-a001-01-000000060765091,cmp-a001-01-000000010206612,WEB_SITE,S21플러스_사생활보호,ELIGIBLE,70,100,105,4518
grp-a001-01-000000060809909,cmp-a001-01-000000010206612,WEB_SITE,노트20울트라_사생활보호,ELIGIBLE,70,100,105,4326
grp-a001-02-000000059252905,cmp-a001-02-000000008425541,SHOPPING,99. 플립2,ELIGIBLE,1310,100,100,4264
grp-a001-01-000000060825797,cmp-a001-01-000000010236308,WEB_SITE,S9울트라_종이질감,ELIGIBLE,70,100,105,4246
grp-a001-01-000000060531082,cmp-a001-01-000000010206612,WEB_SITE,플립2_지문방지,ELIGIBLE,70,100,105,4180
grp-a001-01-000000060825656,cmp-a001-01-000000010236308,WEB_SITE,S6라이트_종이질감,ELIGIBLE,70,100,105,4163
grp-a001-01-000000071340970,cmp-a001-01-000000010206612,WEB_SITE,플립8_사생활,ELIGIBLE,70,100,100,4149
grp-a001-01-000000060843278,cmp-a001-01-000000010236308,WEB_SITE,S10FE플러스_6H BLC,ELIGIBLE,70,100,105,4036
grp-a001-01-000000060841583,cmp-a001-01-000000010236310,WEB_SITE,10세대(10.9인치)_종이질감,PAUSED,70,70,70,4011
grp-a001-01-000000060763877,cmp-a001-01-000000010206612,WEB_SITE,S20_사생활보호,ELIGIBLE,70,100,105,3993
grp-a001-01-000000060824935,cmp-a001-01-000000010236308,WEB_SITE,A8(2022)_종이질감,ELIGIBLE,70,100,105,3986
grp-a001-01-000000060613249,cmp-a001-01-000000010206612,WEB_SITE,A34_지문방지_TPU,ELIGIBLE,70,100,105,3985
grp-a001-01-000000060841581,cmp-a001-01-000000010236310,WEB_SITE,프로3-4-5-6세대(12.9인치)_6H BLC,PAUSED,70,70,70,3909
grp-a001-02-000000044490484,cmp-a001-02-000000008425541,SHOPPING,Z플립5,ELIGIBLE,1100,100,100,3846
grp-a001-01-000000060843263,cmp-a001-01-000000010236308,WEB_SITE,S10플러스_6H BLC,ELIGIBLE,70,100,105,3684
grp-a001-01-000000060825655,cmp-a001-01-000000010236308,WEB_SITE,S5e_종이질감,ELIGIBLE,70,100,105,3594
grp-a001-01-000000060841582,cmp-a001-01-000000010236310,WEB_SITE,7-8-9세대(10.2인치)_종이질감,PAUSED,70,70,70,3583
grp-a001-01-000000060825705,cmp-a001-01-000000010236308,WEB_SITE,S7_종이질감,ELIGIBLE,70,100,105,3543
grp-a001-02-000000055116677,cmp-a001-02-000000008339814,SHOPPING,벌크4,ELIGIBLE,500,70,70,3494
grp-a001-01-000000060843107,cmp-a001-01-000000010236308,WEB_SITE,S11울트라_6H BLC,ELIGIBLE,70,100,105,3393
grp-a001-01-000000060613246,cmp-a001-01-000000010206612,WEB_SITE,A55_지문방지_TPU,ELIGIBLE,70,100,105,3341
grp-a001-01-000000060792994,cmp-a001-01-000000010217616,WEB_SITE,아이폰15프로맥스_사생활보호,PAUSED,70,70,100,3306
grp-a001-01-000000060825654,cmp-a001-01-000000010236308,WEB_SITE,A9_종이질감,ELIGIBLE,70,100,105,3277
grp-a001-02-000000047076737,cmp-a001-02-000000008883273,SHOPPING,01. 아이패드프로7세대11/13인치,ELIGIBLE,50,70,70,3098
grp-a001-01-000000060609365,cmp-a001-01-000000010206612,WEB_SITE,노트8_지문방지_TPU,ELIGIBLE,70,100,105,3037
grp-a001-02-000000059828242,cmp-a001-02-000000010166367,SHOPPING,S25울트라,ELIGIBLE,50,70,70,3022
grp-a001-02-000000046126373,cmp-a001-02-000000008740796,SHOPPING,01. 아이패드7-8-9세대_10.2인치,ELIGIBLE,1390,70,70,3010
grp-a001-01-000000060796465,cmp-a001-01-000000010217616,WEB_SITE,아이폰13프로맥스_사생활보호,ELIGIBLE,70,70,100,2947
grp-a001-01-000000060613245,cmp-a001-01-000000010206612,WEB_SITE,A54_지문방지_TPU,ELIGIBLE,70,100,105,2925
grp-a001-01-000000060612843,cmp-a001-01-000000010206612,WEB_SITE,S9_지문방지_TPU,ELIGIBLE,70,100,105,2911
grp-a001-01-000000060764713,cmp-a001-01-000000010217616,WEB_SITE,아이폰15_사생활보호,ELIGIBLE,70,70,100,2878
grp-a001-02-000000047076738,cmp-a001-02-000000008883273,SHOPPING,01. 아이패드프로3/4/5/6세대11/12.9인치,ELIGIBLE,50,70,70,2862
grp-a001-01-000000060792991,cmp-a001-01-000000010217616,WEB_SITE,아이폰17프로맥스_사생활보호,ELIGIBLE,70,70,100,2824
grp-a001-02-000000055116668,cmp-a001-02-000000008339814,SHOPPING,벌크2,ELIGIBLE,500,70,70,2753
grp-a001-02-000000044743917,cmp-a001-02-000000008514959,SHOPPING,05. 아이폰14 시리즈,PAUSED,1590,70,100,2709
grp-a001-01-000000060824882,cmp-a001-01-000000010236308,WEB_SITE,A7_종이질감,ELIGIBLE,70,100,105,2647
grp-a001-02-000000046126256,cmp-a001-02-000000008740796,SHOPPING,01. 아이패드프로_3-4-5-6세대_11인치,ELIGIBLE,1290,70,70,2603
grp-a001-02-000000059826628,cmp-a001-02-000000008425541,SHOPPING,노트10플러스,ELIGIBLE,50,100,100,2580
grp-a001-02-000000055116672,cmp-a001-02-000000008339814,SHOPPING,벌크3,ELIGIBLE,500,70,70,2546
grp-a001-01-000000060613247,cmp-a001-01-000000010206612,WEB_SITE,A25_지문방지_TPU,ELIGIBLE,70,100,105,2534
grp-a001-02-000000045448744,cmp-a001-02-000000008425541,SHOPPING,10. Z폴드2/3,ELIGIBLE,1700,100,100,2525
grp-a001-01-000000060792992,cmp-a001-01-000000010217616,WEB_SITE,아이폰16프로_사생활보호,ELIGIBLE,70,70,100,2524
grp-a001-01-000000060604013,cmp-a001-01-000000010217616,WEB_SITE,아이폰12프로맥스_강화유리,ELIGIBLE,70,70,100,2511
grp-a001-02-000000044743916,cmp-a001-02-000000008514959,SHOPPING,03. 아이폰15 시리즈,PAUSED,1450,70,100,2483
grp-a001-02-000000054282282,cmp-a001-02-000000009577882,SHOPPING,10. 충전기,ELIGIBLE,50,70,70,2406
grp-a001-01-000000060825800,cmp-a001-01-000000010236308,WEB_SITE,S9FE플러스_종이질감,ELIGIBLE,70,100,105,2383
grp-a001-01-000000060612110,cmp-a001-01-000000010206612,WEB_SITE,S10플러스_지문방지_TPU,ELIGIBLE,70,100,105,2374
grp-a001-01-000000060842824,cmp-a001-01-000000010236310,WEB_SITE,에어6-7세대(13인치)_6H BLC,PAUSED,70,70,70,2368
grp-a001-01-000000060603891,cmp-a001-01-000000010217616,WEB_SITE,아이폰17프로맥스_강화유리,ELIGIBLE,70,70,100,2319
grp-a001-02-000000055116686,cmp-a001-02-000000008339814,SHOPPING,벌크6,ELIGIBLE,500,70,70,2314
grp-a001-02-000000044603942,cmp-a001-02-000000008492582,SHOPPING,13프로,ELIGIBLE,1150,70,100,2245
grp-a001-01-000000060604011,cmp-a001-01-000000010217616,WEB_SITE,아이폰12프로_강화유리,ELIGIBLE,70,70,100,2239
grp-a001-02-000000059827137,cmp-a001-02-000000010166367,SHOPPING,S24,ELIGIBLE,50,70,70,2210
grp-a001-02-000000059817936,cmp-a001-02-000000010164717,SHOPPING,S21,ELIGIBLE,50,70,100,2200
grp-a001-01-000000060792988,cmp-a001-01-000000010217616,WEB_SITE,아이폰에어_사생활보호,ELIGIBLE,70,70,100,2159
grp-a001-01-000000060824932,cmp-a001-01-000000010236308,WEB_SITE,A7라이트_종이질감,ELIGIBLE,70,100,105,2078
grp-a001-02-000000044744110,cmp-a001-02-000000008514959,SHOPPING,09. 아이폰X 시리즈,PAUSED,1500,70,100,2077
grp-a001-02-000000046126151,cmp-a001-02-000000008740796,SHOPPING,01. 아이패드에어_4-5세대_10.9인치,ELIGIBLE,1290,70,70,2057
grp-a001-01-000000060603888,cmp-a001-01-000000010217616,WEB_SITE,아이폰17에어_강화유리,ELIGIBLE,70,70,100,1924
grp-a001-01-000000060841580,cmp-a001-01-000000010236310,WEB_SITE,프로3-4-5세대(11인치)_6H BLC,PAUSED,70,70,70,1887
grp-a001-01-000000060765090,cmp-a001-01-000000010206612,WEB_SITE,S20플러스_사생활보호,ELIGIBLE,70,100,105,1862
grp-a001-01-000000060613254,cmp-a001-01-000000010206612,WEB_SITE,A35_지문방지_TPU,ELIGIBLE,70,100,105,1856
grp-a001-01-000000060842564,cmp-a001-01-000000010236310,WEB_SITE,프로M47세대(13인치)_종이질감,PAUSED,70,70,70,1819
grp-a001-02-000000059830521,cmp-a001-02-000000008492582,SHOPPING,16,ELIGIBLE,1500,70,100,1811
grp-a001-02-000000046838305,cmp-a001-02-000000008757089,SHOPPING,01. 갤럭시탭A7/라이트_지문방지,ELIGIBLE,1390,100,100,1723
grp-a001-02-000000046074559,cmp-a001-02-000000008723288,SHOPPING,06. 아이폰12,ELIGIBLE,2000,70,70,1688
grp-a001-01-000000060843258,cmp-a001-01-000000010236308,WEB_SITE,S11_6H BLC,ELIGIBLE,70,100,105,1672
grp-a001-01-000000060843410,cmp-a001-01-000000010236308,WEB_SITE,A9플러스_6H BLC,ELIGIBLE,70,100,105,1621
grp-a001-02-000000053482203,cmp-a001-02-000000008869872,SHOPPING,09. 아이패드 에어 45세대 10.9인치,ELIGIBLE,1490,70,70,1581
grp-a001-01-000000060843279,cmp-a001-01-000000010236308,WEB_SITE,S9_6H BLC,ELIGIBLE,70,100,105,1534
grp-a001-02-000000046161215,cmp-a001-02-000000008551921,SHOPPING,01. 갤럭시탭S7_종이질감,ELIGIBLE,1050,100,100,1534
grp-a001-02-000000047076131,cmp-a001-02-000000008883273,SHOPPING,"01. 아이패드에어6,7세대11인치",ELIGIBLE,50,70,70,1532
grp-a001-01-000000060841575,cmp-a001-01-000000010236310,WEB_SITE,에어6-7세대(11인치)_6H BLC,PAUSED,70,70,70,1505
grp-a001-02-000000049354013,cmp-a001-02-000000008883273,SHOPPING,"01. 아이패드에어6,7세대 13인치",ELIGIBLE,1090,70,70,1484
grp-a001-01-000000060531067,cmp-a001-01-000000010206612,WEB_SITE,플립1_지문방지,ELIGIBLE,70,100,105,1439
grp-a001-01-000000060604044,cmp-a001-01-000000010217616,WEB_SITE,아이폰16플러스_강화유리,ELIGIBLE,70,70,100,1358
grp-a001-02-000000046126176,cmp-a001-02-000000008740796,SHOPPING,01. 아이패드프로_7세대_13인치,ELIGIBLE,1390,70,70,1338
grp-a001-02-000000049350416,cmp-a001-02-000000008883273,SHOPPING,01. 아이패드프로3~6세대11인치,ELIGIBLE,50,70,70,1337
grp-a001-02-000000046125983,cmp-a001-02-000000008740796,SHOPPING,01. 아이패드에어_6-7세대_11인치,ELIGIBLE,1390,70,70,1290
grp-a001-02-000000044952305,cmp-a001-02-000000008551921,SHOPPING,01. 갤럭시탭_종이질감_BULK,ELIGIBLE,500,100,100,1270
grp-a001-02-000000059832206,cmp-a001-02-000000008492582,SHOPPING,12프로맥스,ELIGIBLE,50,70,100,1210
grp-a001-01-000000060604019,cmp-a001-01-000000010217616,WEB_SITE,아이폰13프로맥스_강화유리,ELIGIBLE,70,70,100,1206
grp-a001-02-000000053481892,cmp-a001-02-000000008869872,SHOPPING,03. 아이패드 프로 7세대 13인치,ELIGIBLE,1490,70,70,1155
grp-a001-02-000000046072554,cmp-a001-02-000000008723288,SHOPPING,04. 아이폰14,ELIGIBLE,1350,70,70,1076
grp-a001-01-000000060612842,cmp-a001-01-000000010206612,WEB_SITE,S8플러스_지문방지_TPU,ELIGIBLE,70,100,105,1052
grp-a001-01-000000060612109,cmp-a001-01-000000010206612,WEB_SITE,S10E_지문방지_TPU,ELIGIBLE,70,100,105,1014
grp-a001-01-000000060764711,cmp-a001-01-000000010217616,WEB_SITE,아이폰16_사생활보호,ELIGIBLE,70,70,100,1014
grp-a001-02-000000059880038,cmp-a001-02-000000008492582,SHOPPING,17에어,ELIGIBLE,50,70,100,936
grp-a001-01-000000060843265,cmp-a001-01-000000010236308,WEB_SITE,S10FE_6H BLC,ELIGIBLE,70,100,105,935
grp-a001-01-000000060610050,cmp-a001-01-000000010206612,WEB_SITE,A33_지문방지_TPU,ELIGIBLE,70,100,105,917
grp-a001-02-000000053481974,cmp-a001-02-000000008869872,SHOPPING,05. 아이패드 프로 3456세대 12.9인치,ELIGIBLE,1490,70,70,908
grp-a001-01-000000060843409,cmp-a001-01-000000010236308,WEB_SITE,A9_6H BLC,ELIGIBLE,70,100,105,882
grp-a001-01-000000060792989,cmp-a001-01-000000010217616,WEB_SITE,아이폰16프로맥스_사생활보호,ELIGIBLE,70,70,100,864
grp-a001-01-000000060843281,cmp-a001-01-000000010236308,WEB_SITE,S9플러스_6H BLC,ELIGIBLE,70,100,105,765
grp-a001-02-000000052819145,cmp-a001-02-000000009577882,SHOPPING,00. Z플립폴드7,ELIGIBLE,1500,70,70,765
grp-a001-02-000000059828469,cmp-a001-02-000000010166367,SHOPPING,S24울트라,ELIGIBLE,50,70,70,760
grp-a001-01-000000060843310,cmp-a001-01-000000010236308,WEB_SITE,S9FE_6H BLC,ELIGIBLE,70,100,105,748
grp-a001-02-000000059827296,cmp-a001-02-000000010166367,SHOPPING,S23,ELIGIBLE,50,70,70,745
grp-a001-01-000000060841579,cmp-a001-01-000000010236310,WEB_SITE,프로M47세대(13인치)_6H BLC,PAUSED,70,70,70,706
grp-a001-01-000000060841229,cmp-a001-01-000000010236310,WEB_SITE,프로M47세대(11인치)_6H BLC,PAUSED,70,70,70,694
grp-a001-01-000000060843311,cmp-a001-01-000000010236308,WEB_SITE,S9FE플러스_6H BLC,ELIGIBLE,70,100,105,618
grp-a001-01-000000060868358,cmp-a001-01-000000010217616,WEB_SITE,아이폰SE3_지문방지,ELIGIBLE,70,70,100,611
grp-a001-01-000000060796551,cmp-a001-01-000000010217616,WEB_SITE,아이폰13미니_사생활보호(품절),ELIGIBLE,70,70,100,533
grp-a001-02-000000052193613,cmp-a001-02-000000009577882,SHOPPING,03. 아이폰_13,ELIGIBLE,800,70,70,462
grp-a001-02-000000052193617,cmp-a001-02-000000009577882,SHOPPING,04. 아이폰_14,ELIGIBLE,800,70,70,434
grp-a001-02-000000059828556,cmp-a001-02-000000010166367,SHOPPING,S24플러스,ELIGIBLE,50,70,70,422
grp-a001-02-000000054608016,cmp-a001-02-000000009577882,SHOPPING,00. 아이폰_17 맥세이프,ELIGIBLE,500,70,70,385
grp-a001-02-000000052193550,cmp-a001-02-000000009577882,SHOPPING,01. 갤럭시_S25,ELIGIBLE,800,70,70,371
grp-a001-02-000000063096531,cmp-a001-02-000000010344692,SHOPPING,TEST,ELIGIBLE,300,70,70,110
grp-a001-02-000000045329157,cmp-a001-02-000000008551921,SHOPPING,01. 갤럭시탭S10_종이질감,ELIGIBLE,50,100,100,55
grp-a001-01-000000031185769,cmp-a001-01-000000005314376,WEB_SITE,00. 지문방지필름,PAUSED,500,70,70,0
grp-a001-01-000000031185770,cmp-a001-01-000000005314376,WEB_SITE,00. 강화유리필름,PAUSED,500,70,70,0
grp-a001-01-000000031185773,cmp-a001-01-000000005314376,WEB_SITE,01. 갤럭시,PAUSED,500,70,70,0
grp-a001-01-000000031186567,cmp-a001-01-000000005314376,WEB_SITE,02. 아이폰_카메라,PAUSED,500,70,70,0
grp-a001-01-000000032824322,cmp-a001-01-000000005314376,WEB_SITE,51 거치대,PAUSED,500,70,70,0
grp-a001-01-000000032895324,cmp-a001-01-000000005314376,WEB_SITE,52 충전기,PAUSED,500,70,70,0
grp-a001-01-000000037423624,cmp-a001-01-000000005314376,WEB_SITE,00. 일반필름,PAUSED,500,70,70,0
grp-a001-01-000000037423628,cmp-a001-01-000000005314376,WEB_SITE,00. 사생활보호필름,PAUSED,500,70,70,0
grp-a001-01-000000037423632,cmp-a001-01-000000005314376,WEB_SITE,02. 아이폰_맥세이프케이스,PAUSED,500,70,70,0
grp-a001-01-000000037423635,cmp-a001-01-000000005314376,WEB_SITE,01. 갤럭시폴드,PAUSED,500,70,70,0
grp-a001-01-000000037423636,cmp-a001-01-000000005314376,WEB_SITE,01. 갤럭시플립,PAUSED,500,70,70,0
grp-a001-01-000000037842041,cmp-a001-01-000000005314376,WEB_SITE,02. 아이폰15,PAUSED,500,70,70,0
grp-a001-01-000000038769329,cmp-a001-01-000000005314376,WEB_SITE,02. 아이폰12,PAUSED,500,70,70,0
grp-a001-01-000000038769330,cmp-a001-01-000000005314376,WEB_SITE,02. 아이폰13,PAUSED,500,70,70,0
grp-a001-01-000000038769331,cmp-a001-01-000000005314376,WEB_SITE,02. 아이폰14,PAUSED,500,70,70,0
grp-a001-01-000000038769333,cmp-a001-01-000000005314376,WEB_SITE,02. 아이폰_이전기종,PAUSED,500,70,70,0
grp-a001-01-000000038769355,cmp-a001-01-000000005314376,WEB_SITE,01. 갤럭시_이전기종,PAUSED,500,70,70,0
grp-a001-01-000000038934999,cmp-a001-01-000000005314376,WEB_SITE,02. 아이패드_종이질감,PAUSED,500,70,70,0
grp-a001-01-000000038935115,cmp-a001-01-000000005314376,WEB_SITE,01. 갤럭시탭_종이필름,PAUSED,500,70,70,0
grp-a001-01-000000039544742,cmp-a001-01-000000005314376,WEB_SITE,53 충전기_차량용충전기,PAUSED,500,70,70,0
grp-a001-01-000000040080458,cmp-a001-01-000000005314376,WEB_SITE,01. 갤럭시S23_지문방지필름,PAUSED,500,70,70,0
grp-a001-01-000000040173285,cmp-a001-01-000000005314376,WEB_SITE,02. 아이폰15_강화유리,PAUSED,500,70,70,0
grp-a001-01-000000040173291,cmp-a001-01-000000005314376,WEB_SITE,02. 아이폰_사생활보호,PAUSED,500,70,70,0
grp-a001-01-000000040173293,cmp-a001-01-000000005314376,WEB_SITE,02. 아이폰15_지문방지,PAUSED,500,70,70,0
grp-a001-01-000000040189696,cmp-a001-01-000000005314376,WEB_SITE,01. 갤럭시S_사생활보호,PAUSED,500,70,70,0
grp-a001-01-000000040284151,cmp-a001-01-000000005314376,WEB_SITE,01. 갤럭시S24_강화유리,PAUSED,500,70,70,0
grp-a001-01-000000042969832,cmp-a001-01-000000005314376,WEB_SITE,55. 갤럭시워치 스트랩,PAUSED,500,70,70,0
grp-a001-01-000000043502813,cmp-a001-01-000000005314376,WEB_SITE,50. 골프 버디 필름,PAUSED,500,70,70,0
grp-a001-01-000000043996580,cmp-a001-01-000000005314376,WEB_SITE,01. 갤럭시S_지문방지_추가키워드,PAUSED,500,70,70,0
grp-a001-01-000000044378320,cmp-a001-01-000000005314376,WEB_SITE,37 LG_지문방지필름,PAUSED,500,70,70,0
grp-a001-01-000000044808498,cmp-a001-01-000000005314376,WEB_SITE,02. 아이폰16_강화유리,PAUSED,500,70,70,0
grp-a001-01-000000044808499,cmp-a001-01-000000005314376,WEB_SITE,02. 아이폰16_사생활보호,PAUSED,500,70,70,0
grp-a001-01-000000044808500,cmp-a001-01-000000005314376,WEB_SITE,02. 아이폰16_지문방지,PAUSED,500,70,70,0
grp-a001-01-000000045694026,cmp-a001-01-000000005314376,WEB_SITE,01. 갤럭시 Z폴드SE_지문방지필름,PAUSED,500,70,70,0
grp-a001-01-000000045802263,cmp-a001-01-000000005314376,WEB_SITE,01. 갤럭시탭_S10울트라 플러스,PAUSED,500,70,70,0
grp-a001-01-000000046132066,cmp-a001-01-000000005314376,WEB_SITE,02.아이패드_미니7/6세대_종이질감,PAUSED,500,70,70,0
grp-a001-01-000000046436150,cmp-a001-01-000000005314376,WEB_SITE,01. 갤럭시S24FE_사생활TPU,PAUSED,500,70,70,0
grp-a001-01-000000046477597,cmp-a001-01-000000005314376,WEB_SITE,01. 갤럭시A16_지문방지,PAUSED,500,70,70,0
grp-a001-01-000000046480952,cmp-a001-01-000000005314376,WEB_SITE,01. 갤럭시A16_자가복원 고투명,PAUSED,500,70,70,0
grp-a001-01-000000046483564,cmp-a001-01-000000005314376,WEB_SITE,01. 갤럭시S24_지문방지,PAUSED,500,70,70,0
grp-a001-01-000000046588417,cmp-a001-01-000000005314376,WEB_SITE,01. 갤럭시탭_S9시리즈,PAUSED,500,70,70,0
grp-a001-01-000000046837921,cmp-a001-01-000000005314376,WEB_SITE,01. 갤럭시탭_S8시리즈,PAUSED,500,70,70,0
grp-a001-01-000000046838157,cmp-a001-01-000000005314376,WEB_SITE,01. 갤럭시탭_S7시리즈,PAUSED,500,70,70,0
grp-a001-01-000000046838297,cmp-a001-01-000000005314376,WEB_SITE,01. 갤럭시탭_S6시리즈,PAUSED,500,70,70,0
grp-a001-01-000000046838896,cmp-a001-01-000000005314376,WEB_SITE,01. 갤럭시탭_S5시리즈,PAUSED,500,70,70,0
grp-a001-01-000000046839132,cmp-a001-01-000000005314376,WEB_SITE,01. 갤럭시탭_A9플러스,PAUSED,500,70,70,0
grp-a001-01-000000046839232,cmp-a001-01-000000005314376,WEB_SITE,01. 갤럭시탭_A9,PAUSED,500,70,70,0
grp-a001-01-000000046971358,cmp-a001-01-000000005314376,WEB_SITE,02.아이패드_에어 6(M2)세대_종이질감,PAUSED,500,70,70,0
grp-a001-01-000000046971480,cmp-a001-01-000000005314376,WEB_SITE,02.아이패드_에어 4/5세대_종이질감,PAUSED,500,70,70,0
grp-a001-01-000000046971678,cmp-a001-01-000000005314376,WEB_SITE,02.아이패드_미니7/6세대_6H BLC,PAUSED,500,70,70,0
grp-a001-01-000000046975512,cmp-a001-01-000000005314376,WEB_SITE,01. 갤럭시탭_S9시리즈_6H BLC,PAUSED,500,70,70,0
grp-a001-01-000000046975542,cmp-a001-01-000000005314376,WEB_SITE,01. 갤럭시탭_S10 울트라 플러스_6H BLC,PAUSED,500,70,70,0
grp-a001-01-000000046975626,cmp-a001-01-000000005314376,WEB_SITE,01. 갤럭시탭_S8시리즈_6H BLC,PAUSED,500,70,70,0
grp-a001-01-000000046975770,cmp-a001-01-000000005314376,WEB_SITE,01. 갤럭시탭_S7 시리즈_6H BLC,PAUSED,500,70,70,0
grp-a001-01-000000046976107,cmp-a001-01-000000005314376,WEB_SITE,02.아이패드_에어 6세대_6H BLC,PAUSED,500,70,70,0
grp-a001-01-000000046976135,cmp-a001-01-000000005314376,WEB_SITE,02.아이패드_에어 4/5세대_6H BLC,PAUSED,500,70,70,0
grp-a001-01-000000046978005,cmp-a001-01-000000005314376,WEB_SITE,"02.아이패드_프로 6,7세대_종이질감",PAUSED,500,70,70,0
grp-a001-01-000000046978099,cmp-a001-01-000000005314376,WEB_SITE,02.아이패드_프로 7세대_6H BLC,PAUSED,500,70,70,0
grp-a001-01-000000046979820,cmp-a001-01-000000005314376,WEB_SITE,01. 갤럭시S24FE_지문방지,PAUSED,500,70,70,0
grp-a001-01-000000046980388,cmp-a001-01-000000005314376,WEB_SITE,01. 갤럭시S22_지문방지필름,PAUSED,500,70,70,0
grp-a001-01-000000046980878,cmp-a001-01-000000005314376,WEB_SITE,01. 갤럭시S21_지문방지,PAUSED,500,70,70,0
grp-a001-01-000000047003798,cmp-a001-01-000000005314376,WEB_SITE,50. 도어락_사생활보호 지문방지,PAUSED,500,70,70,0
grp-a001-01-000000047166586,cmp-a001-01-000000005314376,WEB_SITE,01. 갤럭시S24_6H 사생활보호,PAUSED,500,70,70,0
grp-a001-01-000000047485563,cmp-a001-01-000000005314376,WEB_SITE,01. 갤럭시S25_지문방지TPU,PAUSED,500,70,70,0
grp-a001-01-000000047486647,cmp-a001-01-000000005314376,WEB_SITE,01. 갤럭시S25_EZ강화유리,PAUSED,500,70,70,0
grp-a001-01-000000047487792,cmp-a001-01-000000005314376,WEB_SITE,01. 갤럭시S25_자가복원 고투명,PAUSED,500,70,70,0
grp-a001-01-000000047488926,cmp-a001-01-000000005314376,WEB_SITE,01. 갤럭시S25_사생활_TPU,PAUSED,500,70,70,0
grp-a001-01-000000047489113,cmp-a001-01-000000005314376,WEB_SITE,01. 갤럭시S25_6H 사생활보호,PAUSED,500,70,70,0
grp-a001-01-000000048499741,cmp-a001-01-000000005314376,WEB_SITE,50. 골프버디필름,PAUSED,500,70,70,0
grp-a001-01-000000049350730,cmp-a001-01-000000005314376,WEB_SITE,02.아이패드_에어_7세대_종이질감,PAUSED,500,70,70,0
grp-a001-01-000000049354073,cmp-a001-01-000000005314376,WEB_SITE,02.아이패드_에어_7세대_강화유리코팅,PAUSED,500,70,70,0
grp-a001-01-000000050221991,cmp-a001-01-000000005314376,WEB_SITE,00. 갤럭시s25엣지,PAUSED,500,70,70,0
grp-a001-01-000000050409988,cmp-a001-01-000000005314376,WEB_SITE,00. 갤럭시s25엣지(사생활),PAUSED,500,70,70,0
grp-a001-01-000000052225586,cmp-a001-01-000000005314376,WEB_SITE,01. 갤럭시 플립7,PAUSED,500,70,70,0
grp-a001-01-000000052263060,cmp-a001-01-000000005314376,WEB_SITE,01. 갤럭시폴드7,PAUSED,500,70,70,0
grp-a001-01-000000053180338,cmp-a001-01-000000005314376,WEB_SITE,맥세이프카드지갑,PAUSED,70,70,70,0
grp-a001-01-000000053273491,cmp-a001-01-000000005314376,WEB_SITE,56. 방수팩,PAUSED,70,70,70,0
grp-a001-01-000000054212536,cmp-a001-01-000000005314376,WEB_SITE,셀카봉,PAUSED,500,70,70,0
grp-a001-01-000000054405090,cmp-a001-01-000000005314376,WEB_SITE,맥세이프거치대,PAUSED,70,70,70,0
grp-a001-01-000000054618773,cmp-a001-01-000000005314376,WEB_SITE,17 아이폰_맥세이프케이스,PAUSED,250,70,70,0
grp-a001-01-000000054671417,cmp-a001-01-000000005314376,WEB_SITE,00. 아이폰17_강화유리,PAUSED,500,70,70,0
grp-a001-01-000000054671419,cmp-a001-01-000000005314376,WEB_SITE,00. 아이폰17_사생활,PAUSED,800,70,70,0
grp-a001-01-000000055151707,cmp-a001-01-000000005314376,WEB_SITE,01. 갤럭시탭_S11,PAUSED,500,70,70,0
grp-a001-01-000000056068629,cmp-a001-01-000000005314376,WEB_SITE,모션링 맥세이프 그립톡,PAUSED,70,70,70,0
grp-a001-01-000000058445534,cmp-a001-01-000000005314376,WEB_SITE,14. 트라이폴드,PAUSED,150,70,70,0
grp-a001-01-000000059039599,cmp-a001-01-000000005314376,WEB_SITE,00. 아이폰SE2 SE3,PAUSED,500,70,70,0
grp-a001-01-000000060894270,cmp-a001-01-000000005314376,WEB_SITE,S25플러스_지문방지_TPU-1769074091852,PAUSED,70,70,70,0
grp-a001-01-000000060894271,cmp-a001-01-000000005314376,WEB_SITE,S8_지문방지_TPU-1769074092456,PAUSED,70,70,70,0
grp-a001-01-000000060894272,cmp-a001-01-000000005314376,WEB_SITE,S8플러스_지문방지_TPU-1769074092709,PAUSED,70,70,70,0
grp-a001-01-000000060894273,cmp-a001-01-000000005314376,WEB_SITE,S9_지문방지_TPU-1769074093051,PAUSED,70,70,70,0
grp-a001-01-000000060894274,cmp-a001-01-000000005314376,WEB_SITE,S9플러스_지문방지_TPU-1769074093286,PAUSED,70,70,70,0
grp-a001-01-000000060894277,cmp-a001-01-000000005314376,WEB_SITE,노트10_지문방지_TPU-1769074093656,PAUSED,70,70,70,0
grp-a001-01-000000060894279,cmp-a001-01-000000005314376,WEB_SITE,노트10플러스_지문방지_TPU_1769074093965,PAUSED,70,70,70,0
grp-a001-01-000000060894280,cmp-a001-01-000000005314376,WEB_SITE,노트20_사생활보호-1769074094328,PAUSED,70,70,70,0
grp-a001-01-000000060894282,cmp-a001-01-000000005314376,WEB_SITE,노트20_지문방지_TPU-1769074094653,PAUSED,70,70,70,0
grp-a001-01-000000060894284,cmp-a001-01-000000005314376,WEB_SITE,노트20울트라_사생활보호-1769074094979,PAUSED,70,70,70,0
grp-a001-01-000000031175118,cmp-a001-01-000000005930052,WEB_SITE,00. 지문방지필름,PAUSED,250,70,70,0
grp-a001-01-000000031176101,cmp-a001-01-000000005930052,WEB_SITE,00. 강화유리필름,PAUSED,500,70,70,0
grp-a001-01-000000031176229,cmp-a001-01-000000005930052,WEB_SITE,01. 갤럭시,PAUSED,250,70,70,0
grp-a001-01-000000031186688,cmp-a001-01-000000005930052,WEB_SITE,02. 아이폰12,PAUSED,250,70,70,0
grp-a001-01-000000031186694,cmp-a001-01-000000005930052,WEB_SITE,02. 아이폰15_카메라,PAUSED,250,70,70,0
grp-a001-01-000000032245671,cmp-a001-01-000000005930052,WEB_SITE,01. 갤럭시S23,PAUSED,500,70,70,0
grp-a001-01-000000037423343,cmp-a001-01-000000005930052,WEB_SITE,00. 일반필름,PAUSED,250,70,70,0
grp-a001-01-000000037423348,cmp-a001-01-000000005930052,WEB_SITE,00. 사생활보호필름,PAUSED,250,70,70,0
grp-a001-01-000000037423351,cmp-a001-01-000000005930052,WEB_SITE,아이폰17_맥세이프케이스,PAUSED,250,70,70,0
grp-a001-01-000000037423354,cmp-a001-01-000000005930052,WEB_SITE,01. 갤럭시폴드6,PAUSED,500,70,70,0
grp-a001-01-000000037423356,cmp-a001-01-000000005930052,WEB_SITE,01. 갤럭시 플립6,PAUSED,500,70,70,0
grp-a001-01-000000037840548,cmp-a001-01-000000005930052,WEB_SITE,02. 아이폰15,PAUSED,500,70,70,0
grp-a001-01-000000038737184,cmp-a001-01-000000005930052,WEB_SITE,02. 아이폰13,PAUSED,500,70,70,0
grp-a001-01-000000038737213,cmp-a001-01-000000005930052,WEB_SITE,02. 아이폰14,PAUSED,500,70,70,0
grp-a001-01-000000038737226,cmp-a001-01-000000005930052,WEB_SITE,01. 갤럭시_이전기종,PAUSED,250,70,70,0
grp-a001-01-000000038934985,cmp-a001-01-000000005930052,WEB_SITE,02. 아이패드_종이질감,PAUSED,500,70,70,0
grp-a001-01-000000038935111,cmp-a001-01-000000005930052,WEB_SITE,01. 갤럭시탭,PAUSED,800,70,70,0
grp-a001-01-000000040080459,cmp-a001-01-000000005930052,WEB_SITE,01. 갤럭시S24,PAUSED,500,70,70,0
grp-a001-01-000000040173278,cmp-a001-01-000000005930052,WEB_SITE,02. 아이폰15_강화유리,PAUSED,500,70,70,0
grp-a001-01-000000040173279,cmp-a001-01-000000005930052,WEB_SITE,02. 아이폰15_사생활 강화유리,PAUSED,500,70,70,0
grp-a001-01-000000040173283,cmp-a001-01-000000005930052,WEB_SITE,02. 아이폰15_지문방지,PAUSED,500,70,70,0
grp-a001-01-000000040189692,cmp-a001-01-000000005930052,WEB_SITE,01. 갤럭시S24_사생활보호,PAUSED,500,70,70,0
grp-a001-01-000000040189693,cmp-a001-01-000000005930052,WEB_SITE,01. 갤럭시S23_사생활보호,PAUSED,250,70,70,0
grp-a001-01-000000040211251,cmp-a001-01-000000005930052,WEB_SITE,01. 갤럭시_S22/S21/S20/노트20_사생활보호,PAUSED,500,70,70,0
grp-a001-01-000000040284140,cmp-a001-01-000000005930052,WEB_SITE,01. 갤럭시S24_강화유리,PAUSED,500,70,70,0
grp-a001-01-000000041520332,cmp-a001-01-000000005930052,WEB_SITE,02.  아이폰13/14_카메라,PAUSED,500,70,70,0
grp-a001-01-000000042724551,cmp-a001-01-000000005930052,WEB_SITE,00. 태블릿_종이질감필름,PAUSED,250,70,70,0
grp-a001-01-000000042969517,cmp-a001-01-000000005930052,WEB_SITE,55. 갤럭시워치 실리콘 스트랩,PAUSED,250,70,70,0
grp-a001-01-000000043502507,cmp-a001-01-000000005930052,WEB_SITE,50. 골프 버디 필름,PAUSED,500,70,70,0
grp-a001-01-000000044377702,cmp-a001-01-000000005930052,WEB_SITE,37 LG_지문방지필름,PAUSED,500,70,70,0
grp-a001-01-000000044807690,cmp-a001-01-000000005930052,WEB_SITE,02. 아이폰16_강화유리,PAUSED,500,70,70,0
grp-a001-01-000000044807691,cmp-a001-01-000000005930052,WEB_SITE,02. 아이폰16_지문방지,PAUSED,500,70,70,0
grp-a001-01-000000044808405,cmp-a001-01-000000005930052,WEB_SITE,02. 아이폰16_사생활보호,PAUSED,500,70,70,0
grp-a001-01-000000045692018,cmp-a001-01-000000005930052,WEB_SITE,01. 갤럭시 Z폴드SE_지문방지필름,PAUSED,500,70,70,0
grp-a001-01-000000045800955,cmp-a001-01-000000005930052,WEB_SITE,01. 갤럭시탭_S10 울트라 플러스,PAUSED,500,70,70,0
grp-a001-01-000000045920162,cmp-a001-01-000000005930052,WEB_SITE,01. 갤럭시S24FE_지문방지,PAUSED,500,70,70,0
grp-a001-01-000000046127917,cmp-a001-01-000000005930052,WEB_SITE,02.아이패드_미니7/6세대_종이질감,PAUSED,500,70,70,0
grp-a001-01-000000046435867,cmp-a001-01-000000005930052,WEB_SITE,01. 갤럭시S24FE_사생활TPU,PAUSED,500,70,70,0
grp-a001-01-000000046436514,cmp-a001-01-000000005930052,WEB_SITE,01. 갤럭시S24_자가복원 고투명,PAUSED,500,70,70,0
grp-a001-01-000000046475854,cmp-a001-01-000000005930052,WEB_SITE,01. 갤럭시A16_지문방지,PAUSED,500,70,70,0
grp-a001-01-000000046478478,cmp-a001-01-000000005930052,WEB_SITE,01. 갤럭시A16_자가복원 고투명,PAUSED,500,70,70,0
grp-a001-01-000000046507364,cmp-a001-01-000000005930052,WEB_SITE,01. 갤럭시탭_S7시리즈,PAUSED,500,70,70,0
grp-a001-01-000000046578743,cmp-a001-01-000000005930052,WEB_SITE,01. 갤럭시탭_S9시리즈,PAUSED,500,70,70,0
grp-a001-01-000000046579761,cmp-a001-01-000000005930052,WEB_SITE,01. 갤럭시탭_S8시리즈,PAUSED,500,70,70,0
grp-a001-01-000000046581751,cmp-a001-01-000000005930052,WEB_SITE,01. 갤럭시탭_S6시리즈,PAUSED,500,70,70,0
grp-a001-01-000000046583926,cmp-a001-01-000000005930052,WEB_SITE,01. 갤럭시탭_A9플러스,PAUSED,500,70,70,0
grp-a001-01-000000046584475,cmp-a001-01-000000005930052,WEB_SITE,01. 갤럭시탭_A9,PAUSED,500,70,70,0
grp-a001-01-000000046585858,cmp-a001-01-000000005930052,WEB_SITE,01. 갤럭시탭_A8,PAUSED,500,70,70,0
grp-a001-01-000000046645092,cmp-a001-01-000000005930052,WEB_SITE,01. 갤럭시S22,PAUSED,500,70,70,0
grp-a001-01-000000046646662,cmp-a001-01-000000005930052,WEB_SITE,01. 갤럭시S21,PAUSED,500,70,70,0
grp-a001-01-000000046646763,cmp-a001-01-000000005930052,WEB_SITE,01. 갤럭시S20,PAUSED,500,70,70,0
grp-a001-01-000000046742693,cmp-a001-01-000000005930052,WEB_SITE,01. 갤럭시 노트20,PAUSED,500,70,70,0
grp-a001-01-000000046807499,cmp-a001-01-000000005930052,WEB_SITE,"02.아이패드_프로 6,7세대_종이질감",PAUSED,500,70,70,0
grp-a001-01-000000046834534,cmp-a001-01-000000005930052,WEB_SITE,01. 갤럭시탭_S5시리즈,PAUSED,500,70,70,0
grp-a001-01-000000046835241,cmp-a001-01-000000005930052,WEB_SITE,01. 갤럭시탭_A7,PAUSED,500,70,70,0
grp-a001-01-000000046835750,cmp-a001-01-000000005930052,WEB_SITE,02.아이패드_에어 6(M2)세대_종이질감,PAUSED,500,70,70,0
grp-a001-01-000000046904555,cmp-a001-01-000000005930052,WEB_SITE,01. 갤럭시탭_S10 울트라 플러스_6H BLC,PAUSED,500,70,70,0
grp-a001-01-000000046904979,cmp-a001-01-000000005930052,WEB_SITE,01. 갤럭시탭_S9시리즈_6H BLC,PAUSED,500,70,70,0
grp-a001-01-000000046939750,cmp-a001-01-000000005930052,WEB_SITE,01. 갤럭시탭_S8시리즈_6H BLC,PAUSED,500,70,70,0
grp-a001-01-000000046939809,cmp-a001-01-000000005930052,WEB_SITE,01. 갤럭시탭_S7 시리즈_6H BLC,PAUSED,500,70,70,0
grp-a001-01-000000046954263,cmp-a001-01-000000005930052,WEB_SITE,01. 갤럭시S22_사생활보호,PAUSED,500,70,70,0
grp-a001-01-000000046954978,cmp-a001-01-000000005930052,WEB_SITE,01. 갤럭시S21_사생활보호,PAUSED,500,70,70,0
grp-a001-01-000000046962945,cmp-a001-01-000000005930052,WEB_SITE,02. 아이폰14_사생활 강화유리,PAUSED,500,70,70,0
grp-a001-01-000000046970779,cmp-a001-01-000000005930052,WEB_SITE,02.아이패드_미니7/6세대_6H BLC,PAUSED,500,70,70,0
grp-a001-01-000000046970893,cmp-a001-01-000000005930052,WEB_SITE,02.아이패드_에어 4/5세대_종이질감,PAUSED,500,70,70,0
grp-a001-01-000000046973844,cmp-a001-01-000000005930052,WEB_SITE,02.아이패드_에어 4/5세대_6H BLC,PAUSED,500,70,70,0
grp-a001-01-000000046974236,cmp-a001-01-000000005930052,WEB_SITE,02.아이패드_에어 6세대_6H BLC,PAUSED,500,70,70,0
grp-a001-01-000000046975254,cmp-a001-01-000000005930052,WEB_SITE,02.아이패드_프로 7세대_6H BLC,PAUSED,500,70,70,0
grp-a001-01-000000046976468,cmp-a001-01-000000005930052,WEB_SITE,02.아이패드_10세대_종이질감,PAUSED,500,70,70,0
grp-a001-01-000000046977473,cmp-a001-01-000000005930052,WEB_SITE,02.아이패드_10세대_6H BLC,PAUSED,500,70,70,0
grp-a001-01-000000047003535,cmp-a001-01-000000005930052,WEB_SITE,50. 도어락_사생활보호 지문방지,PAUSED,880,70,70,0
grp-a001-01-000000047075282,cmp-a001-01-000000005930052,WEB_SITE,01. 갤럭시A55(퀀텀5) 35 25 15_지문방지,PAUSED,500,70,70,0
grp-a001-01-000000047076625,cmp-a001-01-000000005930052,WEB_SITE,01. 갤럭시A54(퀀텀4) 34 24_지문방지,PAUSED,500,70,70,0
grp-a001-01-000000047077794,cmp-a001-01-000000005930052,WEB_SITE,03. 갤럭시_S24 시리즈_투명케이스,PAUSED,380,70,70,0
grp-a001-01-000000047078301,cmp-a001-01-000000005930052,WEB_SITE,03. 갤럭시_S22 시리즈_투명케이스,PAUSED,480,70,70,0
grp-a001-01-000000047162713,cmp-a001-01-000000005930052,WEB_SITE,01. 갤럭시S24_6H 사생활보호 ,PAUSED,500,70,70,0
grp-a001-01-000000047485469,cmp-a001-01-000000005930052,WEB_SITE,01. 갤럭시S25_지문방지TPU,PAUSED,500,70,70,0
grp-a001-01-000000047486489,cmp-a001-01-000000005930052,WEB_SITE,01. 갤럭시S25_EZ강화유리,PAUSED,500,70,70,0
grp-a001-01-000000047486686,cmp-a001-01-000000005930052,WEB_SITE,01. 갤럭시S25_자가복원 고투명,PAUSED,500,70,70,0
grp-a001-01-000000047488792,cmp-a001-01-000000005930052,WEB_SITE,01. 갤럭시S25_사생활_TPU,PAUSED,500,70,70,0
grp-a001-01-000000047489049,cmp-a001-01-000000005930052,WEB_SITE,01. 갤럭시S25_6H 사생활보호,PAUSED,500,70,70,0
grp-a001-01-000000048079773,cmp-a001-01-000000005930052,WEB_SITE,02. 아이폰16e_지문방지(자사몰),PAUSED,500,70,70,0
grp-a001-01-000000048499536,cmp-a001-01-000000005930052,WEB_SITE,50. 골프버디필름,PAUSED,500,70,70,0
grp-a001-01-000000049350994,cmp-a001-01-000000005930052,WEB_SITE,02.아이패드_에어_7세대_종이질감,PAUSED,500,70,70,0
grp-a001-01-000000049354066,cmp-a001-01-000000005930052,WEB_SITE,02.아이패드_에어_7세대_강화유리코팅,PAUSED,500,70,70,0
grp-a001-01-000000049549995,cmp-a001-01-000000005930052,WEB_SITE,"02.아이패드_프로 6,7세대",PAUSED,500,70,70,0
grp-a001-01-000000049863305,cmp-a001-01-000000005930052,WEB_SITE,01. 갤럭시 플립5,PAUSED,500,70,70,0
grp-a001-01-000000049864292,cmp-a001-01-000000005930052,WEB_SITE,01. 갤럭시 플립4,PAUSED,500,70,70,0
grp-a001-01-000000049865057,cmp-a001-01-000000005930052,WEB_SITE,"01. 갤럭시 플립1,2",PAUSED,500,70,70,0
grp-a001-01-000000049865502,cmp-a001-01-000000005930052,WEB_SITE,01. 갤럭시 플립3~6힌지,PAUSED,750,70,70,0
grp-a001-01-000000049866750,cmp-a001-01-000000005930052,WEB_SITE,01. 갤럭시폴드3~6힌지필름,PAUSED,700,70,70,0
grp-a001-01-000000050212614,cmp-a001-01-000000005930052,WEB_SITE,00. 갤럭시s25엣지,PAUSED,500,70,70,0
grp-a001-01-000000050397977,cmp-a001-01-000000005930052,WEB_SITE,00. 갤럭시s25엣지(사생활),PAUSED,500,70,70,0
grp-a001-01-000000051955092,cmp-a001-01-000000005930052,WEB_SITE,02. 아이폰16e_지문방지,PAUSED,70,70,70,0
grp-a001-01-000000052182861,cmp-a001-01-000000005930052,WEB_SITE,01. 갤럭시 플립7,PAUSED,500,70,70,0
grp-a001-01-000000052260531,cmp-a001-01-000000005930052,WEB_SITE,01. 갤럭시 폴드7,PAUSED,500,70,70,0
grp-a001-01-000000052822167,cmp-a001-01-000000005930052,WEB_SITE,00. 플립7 케이스,PAUSED,480,70,70,0
grp-a001-01-000000052822210,cmp-a001-01-000000005930052,WEB_SITE,00. 폴드7 케이스,PAUSED,480,70,70,0
grp-a001-01-000000053177765,cmp-a001-01-000000005930052,WEB_SITE,맥세이프카드지갑,PAUSED,70,70,70,0
grp-a001-01-000000053266390,cmp-a001-01-000000005930052,WEB_SITE,56. 방수팩,PAUSED,70,70,70,0
grp-a001-01-000000054203750,cmp-a001-01-000000005930052,WEB_SITE,셀카봉,PAUSED,500,70,70,0
grp-a001-01-000000054403622,cmp-a001-01-000000005930052,WEB_SITE,맥세이프거치대,PAUSED,70,70,70,0
grp-a001-01-000000054666555,cmp-a001-01-000000005930052,WEB_SITE,00. 아이폰17_사생활,PAUSED,800,70,70,0
grp-a001-01-000000054666566,cmp-a001-01-000000005930052,WEB_SITE,00. 아이폰17_강화유리,PAUSED,500,70,70,0
grp-a001-01-000000055142639,cmp-a001-01-000000005930052,WEB_SITE,01. 갤럭시탭_S11,PAUSED,500,70,70,0
grp-a001-01-000000056068060,cmp-a001-01-000000005930052,WEB_SITE,모션링 맥세이프 그립톡,PAUSED,70,70,70,0
grp-a001-01-000000058445222,cmp-a001-01-000000005930052,WEB_SITE,14. 트라이폴드,PAUSED,200,70,70,0
grp-a001-01-000000059040364,cmp-a001-01-000000005930052,WEB_SITE,00. 아이폰SE2 SE3,PAUSED,500,70,70,0
grp-a001-01-000000046416605,cmp-a001-01-000000008790976,WEB_SITE,01. 지문방지_K13 OLED,ELIGIBLE,70,70,70,0
grp-a001-01-000000046416618,cmp-a001-01-000000008790976,WEB_SITE,01. 지문방지_K11 LTE,ELIGIBLE,70,70,70,0
grp-a001-01-000000046416626,cmp-a001-01-000000008790976,WEB_SITE,01. 지문방지_K10 플러스,ELIGIBLE,70,70,70,0
grp-a001-01-000000046416628,cmp-a001-01-000000008790976,WEB_SITE,01. 지문방지 P11/GS10/RS10/L10,ELIGIBLE,70,70,70,0
grp-a001-01-000000049084384,cmp-a001-01-000000009149812,WEB_SITE,도어락필름,PAUSED,70,70,70,0
grp-a001-01-000000060558824,cmp-a001-01-000000010206612,WEB_SITE,트라이폴드_지문방지,PAUSED,70,100,105,0
grp-a001-01-000000060612108,cmp-a001-01-000000010206612,WEB_SITE,A53_지문방지_TPU,ELIGIBLE,70,100,105,0
grp-a001-01-000000060612113,cmp-a001-01-000000010206612,WEB_SITE,A73_지문방지_TPU,ELIGIBLE,70,100,105,0
grp-a001-01-000000060612840,cmp-a001-01-000000010206612,WEB_SITE,S9플러스_지문방지_TPU,ELIGIBLE,70,100,105,0
grp-a001-01-000000060613256,cmp-a001-01-000000010206612,WEB_SITE,A15_지문방지_TPU,ELIGIBLE,70,100,105,0
grp-a001-01-000000060763698,cmp-a001-01-000000010206612,WEB_SITE,S24FE_사생활보호(옵션없음),PAUSED,70,100,105,0
grp-a001-01-000000060763726,cmp-a001-01-000000010206612,WEB_SITE,S25_6H 사생활보호,PAUSED,70,100,105,0
grp-a001-01-000000060765094,cmp-a001-01-000000010206612,WEB_SITE,S20울트라_사생활보호,ELIGIBLE,70,100,105,0
grp-a001-01-000000061108461,cmp-a001-01-000000010206612,WEB_SITE,지문방지-1769481954482,PAUSED,70,100,105,0
grp-a001-01-000000060603890,cmp-a001-01-000000010217616,WEB_SITE,아이폰17프로_강화유리,ELIGIBLE,70,70,100,0
grp-a001-01-000000060604009,cmp-a001-01-000000010217616,WEB_SITE,아이폰12_강화유리,ELIGIBLE,70,70,100,0
grp-a001-01-000000060604010,cmp-a001-01-000000010217616,WEB_SITE,아이폰12미니_강화유리,ELIGIBLE,70,70,100,0
grp-a001-01-000000060604027,cmp-a001-01-000000010217616,WEB_SITE,아이폰14플러스_강화유리,ELIGIBLE,70,70,100,0
grp-a001-01-000000060604034,cmp-a001-01-000000010217616,WEB_SITE,아이폰15프로맥스_강화유리,ELIGIBLE,70,70,100,0
grp-a001-01-000000060764895,cmp-a001-01-000000010217616,WEB_SITE,아이폰14_사생활보호,ELIGIBLE,70,70,100,0
grp-a001-01-000000060792993,cmp-a001-01-000000010217616,WEB_SITE,아이폰16플러스_사생활보호,ELIGIBLE,70,70,100,0
grp-a001-01-000000060796462,cmp-a001-01-000000010217616,WEB_SITE,아이폰14프로맥스_사생활보호,ELIGIBLE,70,70,100,0
grp-a001-01-000000060796463,cmp-a001-01-000000010217616,WEB_SITE,아이폰13_사생활보호,ELIGIBLE,70,70,100,0
grp-a001-01-000000060796466,cmp-a001-01-000000010217616,WEB_SITE,아이폰12프로맥스_사생활,ELIGIBLE,70,70,100,0
grp-a001-01-000000060796467,cmp-a001-01-000000010217616,WEB_SITE,아이폰14프로_사생활보호,ELIGIBLE,70,70,100,0
grp-a001-01-000000060796549,cmp-a001-01-000000010217616,WEB_SITE,아이폰14플러스_사생활보호,ELIGIBLE,70,70,100,0
grp-a001-01-000000060796550,cmp-a001-01-000000010217616,WEB_SITE,아이폰13프로_사생활보호,ELIGIBLE,70,70,100,0
grp-a001-01-000000060796552,cmp-a001-01-000000010217616,WEB_SITE,아이폰12미니_사생활,ELIGIBLE,70,70,100,0
grp-a001-01-000000060796704,cmp-a001-01-000000010217616,WEB_SITE,아이폰12_사생활보호,ELIGIBLE,70,70,100,0
grp-a001-01-000000060796707,cmp-a001-01-000000010217616,WEB_SITE,아이폰12프로_사생활보호,ELIGIBLE,70,70,100,0
grp-a001-01-000000060868357,cmp-a001-01-000000010217616,WEB_SITE,아이폰SE2_지문방지,ELIGIBLE,70,70,100,0
grp-a001-01-000000060823769,cmp-a001-01-000000010236263,WEB_SITE,방수팩,PAUSED,70,70,70,0
grp-a001-01-000000060823810,cmp-a001-01-000000010236263,WEB_SITE,맥세이프거치대,PAUSED,70,70,70,0
grp-a001-01-000000060823923,cmp-a001-01-000000010236263,WEB_SITE,맥세이프카드지갑(가죽),PAUSED,70,70,70,0
grp-a001-01-000000060823924,cmp-a001-01-000000010236263,WEB_SITE,맥세이프케이스_아이폰17,PAUSED,70,70,70,0
grp-a001-01-000000060823925,cmp-a001-01-000000010236263,WEB_SITE,맥세이프그립톡,PAUSED,70,70,70,0
grp-a001-01-000000060823926,cmp-a001-01-000000010236263,WEB_SITE,도어락_사생활보호,PAUSED,70,70,70,0
grp-a001-01-000000060824081,cmp-a001-01-000000010236263,WEB_SITE,도어락_지문방지,PAUSED,70,70,70,0
grp-a001-01-000000060824084,cmp-a001-01-000000010236263,WEB_SITE,종이질감필름_아이패드,PAUSED,70,70,70,0
grp-a001-01-000000060824085,cmp-a001-01-000000010236263,WEB_SITE,지문방지필름_LG,PAUSED,70,70,70,0
grp-a001-01-000000060824108,cmp-a001-01-000000010236263,WEB_SITE,강화유리필름,PAUSED,70,70,70,0
grp-a001-01-000000060824109,cmp-a001-01-000000010236263,WEB_SITE,일반필름,PAUSED,70,70,70,0
grp-a001-01-000000060824110,cmp-a001-01-000000010236263,WEB_SITE,종이질감필름_태블릿,PAUSED,70,70,70,0
grp-a001-01-000000060824112,cmp-a001-01-000000010236263,WEB_SITE,종이질감필름_갤럭시탭,PAUSED,70,70,70,0
grp-a001-01-000000060824113,cmp-a001-01-000000010236263,WEB_SITE,갤럭시워치 스트랩,PAUSED,70,70,70,0
grp-a001-01-000000060824785,cmp-a001-01-000000010236263,WEB_SITE,일미리케이스_S22시리즈,PAUSED,70,70,70,0
grp-a001-01-000000060824786,cmp-a001-01-000000010236263,WEB_SITE,일미리케이스_S24시리즈,PAUSED,70,70,70,0
grp-a001-01-000000060858091,cmp-a001-01-000000010236263,WEB_SITE,카메라필름_아이폰,PAUSED,70,70,70,0
grp-a001-01-000000060858092,cmp-a001-01-000000010236263,WEB_SITE,일미리케이스_플립7,PAUSED,70,70,70,0
grp-a001-01-000000060865149,cmp-a001-01-000000010236263,WEB_SITE,일미리케이스_폴드7,PAUSED,70,70,70,0
grp-a001-01-000000060866006,cmp-a001-01-000000010236263,WEB_SITE,골프버디필름(자사몰),PAUSED,70,70,70,0
grp-a001-01-000000060868899,cmp-a001-01-000000010236263,WEB_SITE,갤럭시필름,PAUSED,70,70,70,0
grp-a001-01-000000060829319,cmp-a001-01-000000010236308,WEB_SITE,S10 (옵션이 없음)_종이질감,PAUSED,70,100,105,0
grp-a001-01-000000060843261,cmp-a001-01-000000010236308,WEB_SITE,S10울트라_6H BLC,ELIGIBLE,70,100,105,0
grp-a001-01-000000060843280,cmp-a001-01-000000010236308,WEB_SITE,S9울트라_6H BLC,ELIGIBLE,70,100,105,0
grp-a001-01-000000060843312,cmp-a001-01-000000010236308,WEB_SITE,S8_6H BLC,ELIGIBLE,70,100,105,0
grp-a001-01-000000060843313,cmp-a001-01-000000010236308,WEB_SITE,S8울트라_6H BLC,ELIGIBLE,70,100,105,0
grp-a001-01-000000060843406,cmp-a001-01-000000010236308,WEB_SITE,S7_6H BLC,ELIGIBLE,70,100,105,0
grp-a001-01-000000060843407,cmp-a001-01-000000010236308,WEB_SITE,S7플러스_6H BLC,ELIGIBLE,70,100,105,0
grp-a001-01-000000060843408,cmp-a001-01-000000010236308,WEB_SITE,S7FE_6H BLC,ELIGIBLE,70,100,105,0
grp-a001-01-000000060841400,cmp-a001-01-000000010236310,WEB_SITE,10세대(10.9인치)_6H BLC,PAUSED,70,70,70,0
grp-a001-01-000000060841560,cmp-a001-01-000000010236310,WEB_SITE,에어4-5세대(10.9인치)_6H BLC,PAUSED,70,70,70,0
grp-a001-01-000000060842560,cmp-a001-01-000000010236310,WEB_SITE,프로M45세대(11인치)_종이질감,PAUSED,70,70,70,0
grp-a001-01-000000060842565,cmp-a001-01-000000010236310,WEB_SITE,미니6-7세대(8.3인치)_종이질감,PAUSED,70,70,70,0
grp-a001-01-000000060842733,cmp-a001-01-000000010236310,WEB_SITE,에어6-7세대(11인치)_종이질감,PAUSED,70,70,70,0
grp-a001-01-000000061871554,cmp-a001-01-000000010298774,WEB_SITE,S25울트라_맥(품절),PAUSED,500,70,70,0
grp-a001-01-000000061883424,cmp-a001-01-000000010298774,WEB_SITE,S25_맥(품절),PAUSED,500,70,70,0
grp-a001-01-000000061883426,cmp-a001-01-000000010298774,WEB_SITE,S25플러스_맥(품절),PAUSED,500,70,70,0
grp-a001-01-000000061883430,cmp-a001-01-000000010298774,WEB_SITE,S24울트라_맥,PAUSED,500,70,70,0
grp-a001-01-000000061883437,cmp-a001-01-000000010298774,WEB_SITE,S24플러스_맥,PAUSED,500,70,70,0
grp-a001-01-000000061883438,cmp-a001-01-000000010298774,WEB_SITE,S24_맥,PAUSED,500,70,70,0
grp-a001-01-000000061883745,cmp-a001-01-000000010298774,WEB_SITE,S26플러스_맥(품절),PAUSED,500,70,70,0
grp-a001-01-000000061883746,cmp-a001-01-000000010298774,WEB_SITE,S26울트라_맥(품절),PAUSED,500,70,70,0
grp-a001-01-000000061883792,cmp-a001-01-000000010298774,WEB_SITE,S26_맥(품절),PAUSED,500,70,70,0
grp-a001-01-000000061883884,cmp-a001-01-000000010298774,WEB_SITE,17프로_맥,PAUSED,500,70,70,0
grp-a001-01-000000061883885,cmp-a001-01-000000010298774,WEB_SITE,17프로맥스_맥,PAUSED,500,70,70,0
grp-a001-01-000000061883886,cmp-a001-01-000000010298774,WEB_SITE,17_맥,PAUSED,500,70,70,0
grp-a001-01-000000061883887,cmp-a001-01-000000010298774,WEB_SITE,17에어_맥,PAUSED,500,70,70,0
grp-a001-01-000000061883888,cmp-a001-01-000000010298774,WEB_SITE,16프로_맥,PAUSED,500,70,70,0
grp-a001-01-000000061883889,cmp-a001-01-000000010298774,WEB_SITE,16프로맥스_맥,PAUSED,500,70,70,0
grp-a001-01-000000061883890,cmp-a001-01-000000010298774,WEB_SITE,16_맥,PAUSED,500,70,70,0
grp-a001-01-000000061883891,cmp-a001-01-000000010298774,WEB_SITE,16플러스_맥,PAUSED,500,70,70,0
grp-a001-01-000000061883892,cmp-a001-01-000000010298774,WEB_SITE,15프로_맥(품절),PAUSED,500,70,70,0
grp-a001-01-000000061883893,cmp-a001-01-000000010298774,WEB_SITE,15프로맥스_맥,PAUSED,500,70,70,0
grp-a001-01-000000061883895,cmp-a001-01-000000010298774,WEB_SITE,15_맥,PAUSED,500,70,70,0
grp-a001-01-000000061883896,cmp-a001-01-000000010298774,WEB_SITE,15플러스_맥,PAUSED,500,70,70,0
grp-a001-01-000000061883897,cmp-a001-01-000000010298774,WEB_SITE,14프로_맥,PAUSED,500,70,70,0
grp-a001-01-000000061883898,cmp-a001-01-000000010298774,WEB_SITE,14프로맥스_맥,PAUSED,500,70,70,0
grp-a001-01-000000061883899,cmp-a001-01-000000010298774,WEB_SITE,14_맥,PAUSED,500,70,70,0
grp-a001-01-000000061883900,cmp-a001-01-000000010298774,WEB_SITE,14플러스_맥,PAUSED,500,70,70,0
grp-a001-01-000000061883901,cmp-a001-01-000000010298774,WEB_SITE,13프로_맥,PAUSED,500,70,70,0
grp-a001-01-000000061883902,cmp-a001-01-000000010298774,WEB_SITE,13프로맥스_맥,PAUSED,500,70,70,0
grp-a001-01-000000061883903,cmp-a001-01-000000010298774,WEB_SITE,13_맥,PAUSED,500,70,70,0
grp-a001-01-000000061883904,cmp-a001-01-000000010298774,WEB_SITE,13미니_맥,PAUSED,500,70,70,0
grp-a001-01-000000061924085,cmp-a001-01-000000010298774,WEB_SITE,13_일,PAUSED,500,70,70,0
grp-a001-01-000000061924086,cmp-a001-01-000000010298774,WEB_SITE,13미니_일,PAUSED,500,70,70,0
grp-a001-01-000000061924087,cmp-a001-01-000000010298774,WEB_SITE,13프로_일,PAUSED,500,70,70,0
grp-a001-01-000000061924088,cmp-a001-01-000000010298774,WEB_SITE,13프로맥스_일,PAUSED,500,70,70,0
grp-a001-01-000000061924089,cmp-a001-01-000000010298774,WEB_SITE,14_일,PAUSED,500,70,70,0
grp-a001-01-000000061924090,cmp-a001-01-000000010298774,WEB_SITE,14프로_일,PAUSED,500,70,70,0
grp-a001-01-000000061924091,cmp-a001-01-000000010298774,WEB_SITE,14프로맥스_일,PAUSED,500,70,70,0
grp-a001-01-000000061924092,cmp-a001-01-000000010298774,WEB_SITE,14플러스_일,PAUSED,500,70,70,0
grp-a001-01-000000061924093,cmp-a001-01-000000010298774,WEB_SITE,15_일,PAUSED,500,70,70,0
grp-a001-01-000000061924094,cmp-a001-01-000000010298774,WEB_SITE,15프로_일,PAUSED,500,70,70,0
grp-a001-01-000000061924107,cmp-a001-01-000000010298774,WEB_SITE,15프로맥스_일,PAUSED,500,70,70,0
grp-a001-01-000000061924108,cmp-a001-01-000000010298774,WEB_SITE,15플러스_일,PAUSED,500,70,70,0
grp-a001-01-000000061924109,cmp-a001-01-000000010298774,WEB_SITE,16_일,PAUSED,500,70,70,0
grp-a001-01-000000061924110,cmp-a001-01-000000010298774,WEB_SITE,16프로_일,PAUSED,500,70,70,0
grp-a001-01-000000061924111,cmp-a001-01-000000010298774,WEB_SITE,16프로맥스_일,PAUSED,500,70,70,0
grp-a001-01-000000061924112,cmp-a001-01-000000010298774,WEB_SITE,16플러스_일,PAUSED,500,70,70,0
grp-a001-01-000000061924113,cmp-a001-01-000000010298774,WEB_SITE,17_일,PAUSED,500,70,70,0
grp-a001-01-000000061924114,cmp-a001-01-000000010298774,WEB_SITE,17에어_일,PAUSED,500,70,70,0
grp-a001-01-000000061924115,cmp-a001-01-000000010298774,WEB_SITE,17프로_일,PAUSED,500,70,70,0
grp-a001-01-000000061924116,cmp-a001-01-000000010298774,WEB_SITE,17프로맥스_일,PAUSED,500,70,70,0
grp-a001-01-000000061924149,cmp-a001-01-000000010298774,WEB_SITE,S22_일(품절),PAUSED,500,70,70,0
grp-a001-01-000000061924150,cmp-a001-01-000000010298774,WEB_SITE,S22울트라_일(품절),PAUSED,500,70,70,0
grp-a001-01-000000061924151,cmp-a001-01-000000010298774,WEB_SITE,S22플러스_일(품절),PAUSED,500,70,70,0
grp-a001-01-000000061924152,cmp-a001-01-000000010298774,WEB_SITE,S23_일,PAUSED,500,70,70,0
grp-a001-01-000000061924153,cmp-a001-01-000000010298774,WEB_SITE,S23울트라_일,PAUSED,500,70,70,0
grp-a001-01-000000061924154,cmp-a001-01-000000010298774,WEB_SITE,S23플러스_일,PAUSED,500,70,70,0
grp-a001-01-000000061924155,cmp-a001-01-000000010298774,WEB_SITE,S24_일,PAUSED,500,70,70,0
grp-a001-01-000000061924156,cmp-a001-01-000000010298774,WEB_SITE,S24울트라_일,PAUSED,500,70,70,0
grp-a001-01-000000061924157,cmp-a001-01-000000010298774,WEB_SITE,S24플러스_일,PAUSED,500,70,70,0
grp-a001-01-000000061924158,cmp-a001-01-000000010298774,WEB_SITE,S25_일,PAUSED,500,70,70,0
grp-a001-01-000000061924189,cmp-a001-01-000000010298774,WEB_SITE,S25울트라_일,PAUSED,500,70,70,0
grp-a001-01-000000061924190,cmp-a001-01-000000010298774,WEB_SITE,S25플러스_일,PAUSED,500,70,70,0
grp-a001-01-000000061924191,cmp-a001-01-000000010298774,WEB_SITE,S26_일,PAUSED,500,70,70,0
grp-a001-01-000000061924192,cmp-a001-01-000000010298774,WEB_SITE,S26울트라_일,PAUSED,500,70,70,0
grp-a001-01-000000061924193,cmp-a001-01-000000010298774,WEB_SITE,S26플러스_일,PAUSED,500,70,70,0
grp-a001-01-000000061924194,cmp-a001-01-000000010298774,WEB_SITE,노트20_일(품절),PAUSED,500,70,70,0
grp-a001-01-000000061924195,cmp-a001-01-000000010298774,WEB_SITE,노트20울트라_일(품절),PAUSED,500,70,70,0
grp-a001-01-000000064488011,cmp-a001-01-000000010439038,WEB_SITE,아이폰17프로,PAUSED,70,70,70,0
grp-a001-01-000000070094275,cmp-a001-01-000000010852962,WEB_SITE,폴드8_PC,PAUSED,300,100,100,0
grp-a001-01-000000070109481,cmp-a001-01-000000010852962,WEB_SITE,플립8_MO,PAUSED,300,100,100,0
grp-a001-01-000000070110695,cmp-a001-01-000000010852962,WEB_SITE,폴드8_MO,PAUSED,300,100,100,0
grp-a001-01-000000070110703,cmp-a001-01-000000010852962,WEB_SITE,폴드8_컨텐츠 매체,PAUSED,700,100,100,0
grp-a001-01-000000070111139,cmp-a001-01-000000010852962,WEB_SITE,플립8_PC,PAUSED,300,100,100,0
grp-a001-01-000000070111142,cmp-a001-01-000000010852962,WEB_SITE,플립8_컨텐츠 매체,PAUSED,700,100,100,0
grp-a001-02-000000029854835,cmp-a001-02-000000005925050,SHOPPING,01 아이폰14,PAUSED,1000,70,70,0
grp-a001-02-000000029854880,cmp-a001-02-000000005925050,SHOPPING,02 S22,PAUSED,1000,70,70,0
grp-a001-02-000000030380197,cmp-a001-02-000000005925050,SHOPPING,01 아이폰13,PAUSED,1000,70,70,0
grp-a001-02-000000031188878,cmp-a001-02-000000005925050,SHOPPING,00 오하이,PAUSED,50,70,70,0
grp-a001-02-000000031225481,cmp-a001-02-000000005925050,SHOPPING,00 쇼핑브랜드형,PAUSED,300,70,70,0
grp-a001-02-000000032245807,cmp-a001-02-000000005925050,SHOPPING,02 S23,PAUSED,1700,70,70,0
grp-a001-02-000000034009479,cmp-a001-02-000000005925050,SHOPPING,01 아이폰 맥세이프케이스,PAUSED,1000,70,70,0
grp-a001-02-000000040005163,cmp-a001-02-000000005925050,SHOPPING,02 플립4,PAUSED,1700,70,70,0
grp-a001-02-000000040005208,cmp-a001-02-000000005925050,SHOPPING,02 폴드3,PAUSED,1700,70,70,0
grp-a001-02-000000040005477,cmp-a001-02-000000005925050,SHOPPING,02 S21,PAUSED,1000,70,70,0
grp-a001-02-000000040006806,cmp-a001-02-000000005925050,SHOPPING,02 S24,PAUSED,1700,70,70,0
grp-a001-02-000000041353323,cmp-a001-02-000000005925050,SHOPPING,02 S20,PAUSED,1000,70,70,0
grp-a001-02-000000041354038,cmp-a001-02-000000005925050,SHOPPING,02 S10,PAUSED,1000,70,70,0
grp-a001-02-000000041354296,cmp-a001-02-000000005925050,SHOPPING,02 S9,PAUSED,1700,70,70,0
grp-a001-02-000000041355965,cmp-a001-02-000000005925050,SHOPPING,02 S8,PAUSED,1700,70,70,0
grp-a001-02-000000041356324,cmp-a001-02-000000005925050,SHOPPING,02 노트20,PAUSED,1700,70,70,0
grp-a001-02-000000041356891,cmp-a001-02-000000005925050,SHOPPING,02 노트10,PAUSED,1700,70,70,0
grp-a001-02-000000041369187,cmp-a001-02-000000005925050,SHOPPING,01 아이폰12,PAUSED,1000,70,70,0
grp-a001-02-000000041369413,cmp-a001-02-000000005925050,SHOPPING,01 아이폰11이하 기종,PAUSED,1000,70,70,0
grp-a001-02-000000041382797,cmp-a001-02-000000005925050,SHOPPING,02 갤럭시탭,PAUSED,1700,70,70,0
grp-a001-02-000000041383014,cmp-a001-02-000000005925050,SHOPPING,02 아이패드,PAUSED,1700,70,70,0
grp-a001-02-000000041405533,cmp-a001-02-000000005925050,SHOPPING,02 플립3,PAUSED,1700,70,70,0
grp-a001-02-000000041405606,cmp-a001-02-000000005925050,SHOPPING,02 플립1&2,PAUSED,1700,70,70,0
grp-a001-02-000000041406227,cmp-a001-02-000000005925050,SHOPPING,02 폴드2,PAUSED,1000,70,70,0
grp-a001-02-000000042972783,cmp-a001-02-000000005925050,SHOPPING,02 갤럭시워치 스트랩,PAUSED,50,70,70,0
grp-a001-02-000000044103604,cmp-a001-02-000000008425541,SHOPPING,전기종,PAUSED,50,100,100,0
grp-a001-02-000000044565865,cmp-a001-02-000000008425541,SHOPPING,버디필름,PAUSED,50,100,100,0
grp-a001-02-000000044629990,cmp-a001-02-000000008425541,SHOPPING,04. S22_사생활✔,PAUSED,50,100,100,0
grp-a001-02-000000044629993,cmp-a001-02-000000008425541,SHOPPING,03. S23_사생활✔,PAUSED,50,100,100,0
grp-a001-02-000000045448738,cmp-a001-02-000000008425541,SHOPPING,09. Z플립1/2,ELIGIBLE,1700,100,100,0
grp-a001-02-000000047485408,cmp-a001-02-000000008425541,SHOPPING,01. S25_강화유리✔,PAUSED,1090,100,100,0
grp-a001-02-000000058445051,cmp-a001-02-000000008425541,SHOPPING,Z트라이폴드,ELIGIBLE,50,100,100,0
grp-a001-02-000000059821259,cmp-a001-02-000000008425541,SHOPPING,Z플립1,ELIGIBLE,90,100,100,0
grp-a001-02-000000059821811,cmp-a001-02-000000008425541,SHOPPING,Z폴드1,ELIGIBLE,90,100,100,0
grp-a001-02-000000059826423,cmp-a001-02-000000008425541,SHOPPING,Z폴드SE,ELIGIBLE,50,100,100,0
grp-a001-02-000000059826947,cmp-a001-02-000000008425541,SHOPPING,S8플러스,ELIGIBLE,90,100,100,0
grp-a001-02-000000054131225,cmp-a001-02-000000008452546,SHOPPING,10. A16-1756452751536,PAUSED,1300,100,100,0
grp-a001-02-000000054131331,cmp-a001-02-000000008452546,SHOPPING,10. A16-1756452804789,PAUSED,1300,100,100,0
grp-a001-02-000000044603941,cmp-a001-02-000000008492582,SHOPPING,12프로,ELIGIBLE,1330,70,100,0
grp-a001-02-000000059832280,cmp-a001-02-000000008492582,SHOPPING,12,ELIGIBLE,50,70,100,0
grp-a001-02-000000059832323,cmp-a001-02-000000008492582,SHOPPING,13미니,ELIGIBLE,620,70,100,0
grp-a001-02-000000059832333,cmp-a001-02-000000008492582,SHOPPING,12미니,ELIGIBLE,620,70,100,0
grp-a001-02-000000059832343,cmp-a001-02-000000008492582,SHOPPING,15,ELIGIBLE,620,70,100,0
grp-a001-02-000000059832492,cmp-a001-02-000000008492582,SHOPPING,13,ELIGIBLE,50,70,100,0
grp-a001-02-000000059879675,cmp-a001-02-000000008492582,SHOPPING,17프로맥스,ELIGIBLE,50,70,100,0
grp-a001-02-000000044743919,cmp-a001-02-000000008514959,SHOPPING,06. 아이폰13 시리즈,PAUSED,1550,70,100,0
grp-a001-02-000000048079095,cmp-a001-02-000000008514959,SHOPPING,01. 아이폰16e,PAUSED,1090,70,100,0
grp-a001-02-000000044905928,cmp-a001-02-000000008542455,SHOPPING,02. 풀필먼트_아이폰16_강화유리,PAUSED,2200,70,70,0
grp-a001-02-000000044905940,cmp-a001-02-000000008542455,SHOPPING,02. 풀필먼트_아이폰16_사생활보호,PAUSED,2000,70,70,0
grp-a001-02-000000044952212,cmp-a001-02-000000008551921,SHOPPING,01. 갤럭시탭S9_종이질감,ELIGIBLE,1050,100,100,0
grp-a001-02-000000045087074,cmp-a001-02-000000008551921,SHOPPING,01. 갤럭시탭S5E_종이질감,ELIGIBLE,1050,100,100,0
grp-a001-02-000000045949119,cmp-a001-02-000000008551921,SHOPPING,01. 갤럭시탭A8_종이질감,ELIGIBLE,1050,100,100,0
grp-a001-02-000000045949120,cmp-a001-02-000000008551921,SHOPPING,01. 갤럭시탭A7_종이질감,ELIGIBLE,1050,100,100,0
grp-a001-02-000000045949121,cmp-a001-02-000000008551921,SHOPPING,01. 갤럭시탭A7LITE_종이질감,ELIGIBLE,1050,100,100,0
grp-a001-02-000000046072553,cmp-a001-02-000000008723288,SHOPPING,03. 아이폰15,ELIGIBLE,1350,70,70,0
grp-a001-02-000000046074558,cmp-a001-02-000000008723288,SHOPPING,05. 아이폰13,ELIGIBLE,2000,70,70,0
grp-a001-02-000000048079128,cmp-a001-02-000000008723288,SHOPPING,01. 아이폰16e,ELIGIBLE,1090,70,70,0
grp-a001-02-000000046125958,cmp-a001-02-000000008740796,SHOPPING,01. 아이패드에어_6-7세대_13인치,ELIGIBLE,1390,70,70,0
grp-a001-02-000000046126174,cmp-a001-02-000000008740796,SHOPPING,01. 아이패드미니_6-7세대_8.3인치,ELIGIBLE,1390,70,70,0
grp-a001-02-000000046126177,cmp-a001-02-000000008740796,SHOPPING,01. 아이패드프로_5세대_11인치,ELIGIBLE,1390,70,70,0
grp-a001-02-000000046126252,cmp-a001-02-000000008740796,SHOPPING,01. 아이패드프로_3-4-5-6세대_12.9인치,ELIGIBLE,1290,70,70,0
grp-a001-02-000000046126369,cmp-a001-02-000000008740796,SHOPPING,01. 아이패드_10세대_10.9인치,ELIGIBLE,1390,70,70,0
grp-a001-02-000000053481831,cmp-a001-02-000000008869872,SHOPPING,02. 아이패드 789세대 10.2인치,ELIGIBLE,1490,70,70,0
grp-a001-02-000000053481936,cmp-a001-02-000000008869872,SHOPPING,04. 아이패드 프로 5세대 11인치,ELIGIBLE,1490,70,70,0
grp-a001-02-000000053482043,cmp-a001-02-000000008869872,SHOPPING,06. 아이패드 프로 3456세대 11인치,ELIGIBLE,1490,70,70,0
grp-a001-02-000000053482102,cmp-a001-02-000000008869872,SHOPPING,07. 아이패드 에어 67세대 13인치,ELIGIBLE,1490,70,70,0
grp-a001-02-000000053482158,cmp-a001-02-000000008869872,SHOPPING,08. 아이패드 에어 67세대 11인치,ELIGIBLE,1490,70,70,0
grp-a001-02-000000046920358,cmp-a001-02-000000008883255,SHOPPING,소재검토,PAUSED,800,70,100,0
grp-a001-02-000000047485171,cmp-a001-02-000000008902804,SHOPPING,03. 카메라렌즈필름(S25),PAUSED,50,70,70,0
grp-a001-02-000000051215431,cmp-a001-02-000000008902804,SHOPPING,04. 뮤패드_종이질감,ELIGIBLE,800,70,70,0
grp-a001-02-000000051215435,cmp-a001-02-000000008902804,SHOPPING,04. 뮤패드_지문방지,ELIGIBLE,800,70,70,0
grp-a001-02-000000049539306,cmp-a001-02-000000009294085,SHOPPING,01. TEST_플립4/5/6_1744937554999,PAUSED,1700,70,70,0
grp-a001-02-000000049539307,cmp-a001-02-000000009294085,SHOPPING,01. TEST_플립1/2-1744937556496,PAUSED,1700,70,70,0
grp-a001-02-000000049539308,cmp-a001-02-000000009294085,SHOPPING,01. TEST_폴드SE스페셜_1744937556995,PAUSED,1700,70,70,0
grp-a001-02-000000049539310,cmp-a001-02-000000009294085,SHOPPING,01. TEST_노트10-1744937557770,PAUSED,50,70,70,0
grp-a001-02-000000049539311,cmp-a001-02-000000009294085,SHOPPING,01. TEST_폴드4/5/6_1744937558209,PAUSED,1700,70,70,0
grp-a001-02-000000049539312,cmp-a001-02-000000009294085,SHOPPING,01. TEST_노트09-1744937558962,PAUSED,50,70,70,0
grp-a001-02-000000049539313,cmp-a001-02-000000009294085,SHOPPING,01. TEST_폴드2/3-1744937559433,PAUSED,1700,70,70,0
grp-a001-02-000000049539314,cmp-a001-02-000000009294085,SHOPPING,01. TEST_S25_2-1744937559898,PAUSED,50,70,70,0
grp-a001-02-000000049539315,cmp-a001-02-000000009294085,SHOPPING,01. TEST_폴드/플립4__1744937560351,PAUSED,550,70,70,0
grp-a001-02-000000049539316,cmp-a001-02-000000009294085,SHOPPING,01. TEST_S25_1-1744937560763,PAUSED,50,70,70,0
grp-a001-02-000000049539317,cmp-a001-02-000000009294085,SHOPPING,01. TEST_폴드/플립3__1744937561402,PAUSED,550,70,70,0
grp-a001-02-000000049539318,cmp-a001-02-000000009294085,SHOPPING,01. TEST_S24_사생활_1744937561827,PAUSED,50,70,70,0
grp-a001-02-000000049539320,cmp-a001-02-000000009294085,SHOPPING,01. TEST_전기종-1744937562214,PAUSED,50,70,70,0
grp-a001-02-000000049539322,cmp-a001-02-000000009294085,SHOPPING,01. TEST_버디필름-1744937562987,PAUSED,50,70,70,0
grp-a001-02-000000049539323,cmp-a001-02-000000009294085,SHOPPING,01. TEST_S23_사생활_1744937563341,PAUSED,50,70,70,0
grp-a001-02-000000049539324,cmp-a001-02-000000009294085,SHOPPING,01. TEST_노트20-1744937563757,PAUSED,50,70,70,0
grp-a001-02-000000049539325,cmp-a001-02-000000009294085,SHOPPING,01. TEST_S23-1744937564327,PAUSED,50,70,70,0
grp-a001-02-000000049539326,cmp-a001-02-000000009294085,SHOPPING,01. TEST_S22_사생활_1744937564870,PAUSED,50,70,70,0
grp-a001-02-000000049539327,cmp-a001-02-000000009294085,SHOPPING,01. TEST_S22-1744937565278,PAUSED,50,70,70,0
grp-a001-02-000000049539329,cmp-a001-02-000000009294085,SHOPPING,01. TEST_S21-1744937568782,PAUSED,50,70,70,0
grp-a001-02-000000049539330,cmp-a001-02-000000009294085,SHOPPING,01. TEST_S20-1744937569347,PAUSED,50,70,70,0
grp-a001-02-000000049539331,cmp-a001-02-000000009294085,SHOPPING,01. TEST_S10-1744937569801,PAUSED,50,70,70,0
grp-a001-02-000000049539332,cmp-a001-02-000000009294085,SHOPPING,01. TEST_S09-1744937570333,PAUSED,50,70,70,0
grp-a001-02-000000049539356,cmp-a001-02-000000009294085,SHOPPING,01. TEST_S24-1744937648984,PAUSED,50,70,70,0
grp-a001-02-000000049539372,cmp-a001-02-000000009294085,SHOPPING,01. TEST_A16-1744937657247,PAUSED,1300,70,70,0
grp-a001-02-000000049539373,cmp-a001-02-000000009294085,SHOPPING,01. TEST_A23/A33_1744937657739,PAUSED,1300,70,70,0
grp-a001-02-000000049539374,cmp-a001-02-000000009294085,SHOPPING,01. TEST_A24/A34_1744937658236,PAUSED,1200,70,70,0
grp-a001-02-000000049539376,cmp-a001-02-000000009294085,SHOPPING,01. TEST_A35/A25_1744937658621,PAUSED,1050,70,70,0
grp-a001-02-000000049539377,cmp-a001-02-000000009294085,SHOPPING,01. TEST_A53/A73_1744937659079,PAUSED,1350,70,70,0
grp-a001-02-000000049539378,cmp-a001-02-000000009294085,SHOPPING,01. TEST_A54(퀀텀4_1744937659625,PAUSED,1200,70,70,0
grp-a001-02-000000049539380,cmp-a001-02-000000009294085,SHOPPING,01. TEST_A55(퀀텀5_1744937660088,PAUSED,1000,70,70,0
grp-a001-02-000000049539381,cmp-a001-02-000000009294085,SHOPPING,01. TEST_S20FE-1744937660531,PAUSED,1250,70,70,0
grp-a001-02-000000049539382,cmp-a001-02-000000009294085,SHOPPING,01. TEST_S23FE-1744937660971,PAUSED,1350,70,70,0
grp-a001-02-000000049539383,cmp-a001-02-000000009294085,SHOPPING,01. TEST_S24FE-1744937661494,PAUSED,1350,70,70,0
grp-a001-02-000000049539385,cmp-a001-02-000000009294085,SHOPPING,01. 갤럭시탭A7LITE_종_1744937667810,PAUSED,1050,70,70,0
grp-a001-02-000000049539386,cmp-a001-02-000000009294085,SHOPPING,01. 갤럭시탭A7_종이질감-1744937668323,PAUSED,1050,70,70,0
grp-a001-02-000000049539389,cmp-a001-02-000000009294085,SHOPPING,01. 갤럭시탭A8_종이질감-1744937668831,PAUSED,1050,70,70,0
grp-a001-02-000000049539390,cmp-a001-02-000000009294085,SHOPPING,01. 갤럭시탭A9플러스_종이_1744937669371,PAUSED,50,70,70,0
grp-a001-02-000000049539391,cmp-a001-02-000000009294085,SHOPPING,01. 갤럭시탭S10_종이질감_1744937669821,PAUSED,50,70,70,0
grp-a001-02-000000049539392,cmp-a001-02-000000009294085,SHOPPING,01. 갤럭시탭S5E_종이질감_1744937670302,PAUSED,1050,70,70,0
grp-a001-02-000000049539393,cmp-a001-02-000000009294085,SHOPPING,01. 갤럭시탭S6_종이질감-1744937670782,PAUSED,1050,70,70,0
grp-a001-02-000000049539394,cmp-a001-02-000000009294085,SHOPPING,01. 갤럭시탭S7_종이질감-1744937671249,PAUSED,1050,70,70,0
grp-a001-02-000000049539395,cmp-a001-02-000000009294085,SHOPPING,01. 갤럭시탭S8_종이질감-1744937672016,PAUSED,1050,70,70,0
grp-a001-02-000000049539396,cmp-a001-02-000000009294085,SHOPPING,01. 갤럭시탭S9_종이질감-1744937672505,PAUSED,1050,70,70,0
grp-a001-02-000000049539418,cmp-a001-02-000000009294085,SHOPPING,01. 갤럭시탭_종이질감_BU_1744937700853,PAUSED,500,70,70,0
grp-a001-02-000000049539424,cmp-a001-02-000000009294085,SHOPPING,01. 갤럭시탭A7/라이트_지_1744937711937,PAUSED,1390,70,70,0
grp-a001-02-000000049539425,cmp-a001-02-000000009294085,SHOPPING,01. 갤럭시탭A8_지문방지-1744937712412,PAUSED,1490,70,70,0
grp-a001-02-000000049539426,cmp-a001-02-000000009294085,SHOPPING,01. 갤럭시탭A9/플러스_지_1744937712773,PAUSED,1490,70,70,0
grp-a001-02-000000049539427,cmp-a001-02-000000009294085,SHOPPING,01. 갤럭시탭S10/울트라__1744937713133,PAUSED,1490,70,70,0
grp-a001-02-000000049539428,cmp-a001-02-000000009294085,SHOPPING,01. 갤럭시탭S10/플러스__1744937713525,PAUSED,1490,70,70,0
grp-a001-02-000000049539430,cmp-a001-02-000000009294085,SHOPPING,01. 갤럭시탭S7/FE/플러_1744937713955,PAUSED,1290,70,70,0
grp-a001-02-000000049539431,cmp-a001-02-000000009294085,SHOPPING,01. 갤럭시탭S8/울트라_지_1744937714446,PAUSED,1390,70,70,0
grp-a001-02-000000049539433,cmp-a001-02-000000009294085,SHOPPING,01. 갤럭시탭S8/플러스_지_1744937714856,PAUSED,1390,70,70,0
grp-a001-02-000000049539434,cmp-a001-02-000000009294085,SHOPPING,01. 갤럭시탭S9/울트라_지_1744937715294,PAUSED,1390,70,70,0
grp-a001-02-000000049539435,cmp-a001-02-000000009294085,SHOPPING,01. 갤럭시탭S9/플러스_지_1744937715647,PAUSED,1390,70,70,0
grp-a001-02-000000049539464,cmp-a001-02-000000009294085,SHOPPING,01. 갤럭시탭A9플러스-1744937766824,PAUSED,50,70,70,0
grp-a001-02-000000049539465,cmp-a001-02-000000009294085,SHOPPING,01. 갤럭시탭S10울트라/플_1744937767233,PAUSED,50,70,70,0
grp-a001-02-000000049539466,cmp-a001-02-000000009294085,SHOPPING,01. 갤럭시탭S7플러스/FE_1744937767652,PAUSED,50,70,70,0
grp-a001-02-000000049539467,cmp-a001-02-000000009294085,SHOPPING,01. 갤럭시탭S8울트라/플러_1744937768062,PAUSED,50,70,70,0
grp-a001-02-000000049539469,cmp-a001-02-000000009294085,SHOPPING,01. 갤럭시탭S9울트라/플러_1744937768457,PAUSED,50,70,70,0
grp-a001-02-000000049539470,cmp-a001-02-000000009294085,SHOPPING,소재검토-1744937768898,PAUSED,800,70,70,0
grp-a001-02-000000049539474,cmp-a001-02-000000009294085,SHOPPING,01. 갤럭시탭S9FE플러스__1744937775291,PAUSED,1390,70,70,0
grp-a001-02-000000049539481,cmp-a001-02-000000009294085,SHOPPING,01. TEST_아이폰12/1_1744937800080,PAUSED,1550,70,70,0
grp-a001-02-000000049539482,cmp-a001-02-000000009294085,SHOPPING,01. TEST_아이폰13프로_1744937800589,PAUSED,1550,70,70,0
grp-a001-02-000000049539483,cmp-a001-02-000000009294085,SHOPPING,01. TEST_아이폰14프로_1744937801027,PAUSED,1450,70,70,0
grp-a001-02-000000049539485,cmp-a001-02-000000009294085,SHOPPING,01. TEST_아이폰15프로_1744937801495,PAUSED,1450,70,70,0
grp-a001-02-000000049539486,cmp-a001-02-000000009294085,SHOPPING,01. TEST_아이폰16e__1744937802054,PAUSED,1090,70,70,0
grp-a001-02-000000049539487,cmp-a001-02-000000009294085,SHOPPING,01. TEST_아이폰16프로_1744937802464,PAUSED,1450,70,70,0
grp-a001-02-000000049539489,cmp-a001-02-000000009294085,SHOPPING,01. TEST_아이폰SE2/_1744937802939,PAUSED,1550,70,70,0
grp-a001-02-000000049539490,cmp-a001-02-000000009294085,SHOPPING,01. TEST_아이폰11/프_1744937803366,PAUSED,1550,70,70,0
grp-a001-02-000000049539491,cmp-a001-02-000000009294085,SHOPPING,01. TEST_아이폰12프로_1744937803842,PAUSED,1550,70,70,0
grp-a001-02-000000049539492,cmp-a001-02-000000009294085,SHOPPING,01. TEST_아이폰14/1_1744937804342,PAUSED,1850,70,70,0
grp-a001-02-000000049539510,cmp-a001-02-000000009294085,SHOPPING,01. TEST_아이폰X/XR_1744937868549,PAUSED,1550,70,70,0
grp-a001-02-000000049539511,cmp-a001-02-000000009294085,SHOPPING,01. TEST_아이폰XS/맥_1744937868911,PAUSED,1550,70,70,0
grp-a001-02-000000049539526,cmp-a001-02-000000009294085,SHOPPING,01. 아이폰12_사생활보호-1744937872844,PAUSED,2000,70,70,0
grp-a001-02-000000049539527,cmp-a001-02-000000009294085,SHOPPING,01. 아이폰13_사생활보호-1744937873349,PAUSED,2000,70,70,0
grp-a001-02-000000049539528,cmp-a001-02-000000009294085,SHOPPING,01. 아이폰14_사생활보호-1744937873785,PAUSED,2000,70,70,0
grp-a001-02-000000049539529,cmp-a001-02-000000009294085,SHOPPING,01. 아이폰14_사생활보호(_1744937874204,PAUSED,1090,70,70,0
grp-a001-02-000000049539530,cmp-a001-02-000000009294085,SHOPPING,01. 아이폰14_자가복원-1744937874626,PAUSED,1390,70,70,0
grp-a001-02-000000049539531,cmp-a001-02-000000009294085,SHOPPING,01. 아이폰15_사생활보호-1744937875051,PAUSED,2000,70,70,0
grp-a001-02-000000049539532,cmp-a001-02-000000009294085,SHOPPING,01. 아이폰15_사생활보호(_1744937875477,PAUSED,1090,70,70,0
grp-a001-02-000000049539533,cmp-a001-02-000000009294085,SHOPPING,01. 아이폰16_사생활보호-1744937875860,PAUSED,2000,70,70,0
grp-a001-02-000000049539534,cmp-a001-02-000000009294085,SHOPPING,01. 아이폰16_사생활보호(_1744937876305,PAUSED,1090,70,70,0
grp-a001-02-000000049539535,cmp-a001-02-000000009294085,SHOPPING,01. 아이폰16e_사생활보호_1744937876733,PAUSED,1090,70,70,0
grp-a001-02-000000049539544,cmp-a001-02-000000009294085,SHOPPING,01. 아이패드7-8-9세대__1744937899198,PAUSED,1390,70,70,0
grp-a001-02-000000049539545,cmp-a001-02-000000009294085,SHOPPING,01. 아이패드_10세대_10_1744937899648,PAUSED,1390,70,70,0
grp-a001-02-000000049539546,cmp-a001-02-000000009294085,SHOPPING,01. 아이패드미니_6-7세대_1744937900121,PAUSED,1390,70,70,0
grp-a001-02-000000049539547,cmp-a001-02-000000009294085,SHOPPING,01. 아이패드에어_4-5세대_1744937900504,PAUSED,1290,70,70,0
grp-a001-02-000000049539548,cmp-a001-02-000000009294085,SHOPPING,01. 아이패드에어_6-7세대_1744937900854,PAUSED,1390,70,70,0
grp-a001-02-000000049539549,cmp-a001-02-000000009294085,SHOPPING,01. 아이패드에어_6-7세대_1744937901216,PAUSED,1390,70,70,0
grp-a001-02-000000049539550,cmp-a001-02-000000009294085,SHOPPING,01. 아이패드프로_3-4-5_1744937901684,PAUSED,1290,70,70,0
grp-a001-02-000000049539551,cmp-a001-02-000000009294085,SHOPPING,01. 아이패드프로_3-4-5_1744937902239,PAUSED,1290,70,70,0
grp-a001-02-000000049539553,cmp-a001-02-000000009294085,SHOPPING,01. 아이패드프로_7세대_1_1744937902609,PAUSED,1390,70,70,0
grp-a001-02-000000049539554,cmp-a001-02-000000009294085,SHOPPING,01. 아이패드프로_7세대_1_1744937903170,PAUSED,1390,70,70,0
grp-a001-02-000000049539557,cmp-a001-02-000000009294085,SHOPPING,01. 아이패드10세대10.9_1744937910211,PAUSED,50,70,70,0
grp-a001-02-000000049539558,cmp-a001-02-000000009294085,SHOPPING,01. 아이패드미니6/7세대8_1744937910692,PAUSED,50,70,70,0
grp-a001-02-000000049539559,cmp-a001-02-000000009294085,SHOPPING,01. 아이패드에어4/5세대1_1744937911107,PAUSED,50,70,70,0
grp-a001-02-000000049539560,cmp-a001-02-000000009294085,SHOPPING,01. 아이패드에어6세대11/_1744937911559,PAUSED,50,70,70,0
grp-a001-02-000000049539561,cmp-a001-02-000000009294085,SHOPPING,01. 아이패드에어7세대-1744937912067,PAUSED,1090,70,70,0
grp-a001-02-000000049539562,cmp-a001-02-000000009294085,SHOPPING,01. 아이패드프로3/4/5/_1744937912367,PAUSED,50,70,70,0
grp-a001-02-000000049539563,cmp-a001-02-000000009294085,SHOPPING,01. 아이패드프로3~6세대1_1744937912750,PAUSED,50,70,70,0
grp-a001-02-000000049539564,cmp-a001-02-000000009294085,SHOPPING,01. 아이패드프로7세대11/_1744937913073,PAUSED,50,70,70,0
grp-a001-02-000000052176555,cmp-a001-02-000000009575494,SHOPPING,플립7,PAUSED,1000,70,70,0
grp-a001-02-000000052176575,cmp-a001-02-000000009575494,SHOPPING,폴드7,PAUSED,50,70,70,0
grp-a001-02-000000052193556,cmp-a001-02-000000009577882,SHOPPING,02. 갤럭시_S24,ELIGIBLE,800,70,70,0
grp-a001-02-000000052193624,cmp-a001-02-000000009577882,SHOPPING,05. 아이폰_15,ELIGIBLE,800,70,70,0
grp-a001-02-000000052193631,cmp-a001-02-000000009577882,SHOPPING,06. 아이폰_16,ELIGIBLE,800,70,70,0
grp-a001-02-000000052959049,cmp-a001-02-000000009577882,SHOPPING,07. 맥세이프카드지갑,PAUSED,150,100,100,0
grp-a001-02-000000053253939,cmp-a001-02-000000009577882,SHOPPING,08. 방수팩,ELIGIBLE,500,70,70,0
grp-a001-02-000000054204201,cmp-a001-02-000000009577882,SHOPPING,09. 셀카봉,ELIGIBLE,50,70,70,0
grp-a001-02-000000054403336,cmp-a001-02-000000009577882,SHOPPING,11. 맥세이프거치대,PAUSED,150,70,70,0
grp-a001-02-000000054607977,cmp-a001-02-000000009577882,SHOPPING,00. 아이폰_17 일미리,ELIGIBLE,500,70,70,0
grp-a001-02-000000055386434,cmp-a001-02-000000009577882,SHOPPING,12. 스트랩,ELIGIBLE,200,70,70,0
grp-a001-02-000000054617868,cmp-a001-02-000000009793536,SHOPPING,02. 사생활,PAUSED,50,70,70,0
grp-a001-02-000000055091017,cmp-a001-02-000000009793536,SHOPPING,03. 6H 사생활,PAUSED,500,70,70,0
grp-a001-02-000000059808374,cmp-a001-02-000000010164719,SHOPPING,S25,PAUSED,1090,70,70,0
grp-a001-02-000000059819574,cmp-a001-02-000000010164719,SHOPPING,S25플러스,PAUSED,1090,70,70,0
grp-a001-02-000000059819577,cmp-a001-02-000000010164719,SHOPPING,S25울트라,PAUSED,1090,70,70,0
grp-a001-02-000000059826000,cmp-a001-02-000000010164719,SHOPPING,S24플러스,PAUSED,50,70,70,0
grp-a001-02-000000059826577,cmp-a001-02-000000010166367,SHOPPING,S25,ELIGIBLE,50,70,70,0
grp-a001-02-000000059827297,cmp-a001-02-000000010166367,SHOPPING,S22,ELIGIBLE,50,70,70,0
grp-a001-02-000000059827298,cmp-a001-02-000000010166367,SHOPPING,S21,ELIGIBLE,50,70,70,0
grp-a001-02-000000059828246,cmp-a001-02-000000010166367,SHOPPING,S25플러스,ELIGIBLE,50,70,70,0
grp-a001-02-000000059828464,cmp-a001-02-000000010166367,SHOPPING,S24FE,ELIGIBLE,50,70,70,0
grp-a001-02-000000059829132,cmp-a001-02-000000010166367,SHOPPING,S23플러스,ELIGIBLE,50,70,70,0
grp-a001-02-000000059829228,cmp-a001-02-000000010166367,SHOPPING,S22플러스,ELIGIBLE,50,70,70,0
grp-a001-02-000000059829872,cmp-a001-02-000000010166367,SHOPPING,S21플러스,ELIGIBLE,50,70,70,0
grp-a001-02-000000061581230,cmp-a001-02-000000010283398,SHOPPING,S24_맥,PAUSED,800,70,70,0
grp-a001-02-000000061581250,cmp-a001-02-000000010283398,SHOPPING,S24울트라_맥,PAUSED,800,70,70,0
grp-a001-02-000000061581254,cmp-a001-02-000000010283398,SHOPPING,S24플러스_맥,PAUSED,600,70,70,0
grp-a001-02-000000061581256,cmp-a001-02-000000010283398,SHOPPING,S25_맥,PAUSED,1200,70,70,0
grp-a001-02-000000061581260,cmp-a001-02-000000010283398,SHOPPING,S25울트라_맥,PAUSED,1200,70,70,0
grp-a001-02-000000061581263,cmp-a001-02-000000010283398,SHOPPING,S25플러스_맥,PAUSED,1200,70,70,0
grp-a001-02-000000061581264,cmp-a001-02-000000010283398,SHOPPING,S26_맥,PAUSED,1000,70,70,0
grp-a001-02-000000061581269,cmp-a001-02-000000010283398,SHOPPING,S26울트라_맥,PAUSED,500,70,70,0
grp-a001-02-000000061581308,cmp-a001-02-000000010283398,SHOPPING,S26플러스_맥,PAUSED,800,70,70,0
grp-a001-02-000000061793266,cmp-a001-02-000000010283398,SHOPPING,S22_일,PAUSED,1200,70,70,0
grp-a001-02-000000061793288,cmp-a001-02-000000010283398,SHOPPING,S22플러스_일,PAUSED,1200,70,70,0
grp-a001-02-000000061793303,cmp-a001-02-000000010283398,SHOPPING,S22울트라_일,PAUSED,1200,70,70,0
grp-a001-02-000000061793320,cmp-a001-02-000000010283398,SHOPPING,S23_일,PAUSED,800,70,70,0
grp-a001-02-000000061793328,cmp-a001-02-000000010283398,SHOPPING,S23플러스_일,PAUSED,1200,70,70,0
grp-a001-02-000000061793341,cmp-a001-02-000000010283398,SHOPPING,S23울트라_일,PAUSED,900,70,70,0
grp-a001-02-000000061793346,cmp-a001-02-000000010283398,SHOPPING,S24_일,PAUSED,1000,70,70,0
grp-a001-02-000000061793358,cmp-a001-02-000000010283398,SHOPPING,S24플러스_일,PAUSED,800,70,70,0
grp-a001-02-000000061793364,cmp-a001-02-000000010283398,SHOPPING,S24울트라_일,PAUSED,800,70,70,0
grp-a001-02-000000061793373,cmp-a001-02-000000010283398,SHOPPING,S25_일,PAUSED,900,70,70,0
grp-a001-02-000000061793386,cmp-a001-02-000000010283398,SHOPPING,S25플러스_일,PAUSED,800,70,70,0
grp-a001-02-000000061793395,cmp-a001-02-000000010283398,SHOPPING,S25울트라_일,PAUSED,900,70,70,0
grp-a001-02-000000061793407,cmp-a001-02-000000010283398,SHOPPING,S26_일,PAUSED,1200,70,70,0
grp-a001-02-000000061793411,cmp-a001-02-000000010283398,SHOPPING,S26플러스_일,PAUSED,800,70,70,0
grp-a001-02-000000061793423,cmp-a001-02-000000010283398,SHOPPING,S26울트라_일,PAUSED,900,70,70,0
grp-a001-02-000000061793448,cmp-a001-02-000000010283398,SHOPPING,노트20_맥,PAUSED,1200,70,70,0
grp-a001-02-000000061793457,cmp-a001-02-000000010283398,SHOPPING,노트20울트라_맥,PAUSED,1200,70,70,0
grp-a001-02-000000061793470,cmp-a001-02-000000010283398,SHOPPING,S22_맥,PAUSED,1200,70,70,0
grp-a001-02-000000061793476,cmp-a001-02-000000010283398,SHOPPING,S22플러스_맥,PAUSED,1200,70,70,0
grp-a001-02-000000061793489,cmp-a001-02-000000010283398,SHOPPING,S22울트라_맥,PAUSED,1200,70,70,0
grp-a001-02-000000061793496,cmp-a001-02-000000010283398,SHOPPING,S23_맥,PAUSED,800,70,70,0
grp-a001-02-000000061793511,cmp-a001-02-000000010283398,SHOPPING,S23플러스_맥,PAUSED,1200,70,70,0
grp-a001-02-000000061793521,cmp-a001-02-000000010283398,SHOPPING,S23울트라_맥,PAUSED,800,70,70,0
grp-a001-02-000000061693679,cmp-a001-02-000000010291904,SHOPPING,17프로_맥,PAUSED,900,70,70,0
grp-a001-02-000000061693682,cmp-a001-02-000000010291904,SHOPPING,17프로맥스_맥,PAUSED,900,70,70,0
grp-a001-02-000000061693688,cmp-a001-02-000000010291904,SHOPPING,17_맥,PAUSED,700,70,70,0
grp-a001-02-000000061693693,cmp-a001-02-000000010291904,SHOPPING,17에어_맥,PAUSED,1200,70,70,0
grp-a001-02-000000061693695,cmp-a001-02-000000010291904,SHOPPING,16프로_맥,PAUSED,800,70,70,0
grp-a001-02-000000061693698,cmp-a001-02-000000010291904,SHOPPING,16프로맥스_맥,PAUSED,1200,70,70,0
grp-a001-02-000000061693700,cmp-a001-02-000000010291904,SHOPPING,16플러스_맥,PAUSED,900,70,70,0
grp-a001-02-000000061693708,cmp-a001-02-000000010291904,SHOPPING,16_맥,PAUSED,900,70,70,0
grp-a001-02-000000061693716,cmp-a001-02-000000010291904,SHOPPING,15프로_맥,PAUSED,900,70,70,0
grp-a001-02-000000061693720,cmp-a001-02-000000010291904,SHOPPING,15프로맥스_맥,PAUSED,900,70,70,0
grp-a001-02-000000061693722,cmp-a001-02-000000010291904,SHOPPING,15_맥,PAUSED,1200,70,70,0
grp-a001-02-000000061693725,cmp-a001-02-000000010291904,SHOPPING,15플러스_맥,PAUSED,900,70,70,0
grp-a001-02-000000061693728,cmp-a001-02-000000010291904,SHOPPING,14프로_맥,PAUSED,900,70,70,0
grp-a001-02-000000061693731,cmp-a001-02-000000010291904,SHOPPING,14프로맥스_맥,PAUSED,900,70,70,0
grp-a001-02-000000061693735,cmp-a001-02-000000010291904,SHOPPING,14플러스_맥,PAUSED,900,70,70,0
grp-a001-02-000000061693737,cmp-a001-02-000000010291904,SHOPPING,14_맥,PAUSED,900,70,70,0
grp-a001-02-000000061693757,cmp-a001-02-000000010291904,SHOPPING,13프로_맥,PAUSED,900,70,70,0
grp-a001-02-000000061693760,cmp-a001-02-000000010291904,SHOPPING,13프로맥스_맥,PAUSED,900,70,70,0
grp-a001-02-000000061693771,cmp-a001-02-000000010291904,SHOPPING,13_맥,PAUSED,900,70,70,0
grp-a001-02-000000061693781,cmp-a001-02-000000010291904,SHOPPING,13미니_맥,PAUSED,900,70,70,0
grp-a001-02-000000061794086,cmp-a001-02-000000010291904,SHOPPING,12미니_일,PAUSED,1200,70,70,0
grp-a001-02-000000061794093,cmp-a001-02-000000010291904,SHOPPING,12_일,PAUSED,1200,70,70,0
grp-a001-02-000000061794099,cmp-a001-02-000000010291904,SHOPPING,12프로맥스_일,PAUSED,1200,70,70,0
grp-a001-02-000000061794111,cmp-a001-02-000000010291904,SHOPPING,12프로_일,PAUSED,1200,70,70,0
grp-a001-02-000000061794117,cmp-a001-02-000000010291904,SHOPPING,13미니_일,PAUSED,900,70,70,0
grp-a001-02-000000061794129,cmp-a001-02-000000010291904,SHOPPING,13_일,PAUSED,800,70,70,0
grp-a001-02-000000061794137,cmp-a001-02-000000010291904,SHOPPING,13프로맥스_일,PAUSED,900,70,70,0
grp-a001-02-000000061794145,cmp-a001-02-000000010291904,SHOPPING,13프로_일,PAUSED,800,70,70,0
grp-a001-02-000000061794152,cmp-a001-02-000000010291904,SHOPPING,14_일,PAUSED,900,70,70,0
grp-a001-02-000000061794155,cmp-a001-02-000000010291904,SHOPPING,14플러스_일,PAUSED,1200,70,70,0
grp-a001-02-000000061794157,cmp-a001-02-000000010291904,SHOPPING,14프로맥스_일,PAUSED,1200,70,70,0
grp-a001-02-000000061794159,cmp-a001-02-000000010291904,SHOPPING,14프로_일,PAUSED,900,70,70,0
grp-a001-02-000000061794162,cmp-a001-02-000000010291904,SHOPPING,15_일,PAUSED,900,70,70,0
grp-a001-02-000000061794163,cmp-a001-02-000000010291904,SHOPPING,15플러스_일,PAUSED,900,70,70,0
grp-a001-02-000000061794165,cmp-a001-02-000000010291904,SHOPPING,15프로_일,PAUSED,900,70,70,0
grp-a001-02-000000061794167,cmp-a001-02-000000010291904,SHOPPING,15프로맥스_일,PAUSED,900,70,70,0
grp-a001-02-000000061794170,cmp-a001-02-000000010291904,SHOPPING,16_일,PAUSED,1000,70,70,0
grp-a001-02-000000061794172,cmp-a001-02-000000010291904,SHOPPING,16플러스_일,PAUSED,900,70,70,0
grp-a001-02-000000061794176,cmp-a001-02-000000010291904,SHOPPING,16프로_일,PAUSED,900,70,70,0
grp-a001-02-000000061794179,cmp-a001-02-000000010291904,SHOPPING,16프로맥스_일,PAUSED,900,70,70,0
grp-a001-02-000000061794180,cmp-a001-02-000000010291904,SHOPPING,17_일,PAUSED,700,70,70,0
grp-a001-02-000000061794181,cmp-a001-02-000000010291904,SHOPPING,17에어_일,PAUSED,900,70,70,0
grp-a001-02-000000061794184,cmp-a001-02-000000010291904,SHOPPING,17프로_일,PAUSED,900,70,70,0
grp-a001-02-000000061794187,cmp-a001-02-000000010291904,SHOPPING,17프로맥스_일,PAUSED,900,70,70,0
grp-a001-02-000000063093385,cmp-a001-02-000000010344452,SHOPPING,아이폰 17프로 필름,PAUSED,50,70,70,0
grp-a001-02-000000063093697,cmp-a001-02-000000010344452,SHOPPING,아이폰필름,PAUSED,50,70,70,0
grp-a001-02-000000063093828,cmp-a001-02-000000010344452,SHOPPING,휴대폰악세사리,PAUSED,50,70,70,0
grp-a001-02-000000063095763,cmp-a001-02-000000010344452,SHOPPING,아이폰 17프로 필름-1772082445224,PAUSED,50,70,70,0
grp-a001-02-000000070108611,cmp-a001-02-000000010769985,SHOPPING,맥세이프_PC,PAUSED,50,100,100,0
grp-a001-02-000000070109616,cmp-a001-02-000000010769985,SHOPPING,맥세이프_MO,PAUSED,50,100,100,0
grp-a001-02-000000070109620,cmp-a001-02-000000010769985,SHOPPING,맥세이프_컨텐츠 지면,PAUSED,120,100,100,0
grp-a001-02-000000070083989,cmp-a001-02-000000010851459,SHOPPING,추천브랜드_PC,PAUSED,300,100,100,0
grp-a001-02-000000070084013,cmp-a001-02-000000010851459,SHOPPING,추천브랜드_오하이,PAUSED,300,100,100,0
grp-a001-04-000000026816637,cmp-a001-04-000000005294498,BRAND_SEARCH,자사몰_MO,PAUSED,70,100,100,0
grp-a001-04-000000026820848,cmp-a001-04-000000005294498,BRAND_SEARCH,자사몰_PC,PAUSED,70,100,100,0
grp-a001-04-000000029563274,cmp-a001-04-000000005294498,BRAND_SEARCH,PC_아이폰14 출시기념,PAUSED,70,100,100,0
grp-a001-04-000000029564117,cmp-a001-04-000000005294498,BRAND_SEARCH,모바일_아이폰14 출시기념,PAUSED,70,100,100,0
grp-a001-04-000000037438930,cmp-a001-04-000000005294498,BRAND_SEARCH,스마트스토어_MO,PAUSED,70,100,100,0
grp-a001-04-000000037438931,cmp-a001-04-000000005294498,BRAND_SEARCH,스마트스토어_PC,PAUSED,70,100,100,0
grp-a001-04-000000041361672,cmp-a001-04-000000005294498,BRAND_SEARCH,스마트스토어(신)_MO,PAUSED,70,100,100,0
grp-a001-04-000000041361722,cmp-a001-04-000000005294498,BRAND_SEARCH,스마트스토어(신)_PC,PAUSED,70,100,100,0
grp-a001-04-000000048897051,cmp-a001-04-000000009198275,BRAND_SEARCH,브랜드검색/신제품검색#1_광고그룹#1,PAUSED,70,100,100,0
